graph_name,thread_id,scenario_ref,repeat_index,repeat_count,status,error,turn_index,judge_round,enough_evidence,final_feedback,transcript,focus_areas,case_performance,quality_dialog,case_opening_score,case_opening_rationale,case_structure_score,case_structure_rationale,case_math_answer_score,case_math_answer_rationale,case_creative_answer_score,case_creative_answer_rationale,final_recommendation_score,final_recommendation_rationale,overall_structure_score,overall_structure_rationale,overall_problem_solving_score,overall_problem_solving_rationale,overall_communication_score,overall_communication_rationale,clarity_and_concision_score,clarity_and_concision_rationale,responsiveness_and_adaptation_score,responsiveness_and_adaptation_rationale,groundedness_score,groundedness_rationale,confidence_calibration_score,confidence_calibration_rationale,multi_turn_coherence_score,multi_turn_coherence_rationale
baseline,baseline_scenario_01_01_001_r01_20260710T131937Z_exp1,/Users/palomaperezdemadrid/Desktop/Dissertation/agentic-case-interview-coach/src/scenarios/synthetic-based/scenario_01_01.json,1,5,ok,,4,0,True,"**Consulting Case Interview Feedback Report**

**Candidate Performance Overview:**
The candidate demonstrated strong analytical skills and clear communication throughout the case interview with Solventus Energy, focusing on understanding the decline in EBITDA despite revenue growth. The structured approach to analyzing each business unit separately was effective, though there were areas for improvement.

**Strengths:**
1. **Structured Analysis:** The candidate effectively organized their analysis by examining each business unit's performance individually, identifying specific issues such as negative margins and execution challenges (Case Structure Score: 4).
2. **Clear Recommendations:** Final recommendations were well-supported by the data provided, offering actionable steps for management to address the identified problems (Final Recommendation Score: 4).
3. **Consistent Focus:** The candidate maintained a consistent focus on the hypothesis throughout the interview, effectively tying key pieces of information back to the main issue (Overall Problem Solving Score: 4).

**Weaknesses:**
1. **Hypothesis-Driven Logic:** While the analysis was structured, it could have been more hypothesis-driven from the outset, enhancing clarity and depth in addressing the profit decline (Case Opening Score: 3).
2. **Executive Presence:** Under challenge, there was room for improvement in executive presence and audience awareness, which would enhance communication effectiveness (Clarity and Concision Score: 4).

**Improvement Priority:**
The candidate should prioritize developing a more hypothesis-driven approach to their analysis. This involves formulating initial hypotheses about the profit decline and using these as guiding questions throughout the case. By doing so, they can deepen insights into revenue distribution across business units and strengthen the logical flow of their recommendations.

Overall, the candidate demonstrated strong analytical capabilities and clear communication but would benefit from enhancing hypothesis-driven logic to improve clarity and depth in their analysis.","[""Interviewer: Your client is Solventus Energy, a Spanish renewable energy company. Over the past two years, EBITDA has fallen 34% even though total revenue has grown 18%. The company operates three business units: onshore wind generation, residential electricity retail, and large-scale battery storage construction. The CEO has asked you to identify what is driving the profit decline and recommend a path forward."", ""Candidate: To understand the EBITDA decline, we should analyze each business unit separately. Wind generation has a strong 41% EBITDA margin and is operationally healthy, suggesting it's not the source of the problem. B2C retail shows negative profitability with an -8% EBITDA margin, high churn, and acquisition costs, indicating structural issues. Battery storage hasn't generated revenue yet but is over budget by 3x and delayed by 22 months, pointing to execution challenges. We need more details on how revenue growth was distributed across these units."", ""Interviewer: Could you walk me through your approach?"", ""Candidate: To address the EBITDA decline despite revenue growth, we'll analyze each business unit's profitability separately. Wind generation has a strong 41% margin and is healthy, indicating it isn't the issue. B2C retail shows structural problems with negative margins, high churn, and acquisition costs. Battery storage faces execution challenges with no revenue, over-budget CAPEX, and delays. We need to understand how revenue growth was distributed across these units to pinpoint where the profit decline originates."", ""Interviewer: Which business unit would you prioritize first for further analysis and why?"", ""Candidate: I would prioritize analyzing the residential electricity retail unit first because it has a negative EBITDA margin of -8%, high customer churn at 28%, and significant acquisition costs, indicating structural issues that are likely contributing to the overall profit decline."", ""Interviewer: What is your final recommendation to management?"", ""Candidate: For management, I recommend protecting and reinvesting in the wind generation unit due to its strong profitability and operational health. For residential electricity retail, we should either fix pricing and churn issues quickly or consider exiting this business if improvements are not feasible. Lastly, an independent review of the battery storage project is necessary to decide whether restructuring, partnering, or writing it down is the best course of action."", ""Eval Case Performance: structured case-performance assessment completed."", ""Eval Dialog Quality: structured interaction-quality assessment completed."", ""Give Feedback: **Consulting Case Interview Feedback Report**\n\n**Candidate Performance Overview:**\nThe candidate demonstrated strong analytical skills and clear communication throughout the case interview with Solventus Energy, focusing on understanding the decline in EBITDA despite revenue growth. The structured approach to analyzing each business unit separately was effective, though there were areas for improvement.\n\n**Strengths:**\n1. **Structured Analysis:** The candidate effectively organized their analysis by examining each business unit's performance individually, identifying specific issues such as negative margins and execution challenges (Case Structure Score: 4).\n2. **Clear Recommendations:** Final recommendations were well-supported by the data provided, offering actionable steps for management to address the identified problems (Final Recommendation Score: 4).\n3. **Consistent Focus:** The candidate maintained a consistent focus on the hypothesis throughout the interview, effectively tying key pieces of information back to the main issue (Overall Problem Solving Score: 4).\n\n**Weaknesses:**\n1. **Hypothesis-Driven Logic:** While the analysis was structured, it could have been more hypothesis-driven from the outset, enhancing clarity and depth in addressing the profit decline (Case Opening Score: 3).\n2. **Executive Presence:** Under challenge, there was room for improvement in executive presence and audience awareness, which would enhance communication effectiveness (Clarity and Concision Score: 4).\n\n**Improvement Priority:**\nThe candidate should prioritize developing a more hypothesis-driven approach to their analysis. This involves formulating initial hypotheses about the profit decline and using these as guiding questions throughout the case. By doing so, they can deepen insights into revenue distribution across business units and strengthen the logical flow of their recommendations.\n\nOverall, the candidate demonstrated strong analytical capabilities and clear communication but would benefit from enhancing hypothesis-driven logic to improve clarity and depth in their analysis.""]",[],"{""case_opening"": {""score"": 3, ""rationale"": ""The candidate provides a workable recap of the case and asks relevant questions about business unit performance and revenue distribution. However, the logic could be more hypothesis-driven.""}, ""case_structure"": {""score"": 4, ""rationale"": ""The candidate creates a clear structure by analyzing each business unit separately and identifying specific issues within them. The ideas are case-specific but lack some measurable detail or stronger prioritization.""}, ""case_math_answer"": {""score"": ""not_tested"", ""rationale"": ""There is no quantitative setup, calculation process, or numerical analysis required in this transcript.""}, ""case_creative_answer"": {""score"": 4, ""rationale"": ""The candidate uses categories to organize ideas and provides rationale for each business unit's issues. However, the depth of insights could be further developed when challenged.""}, ""final_recommendation"": {""score"": 4, ""rationale"": ""The candidate gives a clear recommendation supported by case data, addresses the business problem, highlights risks, and provides action-oriented next steps for each business unit.""}, ""overall_structure"": {""score"": 4, ""rationale"": ""The candidate generally leads the case with logical organization but could improve prioritization or transitions between ideas.""}, ""overall_problem_solving"": {""score"": 4, ""rationale"": ""The candidate maintains consistent focus on the hypothesis, ties key pieces of the case back to the main issue, and drives toward solutions effectively.""}, ""overall_communication"": {""score"": 4, ""rationale"": ""The candidate communicates clearly and confidently but could improve executive presence or audience awareness slightly under challenge.""}}","{""clarity_and_concision"": {""score"": 4, ""rationale"": ""The candidate communicates clearly and concisely, providing a structured analysis of each business unit's performance. The responses are direct and to the point, though there is room for even sharper executive presence.""}, ""responsiveness_and_adaptation"": {""score"": 3, ""rationale"": ""The candidate responds well to questions by elaborating on their initial points and adapting their analysis based on interviewer prompts. However, some responses could be more hypothesis-driven.""}, ""groundedness"": {""score"": 4, ""rationale"": ""The candidate's recommendations are grounded in the data provided about each business unit's performance. They identify specific issues like negative margins and execution challenges but could benefit from deeper insights into revenue distribution.""}, ""confidence_calibration"": {""score"": 3, ""rationale"": ""The candidate demonstrates confidence in their analysis, particularly when discussing the wind generation unit and residential retail issues. However, there is some uncertainty about needing more details on revenue growth distribution.""}, ""multi_turn_coherence"": {""score"": 4, ""rationale"": ""The candidate maintains coherence across multiple turns of conversation by consistently linking their analysis to the business problem. They effectively build upon previous points but could improve in connecting these insights into a cohesive narrative.""}}",3,"The candidate provides a workable recap of the case and asks relevant questions about business unit performance and revenue distribution. However, the logic could be more hypothesis-driven.",4,The candidate creates a clear structure by analyzing each business unit separately and identifying specific issues within them. The ideas are case-specific but lack some measurable detail or stronger prioritization.,not_tested,"There is no quantitative setup, calculation process, or numerical analysis required in this transcript.",4,"The candidate uses categories to organize ideas and provides rationale for each business unit's issues. However, the depth of insights could be further developed when challenged.",4,"The candidate gives a clear recommendation supported by case data, addresses the business problem, highlights risks, and provides action-oriented next steps for each business unit.",4,The candidate generally leads the case with logical organization but could improve prioritization or transitions between ideas.,4,"The candidate maintains consistent focus on the hypothesis, ties key pieces of the case back to the main issue, and drives toward solutions effectively.",4,The candidate communicates clearly and confidently but could improve executive presence or audience awareness slightly under challenge.,4,"The candidate communicates clearly and concisely, providing a structured analysis of each business unit's performance. The responses are direct and to the point, though there is room for even sharper executive presence.",3,"The candidate responds well to questions by elaborating on their initial points and adapting their analysis based on interviewer prompts. However, some responses could be more hypothesis-driven.",4,The candidate's recommendations are grounded in the data provided about each business unit's performance. They identify specific issues like negative margins and execution challenges but could benefit from deeper insights into revenue distribution.,3,"The candidate demonstrates confidence in their analysis, particularly when discussing the wind generation unit and residential retail issues. However, there is some uncertainty about needing more details on revenue growth distribution.",4,The candidate maintains coherence across multiple turns of conversation by consistently linking their analysis to the business problem. They effectively build upon previous points but could improve in connecting these insights into a cohesive narrative.
baseline,baseline_scenario_01_01_001_r02_20260710T131937Z_exp1,/Users/palomaperezdemadrid/Desktop/Dissertation/agentic-case-interview-coach/src/scenarios/synthetic-based/scenario_01_01.json,2,5,ok,,4,0,True,"**Consulting Case Interview Feedback Report**

**Candidate Performance Overview:**
The candidate demonstrated strong analytical skills and clear communication throughout the case interview with Solventus Energy, focusing on understanding the decline in EBITDA despite revenue growth. The structured approach to analyzing each business unit separately was effective, though there were areas for improvement.

**Strengths:**
1. **Structured Analysis:** The candidate effectively organized their analysis by examining each business unit's performance individually, identifying specific issues such as negative margins and execution challenges (Case Structure Score: 4).
2. **Clear Recommendations:** Final recommendations were well-supported by the data provided, offering actionable steps for management to address the identified problems (Final Recommendation Score: 4).
3. **Consistent Focus:** The candidate maintained a consistent focus on the hypothesis throughout the interview, effectively tying key pieces of information back to the main issue (Overall Problem Solving Score: 4).

**Weaknesses:**
1. **Hypothesis-Driven Logic:** While the analysis was structured, it could have been more hypothesis-driven from the outset, enhancing clarity and depth in addressing the profit decline (Case Opening Score: 3).
2. **Executive Presence:** Under challenge, there was room for improvement in executive presence and audience awareness, which would enhance communication effectiveness (Clarity and Concision Score: 4).

**Improvement Priority:**
The candidate should prioritize developing a more hypothesis-driven approach to their analysis. This involves formulating initial hypotheses about the profit decline and using these as guiding questions throughout the case. By doing so, they can deepen insights into revenue distribution across business units and strengthen the logical flow of their recommendations.

Overall, the candidate demonstrated strong analytical capabilities and clear communication but would benefit from enhancing hypothesis-driven logic to improve clarity and depth in their analysis.","[""Interviewer: Your client is Solventus Energy, a Spanish renewable energy company. Over the past two years, EBITDA has fallen 34% even though total revenue has grown 18%. The company operates three business units: onshore wind generation, residential electricity retail, and large-scale battery storage construction. The CEO has asked you to identify what is driving the profit decline and recommend a path forward."", ""Candidate: To understand the EBITDA decline, we should analyze each business unit separately. Wind generation has a strong 41% EBITDA margin and is operationally healthy, suggesting it's not the source of the problem. B2C retail shows negative profitability with an -8% EBITDA margin, high churn, and acquisition costs, indicating structural issues. Battery storage hasn't generated revenue yet but is over budget by 3x and delayed by 22 months, pointing to execution challenges. We need more details on how revenue growth was distributed across these units."", ""Interviewer: Could you walk me through your approach?"", ""Candidate: To address the EBITDA decline despite revenue growth, we'll analyze each business unit's profitability separately. Wind generation has a strong 41% margin and is healthy, indicating it isn't the issue. B2C retail shows structural problems with negative margins, high churn, and acquisition costs. Battery storage faces execution challenges with no revenue, over-budget CAPEX, and delays. We need to understand how revenue growth was distributed across these units to pinpoint where the profit decline originates."", ""Interviewer: Which business unit would you prioritize first for further analysis and why?"", ""Candidate: I would prioritize analyzing the residential electricity retail unit first because it has a negative EBITDA margin of -8%, high customer churn at 28%, and significant acquisition costs, indicating structural issues that are likely contributing to the overall profit decline."", ""Interviewer: What is your final recommendation to management?"", ""Candidate: For management, I recommend protecting and reinvesting in the wind generation unit due to its strong profitability and operational health. For residential electricity retail, we should either fix pricing and churn issues quickly or consider exiting this business if improvements are not feasible. Lastly, an independent review of the battery storage project is necessary to decide whether restructuring, partnering, or writing it down is the best course of action."", ""Eval Case Performance: structured case-performance assessment completed."", ""Eval Dialog Quality: structured interaction-quality assessment completed."", ""Give Feedback: **Consulting Case Interview Feedback Report**\n\n**Candidate Performance Overview:**\nThe candidate demonstrated strong analytical skills and clear communication throughout the case interview with Solventus Energy, focusing on understanding the decline in EBITDA despite revenue growth. The structured approach to analyzing each business unit separately was effective, though there were areas for improvement.\n\n**Strengths:**\n1. **Structured Analysis:** The candidate effectively organized their analysis by examining each business unit's performance individually, identifying specific issues such as negative margins and execution challenges (Case Structure Score: 4).\n2. **Clear Recommendations:** Final recommendations were well-supported by the data provided, offering actionable steps for management to address the identified problems (Final Recommendation Score: 4).\n3. **Consistent Focus:** The candidate maintained a consistent focus on the hypothesis throughout the interview, effectively tying key pieces of information back to the main issue (Overall Problem Solving Score: 4).\n\n**Weaknesses:**\n1. **Hypothesis-Driven Logic:** While the analysis was structured, it could have been more hypothesis-driven from the outset, enhancing clarity and depth in addressing the profit decline (Case Opening Score: 3).\n2. **Executive Presence:** Under challenge, there was room for improvement in executive presence and audience awareness, which would enhance communication effectiveness (Clarity and Concision Score: 4).\n\n**Improvement Priority:**\nThe candidate should prioritize developing a more hypothesis-driven approach to their analysis. This involves formulating initial hypotheses about the profit decline and using these as guiding questions throughout the case. By doing so, they can deepen insights into revenue distribution across business units and strengthen the logical flow of their recommendations.\n\nOverall, the candidate demonstrated strong analytical capabilities and clear communication but would benefit from enhancing hypothesis-driven logic to improve clarity and depth in their analysis.""]",[],"{""case_opening"": {""score"": 3, ""rationale"": ""The candidate provides a workable recap of the case and asks relevant questions about business unit performance and revenue distribution. However, the logic could be more hypothesis-driven.""}, ""case_structure"": {""score"": 4, ""rationale"": ""The candidate creates a clear structure by analyzing each business unit separately and identifying specific issues within them. The ideas are case-specific but lack some measurable detail or stronger prioritization.""}, ""case_math_answer"": {""score"": ""not_tested"", ""rationale"": ""There is no quantitative setup, calculation process, or numerical analysis required in this transcript.""}, ""case_creative_answer"": {""score"": 4, ""rationale"": ""The candidate uses categories to organize ideas and provides rationale for each business unit's issues. However, the depth of insights could be further developed when challenged.""}, ""final_recommendation"": {""score"": 4, ""rationale"": ""The candidate gives a clear recommendation supported by case data, addresses the business problem, highlights risks, and provides action-oriented next steps for each business unit.""}, ""overall_structure"": {""score"": 4, ""rationale"": ""The candidate generally leads the case with logical organization but could improve prioritization or transitions between ideas.""}, ""overall_problem_solving"": {""score"": 4, ""rationale"": ""The candidate maintains consistent focus on the hypothesis, ties key pieces of the case back to the main issue, and drives toward solutions effectively.""}, ""overall_communication"": {""score"": 4, ""rationale"": ""The candidate communicates clearly and confidently but could improve executive presence or audience awareness slightly under challenge.""}}","{""clarity_and_concision"": {""score"": 4, ""rationale"": ""The candidate communicates clearly and concisely, providing a structured analysis of each business unit's performance. The responses are direct and to the point, though there is room for even sharper executive presence.""}, ""responsiveness_and_adaptation"": {""score"": 3, ""rationale"": ""The candidate responds well to questions by elaborating on their initial points and adapting their analysis based on interviewer prompts. However, some responses could be more hypothesis-driven.""}, ""groundedness"": {""score"": 4, ""rationale"": ""The candidate's recommendations are grounded in the data provided about each business unit's performance. They identify specific issues like negative margins and execution challenges but could benefit from deeper insights into revenue distribution.""}, ""confidence_calibration"": {""score"": 3, ""rationale"": ""The candidate demonstrates confidence in their analysis, particularly when discussing the wind generation unit and residential retail issues. However, there is some uncertainty about needing more details on revenue growth distribution.""}, ""multi_turn_coherence"": {""score"": 4, ""rationale"": ""The candidate maintains coherence across multiple turns of conversation by consistently linking their analysis to the business problem. They effectively build upon previous points but could improve in connecting these insights into a cohesive narrative.""}}",3,"The candidate provides a workable recap of the case and asks relevant questions about business unit performance and revenue distribution. However, the logic could be more hypothesis-driven.",4,The candidate creates a clear structure by analyzing each business unit separately and identifying specific issues within them. The ideas are case-specific but lack some measurable detail or stronger prioritization.,not_tested,"There is no quantitative setup, calculation process, or numerical analysis required in this transcript.",4,"The candidate uses categories to organize ideas and provides rationale for each business unit's issues. However, the depth of insights could be further developed when challenged.",4,"The candidate gives a clear recommendation supported by case data, addresses the business problem, highlights risks, and provides action-oriented next steps for each business unit.",4,The candidate generally leads the case with logical organization but could improve prioritization or transitions between ideas.,4,"The candidate maintains consistent focus on the hypothesis, ties key pieces of the case back to the main issue, and drives toward solutions effectively.",4,The candidate communicates clearly and confidently but could improve executive presence or audience awareness slightly under challenge.,4,"The candidate communicates clearly and concisely, providing a structured analysis of each business unit's performance. The responses are direct and to the point, though there is room for even sharper executive presence.",3,"The candidate responds well to questions by elaborating on their initial points and adapting their analysis based on interviewer prompts. However, some responses could be more hypothesis-driven.",4,The candidate's recommendations are grounded in the data provided about each business unit's performance. They identify specific issues like negative margins and execution challenges but could benefit from deeper insights into revenue distribution.,3,"The candidate demonstrates confidence in their analysis, particularly when discussing the wind generation unit and residential retail issues. However, there is some uncertainty about needing more details on revenue growth distribution.",4,The candidate maintains coherence across multiple turns of conversation by consistently linking their analysis to the business problem. They effectively build upon previous points but could improve in connecting these insights into a cohesive narrative.
baseline,baseline_scenario_01_01_001_r03_20260710T131937Z_exp1,/Users/palomaperezdemadrid/Desktop/Dissertation/agentic-case-interview-coach/src/scenarios/synthetic-based/scenario_01_01.json,3,5,ok,,4,0,True,"**Consulting Case Interview Feedback Report**

**Candidate Performance Overview:**
The candidate demonstrated strong analytical skills and clear communication throughout the case interview with Solventus Energy, focusing on understanding the decline in EBITDA despite revenue growth. The structured approach to analyzing each business unit separately was effective, though there were areas for improvement.

**Strengths:**
1. **Structured Analysis:** The candidate effectively organized their analysis by examining each business unit's performance individually, identifying specific issues such as negative margins and execution challenges (Case Structure Score: 4).
2. **Clear Recommendations:** Final recommendations were well-supported by the data provided, offering actionable steps for management to address the identified problems (Final Recommendation Score: 4).
3. **Consistent Focus:** The candidate maintained a consistent focus on the hypothesis throughout the interview, effectively tying key pieces of information back to the main issue (Overall Problem Solving Score: 4).

**Weaknesses:**
1. **Hypothesis-Driven Logic:** While the analysis was structured, it could have been more hypothesis-driven from the outset, enhancing clarity and depth in addressing the profit decline (Case Opening Score: 3).
2. **Executive Presence:** Under challenge, there was room for improvement in executive presence and audience awareness, which would enhance communication effectiveness (Clarity and Concision Score: 4).

**Improvement Priority:**
The candidate should prioritize developing a more hypothesis-driven approach to their analysis. This involves formulating initial hypotheses about the profit decline and using these as guiding questions throughout the case. By doing so, they can deepen insights into revenue distribution across business units and strengthen the logical flow of their recommendations.

Overall, the candidate demonstrated strong analytical capabilities and clear communication but would benefit from enhancing hypothesis-driven logic to improve clarity and depth in their analysis.","[""Interviewer: Your client is Solventus Energy, a Spanish renewable energy company. Over the past two years, EBITDA has fallen 34% even though total revenue has grown 18%. The company operates three business units: onshore wind generation, residential electricity retail, and large-scale battery storage construction. The CEO has asked you to identify what is driving the profit decline and recommend a path forward."", ""Candidate: To understand the EBITDA decline, we should analyze each business unit separately. Wind generation has a strong 41% EBITDA margin and is operationally healthy, suggesting it's not the source of the problem. B2C retail shows negative profitability with an -8% EBITDA margin, high churn, and acquisition costs, indicating structural issues. Battery storage hasn't generated revenue yet but is over budget by 3x and delayed by 22 months, pointing to execution challenges. We need more details on how revenue growth was distributed across these units."", ""Interviewer: Could you walk me through your approach?"", ""Candidate: To address the EBITDA decline despite revenue growth, we'll analyze each business unit's profitability separately. Wind generation has a strong 41% margin and is healthy, indicating it isn't the issue. B2C retail shows structural problems with negative margins, high churn, and acquisition costs. Battery storage faces execution challenges with no revenue, over-budget CAPEX, and delays. We need to understand how revenue growth was distributed across these units to pinpoint where the profit decline originates."", ""Interviewer: Which business unit would you prioritize first for further analysis and why?"", ""Candidate: I would prioritize analyzing the residential electricity retail unit first because it has a negative EBITDA margin of -8%, high customer churn at 28%, and significant acquisition costs, indicating structural issues that are likely contributing to the overall profit decline."", ""Interviewer: What is your final recommendation to management?"", ""Candidate: For management, I recommend protecting and reinvesting in the wind generation unit due to its strong profitability and operational health. For residential electricity retail, we should either fix pricing and churn issues quickly or consider exiting this business if improvements are not feasible. Lastly, an independent review of the battery storage project is necessary to decide whether restructuring, partnering, or writing it down is the best course of action."", ""Eval Case Performance: structured case-performance assessment completed."", ""Eval Dialog Quality: structured interaction-quality assessment completed."", ""Give Feedback: **Consulting Case Interview Feedback Report**\n\n**Candidate Performance Overview:**\nThe candidate demonstrated strong analytical skills and clear communication throughout the case interview with Solventus Energy, focusing on understanding the decline in EBITDA despite revenue growth. The structured approach to analyzing each business unit separately was effective, though there were areas for improvement.\n\n**Strengths:**\n1. **Structured Analysis:** The candidate effectively organized their analysis by examining each business unit's performance individually, identifying specific issues such as negative margins and execution challenges (Case Structure Score: 4).\n2. **Clear Recommendations:** Final recommendations were well-supported by the data provided, offering actionable steps for management to address the identified problems (Final Recommendation Score: 4).\n3. **Consistent Focus:** The candidate maintained a consistent focus on the hypothesis throughout the interview, effectively tying key pieces of information back to the main issue (Overall Problem Solving Score: 4).\n\n**Weaknesses:**\n1. **Hypothesis-Driven Logic:** While the analysis was structured, it could have been more hypothesis-driven from the outset, enhancing clarity and depth in addressing the profit decline (Case Opening Score: 3).\n2. **Executive Presence:** Under challenge, there was room for improvement in executive presence and audience awareness, which would enhance communication effectiveness (Clarity and Concision Score: 4).\n\n**Improvement Priority:**\nThe candidate should prioritize developing a more hypothesis-driven approach to their analysis. This involves formulating initial hypotheses about the profit decline and using these as guiding questions throughout the case. By doing so, they can deepen insights into revenue distribution across business units and strengthen the logical flow of their recommendations.\n\nOverall, the candidate demonstrated strong analytical capabilities and clear communication but would benefit from enhancing hypothesis-driven logic to improve clarity and depth in their analysis.""]",[],"{""case_opening"": {""score"": 3, ""rationale"": ""The candidate provides a workable recap of the case and asks relevant questions about business unit performance and revenue distribution. However, the logic could be more hypothesis-driven.""}, ""case_structure"": {""score"": 4, ""rationale"": ""The candidate creates a clear structure by analyzing each business unit separately and identifying specific issues within them. The ideas are case-specific but lack some measurable detail or stronger prioritization.""}, ""case_math_answer"": {""score"": ""not_tested"", ""rationale"": ""There is no quantitative setup, calculation process, or numerical analysis required in this transcript.""}, ""case_creative_answer"": {""score"": 4, ""rationale"": ""The candidate uses categories to organize ideas and provides rationale for each business unit's issues. However, the depth of insights could be further developed when challenged.""}, ""final_recommendation"": {""score"": 4, ""rationale"": ""The candidate gives a clear recommendation supported by case data, addresses the business problem, highlights risks, and provides action-oriented next steps for each business unit.""}, ""overall_structure"": {""score"": 4, ""rationale"": ""The candidate generally leads the case with logical organization but could improve prioritization or transitions between ideas.""}, ""overall_problem_solving"": {""score"": 4, ""rationale"": ""The candidate maintains consistent focus on the hypothesis, ties key pieces of the case back to the main issue, and drives toward solutions effectively.""}, ""overall_communication"": {""score"": 4, ""rationale"": ""The candidate communicates clearly and confidently but could improve executive presence or audience awareness slightly under challenge.""}}","{""clarity_and_concision"": {""score"": 4, ""rationale"": ""The candidate communicates clearly and concisely, providing a structured analysis of each business unit's performance. The responses are direct and to the point, though there is room for even sharper executive presence.""}, ""responsiveness_and_adaptation"": {""score"": 3, ""rationale"": ""The candidate responds well to questions by elaborating on their initial points and adapting their analysis based on interviewer prompts. However, some responses could be more hypothesis-driven.""}, ""groundedness"": {""score"": 4, ""rationale"": ""The candidate's recommendations are grounded in the data provided about each business unit's performance. They identify specific issues like negative margins and execution challenges but could benefit from deeper insights into revenue distribution.""}, ""confidence_calibration"": {""score"": 3, ""rationale"": ""The candidate demonstrates confidence in their analysis, particularly when discussing the wind generation unit and residential retail issues. However, there is some uncertainty about needing more details on revenue growth distribution.""}, ""multi_turn_coherence"": {""score"": 4, ""rationale"": ""The candidate maintains coherence across multiple turns of conversation by consistently linking their analysis to the business problem. They effectively build upon previous points but could improve in connecting these insights into a cohesive narrative.""}}",3,"The candidate provides a workable recap of the case and asks relevant questions about business unit performance and revenue distribution. However, the logic could be more hypothesis-driven.",4,The candidate creates a clear structure by analyzing each business unit separately and identifying specific issues within them. The ideas are case-specific but lack some measurable detail or stronger prioritization.,not_tested,"There is no quantitative setup, calculation process, or numerical analysis required in this transcript.",4,"The candidate uses categories to organize ideas and provides rationale for each business unit's issues. However, the depth of insights could be further developed when challenged.",4,"The candidate gives a clear recommendation supported by case data, addresses the business problem, highlights risks, and provides action-oriented next steps for each business unit.",4,The candidate generally leads the case with logical organization but could improve prioritization or transitions between ideas.,4,"The candidate maintains consistent focus on the hypothesis, ties key pieces of the case back to the main issue, and drives toward solutions effectively.",4,The candidate communicates clearly and confidently but could improve executive presence or audience awareness slightly under challenge.,4,"The candidate communicates clearly and concisely, providing a structured analysis of each business unit's performance. The responses are direct and to the point, though there is room for even sharper executive presence.",3,"The candidate responds well to questions by elaborating on their initial points and adapting their analysis based on interviewer prompts. However, some responses could be more hypothesis-driven.",4,The candidate's recommendations are grounded in the data provided about each business unit's performance. They identify specific issues like negative margins and execution challenges but could benefit from deeper insights into revenue distribution.,3,"The candidate demonstrates confidence in their analysis, particularly when discussing the wind generation unit and residential retail issues. However, there is some uncertainty about needing more details on revenue growth distribution.",4,The candidate maintains coherence across multiple turns of conversation by consistently linking their analysis to the business problem. They effectively build upon previous points but could improve in connecting these insights into a cohesive narrative.
baseline,baseline_scenario_01_01_001_r04_20260710T131937Z_exp1,/Users/palomaperezdemadrid/Desktop/Dissertation/agentic-case-interview-coach/src/scenarios/synthetic-based/scenario_01_01.json,4,5,ok,,4,0,True,"**Consulting Case Interview Feedback Report**

**Candidate Performance Overview:**
The candidate demonstrated strong analytical skills and clear communication throughout the case interview with Solventus Energy, focusing on understanding the decline in EBITDA despite revenue growth. The structured approach to analyzing each business unit separately was effective, though there were areas for improvement.

**Strengths:**
1. **Structured Analysis:** The candidate effectively organized their analysis by examining each business unit's performance individually, identifying specific issues such as negative margins and execution challenges (Case Structure Score: 4).
2. **Clear Recommendations:** Final recommendations were well-supported by the data provided, offering actionable steps for management to address the identified problems (Final Recommendation Score: 4).
3. **Consistent Focus:** The candidate maintained a consistent focus on the hypothesis throughout the interview, effectively tying key pieces of information back to the main issue (Overall Problem Solving Score: 4).

**Weaknesses:**
1. **Hypothesis-Driven Logic:** While the analysis was structured, it could have been more hypothesis-driven from the outset, enhancing clarity and depth in addressing the profit decline (Case Opening Score: 3).
2. **Executive Presence:** Under challenge, there was room for improvement in executive presence and audience awareness, which would enhance communication effectiveness (Clarity and Concision Score: 4).

**Improvement Priority:**
The candidate should prioritize developing a more hypothesis-driven approach to their analysis. This involves formulating initial hypotheses about the profit decline and using these as guiding questions throughout the case. By doing so, they can deepen insights into revenue distribution across business units and strengthen the logical flow of their recommendations.

Overall, the candidate demonstrated strong analytical capabilities and clear communication but would benefit from enhancing hypothesis-driven logic to improve clarity and depth in their analysis.","[""Interviewer: Your client is Solventus Energy, a Spanish renewable energy company. Over the past two years, EBITDA has fallen 34% even though total revenue has grown 18%. The company operates three business units: onshore wind generation, residential electricity retail, and large-scale battery storage construction. The CEO has asked you to identify what is driving the profit decline and recommend a path forward."", ""Candidate: To understand the EBITDA decline, we should analyze each business unit separately. Wind generation has a strong 41% EBITDA margin and is operationally healthy, suggesting it's not the source of the problem. B2C retail shows negative profitability with an -8% EBITDA margin, high churn, and acquisition costs, indicating structural issues. Battery storage hasn't generated revenue yet but is over budget by 3x and delayed by 22 months, pointing to execution challenges. We need more details on how revenue growth was distributed across these units."", ""Interviewer: Could you walk me through your approach?"", ""Candidate: To address the EBITDA decline despite revenue growth, we'll analyze each business unit's profitability separately. Wind generation has a strong 41% margin and is healthy, indicating it isn't the issue. B2C retail shows structural problems with negative margins, high churn, and acquisition costs. Battery storage faces execution challenges with no revenue, over-budget CAPEX, and delays. We need to understand how revenue growth was distributed across these units to pinpoint where the profit decline originates."", ""Interviewer: Which business unit would you prioritize first for further analysis and why?"", ""Candidate: I would prioritize analyzing the residential electricity retail unit first because it has a negative EBITDA margin of -8%, high customer churn at 28%, and significant acquisition costs, indicating structural issues that are likely contributing to the overall profit decline."", ""Interviewer: What is your final recommendation to management?"", ""Candidate: For management, I recommend protecting and reinvesting in the wind generation unit due to its strong profitability and operational health. For residential electricity retail, we should either fix pricing and churn issues quickly or consider exiting this business if improvements are not feasible. Lastly, an independent review of the battery storage project is necessary to decide whether restructuring, partnering, or writing it down is the best course of action."", ""Eval Case Performance: structured case-performance assessment completed."", ""Eval Dialog Quality: structured interaction-quality assessment completed."", ""Give Feedback: **Consulting Case Interview Feedback Report**\n\n**Candidate Performance Overview:**\nThe candidate demonstrated strong analytical skills and clear communication throughout the case interview with Solventus Energy, focusing on understanding the decline in EBITDA despite revenue growth. The structured approach to analyzing each business unit separately was effective, though there were areas for improvement.\n\n**Strengths:**\n1. **Structured Analysis:** The candidate effectively organized their analysis by examining each business unit's performance individually, identifying specific issues such as negative margins and execution challenges (Case Structure Score: 4).\n2. **Clear Recommendations:** Final recommendations were well-supported by the data provided, offering actionable steps for management to address the identified problems (Final Recommendation Score: 4).\n3. **Consistent Focus:** The candidate maintained a consistent focus on the hypothesis throughout the interview, effectively tying key pieces of information back to the main issue (Overall Problem Solving Score: 4).\n\n**Weaknesses:**\n1. **Hypothesis-Driven Logic:** While the analysis was structured, it could have been more hypothesis-driven from the outset, enhancing clarity and depth in addressing the profit decline (Case Opening Score: 3).\n2. **Executive Presence:** Under challenge, there was room for improvement in executive presence and audience awareness, which would enhance communication effectiveness (Clarity and Concision Score: 4).\n\n**Improvement Priority:**\nThe candidate should prioritize developing a more hypothesis-driven approach to their analysis. This involves formulating initial hypotheses about the profit decline and using these as guiding questions throughout the case. By doing so, they can deepen insights into revenue distribution across business units and strengthen the logical flow of their recommendations.\n\nOverall, the candidate demonstrated strong analytical capabilities and clear communication but would benefit from enhancing hypothesis-driven logic to improve clarity and depth in their analysis.""]",[],"{""case_opening"": {""score"": 3, ""rationale"": ""The candidate provides a workable recap of the case and asks relevant questions about business unit performance and revenue distribution. However, the logic could be more hypothesis-driven.""}, ""case_structure"": {""score"": 4, ""rationale"": ""The candidate creates a clear structure by analyzing each business unit separately and identifying specific issues within them. The ideas are case-specific but lack some measurable detail or stronger prioritization.""}, ""case_math_answer"": {""score"": ""not_tested"", ""rationale"": ""There is no quantitative setup, calculation process, or numerical analysis required in this transcript.""}, ""case_creative_answer"": {""score"": 4, ""rationale"": ""The candidate uses categories to organize ideas and provides rationale for each business unit's issues. However, the depth of insights could be further developed when challenged.""}, ""final_recommendation"": {""score"": 4, ""rationale"": ""The candidate gives a clear recommendation supported by case data, addresses the business problem, highlights risks, and provides action-oriented next steps for each business unit.""}, ""overall_structure"": {""score"": 4, ""rationale"": ""The candidate generally leads the case with logical organization but could improve prioritization or transitions between ideas.""}, ""overall_problem_solving"": {""score"": 4, ""rationale"": ""The candidate maintains consistent focus on the hypothesis, ties key pieces of the case back to the main issue, and drives toward solutions effectively.""}, ""overall_communication"": {""score"": 4, ""rationale"": ""The candidate communicates clearly and confidently but could improve executive presence or audience awareness slightly under challenge.""}}","{""clarity_and_concision"": {""score"": 4, ""rationale"": ""The candidate communicates clearly and concisely, providing a structured analysis of each business unit's performance. The responses are direct and to the point, though there is room for even sharper executive presence.""}, ""responsiveness_and_adaptation"": {""score"": 3, ""rationale"": ""The candidate responds well to questions by elaborating on their initial points and adapting their analysis based on interviewer prompts. However, some responses could be more hypothesis-driven.""}, ""groundedness"": {""score"": 4, ""rationale"": ""The candidate's recommendations are grounded in the data provided about each business unit's performance. They identify specific issues like negative margins and execution challenges but could benefit from deeper insights into revenue distribution.""}, ""confidence_calibration"": {""score"": 3, ""rationale"": ""The candidate demonstrates confidence in their analysis, particularly when discussing the wind generation unit and residential retail issues. However, there is some uncertainty about needing more details on revenue growth distribution.""}, ""multi_turn_coherence"": {""score"": 4, ""rationale"": ""The candidate maintains coherence across multiple turns of conversation by consistently linking their analysis to the business problem. They effectively build upon previous points but could improve in connecting these insights into a cohesive narrative.""}}",3,"The candidate provides a workable recap of the case and asks relevant questions about business unit performance and revenue distribution. However, the logic could be more hypothesis-driven.",4,The candidate creates a clear structure by analyzing each business unit separately and identifying specific issues within them. The ideas are case-specific but lack some measurable detail or stronger prioritization.,not_tested,"There is no quantitative setup, calculation process, or numerical analysis required in this transcript.",4,"The candidate uses categories to organize ideas and provides rationale for each business unit's issues. However, the depth of insights could be further developed when challenged.",4,"The candidate gives a clear recommendation supported by case data, addresses the business problem, highlights risks, and provides action-oriented next steps for each business unit.",4,The candidate generally leads the case with logical organization but could improve prioritization or transitions between ideas.,4,"The candidate maintains consistent focus on the hypothesis, ties key pieces of the case back to the main issue, and drives toward solutions effectively.",4,The candidate communicates clearly and confidently but could improve executive presence or audience awareness slightly under challenge.,4,"The candidate communicates clearly and concisely, providing a structured analysis of each business unit's performance. The responses are direct and to the point, though there is room for even sharper executive presence.",3,"The candidate responds well to questions by elaborating on their initial points and adapting their analysis based on interviewer prompts. However, some responses could be more hypothesis-driven.",4,The candidate's recommendations are grounded in the data provided about each business unit's performance. They identify specific issues like negative margins and execution challenges but could benefit from deeper insights into revenue distribution.,3,"The candidate demonstrates confidence in their analysis, particularly when discussing the wind generation unit and residential retail issues. However, there is some uncertainty about needing more details on revenue growth distribution.",4,The candidate maintains coherence across multiple turns of conversation by consistently linking their analysis to the business problem. They effectively build upon previous points but could improve in connecting these insights into a cohesive narrative.
baseline,baseline_scenario_01_01_001_r05_20260710T131937Z_exp1,/Users/palomaperezdemadrid/Desktop/Dissertation/agentic-case-interview-coach/src/scenarios/synthetic-based/scenario_01_01.json,5,5,ok,,4,0,True,"**Consulting Case Interview Feedback Report**

**Candidate Performance Overview:**
The candidate demonstrated strong analytical skills and clear communication throughout the case interview with Solventus Energy, focusing on understanding the decline in EBITDA despite revenue growth. The structured approach to analyzing each business unit separately was effective, though there were areas for improvement.

**Strengths:**
1. **Structured Analysis:** The candidate effectively organized their analysis by examining each business unit's performance individually, identifying specific issues such as negative margins and execution challenges (Case Structure Score: 4).
2. **Clear Recommendations:** Final recommendations were well-supported by the data provided, offering actionable steps for management to address the identified problems (Final Recommendation Score: 4).
3. **Consistent Focus:** The candidate maintained a consistent focus on the hypothesis throughout the interview, effectively tying key pieces of information back to the main issue (Overall Problem Solving Score: 4).

**Weaknesses:**
1. **Hypothesis-Driven Logic:** While the analysis was structured, it could have been more hypothesis-driven from the outset, enhancing clarity and depth in addressing the profit decline (Case Opening Score: 3).
2. **Executive Presence:** Under challenge, there was room for improvement in executive presence and audience awareness, which would enhance communication effectiveness (Clarity and Concision Score: 4).

**Improvement Priority:**
The candidate should prioritize developing a more hypothesis-driven approach to their analysis. This involves formulating initial hypotheses about the profit decline and using these as guiding questions throughout the case. By doing so, they can deepen insights into revenue distribution across business units and strengthen the logical flow of their recommendations.

Overall, the candidate demonstrated strong analytical capabilities and clear communication but would benefit from enhancing hypothesis-driven logic to improve clarity and depth in their analysis.","[""Interviewer: Your client is Solventus Energy, a Spanish renewable energy company. Over the past two years, EBITDA has fallen 34% even though total revenue has grown 18%. The company operates three business units: onshore wind generation, residential electricity retail, and large-scale battery storage construction. The CEO has asked you to identify what is driving the profit decline and recommend a path forward."", ""Candidate: To understand the EBITDA decline, we should analyze each business unit separately. Wind generation has a strong 41% EBITDA margin and is operationally healthy, suggesting it's not the source of the problem. B2C retail shows negative profitability with an -8% EBITDA margin, high churn, and acquisition costs, indicating structural issues. Battery storage hasn't generated revenue yet but is over budget by 3x and delayed by 22 months, pointing to execution challenges. We need more details on how revenue growth was distributed across these units."", ""Interviewer: Could you walk me through your approach?"", ""Candidate: To address the EBITDA decline despite revenue growth, we'll analyze each business unit's profitability separately. Wind generation has a strong 41% margin and is healthy, indicating it isn't the issue. B2C retail shows structural problems with negative margins, high churn, and acquisition costs. Battery storage faces execution challenges with no revenue, over-budget CAPEX, and delays. We need to understand how revenue growth was distributed across these units to pinpoint where the profit decline originates."", ""Interviewer: Which business unit would you prioritize first for further analysis and why?"", ""Candidate: I would prioritize analyzing the residential electricity retail unit first because it has a negative EBITDA margin of -8%, high customer churn at 28%, and significant acquisition costs, indicating structural issues that are likely contributing to the overall profit decline."", ""Interviewer: What is your final recommendation to management?"", ""Candidate: For management, I recommend protecting and reinvesting in the wind generation unit due to its strong profitability and operational health. For residential electricity retail, we should either fix pricing and churn issues quickly or consider exiting this business if improvements are not feasible. Lastly, an independent review of the battery storage project is necessary to decide whether restructuring, partnering, or writing it down is the best course of action."", ""Eval Case Performance: structured case-performance assessment completed."", ""Eval Dialog Quality: structured interaction-quality assessment completed."", ""Give Feedback: **Consulting Case Interview Feedback Report**\n\n**Candidate Performance Overview:**\nThe candidate demonstrated strong analytical skills and clear communication throughout the case interview with Solventus Energy, focusing on understanding the decline in EBITDA despite revenue growth. The structured approach to analyzing each business unit separately was effective, though there were areas for improvement.\n\n**Strengths:**\n1. **Structured Analysis:** The candidate effectively organized their analysis by examining each business unit's performance individually, identifying specific issues such as negative margins and execution challenges (Case Structure Score: 4).\n2. **Clear Recommendations:** Final recommendations were well-supported by the data provided, offering actionable steps for management to address the identified problems (Final Recommendation Score: 4).\n3. **Consistent Focus:** The candidate maintained a consistent focus on the hypothesis throughout the interview, effectively tying key pieces of information back to the main issue (Overall Problem Solving Score: 4).\n\n**Weaknesses:**\n1. **Hypothesis-Driven Logic:** While the analysis was structured, it could have been more hypothesis-driven from the outset, enhancing clarity and depth in addressing the profit decline (Case Opening Score: 3).\n2. **Executive Presence:** Under challenge, there was room for improvement in executive presence and audience awareness, which would enhance communication effectiveness (Clarity and Concision Score: 4).\n\n**Improvement Priority:**\nThe candidate should prioritize developing a more hypothesis-driven approach to their analysis. This involves formulating initial hypotheses about the profit decline and using these as guiding questions throughout the case. By doing so, they can deepen insights into revenue distribution across business units and strengthen the logical flow of their recommendations.\n\nOverall, the candidate demonstrated strong analytical capabilities and clear communication but would benefit from enhancing hypothesis-driven logic to improve clarity and depth in their analysis.""]",[],"{""case_opening"": {""score"": 3, ""rationale"": ""The candidate provides a workable recap of the case and asks relevant questions about business unit performance and revenue distribution. However, the logic could be more hypothesis-driven.""}, ""case_structure"": {""score"": 4, ""rationale"": ""The candidate creates a clear structure by analyzing each business unit separately and identifying specific issues within them. The ideas are case-specific but lack some measurable detail or stronger prioritization.""}, ""case_math_answer"": {""score"": ""not_tested"", ""rationale"": ""There is no quantitative setup, calculation process, or numerical analysis required in this transcript.""}, ""case_creative_answer"": {""score"": 4, ""rationale"": ""The candidate uses categories to organize ideas and provides rationale for each business unit's issues. However, the depth of insights could be further developed when challenged.""}, ""final_recommendation"": {""score"": 4, ""rationale"": ""The candidate gives a clear recommendation supported by case data, addresses the business problem, highlights risks, and provides action-oriented next steps for each business unit.""}, ""overall_structure"": {""score"": 4, ""rationale"": ""The candidate generally leads the case with logical organization but could improve prioritization or transitions between ideas.""}, ""overall_problem_solving"": {""score"": 4, ""rationale"": ""The candidate maintains consistent focus on the hypothesis, ties key pieces of the case back to the main issue, and drives toward solutions effectively.""}, ""overall_communication"": {""score"": 4, ""rationale"": ""The candidate communicates clearly and confidently but could improve executive presence or audience awareness slightly under challenge.""}}","{""clarity_and_concision"": {""score"": 4, ""rationale"": ""The candidate communicates clearly and concisely, providing a structured analysis of each business unit's performance. The responses are direct and to the point, though there is room for even sharper executive presence.""}, ""responsiveness_and_adaptation"": {""score"": 3, ""rationale"": ""The candidate responds well to questions by elaborating on their initial points and adapting their analysis based on interviewer prompts. However, some responses could be more hypothesis-driven.""}, ""groundedness"": {""score"": 4, ""rationale"": ""The candidate's recommendations are grounded in the data provided about each business unit's performance. They identify specific issues like negative margins and execution challenges but could benefit from deeper insights into revenue distribution.""}, ""confidence_calibration"": {""score"": 3, ""rationale"": ""The candidate demonstrates confidence in their analysis, particularly when discussing the wind generation unit and residential retail issues. However, there is some uncertainty about needing more details on revenue growth distribution.""}, ""multi_turn_coherence"": {""score"": 4, ""rationale"": ""The candidate maintains coherence across multiple turns of conversation by consistently linking their analysis to the business problem. They effectively build upon previous points but could improve in connecting these insights into a cohesive narrative.""}}",3,"The candidate provides a workable recap of the case and asks relevant questions about business unit performance and revenue distribution. However, the logic could be more hypothesis-driven.",4,The candidate creates a clear structure by analyzing each business unit separately and identifying specific issues within them. The ideas are case-specific but lack some measurable detail or stronger prioritization.,not_tested,"There is no quantitative setup, calculation process, or numerical analysis required in this transcript.",4,"The candidate uses categories to organize ideas and provides rationale for each business unit's issues. However, the depth of insights could be further developed when challenged.",4,"The candidate gives a clear recommendation supported by case data, addresses the business problem, highlights risks, and provides action-oriented next steps for each business unit.",4,The candidate generally leads the case with logical organization but could improve prioritization or transitions between ideas.,4,"The candidate maintains consistent focus on the hypothesis, ties key pieces of the case back to the main issue, and drives toward solutions effectively.",4,The candidate communicates clearly and confidently but could improve executive presence or audience awareness slightly under challenge.,4,"The candidate communicates clearly and concisely, providing a structured analysis of each business unit's performance. The responses are direct and to the point, though there is room for even sharper executive presence.",3,"The candidate responds well to questions by elaborating on their initial points and adapting their analysis based on interviewer prompts. However, some responses could be more hypothesis-driven.",4,The candidate's recommendations are grounded in the data provided about each business unit's performance. They identify specific issues like negative margins and execution challenges but could benefit from deeper insights into revenue distribution.,3,"The candidate demonstrates confidence in their analysis, particularly when discussing the wind generation unit and residential retail issues. However, there is some uncertainty about needing more details on revenue growth distribution.",4,The candidate maintains coherence across multiple turns of conversation by consistently linking their analysis to the business problem. They effectively build upon previous points but could improve in connecting these insights into a cohesive narrative.
baseline,baseline_scenario_01_02_002_r01_20260710T131937Z_exp1,/Users/palomaperezdemadrid/Desktop/Dissertation/agentic-case-interview-coach/src/scenarios/synthetic-based/scenario_01_02.json,1,5,ok,,3,0,True,"### Final Feedback Report

#### Strengths
1. **Structured Analysis**: The candidate effectively structured their analysis by examining each business unit's contribution to profitability, which is evident from the clear identification of issues within B2C retail and battery storage.
   
2. **Data-Driven Recommendations**: The recommendations are well-grounded in the data provided, particularly highlighting the strong performance of wind generation and the challenges faced by other units.

3. **Clear Communication**: The candidate communicated their analysis clearly and concisely, maintaining focus on the main issue of declining EBITDA despite revenue growth.

4. **Logical Progression**: The overall structure of the case was logical, with a consistent focus on identifying key problems and proposing actionable solutions.

#### Weaknesses
1. **Hypothesis-Driven Approach**: While the candidate asked relevant questions, they could have been more hypothesis-driven from the outset to guide their analysis more effectively.

2. **Prioritization and MECE**: The ideas presented were somewhat generic and not fully prioritized or mutually exclusive and collectively exhaustive (MECE), which could enhance clarity and decision-making.

3. **Adaptation and Responsiveness**: Although responsive, the candidate's adaptation to new information could be improved by incorporating more hypothesis-driven questioning initially.

4. **Confidence Calibration**: While confident in their analysis, there is room for more assertive communication, particularly when discussing strategic goals and potential solutions.

#### Improvement Priority
The candidate should focus on enhancing their hypothesis-driven approach from the beginning of the case. This would involve formulating initial hypotheses about what might be driving the decline in EBITDA and using these to guide their analysis and questioning. By doing so, they can improve prioritization, ensure ideas are MECE, and adapt more effectively to new information.

Overall, the candidate demonstrated strong analytical skills and clear communication but could benefit from a more structured hypothesis-driven approach to further refine their problem-solving process.","[""Interviewer: Your client is Solventus Energy, a Spanish renewable energy company. Over the past two years, EBITDA has fallen 34% even though total revenue has grown 18%. The company operates three business units: onshore wind generation, residential electricity retail, and large-scale battery storage construction. The CEO has asked you to identify what is driving the profit decline and recommend a path forward."", ""Candidate: To understand why EBITDA has fallen despite revenue growth, we should look at each business unit's performance and contribution to overall profitability. It seems that while total revenue grew by 18%, this growth came from the newer units rather than wind generation. Wind generation appears healthy with a strong 41% EBITDA margin. However, B2C retail has a negative EBITDA margin of -8%, high customer churn at 28%, and significant acquisition costs, indicating it might be losing value. Battery storage hasn't generated revenue yet, is over budget by three times the original CAPEX, and is delayed by 22 months. These factors suggest that while wind generation remains profitable, B2C retail and battery storage are likely dragging down overall profitability. To proceed, I'd like to know more about the specific cost structures and any strategic goals for each business unit."", ""Interviewer: Which business unit would you prioritize first for further analysis and why?"", ""Candidate: I would prioritize further analysis on the residential electricity retail unit first because it has a negative EBITDA margin of -8%, high customer churn at 28%, and significant acquisition costs, indicating that it is currently destroying value. Understanding its cost structure and strategic goals will be crucial to determine whether we can fix this business or if an exit strategy might be necessary."", ""Interviewer: What is your final recommendation to management?"", ""Candidate: My final recommendation to management would be threefold: First, protect and continue investing in the wind generation unit as it remains a healthy profit engine with a strong EBITDA margin of 41%. Second, for the residential electricity retail unit, we need to either quickly address its pricing strategy and customer churn or consider exiting this business due to its negative impact on profitability. Lastly, conduct an independent review of the battery storage project to assess whether restructuring, partnering, or writing it down is necessary given its current financial distress."", ""Eval Case Performance: structured case-performance assessment completed."", ""Eval Dialog Quality: structured interaction-quality assessment completed."", ""Give Feedback: ### Final Feedback Report\n\n#### Strengths\n1. **Structured Analysis**: The candidate effectively structured their analysis by examining each business unit's contribution to profitability, which is evident from the clear identification of issues within B2C retail and battery storage.\n   \n2. **Data-Driven Recommendations**: The recommendations are well-grounded in the data provided, particularly highlighting the strong performance of wind generation and the challenges faced by other units.\n\n3. **Clear Communication**: The candidate communicated their analysis clearly and concisely, maintaining focus on the main issue of declining EBITDA despite revenue growth.\n\n4. **Logical Progression**: The overall structure of the case was logical, with a consistent focus on identifying key problems and proposing actionable solutions.\n\n#### Weaknesses\n1. **Hypothesis-Driven Approach**: While the candidate asked relevant questions, they could have been more hypothesis-driven from the outset to guide their analysis more effectively.\n\n2. **Prioritization and MECE**: The ideas presented were somewhat generic and not fully prioritized or mutually exclusive and collectively exhaustive (MECE), which could enhance clarity and decision-making.\n\n3. **Adaptation and Responsiveness**: Although responsive, the candidate's adaptation to new information could be improved by incorporating more hypothesis-driven questioning initially.\n\n4. **Confidence Calibration**: While confident in their analysis, there is room for more assertive communication, particularly when discussing strategic goals and potential solutions.\n\n#### Improvement Priority\nThe candidate should focus on enhancing their hypothesis-driven approach from the beginning of the case. This would involve formulating initial hypotheses about what might be driving the decline in EBITDA and using these to guide their analysis and questioning. By doing so, they can improve prioritization, ensure ideas are MECE, and adapt more effectively to new information.\n\nOverall, the candidate demonstrated strong analytical skills and clear communication but could benefit from a more structured hypothesis-driven approach to further refine their problem-solving process.""]",[],"{""case_opening"": {""score"": 4, ""rationale"": ""The candidate provides a solid recap of the case by identifying key business units and their performance metrics. They ask relevant questions to understand cost structures and strategic goals, though they could have been more hypothesis-driven.""}, ""case_structure"": {""score"": 3, ""rationale"": ""The candidate creates a clear structure by analyzing each business unit's contribution to profitability. However, the ideas remain somewhat generic and not fully prioritized or MECE.""}, ""case_math_answer"": {""score"": ""not_tested"", ""rationale"": ""There is no quantitative setup or calculation process involved in this case analysis.""}, ""case_creative_answer"": {""score"": 4, ""rationale"": ""The candidate uses categories to discuss each business unit and provides rationale for their focus, though the ideas could be more deeply developed or fully MECE.""}, ""final_recommendation"": {""score"": 4, ""rationale"": ""The candidate gives a clear recommendation supported by case data, addresses the business problem, highlights risks, and provides action-oriented next steps.""}, ""overall_structure"": {""score"": 4, ""rationale"": ""The candidate generally leads the case with logical progression but could improve prioritization or transitions between ideas.""}, ""overall_problem_solving"": {""score"": 4, ""rationale"": ""The candidate maintains consistent focus on the hypothesis, ties key pieces of the case back to the main issue, and drives toward solutions effectively.""}, ""overall_communication"": {""score"": 4, ""rationale"": ""The candidate communicates clearly and confidently but could improve executive presence or audience awareness slightly.""}}","{""clarity_and_concision"": {""score"": 4, ""rationale"": ""The candidate communicates clearly and concisely, providing a structured analysis of each business unit's performance. The responses are direct and to the point, though there is room for even sharper prioritization.""}, ""responsiveness_and_adaptation"": {""score"": 3, ""rationale"": ""The candidate responds well to questions by focusing on relevant issues like B2C retail's negative EBITDA margin. However, adaptation could be improved with more hypothesis-driven questioning initially.""}, ""groundedness"": {""score"": 4, ""rationale"": ""The analysis is grounded in the data provided about each business unit's performance and financial metrics. The candidate uses this information to form a logical basis for recommendations.""}, ""confidence_calibration"": {""score"": 3, ""rationale"": ""The candidate demonstrates confidence in their analysis, particularly when discussing the B2C retail unit. However, there is room for more assertive communication and deeper exploration of strategic goals.""}, ""multi_turn_coherence"": {""score"": 4, ""rationale"": ""The candidate maintains coherence across multiple turns by consistently linking back to the main issue of declining EBITDA despite revenue growth. The focus remains on identifying and addressing key problems in each business unit.""}}",4,"The candidate provides a solid recap of the case by identifying key business units and their performance metrics. They ask relevant questions to understand cost structures and strategic goals, though they could have been more hypothesis-driven.",3,"The candidate creates a clear structure by analyzing each business unit's contribution to profitability. However, the ideas remain somewhat generic and not fully prioritized or MECE.",not_tested,There is no quantitative setup or calculation process involved in this case analysis.,4,"The candidate uses categories to discuss each business unit and provides rationale for their focus, though the ideas could be more deeply developed or fully MECE.",4,"The candidate gives a clear recommendation supported by case data, addresses the business problem, highlights risks, and provides action-oriented next steps.",4,The candidate generally leads the case with logical progression but could improve prioritization or transitions between ideas.,4,"The candidate maintains consistent focus on the hypothesis, ties key pieces of the case back to the main issue, and drives toward solutions effectively.",4,The candidate communicates clearly and confidently but could improve executive presence or audience awareness slightly.,4,"The candidate communicates clearly and concisely, providing a structured analysis of each business unit's performance. The responses are direct and to the point, though there is room for even sharper prioritization.",3,"The candidate responds well to questions by focusing on relevant issues like B2C retail's negative EBITDA margin. However, adaptation could be improved with more hypothesis-driven questioning initially.",4,The analysis is grounded in the data provided about each business unit's performance and financial metrics. The candidate uses this information to form a logical basis for recommendations.,3,"The candidate demonstrates confidence in their analysis, particularly when discussing the B2C retail unit. However, there is room for more assertive communication and deeper exploration of strategic goals.",4,The candidate maintains coherence across multiple turns by consistently linking back to the main issue of declining EBITDA despite revenue growth. The focus remains on identifying and addressing key problems in each business unit.
baseline,baseline_scenario_01_02_002_r02_20260710T131937Z_exp1,/Users/palomaperezdemadrid/Desktop/Dissertation/agentic-case-interview-coach/src/scenarios/synthetic-based/scenario_01_02.json,2,5,ok,,3,0,True,"### Final Feedback Report

#### Strengths
1. **Structured Analysis**: The candidate effectively structured their analysis by examining each business unit's contribution to profitability, which is evident from the clear identification of issues within B2C retail and battery storage.
   
2. **Data-Driven Recommendations**: The recommendations are well-grounded in the data provided, particularly highlighting the strong performance of wind generation and the challenges faced by other units.

3. **Clear Communication**: The candidate communicated their analysis clearly and concisely, maintaining focus on the main issue of declining EBITDA despite revenue growth.

4. **Logical Progression**: The overall structure of the case was logical, with a consistent focus on identifying key problems and proposing actionable solutions.

#### Weaknesses
1. **Hypothesis-Driven Approach**: While the candidate asked relevant questions, they could have been more hypothesis-driven from the outset to guide their analysis more effectively.

2. **Prioritization and MECE**: The ideas presented were somewhat generic and not fully prioritized or mutually exclusive and collectively exhaustive (MECE), which could enhance clarity and decision-making.

3. **Adaptation and Responsiveness**: Although responsive, the candidate's adaptation to new information could be improved by incorporating more hypothesis-driven questioning initially.

4. **Confidence Calibration**: While confident in their analysis, there is room for more assertive communication, particularly when discussing strategic goals and potential solutions.

#### Improvement Priority
The candidate should focus on enhancing their hypothesis-driven approach from the beginning of the case. This would involve formulating initial hypotheses about what might be driving the decline in EBITDA and using these to guide their analysis and questioning. By doing so, they can improve prioritization, ensure ideas are MECE, and adapt more effectively to new information.

Overall, the candidate demonstrated strong analytical skills and clear communication but could benefit from a more structured hypothesis-driven approach to further refine their problem-solving process.","[""Interviewer: Your client is Solventus Energy, a Spanish renewable energy company. Over the past two years, EBITDA has fallen 34% even though total revenue has grown 18%. The company operates three business units: onshore wind generation, residential electricity retail, and large-scale battery storage construction. The CEO has asked you to identify what is driving the profit decline and recommend a path forward."", ""Candidate: To understand why EBITDA has fallen despite revenue growth, we should look at each business unit's performance and contribution to overall profitability. It seems that while total revenue grew by 18%, this growth came from the newer units rather than wind generation. Wind generation appears healthy with a strong 41% EBITDA margin. However, B2C retail has a negative EBITDA margin of -8%, high customer churn at 28%, and significant acquisition costs, indicating it might be losing value. Battery storage hasn't generated revenue yet, is over budget by three times the original CAPEX, and is delayed by 22 months. These factors suggest that while wind generation remains profitable, B2C retail and battery storage are likely dragging down overall profitability. To proceed, I'd like to know more about the specific cost structures and any strategic goals for each business unit."", ""Interviewer: Which business unit would you prioritize first for further analysis and why?"", ""Candidate: I would prioritize further analysis on the residential electricity retail unit first because it has a negative EBITDA margin of -8%, high customer churn at 28%, and significant acquisition costs, indicating that it is currently destroying value. Understanding its cost structure and strategic goals will be crucial to determine whether we can fix this business or if an exit strategy might be necessary."", ""Interviewer: What is your final recommendation to management?"", ""Candidate: My final recommendation to management would be threefold: First, protect and continue investing in the wind generation unit as it remains a healthy profit engine with a strong EBITDA margin of 41%. Second, for the residential electricity retail unit, we need to either quickly address its pricing strategy and customer churn or consider exiting this business due to its negative impact on profitability. Lastly, conduct an independent review of the battery storage project to assess whether restructuring, partnering, or writing it down is necessary given its current financial distress."", ""Eval Case Performance: structured case-performance assessment completed."", ""Eval Dialog Quality: structured interaction-quality assessment completed."", ""Give Feedback: ### Final Feedback Report\n\n#### Strengths\n1. **Structured Analysis**: The candidate effectively structured their analysis by examining each business unit's contribution to profitability, which is evident from the clear identification of issues within B2C retail and battery storage.\n   \n2. **Data-Driven Recommendations**: The recommendations are well-grounded in the data provided, particularly highlighting the strong performance of wind generation and the challenges faced by other units.\n\n3. **Clear Communication**: The candidate communicated their analysis clearly and concisely, maintaining focus on the main issue of declining EBITDA despite revenue growth.\n\n4. **Logical Progression**: The overall structure of the case was logical, with a consistent focus on identifying key problems and proposing actionable solutions.\n\n#### Weaknesses\n1. **Hypothesis-Driven Approach**: While the candidate asked relevant questions, they could have been more hypothesis-driven from the outset to guide their analysis more effectively.\n\n2. **Prioritization and MECE**: The ideas presented were somewhat generic and not fully prioritized or mutually exclusive and collectively exhaustive (MECE), which could enhance clarity and decision-making.\n\n3. **Adaptation and Responsiveness**: Although responsive, the candidate's adaptation to new information could be improved by incorporating more hypothesis-driven questioning initially.\n\n4. **Confidence Calibration**: While confident in their analysis, there is room for more assertive communication, particularly when discussing strategic goals and potential solutions.\n\n#### Improvement Priority\nThe candidate should focus on enhancing their hypothesis-driven approach from the beginning of the case. This would involve formulating initial hypotheses about what might be driving the decline in EBITDA and using these to guide their analysis and questioning. By doing so, they can improve prioritization, ensure ideas are MECE, and adapt more effectively to new information.\n\nOverall, the candidate demonstrated strong analytical skills and clear communication but could benefit from a more structured hypothesis-driven approach to further refine their problem-solving process.""]",[],"{""case_opening"": {""score"": 4, ""rationale"": ""The candidate provides a solid recap of the case by identifying key business units and their performance metrics. They ask relevant questions to understand cost structures and strategic goals, though they could have been more hypothesis-driven.""}, ""case_structure"": {""score"": 3, ""rationale"": ""The candidate creates a clear structure by analyzing each business unit's contribution to profitability. However, the ideas remain somewhat generic and not fully prioritized or MECE.""}, ""case_math_answer"": {""score"": ""not_tested"", ""rationale"": ""There is no quantitative setup or calculation process involved in this case analysis.""}, ""case_creative_answer"": {""score"": 4, ""rationale"": ""The candidate uses categories to discuss each business unit and provides rationale for their focus, though the ideas could be more deeply developed or fully MECE.""}, ""final_recommendation"": {""score"": 4, ""rationale"": ""The candidate gives a clear recommendation supported by case data, addresses the business problem, highlights risks, and provides action-oriented next steps.""}, ""overall_structure"": {""score"": 4, ""rationale"": ""The candidate generally leads the case with logical progression but could improve prioritization or transitions between ideas.""}, ""overall_problem_solving"": {""score"": 4, ""rationale"": ""The candidate maintains consistent focus on the hypothesis, ties key pieces of the case back to the main issue, and drives toward solutions effectively.""}, ""overall_communication"": {""score"": 4, ""rationale"": ""The candidate communicates clearly and confidently but could improve executive presence or audience awareness slightly.""}}","{""clarity_and_concision"": {""score"": 4, ""rationale"": ""The candidate communicates clearly and concisely, providing a structured analysis of each business unit's performance. The responses are direct and to the point, though there is room for even sharper prioritization.""}, ""responsiveness_and_adaptation"": {""score"": 3, ""rationale"": ""The candidate responds well to questions by focusing on relevant issues like B2C retail's negative EBITDA margin. However, adaptation could be improved with more hypothesis-driven questioning initially.""}, ""groundedness"": {""score"": 4, ""rationale"": ""The analysis is grounded in the data provided about each business unit's performance and financial metrics. The candidate uses this information to form a logical basis for recommendations.""}, ""confidence_calibration"": {""score"": 3, ""rationale"": ""The candidate demonstrates confidence in their analysis, particularly when discussing the B2C retail unit. However, there is room for more assertive communication and deeper exploration of strategic goals.""}, ""multi_turn_coherence"": {""score"": 4, ""rationale"": ""The candidate maintains coherence across multiple turns by consistently linking back to the main issue of declining EBITDA despite revenue growth. The focus remains on identifying and addressing key problems in each business unit.""}}",4,"The candidate provides a solid recap of the case by identifying key business units and their performance metrics. They ask relevant questions to understand cost structures and strategic goals, though they could have been more hypothesis-driven.",3,"The candidate creates a clear structure by analyzing each business unit's contribution to profitability. However, the ideas remain somewhat generic and not fully prioritized or MECE.",not_tested,There is no quantitative setup or calculation process involved in this case analysis.,4,"The candidate uses categories to discuss each business unit and provides rationale for their focus, though the ideas could be more deeply developed or fully MECE.",4,"The candidate gives a clear recommendation supported by case data, addresses the business problem, highlights risks, and provides action-oriented next steps.",4,The candidate generally leads the case with logical progression but could improve prioritization or transitions between ideas.,4,"The candidate maintains consistent focus on the hypothesis, ties key pieces of the case back to the main issue, and drives toward solutions effectively.",4,The candidate communicates clearly and confidently but could improve executive presence or audience awareness slightly.,4,"The candidate communicates clearly and concisely, providing a structured analysis of each business unit's performance. The responses are direct and to the point, though there is room for even sharper prioritization.",3,"The candidate responds well to questions by focusing on relevant issues like B2C retail's negative EBITDA margin. However, adaptation could be improved with more hypothesis-driven questioning initially.",4,The analysis is grounded in the data provided about each business unit's performance and financial metrics. The candidate uses this information to form a logical basis for recommendations.,3,"The candidate demonstrates confidence in their analysis, particularly when discussing the B2C retail unit. However, there is room for more assertive communication and deeper exploration of strategic goals.",4,The candidate maintains coherence across multiple turns by consistently linking back to the main issue of declining EBITDA despite revenue growth. The focus remains on identifying and addressing key problems in each business unit.
baseline,baseline_scenario_01_02_002_r03_20260710T131937Z_exp1,/Users/palomaperezdemadrid/Desktop/Dissertation/agentic-case-interview-coach/src/scenarios/synthetic-based/scenario_01_02.json,3,5,ok,,3,0,True,"### Final Feedback Report

#### Strengths
1. **Structured Analysis**: The candidate effectively structured their analysis by examining each business unit's contribution to profitability, which is evident from the clear identification of issues within B2C retail and battery storage.
   
2. **Data-Driven Recommendations**: The recommendations are well-grounded in the data provided, particularly highlighting the strong performance of wind generation and the challenges faced by other units.

3. **Clear Communication**: The candidate communicated their analysis clearly and concisely, maintaining focus on the main issue of declining EBITDA despite revenue growth.

4. **Logical Progression**: The overall structure of the case was logical, with a consistent focus on identifying key problems and proposing actionable solutions.

#### Weaknesses
1. **Hypothesis-Driven Approach**: While the candidate asked relevant questions, they could have been more hypothesis-driven from the outset to guide their analysis more effectively.

2. **Prioritization and MECE**: The ideas presented were somewhat generic and not fully prioritized or mutually exclusive and collectively exhaustive (MECE), which could enhance clarity and decision-making.

3. **Adaptation and Responsiveness**: Although responsive, the candidate's adaptation to new information could be improved by incorporating more hypothesis-driven questioning initially.

4. **Confidence Calibration**: While confident in their analysis, there is room for more assertive communication, particularly when discussing strategic goals and potential solutions.

#### Improvement Priority
The candidate should focus on enhancing their hypothesis-driven approach from the beginning of the case. This would involve formulating initial hypotheses about what might be driving the decline in EBITDA and using these to guide their analysis and questioning. By doing so, they can improve prioritization, ensure ideas are MECE, and adapt more effectively to new information.

Overall, the candidate demonstrated strong analytical skills and clear communication but could benefit from a more structured hypothesis-driven approach to further refine their problem-solving process.","[""Interviewer: Your client is Solventus Energy, a Spanish renewable energy company. Over the past two years, EBITDA has fallen 34% even though total revenue has grown 18%. The company operates three business units: onshore wind generation, residential electricity retail, and large-scale battery storage construction. The CEO has asked you to identify what is driving the profit decline and recommend a path forward."", ""Candidate: To understand why EBITDA has fallen despite revenue growth, we should look at each business unit's performance and contribution to overall profitability. It seems that while total revenue grew by 18%, this growth came from the newer units rather than wind generation. Wind generation appears healthy with a strong 41% EBITDA margin. However, B2C retail has a negative EBITDA margin of -8%, high customer churn at 28%, and significant acquisition costs, indicating it might be losing value. Battery storage hasn't generated revenue yet, is over budget by three times the original CAPEX, and is delayed by 22 months. These factors suggest that while wind generation remains profitable, B2C retail and battery storage are likely dragging down overall profitability. To proceed, I'd like to know more about the specific cost structures and any strategic goals for each business unit."", ""Interviewer: Which business unit would you prioritize first for further analysis and why?"", ""Candidate: I would prioritize further analysis on the residential electricity retail unit first because it has a negative EBITDA margin of -8%, high customer churn at 28%, and significant acquisition costs, indicating that it is currently destroying value. Understanding its cost structure and strategic goals will be crucial to determine whether we can fix this business or if an exit strategy might be necessary."", ""Interviewer: What is your final recommendation to management?"", ""Candidate: My final recommendation to management would be threefold: First, protect and continue investing in the wind generation unit as it remains a healthy profit engine with a strong EBITDA margin of 41%. Second, for the residential electricity retail unit, we need to either quickly address its pricing strategy and customer churn or consider exiting this business due to its negative impact on profitability. Lastly, conduct an independent review of the battery storage project to assess whether restructuring, partnering, or writing it down is necessary given its current financial distress."", ""Eval Case Performance: structured case-performance assessment completed."", ""Eval Dialog Quality: structured interaction-quality assessment completed."", ""Give Feedback: ### Final Feedback Report\n\n#### Strengths\n1. **Structured Analysis**: The candidate effectively structured their analysis by examining each business unit's contribution to profitability, which is evident from the clear identification of issues within B2C retail and battery storage.\n   \n2. **Data-Driven Recommendations**: The recommendations are well-grounded in the data provided, particularly highlighting the strong performance of wind generation and the challenges faced by other units.\n\n3. **Clear Communication**: The candidate communicated their analysis clearly and concisely, maintaining focus on the main issue of declining EBITDA despite revenue growth.\n\n4. **Logical Progression**: The overall structure of the case was logical, with a consistent focus on identifying key problems and proposing actionable solutions.\n\n#### Weaknesses\n1. **Hypothesis-Driven Approach**: While the candidate asked relevant questions, they could have been more hypothesis-driven from the outset to guide their analysis more effectively.\n\n2. **Prioritization and MECE**: The ideas presented were somewhat generic and not fully prioritized or mutually exclusive and collectively exhaustive (MECE), which could enhance clarity and decision-making.\n\n3. **Adaptation and Responsiveness**: Although responsive, the candidate's adaptation to new information could be improved by incorporating more hypothesis-driven questioning initially.\n\n4. **Confidence Calibration**: While confident in their analysis, there is room for more assertive communication, particularly when discussing strategic goals and potential solutions.\n\n#### Improvement Priority\nThe candidate should focus on enhancing their hypothesis-driven approach from the beginning of the case. This would involve formulating initial hypotheses about what might be driving the decline in EBITDA and using these to guide their analysis and questioning. By doing so, they can improve prioritization, ensure ideas are MECE, and adapt more effectively to new information.\n\nOverall, the candidate demonstrated strong analytical skills and clear communication but could benefit from a more structured hypothesis-driven approach to further refine their problem-solving process.""]",[],"{""case_opening"": {""score"": 4, ""rationale"": ""The candidate provides a solid recap of the case by identifying key business units and their performance metrics. They ask relevant questions to understand cost structures and strategic goals, though they could have been more hypothesis-driven.""}, ""case_structure"": {""score"": 3, ""rationale"": ""The candidate creates a clear structure by analyzing each business unit's contribution to profitability. However, the ideas remain somewhat generic and not fully prioritized or MECE.""}, ""case_math_answer"": {""score"": ""not_tested"", ""rationale"": ""There is no quantitative setup or calculation process involved in this case analysis.""}, ""case_creative_answer"": {""score"": 4, ""rationale"": ""The candidate uses categories to discuss each business unit and provides rationale for their focus, though the ideas could be more deeply developed or fully MECE.""}, ""final_recommendation"": {""score"": 4, ""rationale"": ""The candidate gives a clear recommendation supported by case data, addresses the business problem, highlights risks, and provides action-oriented next steps.""}, ""overall_structure"": {""score"": 4, ""rationale"": ""The candidate generally leads the case with logical progression but could improve prioritization or transitions between ideas.""}, ""overall_problem_solving"": {""score"": 4, ""rationale"": ""The candidate maintains consistent focus on the hypothesis, ties key pieces of the case back to the main issue, and drives toward solutions effectively.""}, ""overall_communication"": {""score"": 4, ""rationale"": ""The candidate communicates clearly and confidently but could improve executive presence or audience awareness slightly.""}}","{""clarity_and_concision"": {""score"": 4, ""rationale"": ""The candidate communicates clearly and concisely, providing a structured analysis of each business unit's performance. The responses are direct and to the point, though there is room for even sharper prioritization.""}, ""responsiveness_and_adaptation"": {""score"": 3, ""rationale"": ""The candidate responds well to questions by focusing on relevant issues like B2C retail's negative EBITDA margin. However, adaptation could be improved with more hypothesis-driven questioning initially.""}, ""groundedness"": {""score"": 4, ""rationale"": ""The analysis is grounded in the data provided about each business unit's performance and financial metrics. The candidate uses this information to form a logical basis for recommendations.""}, ""confidence_calibration"": {""score"": 3, ""rationale"": ""The candidate demonstrates confidence in their analysis, particularly when discussing the B2C retail unit. However, there is room for more assertive communication and deeper exploration of strategic goals.""}, ""multi_turn_coherence"": {""score"": 4, ""rationale"": ""The candidate maintains coherence across multiple turns by consistently linking back to the main issue of declining EBITDA despite revenue growth. The focus remains on identifying and addressing key problems in each business unit.""}}",4,"The candidate provides a solid recap of the case by identifying key business units and their performance metrics. They ask relevant questions to understand cost structures and strategic goals, though they could have been more hypothesis-driven.",3,"The candidate creates a clear structure by analyzing each business unit's contribution to profitability. However, the ideas remain somewhat generic and not fully prioritized or MECE.",not_tested,There is no quantitative setup or calculation process involved in this case analysis.,4,"The candidate uses categories to discuss each business unit and provides rationale for their focus, though the ideas could be more deeply developed or fully MECE.",4,"The candidate gives a clear recommendation supported by case data, addresses the business problem, highlights risks, and provides action-oriented next steps.",4,The candidate generally leads the case with logical progression but could improve prioritization or transitions between ideas.,4,"The candidate maintains consistent focus on the hypothesis, ties key pieces of the case back to the main issue, and drives toward solutions effectively.",4,The candidate communicates clearly and confidently but could improve executive presence or audience awareness slightly.,4,"The candidate communicates clearly and concisely, providing a structured analysis of each business unit's performance. The responses are direct and to the point, though there is room for even sharper prioritization.",3,"The candidate responds well to questions by focusing on relevant issues like B2C retail's negative EBITDA margin. However, adaptation could be improved with more hypothesis-driven questioning initially.",4,The analysis is grounded in the data provided about each business unit's performance and financial metrics. The candidate uses this information to form a logical basis for recommendations.,3,"The candidate demonstrates confidence in their analysis, particularly when discussing the B2C retail unit. However, there is room for more assertive communication and deeper exploration of strategic goals.",4,The candidate maintains coherence across multiple turns by consistently linking back to the main issue of declining EBITDA despite revenue growth. The focus remains on identifying and addressing key problems in each business unit.
baseline,baseline_scenario_01_02_002_r04_20260710T131937Z_exp1,/Users/palomaperezdemadrid/Desktop/Dissertation/agentic-case-interview-coach/src/scenarios/synthetic-based/scenario_01_02.json,4,5,ok,,3,0,True,"### Final Feedback Report

#### Strengths
1. **Structured Analysis**: The candidate effectively structured their analysis by examining each business unit's contribution to profitability, which is evident from the clear identification of issues within B2C retail and battery storage.
   
2. **Data-Driven Recommendations**: The recommendations are well-grounded in the data provided, particularly highlighting the strong performance of wind generation and the challenges faced by other units.

3. **Clear Communication**: The candidate communicated their analysis clearly and concisely, maintaining focus on the main issue of declining EBITDA despite revenue growth.

4. **Logical Progression**: The overall structure of the case was logical, with a consistent focus on identifying key problems and proposing actionable solutions.

#### Weaknesses
1. **Hypothesis-Driven Approach**: While the candidate asked relevant questions, they could have been more hypothesis-driven from the outset to guide their analysis more effectively.

2. **Prioritization and MECE**: The ideas presented were somewhat generic and not fully prioritized or mutually exclusive and collectively exhaustive (MECE), which could enhance clarity and decision-making.

3. **Adaptation and Responsiveness**: Although responsive, the candidate's adaptation to new information could be improved by incorporating more hypothesis-driven questioning initially.

4. **Confidence Calibration**: While confident in their analysis, there is room for more assertive communication, particularly when discussing strategic goals and potential solutions.

#### Improvement Priority
The candidate should focus on enhancing their hypothesis-driven approach from the beginning of the case. This would involve formulating initial hypotheses about what might be driving the decline in EBITDA and using these to guide their analysis and questioning. By doing so, they can improve prioritization, ensure ideas are MECE, and adapt more effectively to new information.

Overall, the candidate demonstrated strong analytical skills and clear communication but could benefit from a more structured hypothesis-driven approach to further refine their problem-solving process.","[""Interviewer: Your client is Solventus Energy, a Spanish renewable energy company. Over the past two years, EBITDA has fallen 34% even though total revenue has grown 18%. The company operates three business units: onshore wind generation, residential electricity retail, and large-scale battery storage construction. The CEO has asked you to identify what is driving the profit decline and recommend a path forward."", ""Candidate: To understand why EBITDA has fallen despite revenue growth, we should look at each business unit's performance and contribution to overall profitability. It seems that while total revenue grew by 18%, this growth came from the newer units rather than wind generation. Wind generation appears healthy with a strong 41% EBITDA margin. However, B2C retail has a negative EBITDA margin of -8%, high customer churn at 28%, and significant acquisition costs, indicating it might be losing value. Battery storage hasn't generated revenue yet, is over budget by three times the original CAPEX, and is delayed by 22 months. These factors suggest that while wind generation remains profitable, B2C retail and battery storage are likely dragging down overall profitability. To proceed, I'd like to know more about the specific cost structures and any strategic goals for each business unit."", ""Interviewer: Which business unit would you prioritize first for further analysis and why?"", ""Candidate: I would prioritize further analysis on the residential electricity retail unit first because it has a negative EBITDA margin of -8%, high customer churn at 28%, and significant acquisition costs, indicating that it is currently destroying value. Understanding its cost structure and strategic goals will be crucial to determine whether we can fix this business or if an exit strategy might be necessary."", ""Interviewer: What is your final recommendation to management?"", ""Candidate: My final recommendation to management would be threefold: First, protect and continue investing in the wind generation unit as it remains a healthy profit engine with a strong EBITDA margin of 41%. Second, for the residential electricity retail unit, we need to either quickly address its pricing strategy and customer churn or consider exiting this business due to its negative impact on profitability. Lastly, conduct an independent review of the battery storage project to assess whether restructuring, partnering, or writing it down is necessary given its current financial distress."", ""Eval Case Performance: structured case-performance assessment completed."", ""Eval Dialog Quality: structured interaction-quality assessment completed."", ""Give Feedback: ### Final Feedback Report\n\n#### Strengths\n1. **Structured Analysis**: The candidate effectively structured their analysis by examining each business unit's contribution to profitability, which is evident from the clear identification of issues within B2C retail and battery storage.\n   \n2. **Data-Driven Recommendations**: The recommendations are well-grounded in the data provided, particularly highlighting the strong performance of wind generation and the challenges faced by other units.\n\n3. **Clear Communication**: The candidate communicated their analysis clearly and concisely, maintaining focus on the main issue of declining EBITDA despite revenue growth.\n\n4. **Logical Progression**: The overall structure of the case was logical, with a consistent focus on identifying key problems and proposing actionable solutions.\n\n#### Weaknesses\n1. **Hypothesis-Driven Approach**: While the candidate asked relevant questions, they could have been more hypothesis-driven from the outset to guide their analysis more effectively.\n\n2. **Prioritization and MECE**: The ideas presented were somewhat generic and not fully prioritized or mutually exclusive and collectively exhaustive (MECE), which could enhance clarity and decision-making.\n\n3. **Adaptation and Responsiveness**: Although responsive, the candidate's adaptation to new information could be improved by incorporating more hypothesis-driven questioning initially.\n\n4. **Confidence Calibration**: While confident in their analysis, there is room for more assertive communication, particularly when discussing strategic goals and potential solutions.\n\n#### Improvement Priority\nThe candidate should focus on enhancing their hypothesis-driven approach from the beginning of the case. This would involve formulating initial hypotheses about what might be driving the decline in EBITDA and using these to guide their analysis and questioning. By doing so, they can improve prioritization, ensure ideas are MECE, and adapt more effectively to new information.\n\nOverall, the candidate demonstrated strong analytical skills and clear communication but could benefit from a more structured hypothesis-driven approach to further refine their problem-solving process.""]",[],"{""case_opening"": {""score"": 4, ""rationale"": ""The candidate provides a solid recap of the case by identifying key business units and their performance metrics. They ask relevant questions to understand cost structures and strategic goals, though they could have been more hypothesis-driven.""}, ""case_structure"": {""score"": 3, ""rationale"": ""The candidate creates a clear structure by analyzing each business unit's contribution to profitability. However, the ideas remain somewhat generic and not fully prioritized or MECE.""}, ""case_math_answer"": {""score"": ""not_tested"", ""rationale"": ""There is no quantitative setup or calculation process involved in this case analysis.""}, ""case_creative_answer"": {""score"": 4, ""rationale"": ""The candidate uses categories to discuss each business unit and provides rationale for their focus, though the ideas could be more deeply developed or fully MECE.""}, ""final_recommendation"": {""score"": 4, ""rationale"": ""The candidate gives a clear recommendation supported by case data, addresses the business problem, highlights risks, and provides action-oriented next steps.""}, ""overall_structure"": {""score"": 4, ""rationale"": ""The candidate generally leads the case with logical progression but could improve prioritization or transitions between ideas.""}, ""overall_problem_solving"": {""score"": 4, ""rationale"": ""The candidate maintains consistent focus on the hypothesis, ties key pieces of the case back to the main issue, and drives toward solutions effectively.""}, ""overall_communication"": {""score"": 4, ""rationale"": ""The candidate communicates clearly and confidently but could improve executive presence or audience awareness slightly.""}}","{""clarity_and_concision"": {""score"": 4, ""rationale"": ""The candidate communicates clearly and concisely, providing a structured analysis of each business unit's performance. The responses are direct and to the point, though there is room for even sharper prioritization.""}, ""responsiveness_and_adaptation"": {""score"": 3, ""rationale"": ""The candidate responds well to questions by focusing on relevant issues like B2C retail's negative EBITDA margin. However, adaptation could be improved with more hypothesis-driven questioning initially.""}, ""groundedness"": {""score"": 4, ""rationale"": ""The analysis is grounded in the data provided about each business unit's performance and financial metrics. The candidate uses this information to form a logical basis for recommendations.""}, ""confidence_calibration"": {""score"": 3, ""rationale"": ""The candidate demonstrates confidence in their analysis, particularly when discussing the B2C retail unit. However, there is room for more assertive communication and deeper exploration of strategic goals.""}, ""multi_turn_coherence"": {""score"": 4, ""rationale"": ""The candidate maintains coherence across multiple turns by consistently linking back to the main issue of declining EBITDA despite revenue growth. The focus remains on identifying and addressing key problems in each business unit.""}}",4,"The candidate provides a solid recap of the case by identifying key business units and their performance metrics. They ask relevant questions to understand cost structures and strategic goals, though they could have been more hypothesis-driven.",3,"The candidate creates a clear structure by analyzing each business unit's contribution to profitability. However, the ideas remain somewhat generic and not fully prioritized or MECE.",not_tested,There is no quantitative setup or calculation process involved in this case analysis.,4,"The candidate uses categories to discuss each business unit and provides rationale for their focus, though the ideas could be more deeply developed or fully MECE.",4,"The candidate gives a clear recommendation supported by case data, addresses the business problem, highlights risks, and provides action-oriented next steps.",4,The candidate generally leads the case with logical progression but could improve prioritization or transitions between ideas.,4,"The candidate maintains consistent focus on the hypothesis, ties key pieces of the case back to the main issue, and drives toward solutions effectively.",4,The candidate communicates clearly and confidently but could improve executive presence or audience awareness slightly.,4,"The candidate communicates clearly and concisely, providing a structured analysis of each business unit's performance. The responses are direct and to the point, though there is room for even sharper prioritization.",3,"The candidate responds well to questions by focusing on relevant issues like B2C retail's negative EBITDA margin. However, adaptation could be improved with more hypothesis-driven questioning initially.",4,The analysis is grounded in the data provided about each business unit's performance and financial metrics. The candidate uses this information to form a logical basis for recommendations.,3,"The candidate demonstrates confidence in their analysis, particularly when discussing the B2C retail unit. However, there is room for more assertive communication and deeper exploration of strategic goals.",4,The candidate maintains coherence across multiple turns by consistently linking back to the main issue of declining EBITDA despite revenue growth. The focus remains on identifying and addressing key problems in each business unit.
baseline,baseline_scenario_01_02_002_r05_20260710T131937Z_exp1,/Users/palomaperezdemadrid/Desktop/Dissertation/agentic-case-interview-coach/src/scenarios/synthetic-based/scenario_01_02.json,5,5,ok,,3,0,True,"### Final Feedback Report

#### Strengths
1. **Structured Analysis**: The candidate effectively structured their analysis by examining each business unit's contribution to profitability, which is evident from the clear identification of issues within B2C retail and battery storage.
   
2. **Data-Driven Recommendations**: The recommendations are well-grounded in the data provided, particularly highlighting the strong performance of wind generation and the challenges faced by other units.

3. **Clear Communication**: The candidate communicated their analysis clearly and concisely, maintaining focus on the main issue of declining EBITDA despite revenue growth.

4. **Logical Progression**: The overall structure of the case was logical, with a consistent focus on identifying key problems and proposing actionable solutions.

#### Weaknesses
1. **Hypothesis-Driven Approach**: While the candidate asked relevant questions, they could have been more hypothesis-driven from the outset to guide their analysis more effectively.

2. **Prioritization and MECE**: The ideas presented were somewhat generic and not fully prioritized or mutually exclusive and collectively exhaustive (MECE), which could enhance clarity and decision-making.

3. **Adaptation and Responsiveness**: Although responsive, the candidate's adaptation to new information could be improved by incorporating more hypothesis-driven questioning initially.

4. **Confidence Calibration**: While confident in their analysis, there is room for more assertive communication, particularly when discussing strategic goals and potential solutions.

#### Improvement Priority
The candidate should focus on enhancing their hypothesis-driven approach from the beginning of the case. This would involve formulating initial hypotheses about what might be driving the decline in EBITDA and using these to guide their analysis and questioning. By doing so, they can improve prioritization, ensure ideas are MECE, and adapt more effectively to new information.

Overall, the candidate demonstrated strong analytical skills and clear communication but could benefit from a more structured hypothesis-driven approach to further refine their problem-solving process.","[""Interviewer: Your client is Solventus Energy, a Spanish renewable energy company. Over the past two years, EBITDA has fallen 34% even though total revenue has grown 18%. The company operates three business units: onshore wind generation, residential electricity retail, and large-scale battery storage construction. The CEO has asked you to identify what is driving the profit decline and recommend a path forward."", ""Candidate: To understand why EBITDA has fallen despite revenue growth, we should look at each business unit's performance and contribution to overall profitability. It seems that while total revenue grew by 18%, this growth came from the newer units rather than wind generation. Wind generation appears healthy with a strong 41% EBITDA margin. However, B2C retail has a negative EBITDA margin of -8%, high customer churn at 28%, and significant acquisition costs, indicating it might be losing value. Battery storage hasn't generated revenue yet, is over budget by three times the original CAPEX, and is delayed by 22 months. These factors suggest that while wind generation remains profitable, B2C retail and battery storage are likely dragging down overall profitability. To proceed, I'd like to know more about the specific cost structures and any strategic goals for each business unit."", ""Interviewer: Which business unit would you prioritize first for further analysis and why?"", ""Candidate: I would prioritize further analysis on the residential electricity retail unit first because it has a negative EBITDA margin of -8%, high customer churn at 28%, and significant acquisition costs, indicating that it is currently destroying value. Understanding its cost structure and strategic goals will be crucial to determine whether we can fix this business or if an exit strategy might be necessary."", ""Interviewer: What is your final recommendation to management?"", ""Candidate: My final recommendation to management would be threefold: First, protect and continue investing in the wind generation unit as it remains a healthy profit engine with a strong EBITDA margin of 41%. Second, for the residential electricity retail unit, we need to either quickly address its pricing strategy and customer churn or consider exiting this business due to its negative impact on profitability. Lastly, conduct an independent review of the battery storage project to assess whether restructuring, partnering, or writing it down is necessary given its current financial distress."", ""Eval Case Performance: structured case-performance assessment completed."", ""Eval Dialog Quality: structured interaction-quality assessment completed."", ""Give Feedback: ### Final Feedback Report\n\n#### Strengths\n1. **Structured Analysis**: The candidate effectively structured their analysis by examining each business unit's contribution to profitability, which is evident from the clear identification of issues within B2C retail and battery storage.\n   \n2. **Data-Driven Recommendations**: The recommendations are well-grounded in the data provided, particularly highlighting the strong performance of wind generation and the challenges faced by other units.\n\n3. **Clear Communication**: The candidate communicated their analysis clearly and concisely, maintaining focus on the main issue of declining EBITDA despite revenue growth.\n\n4. **Logical Progression**: The overall structure of the case was logical, with a consistent focus on identifying key problems and proposing actionable solutions.\n\n#### Weaknesses\n1. **Hypothesis-Driven Approach**: While the candidate asked relevant questions, they could have been more hypothesis-driven from the outset to guide their analysis more effectively.\n\n2. **Prioritization and MECE**: The ideas presented were somewhat generic and not fully prioritized or mutually exclusive and collectively exhaustive (MECE), which could enhance clarity and decision-making.\n\n3. **Adaptation and Responsiveness**: Although responsive, the candidate's adaptation to new information could be improved by incorporating more hypothesis-driven questioning initially.\n\n4. **Confidence Calibration**: While confident in their analysis, there is room for more assertive communication, particularly when discussing strategic goals and potential solutions.\n\n#### Improvement Priority\nThe candidate should focus on enhancing their hypothesis-driven approach from the beginning of the case. This would involve formulating initial hypotheses about what might be driving the decline in EBITDA and using these to guide their analysis and questioning. By doing so, they can improve prioritization, ensure ideas are MECE, and adapt more effectively to new information.\n\nOverall, the candidate demonstrated strong analytical skills and clear communication but could benefit from a more structured hypothesis-driven approach to further refine their problem-solving process.""]",[],"{""case_opening"": {""score"": 4, ""rationale"": ""The candidate provides a solid recap of the case by identifying key business units and their performance metrics. They ask relevant questions to understand cost structures and strategic goals, though they could have been more hypothesis-driven.""}, ""case_structure"": {""score"": 3, ""rationale"": ""The candidate creates a clear structure by analyzing each business unit's contribution to profitability. However, the ideas remain somewhat generic and not fully prioritized or MECE.""}, ""case_math_answer"": {""score"": ""not_tested"", ""rationale"": ""There is no quantitative setup or calculation process involved in this case analysis.""}, ""case_creative_answer"": {""score"": 4, ""rationale"": ""The candidate uses categories to discuss each business unit and provides rationale for their focus, though the ideas could be more deeply developed or fully MECE.""}, ""final_recommendation"": {""score"": 4, ""rationale"": ""The candidate gives a clear recommendation supported by case data, addresses the business problem, highlights risks, and provides action-oriented next steps.""}, ""overall_structure"": {""score"": 4, ""rationale"": ""The candidate generally leads the case with logical progression but could improve prioritization or transitions between ideas.""}, ""overall_problem_solving"": {""score"": 4, ""rationale"": ""The candidate maintains consistent focus on the hypothesis, ties key pieces of the case back to the main issue, and drives toward solutions effectively.""}, ""overall_communication"": {""score"": 4, ""rationale"": ""The candidate communicates clearly and confidently but could improve executive presence or audience awareness slightly.""}}","{""clarity_and_concision"": {""score"": 4, ""rationale"": ""The candidate communicates clearly and concisely, providing a structured analysis of each business unit's performance. The responses are direct and to the point, though there is room for even sharper prioritization.""}, ""responsiveness_and_adaptation"": {""score"": 3, ""rationale"": ""The candidate responds well to questions by focusing on relevant issues like B2C retail's negative EBITDA margin. However, adaptation could be improved with more hypothesis-driven questioning initially.""}, ""groundedness"": {""score"": 4, ""rationale"": ""The analysis is grounded in the data provided about each business unit's performance and financial metrics. The candidate uses this information to form a logical basis for recommendations.""}, ""confidence_calibration"": {""score"": 3, ""rationale"": ""The candidate demonstrates confidence in their analysis, particularly when discussing the B2C retail unit. However, there is room for more assertive communication and deeper exploration of strategic goals.""}, ""multi_turn_coherence"": {""score"": 4, ""rationale"": ""The candidate maintains coherence across multiple turns by consistently linking back to the main issue of declining EBITDA despite revenue growth. The focus remains on identifying and addressing key problems in each business unit.""}}",4,"The candidate provides a solid recap of the case by identifying key business units and their performance metrics. They ask relevant questions to understand cost structures and strategic goals, though they could have been more hypothesis-driven.",3,"The candidate creates a clear structure by analyzing each business unit's contribution to profitability. However, the ideas remain somewhat generic and not fully prioritized or MECE.",not_tested,There is no quantitative setup or calculation process involved in this case analysis.,4,"The candidate uses categories to discuss each business unit and provides rationale for their focus, though the ideas could be more deeply developed or fully MECE.",4,"The candidate gives a clear recommendation supported by case data, addresses the business problem, highlights risks, and provides action-oriented next steps.",4,The candidate generally leads the case with logical progression but could improve prioritization or transitions between ideas.,4,"The candidate maintains consistent focus on the hypothesis, ties key pieces of the case back to the main issue, and drives toward solutions effectively.",4,The candidate communicates clearly and confidently but could improve executive presence or audience awareness slightly.,4,"The candidate communicates clearly and concisely, providing a structured analysis of each business unit's performance. The responses are direct and to the point, though there is room for even sharper prioritization.",3,"The candidate responds well to questions by focusing on relevant issues like B2C retail's negative EBITDA margin. However, adaptation could be improved with more hypothesis-driven questioning initially.",4,The analysis is grounded in the data provided about each business unit's performance and financial metrics. The candidate uses this information to form a logical basis for recommendations.,3,"The candidate demonstrates confidence in their analysis, particularly when discussing the B2C retail unit. However, there is room for more assertive communication and deeper exploration of strategic goals.",4,The candidate maintains coherence across multiple turns by consistently linking back to the main issue of declining EBITDA despite revenue growth. The focus remains on identifying and addressing key problems in each business unit.
baseline,baseline_scenario_01_03_003_r01_20260710T131937Z_exp1,/Users/palomaperezdemadrid/Desktop/Dissertation/agentic-case-interview-coach/src/scenarios/synthetic-based/scenario_01_03.json,1,5,ok,,4,0,True,"### Final Feedback Report

**Candidate Performance Overview:**

The candidate demonstrated strong analytical skills and clear communication throughout the case interview with Solventus Energy. The structured approach in analyzing each business unit separately was effective, highlighting key issues such as negative EBITDA margins in residential electricity retail and execution challenges in battery storage construction.

**Strengths:**

1. **Structured Analysis:** The candidate effectively broke down the problem by examining each business unit individually, identifying specific areas of concern (e.g., high customer churn and CAPEX overruns).
   
2. **Clear Recommendations:** The final recommendation was well-supported by data from the case, addressing both immediate issues in residential retail and longer-term challenges in battery storage.

3. **Communication Skills:** Responses were clear and concise, maintaining coherence across multiple turns of dialogue with the interviewer.

**Weaknesses:**

1. **Depth of Insights:** While the candidate provided a solid analysis, there was room for deeper insights into how specific financial metrics or strategic goals could influence recommendations.
   
2. **Prioritization:** The prioritization framework lacked measurable detail and stronger emphasis on actionable steps beyond identifying issues.

3. **Hypothesis-Driven Questions:** Initial questions to understand cost structures and strategic goals were relevant but could have been more hypothesis-driven to guide the analysis further.

**Improvement Priority:**

The candidate should focus on enhancing the depth of their insights by connecting analyses more closely with specific financial metrics or strategic objectives. This would involve formulating more hypothesis-driven questions early in the case to better direct subsequent analysis and recommendations.

Overall, the candidate showed strong potential for consulting roles, demonstrating a solid foundation in problem-solving and communication skills. With further refinement in analytical depth and prioritization, they can enhance their effectiveness in delivering actionable insights.","[""Interviewer: Your client is Solventus Energy, a Spanish renewable energy company. Over the past two years, EBITDA has fallen 34% even though total revenue has grown 18%. The company operates three business units: onshore wind generation, residential electricity retail, and large-scale battery storage construction. The CEO has asked you to identify what is driving the profit decline and recommend a path forward."", ""Candidate: To address Solventus Energy's declining EBITDA despite revenue growth, we should analyze each business unit separately to identify specific issues. We know that wind generation has a healthy 41% EBITDA margin and is operationally sound, suggesting it isn't the source of the problem. The residential electricity retail unit shows negative profitability with an -8% EBITDA margin, high customer churn at 28%, and significant acquisition costs, indicating structural challenges. Battery storage construction hasn't generated revenue yet, has tripled its original CAPEX, and is delayed by 22 months, pointing to execution issues. To proceed effectively, I need more details on the cost structures of each unit, any strategic goals or constraints from management, and insights into how these units are currently integrated in financial reporting."", ""Interviewer: Could you walk me through your approach?"", ""Candidate: My approach involves analyzing each business unit separately to understand their individual contributions to Solventus Energy's overall financial performance. We know that wind generation is performing well with a strong EBITDA margin of 41% and operational health, indicating it isn't the source of the profit decline. The residential electricity retail unit has structural issues, evidenced by its negative -8% EBITDA margin, high customer churn at 28%, and significant acquisition costs. Battery storage construction is facing execution challenges with no revenue yet, tripled CAPEX, and a 22-month delay. To refine this analysis further, I would need more details on the cost structures of each unit, any strategic goals or constraints from management, and insights into how these units are currently integrated in financial reporting."", ""Interviewer: Which business unit would you prioritize first for further analysis and why?"", ""Candidate: I would prioritize further analysis on the residential electricity retail unit first because it has a negative EBITDA margin of -8%, high customer churn at 28%, and significant acquisition costs, indicating structural issues that are likely contributing significantly to the overall decline in profitability. Understanding these challenges could provide immediate insights into improving margins."", ""Interviewer: What is your final recommendation to management?"", ""Candidate: Given the analysis of each business unit, my recommendation to management would be to consider a strategic review of the residential electricity retail unit due to its negative EBITDA margin and high customer churn. It might be beneficial to explore options for improving operational efficiency or reevaluating market positioning. For battery storage construction, an independent project review could help address execution challenges and cost overruns. While wind generation remains strong, ensuring it is not cross-subsidizing other units would be prudent. Overall, a more segmented approach in financial reporting might provide clearer insights into each unit's performance."", ""Eval Case Performance: structured case-performance assessment completed."", ""Eval Dialog Quality: structured interaction-quality assessment completed."", ""Give Feedback: ### Final Feedback Report\n\n**Candidate Performance Overview:**\n\nThe candidate demonstrated strong analytical skills and clear communication throughout the case interview with Solventus Energy. The structured approach in analyzing each business unit separately was effective, highlighting key issues such as negative EBITDA margins in residential electricity retail and execution challenges in battery storage construction.\n\n**Strengths:**\n\n1. **Structured Analysis:** The candidate effectively broke down the problem by examining each business unit individually, identifying specific areas of concern (e.g., high customer churn and CAPEX overruns).\n   \n2. **Clear Recommendations:** The final recommendation was well-supported by data from the case, addressing both immediate issues in residential retail and longer-term challenges in battery storage.\n\n3. **Communication Skills:** Responses were clear and concise, maintaining coherence across multiple turns of dialogue with the interviewer.\n\n**Weaknesses:**\n\n1. **Depth of Insights:** While the candidate provided a solid analysis, there was room for deeper insights into how specific financial metrics or strategic goals could influence recommendations.\n   \n2. **Prioritization:** The prioritization framework lacked measurable detail and stronger emphasis on actionable steps beyond identifying issues.\n\n3. **Hypothesis-Driven Questions:** Initial questions to understand cost structures and strategic goals were relevant but could have been more hypothesis-driven to guide the analysis further.\n\n**Improvement Priority:**\n\nThe candidate should focus on enhancing the depth of their insights by connecting analyses more closely with specific financial metrics or strategic objectives. This would involve formulating more hypothesis-driven questions early in the case to better direct subsequent analysis and recommendations.\n\nOverall, the candidate showed strong potential for consulting roles, demonstrating a solid foundation in problem-solving and communication skills. With further refinement in analytical depth and prioritization, they can enhance their effectiveness in delivering actionable insights.""]",[],"{""case_opening"": {""score"": 4, ""rationale"": ""The candidate provides a solid recap of the case and asks relevant questions to understand cost structures, strategic goals, and financial integration. However, the questions could be more hypothesis-driven.""}, ""case_structure"": {""score"": 3, ""rationale"": ""The candidate creates a clear structure by analyzing each business unit separately but lacks measurable detail and stronger prioritization in their framework.""}, ""case_math_answer"": {""score"": ""not_tested"", ""rationale"": ""There is no quantitative setup or calculation process involved in this case, so scoring for math answer is not applicable.""}, ""case_creative_answer"": {""score"": 4, ""rationale"": ""The candidate uses categories to organize ideas and shows rationale but could push deeper into insights when challenged.""}, ""final_recommendation"": {""score"": 4, ""rationale"": ""The recommendation is clear, concise, supported by case data, addresses the business problem, highlights risks, and provides action-oriented next steps.""}, ""overall_structure"": {""score"": 4, ""rationale"": ""The candidate generally leads the case with a logical structure but could improve prioritization or transitions for sharper flow.""}, ""overall_problem_solving"": {""score"": 4, ""rationale"": ""The candidate maintains focus on the hypothesis, drives toward solutions, handles data well, and ties conclusions back to the main issue effectively.""}, ""overall_communication"": {""score"": 4, ""rationale"": ""The candidate communicates clearly and confidently but could improve executive presence or audience awareness slightly under challenge.""}}","{""clarity_and_concision"": {""score"": 4, ""rationale"": ""The candidate communicates clearly and concisely, providing a structured analysis of each business unit's performance. The responses are direct and to the point, though there is room for even sharper focus in some areas.""}, ""responsiveness_and_adaptation"": {""score"": 4, ""rationale"": ""The candidate adapts well to the interviewer's questions, providing relevant information about each business unit. They respond appropriately when asked to prioritize and recommend actions, showing good responsiveness.""}, ""groundedness"": {""score"": 3, ""rationale"": ""The analysis is grounded in the provided data, such as EBITDA margins and customer churn rates. However, some insights could be more deeply connected to specific financial metrics or strategic goals.""}, ""confidence_calibration"": {""score"": 4, ""rationale"": ""The candidate demonstrates confidence in their analysis and recommendations. They acknowledge the need for additional information but proceed with a clear plan based on available data.""}, ""multi_turn_coherence"": {""score"": 4, ""rationale"": ""The candidate maintains coherence across multiple turns, consistently linking back to the initial problem statement and building upon previous responses to provide a comprehensive analysis.""}}",4,"The candidate provides a solid recap of the case and asks relevant questions to understand cost structures, strategic goals, and financial integration. However, the questions could be more hypothesis-driven.",3,The candidate creates a clear structure by analyzing each business unit separately but lacks measurable detail and stronger prioritization in their framework.,not_tested,"There is no quantitative setup or calculation process involved in this case, so scoring for math answer is not applicable.",4,The candidate uses categories to organize ideas and shows rationale but could push deeper into insights when challenged.,4,"The recommendation is clear, concise, supported by case data, addresses the business problem, highlights risks, and provides action-oriented next steps.",4,The candidate generally leads the case with a logical structure but could improve prioritization or transitions for sharper flow.,4,"The candidate maintains focus on the hypothesis, drives toward solutions, handles data well, and ties conclusions back to the main issue effectively.",4,The candidate communicates clearly and confidently but could improve executive presence or audience awareness slightly under challenge.,4,"The candidate communicates clearly and concisely, providing a structured analysis of each business unit's performance. The responses are direct and to the point, though there is room for even sharper focus in some areas.",4,"The candidate adapts well to the interviewer's questions, providing relevant information about each business unit. They respond appropriately when asked to prioritize and recommend actions, showing good responsiveness.",3,"The analysis is grounded in the provided data, such as EBITDA margins and customer churn rates. However, some insights could be more deeply connected to specific financial metrics or strategic goals.",4,The candidate demonstrates confidence in their analysis and recommendations. They acknowledge the need for additional information but proceed with a clear plan based on available data.,4,"The candidate maintains coherence across multiple turns, consistently linking back to the initial problem statement and building upon previous responses to provide a comprehensive analysis."
baseline,baseline_scenario_01_03_003_r02_20260710T131937Z_exp1,/Users/palomaperezdemadrid/Desktop/Dissertation/agentic-case-interview-coach/src/scenarios/synthetic-based/scenario_01_03.json,2,5,ok,,4,0,True,"### Final Feedback Report

**Candidate Performance Overview:**

The candidate demonstrated strong analytical skills and clear communication throughout the case interview with Solventus Energy. The structured approach in analyzing each business unit separately was effective, highlighting key issues such as negative EBITDA margins in residential electricity retail and execution challenges in battery storage construction.

**Strengths:**

1. **Structured Analysis:** The candidate effectively broke down the problem by examining each business unit individually, identifying specific areas of concern (e.g., high customer churn and CAPEX overruns).
   
2. **Clear Recommendations:** The final recommendation was well-supported by data from the case, addressing both immediate issues in residential retail and longer-term challenges in battery storage.

3. **Communication Skills:** Responses were clear and concise, maintaining coherence across multiple turns of dialogue with the interviewer.

**Weaknesses:**

1. **Depth of Insights:** While the candidate provided a solid analysis, there was room for deeper insights into how specific financial metrics or strategic goals could influence recommendations.
   
2. **Prioritization:** The prioritization framework lacked measurable detail and stronger emphasis on actionable steps beyond identifying issues.

3. **Hypothesis-Driven Questions:** Initial questions to understand cost structures and strategic goals were relevant but could have been more hypothesis-driven to guide the analysis further.

**Improvement Priority:**

The candidate should focus on enhancing the depth of their insights by connecting analyses more closely with specific financial metrics or strategic objectives. This would involve formulating more hypothesis-driven questions early in the case to better direct subsequent analysis and recommendations.

Overall, the candidate showed strong potential for consulting roles, demonstrating a solid foundation in problem-solving and communication skills. With further refinement in analytical depth and prioritization, they can enhance their effectiveness in delivering actionable insights.","[""Interviewer: Your client is Solventus Energy, a Spanish renewable energy company. Over the past two years, EBITDA has fallen 34% even though total revenue has grown 18%. The company operates three business units: onshore wind generation, residential electricity retail, and large-scale battery storage construction. The CEO has asked you to identify what is driving the profit decline and recommend a path forward."", ""Candidate: To address Solventus Energy's declining EBITDA despite revenue growth, we should analyze each business unit separately to identify specific issues. We know that wind generation has a healthy 41% EBITDA margin and is operationally sound, suggesting it isn't the source of the problem. The residential electricity retail unit shows negative profitability with an -8% EBITDA margin, high customer churn at 28%, and significant acquisition costs, indicating structural challenges. Battery storage construction hasn't generated revenue yet, has tripled its original CAPEX, and is delayed by 22 months, pointing to execution issues. To proceed effectively, I need more details on the cost structures of each unit, any strategic goals or constraints from management, and insights into how these units are currently integrated in financial reporting."", ""Interviewer: Could you walk me through your approach?"", ""Candidate: My approach involves analyzing each business unit separately to understand their individual contributions to Solventus Energy's overall financial performance. We know that wind generation is performing well with a strong EBITDA margin of 41% and operational health, indicating it isn't the source of the profit decline. The residential electricity retail unit has structural issues, evidenced by its negative -8% EBITDA margin, high customer churn at 28%, and significant acquisition costs. Battery storage construction is facing execution challenges with no revenue yet, tripled CAPEX, and a 22-month delay. To refine this analysis further, I would need more details on the cost structures of each unit, any strategic goals or constraints from management, and insights into how these units are currently integrated in financial reporting."", ""Interviewer: Which business unit would you prioritize first for further analysis and why?"", ""Candidate: I would prioritize further analysis on the residential electricity retail unit first because it has a negative EBITDA margin of -8%, high customer churn at 28%, and significant acquisition costs, indicating structural issues that are likely contributing significantly to the overall decline in profitability. Understanding these challenges could provide immediate insights into improving margins."", ""Interviewer: What is your final recommendation to management?"", ""Candidate: Given the analysis of each business unit, my recommendation to management would be to consider a strategic review of the residential electricity retail unit due to its negative EBITDA margin and high customer churn. It might be beneficial to explore options for improving operational efficiency or reevaluating market positioning. For battery storage construction, an independent project review could help address execution challenges and cost overruns. While wind generation remains strong, ensuring it is not cross-subsidizing other units would be prudent. Overall, a more segmented approach in financial reporting might provide clearer insights into each unit's performance."", ""Eval Case Performance: structured case-performance assessment completed."", ""Eval Dialog Quality: structured interaction-quality assessment completed."", ""Give Feedback: ### Final Feedback Report\n\n**Candidate Performance Overview:**\n\nThe candidate demonstrated strong analytical skills and clear communication throughout the case interview with Solventus Energy. The structured approach in analyzing each business unit separately was effective, highlighting key issues such as negative EBITDA margins in residential electricity retail and execution challenges in battery storage construction.\n\n**Strengths:**\n\n1. **Structured Analysis:** The candidate effectively broke down the problem by examining each business unit individually, identifying specific areas of concern (e.g., high customer churn and CAPEX overruns).\n   \n2. **Clear Recommendations:** The final recommendation was well-supported by data from the case, addressing both immediate issues in residential retail and longer-term challenges in battery storage.\n\n3. **Communication Skills:** Responses were clear and concise, maintaining coherence across multiple turns of dialogue with the interviewer.\n\n**Weaknesses:**\n\n1. **Depth of Insights:** While the candidate provided a solid analysis, there was room for deeper insights into how specific financial metrics or strategic goals could influence recommendations.\n   \n2. **Prioritization:** The prioritization framework lacked measurable detail and stronger emphasis on actionable steps beyond identifying issues.\n\n3. **Hypothesis-Driven Questions:** Initial questions to understand cost structures and strategic goals were relevant but could have been more hypothesis-driven to guide the analysis further.\n\n**Improvement Priority:**\n\nThe candidate should focus on enhancing the depth of their insights by connecting analyses more closely with specific financial metrics or strategic objectives. This would involve formulating more hypothesis-driven questions early in the case to better direct subsequent analysis and recommendations.\n\nOverall, the candidate showed strong potential for consulting roles, demonstrating a solid foundation in problem-solving and communication skills. With further refinement in analytical depth and prioritization, they can enhance their effectiveness in delivering actionable insights.""]",[],"{""case_opening"": {""score"": 4, ""rationale"": ""The candidate provides a solid recap of the case and asks relevant questions to understand cost structures, strategic goals, and financial integration. However, the questions could be more hypothesis-driven.""}, ""case_structure"": {""score"": 3, ""rationale"": ""The candidate creates a clear structure by analyzing each business unit separately but lacks measurable detail and stronger prioritization in their framework.""}, ""case_math_answer"": {""score"": ""not_tested"", ""rationale"": ""There is no quantitative setup or calculation process involved in this case, so scoring for math answer is not applicable.""}, ""case_creative_answer"": {""score"": 4, ""rationale"": ""The candidate uses categories to organize ideas and shows rationale but could push deeper into insights when challenged.""}, ""final_recommendation"": {""score"": 4, ""rationale"": ""The recommendation is clear, concise, supported by case data, addresses the business problem, highlights risks, and provides action-oriented next steps.""}, ""overall_structure"": {""score"": 4, ""rationale"": ""The candidate generally leads the case with a logical structure but could improve prioritization or transitions for sharper flow.""}, ""overall_problem_solving"": {""score"": 4, ""rationale"": ""The candidate maintains focus on the hypothesis, drives toward solutions, handles data well, and ties conclusions back to the main issue effectively.""}, ""overall_communication"": {""score"": 4, ""rationale"": ""The candidate communicates clearly and confidently but could improve executive presence or audience awareness slightly under challenge.""}}","{""clarity_and_concision"": {""score"": 4, ""rationale"": ""The candidate communicates clearly and concisely, providing a structured analysis of each business unit's performance. The responses are direct and to the point, though there is room for even sharper focus in some areas.""}, ""responsiveness_and_adaptation"": {""score"": 4, ""rationale"": ""The candidate adapts well to the interviewer's questions, providing relevant information about each business unit. They respond appropriately when asked to prioritize and recommend actions, showing good responsiveness.""}, ""groundedness"": {""score"": 3, ""rationale"": ""The analysis is grounded in the provided data, such as EBITDA margins and customer churn rates. However, some insights could be more deeply connected to specific financial metrics or strategic goals.""}, ""confidence_calibration"": {""score"": 4, ""rationale"": ""The candidate demonstrates confidence in their analysis and recommendations. They acknowledge the need for additional information but proceed with a clear plan based on available data.""}, ""multi_turn_coherence"": {""score"": 4, ""rationale"": ""The candidate maintains coherence across multiple turns, consistently linking back to the initial problem statement and building upon previous responses to provide a comprehensive analysis.""}}",4,"The candidate provides a solid recap of the case and asks relevant questions to understand cost structures, strategic goals, and financial integration. However, the questions could be more hypothesis-driven.",3,The candidate creates a clear structure by analyzing each business unit separately but lacks measurable detail and stronger prioritization in their framework.,not_tested,"There is no quantitative setup or calculation process involved in this case, so scoring for math answer is not applicable.",4,The candidate uses categories to organize ideas and shows rationale but could push deeper into insights when challenged.,4,"The recommendation is clear, concise, supported by case data, addresses the business problem, highlights risks, and provides action-oriented next steps.",4,The candidate generally leads the case with a logical structure but could improve prioritization or transitions for sharper flow.,4,"The candidate maintains focus on the hypothesis, drives toward solutions, handles data well, and ties conclusions back to the main issue effectively.",4,The candidate communicates clearly and confidently but could improve executive presence or audience awareness slightly under challenge.,4,"The candidate communicates clearly and concisely, providing a structured analysis of each business unit's performance. The responses are direct and to the point, though there is room for even sharper focus in some areas.",4,"The candidate adapts well to the interviewer's questions, providing relevant information about each business unit. They respond appropriately when asked to prioritize and recommend actions, showing good responsiveness.",3,"The analysis is grounded in the provided data, such as EBITDA margins and customer churn rates. However, some insights could be more deeply connected to specific financial metrics or strategic goals.",4,The candidate demonstrates confidence in their analysis and recommendations. They acknowledge the need for additional information but proceed with a clear plan based on available data.,4,"The candidate maintains coherence across multiple turns, consistently linking back to the initial problem statement and building upon previous responses to provide a comprehensive analysis."
baseline,baseline_scenario_01_03_003_r03_20260710T131937Z_exp1,/Users/palomaperezdemadrid/Desktop/Dissertation/agentic-case-interview-coach/src/scenarios/synthetic-based/scenario_01_03.json,3,5,ok,,4,0,True,"### Final Feedback Report

**Candidate Performance Overview:**

The candidate demonstrated strong analytical skills and clear communication throughout the case interview with Solventus Energy. The structured approach in analyzing each business unit separately was effective, highlighting key issues such as negative EBITDA margins in residential electricity retail and execution challenges in battery storage construction.

**Strengths:**

1. **Structured Analysis:** The candidate effectively broke down the problem by examining each business unit individually, identifying specific areas of concern (e.g., high customer churn and CAPEX overruns).
   
2. **Clear Recommendations:** The final recommendation was well-supported by data from the case, addressing both immediate issues in residential retail and longer-term challenges in battery storage.

3. **Communication Skills:** Responses were clear and concise, maintaining coherence across multiple turns of dialogue with the interviewer.

**Weaknesses:**

1. **Depth of Insights:** While the candidate provided a solid analysis, there was room for deeper insights into how specific financial metrics or strategic goals could influence recommendations.
   
2. **Prioritization:** The prioritization framework lacked measurable detail and stronger emphasis on actionable steps beyond identifying issues.

3. **Hypothesis-Driven Questions:** Initial questions to understand cost structures and strategic goals were relevant but could have been more hypothesis-driven to guide the analysis further.

**Improvement Priority:**

The candidate should focus on enhancing the depth of their insights by connecting analyses more closely with specific financial metrics or strategic objectives. This would involve formulating more hypothesis-driven questions early in the case to better direct subsequent analysis and recommendations.

Overall, the candidate showed strong potential for consulting roles, demonstrating a solid foundation in problem-solving and communication skills. With further refinement in analytical depth and prioritization, they can enhance their effectiveness in delivering actionable insights.","[""Interviewer: Your client is Solventus Energy, a Spanish renewable energy company. Over the past two years, EBITDA has fallen 34% even though total revenue has grown 18%. The company operates three business units: onshore wind generation, residential electricity retail, and large-scale battery storage construction. The CEO has asked you to identify what is driving the profit decline and recommend a path forward."", ""Candidate: To address Solventus Energy's declining EBITDA despite revenue growth, we should analyze each business unit separately to identify specific issues. We know that wind generation has a healthy 41% EBITDA margin and is operationally sound, suggesting it isn't the source of the problem. The residential electricity retail unit shows negative profitability with an -8% EBITDA margin, high customer churn at 28%, and significant acquisition costs, indicating structural challenges. Battery storage construction hasn't generated revenue yet, has tripled its original CAPEX, and is delayed by 22 months, pointing to execution issues. To proceed effectively, I need more details on the cost structures of each unit, any strategic goals or constraints from management, and insights into how these units are currently integrated in financial reporting."", ""Interviewer: Could you walk me through your approach?"", ""Candidate: My approach involves analyzing each business unit separately to understand their individual contributions to Solventus Energy's overall financial performance. We know that wind generation is performing well with a strong EBITDA margin of 41% and operational health, indicating it isn't the source of the profit decline. The residential electricity retail unit has structural issues, evidenced by its negative -8% EBITDA margin, high customer churn at 28%, and significant acquisition costs. Battery storage construction is facing execution challenges with no revenue yet, tripled CAPEX, and a 22-month delay. To refine this analysis further, I would need more details on the cost structures of each unit, any strategic goals or constraints from management, and insights into how these units are currently integrated in financial reporting."", ""Interviewer: Which business unit would you prioritize first for further analysis and why?"", ""Candidate: I would prioritize further analysis on the residential electricity retail unit first because it has a negative EBITDA margin of -8%, high customer churn at 28%, and significant acquisition costs, indicating structural issues that are likely contributing significantly to the overall decline in profitability. Understanding these challenges could provide immediate insights into improving margins."", ""Interviewer: What is your final recommendation to management?"", ""Candidate: Given the analysis of each business unit, my recommendation to management would be to consider a strategic review of the residential electricity retail unit due to its negative EBITDA margin and high customer churn. It might be beneficial to explore options for improving operational efficiency or reevaluating market positioning. For battery storage construction, an independent project review could help address execution challenges and cost overruns. While wind generation remains strong, ensuring it is not cross-subsidizing other units would be prudent. Overall, a more segmented approach in financial reporting might provide clearer insights into each unit's performance."", ""Eval Case Performance: structured case-performance assessment completed."", ""Eval Dialog Quality: structured interaction-quality assessment completed."", ""Give Feedback: ### Final Feedback Report\n\n**Candidate Performance Overview:**\n\nThe candidate demonstrated strong analytical skills and clear communication throughout the case interview with Solventus Energy. The structured approach in analyzing each business unit separately was effective, highlighting key issues such as negative EBITDA margins in residential electricity retail and execution challenges in battery storage construction.\n\n**Strengths:**\n\n1. **Structured Analysis:** The candidate effectively broke down the problem by examining each business unit individually, identifying specific areas of concern (e.g., high customer churn and CAPEX overruns).\n   \n2. **Clear Recommendations:** The final recommendation was well-supported by data from the case, addressing both immediate issues in residential retail and longer-term challenges in battery storage.\n\n3. **Communication Skills:** Responses were clear and concise, maintaining coherence across multiple turns of dialogue with the interviewer.\n\n**Weaknesses:**\n\n1. **Depth of Insights:** While the candidate provided a solid analysis, there was room for deeper insights into how specific financial metrics or strategic goals could influence recommendations.\n   \n2. **Prioritization:** The prioritization framework lacked measurable detail and stronger emphasis on actionable steps beyond identifying issues.\n\n3. **Hypothesis-Driven Questions:** Initial questions to understand cost structures and strategic goals were relevant but could have been more hypothesis-driven to guide the analysis further.\n\n**Improvement Priority:**\n\nThe candidate should focus on enhancing the depth of their insights by connecting analyses more closely with specific financial metrics or strategic objectives. This would involve formulating more hypothesis-driven questions early in the case to better direct subsequent analysis and recommendations.\n\nOverall, the candidate showed strong potential for consulting roles, demonstrating a solid foundation in problem-solving and communication skills. With further refinement in analytical depth and prioritization, they can enhance their effectiveness in delivering actionable insights.""]",[],"{""case_opening"": {""score"": 4, ""rationale"": ""The candidate provides a solid recap of the case and asks relevant questions to understand cost structures, strategic goals, and financial integration. However, the questions could be more hypothesis-driven.""}, ""case_structure"": {""score"": 3, ""rationale"": ""The candidate creates a clear structure by analyzing each business unit separately but lacks measurable detail and stronger prioritization in their framework.""}, ""case_math_answer"": {""score"": ""not_tested"", ""rationale"": ""There is no quantitative setup or calculation process involved in this case, so scoring for math answer is not applicable.""}, ""case_creative_answer"": {""score"": 4, ""rationale"": ""The candidate uses categories to organize ideas and shows rationale but could push deeper into insights when challenged.""}, ""final_recommendation"": {""score"": 4, ""rationale"": ""The recommendation is clear, concise, supported by case data, addresses the business problem, highlights risks, and provides action-oriented next steps.""}, ""overall_structure"": {""score"": 4, ""rationale"": ""The candidate generally leads the case with a logical structure but could improve prioritization or transitions for sharper flow.""}, ""overall_problem_solving"": {""score"": 4, ""rationale"": ""The candidate maintains focus on the hypothesis, drives toward solutions, handles data well, and ties conclusions back to the main issue effectively.""}, ""overall_communication"": {""score"": 4, ""rationale"": ""The candidate communicates clearly and confidently but could improve executive presence or audience awareness slightly under challenge.""}}","{""clarity_and_concision"": {""score"": 4, ""rationale"": ""The candidate communicates clearly and concisely, providing a structured analysis of each business unit's performance. The responses are direct and to the point, though there is room for even sharper focus in some areas.""}, ""responsiveness_and_adaptation"": {""score"": 4, ""rationale"": ""The candidate adapts well to the interviewer's questions, providing relevant information about each business unit. They respond appropriately when asked to prioritize and recommend actions, showing good responsiveness.""}, ""groundedness"": {""score"": 3, ""rationale"": ""The analysis is grounded in the provided data, such as EBITDA margins and customer churn rates. However, some insights could be more deeply connected to specific financial metrics or strategic goals.""}, ""confidence_calibration"": {""score"": 4, ""rationale"": ""The candidate demonstrates confidence in their analysis and recommendations. They acknowledge the need for additional information but proceed with a clear plan based on available data.""}, ""multi_turn_coherence"": {""score"": 4, ""rationale"": ""The candidate maintains coherence across multiple turns, consistently linking back to the initial problem statement and building upon previous responses to provide a comprehensive analysis.""}}",4,"The candidate provides a solid recap of the case and asks relevant questions to understand cost structures, strategic goals, and financial integration. However, the questions could be more hypothesis-driven.",3,The candidate creates a clear structure by analyzing each business unit separately but lacks measurable detail and stronger prioritization in their framework.,not_tested,"There is no quantitative setup or calculation process involved in this case, so scoring for math answer is not applicable.",4,The candidate uses categories to organize ideas and shows rationale but could push deeper into insights when challenged.,4,"The recommendation is clear, concise, supported by case data, addresses the business problem, highlights risks, and provides action-oriented next steps.",4,The candidate generally leads the case with a logical structure but could improve prioritization or transitions for sharper flow.,4,"The candidate maintains focus on the hypothesis, drives toward solutions, handles data well, and ties conclusions back to the main issue effectively.",4,The candidate communicates clearly and confidently but could improve executive presence or audience awareness slightly under challenge.,4,"The candidate communicates clearly and concisely, providing a structured analysis of each business unit's performance. The responses are direct and to the point, though there is room for even sharper focus in some areas.",4,"The candidate adapts well to the interviewer's questions, providing relevant information about each business unit. They respond appropriately when asked to prioritize and recommend actions, showing good responsiveness.",3,"The analysis is grounded in the provided data, such as EBITDA margins and customer churn rates. However, some insights could be more deeply connected to specific financial metrics or strategic goals.",4,The candidate demonstrates confidence in their analysis and recommendations. They acknowledge the need for additional information but proceed with a clear plan based on available data.,4,"The candidate maintains coherence across multiple turns, consistently linking back to the initial problem statement and building upon previous responses to provide a comprehensive analysis."
baseline,baseline_scenario_01_03_003_r04_20260710T131937Z_exp1,/Users/palomaperezdemadrid/Desktop/Dissertation/agentic-case-interview-coach/src/scenarios/synthetic-based/scenario_01_03.json,4,5,ok,,4,0,True,"### Final Feedback Report

**Candidate Performance Overview:**

The candidate demonstrated strong analytical skills and clear communication throughout the case interview with Solventus Energy. The structured approach in analyzing each business unit separately was effective, highlighting key issues such as negative EBITDA margins in residential electricity retail and execution challenges in battery storage construction.

**Strengths:**

1. **Structured Analysis:** The candidate effectively broke down the problem by examining each business unit individually, identifying specific areas of concern (e.g., high customer churn and CAPEX overruns).
   
2. **Clear Recommendations:** The final recommendation was well-supported by data from the case, addressing both immediate issues in residential retail and longer-term challenges in battery storage.

3. **Communication Skills:** Responses were clear and concise, maintaining coherence across multiple turns of dialogue with the interviewer.

**Weaknesses:**

1. **Depth of Insights:** While the candidate provided a solid analysis, there was room for deeper insights into how specific financial metrics or strategic goals could influence recommendations.
   
2. **Prioritization:** The prioritization framework lacked measurable detail and stronger emphasis on actionable steps beyond identifying issues.

3. **Hypothesis-Driven Questions:** Initial questions to understand cost structures and strategic goals were relevant but could have been more hypothesis-driven to guide the analysis further.

**Improvement Priority:**

The candidate should focus on enhancing the depth of their insights by connecting analyses more closely with specific financial metrics or strategic objectives. This would involve formulating more hypothesis-driven questions early in the case to better direct subsequent analysis and recommendations.

Overall, the candidate showed strong potential for consulting roles, demonstrating a solid foundation in problem-solving and communication skills. With further refinement in analytical depth and prioritization, they can enhance their effectiveness in delivering actionable insights.","[""Interviewer: Your client is Solventus Energy, a Spanish renewable energy company. Over the past two years, EBITDA has fallen 34% even though total revenue has grown 18%. The company operates three business units: onshore wind generation, residential electricity retail, and large-scale battery storage construction. The CEO has asked you to identify what is driving the profit decline and recommend a path forward."", ""Candidate: To address Solventus Energy's declining EBITDA despite revenue growth, we should analyze each business unit separately to identify specific issues. We know that wind generation has a healthy 41% EBITDA margin and is operationally sound, suggesting it isn't the source of the problem. The residential electricity retail unit shows negative profitability with an -8% EBITDA margin, high customer churn at 28%, and significant acquisition costs, indicating structural challenges. Battery storage construction hasn't generated revenue yet, has tripled its original CAPEX, and is delayed by 22 months, pointing to execution issues. To proceed effectively, I need more details on the cost structures of each unit, any strategic goals or constraints from management, and insights into how these units are currently integrated in financial reporting."", ""Interviewer: Could you walk me through your approach?"", ""Candidate: My approach involves analyzing each business unit separately to understand their individual contributions to Solventus Energy's overall financial performance. We know that wind generation is performing well with a strong EBITDA margin of 41% and operational health, indicating it isn't the source of the profit decline. The residential electricity retail unit has structural issues, evidenced by its negative -8% EBITDA margin, high customer churn at 28%, and significant acquisition costs. Battery storage construction is facing execution challenges with no revenue yet, tripled CAPEX, and a 22-month delay. To refine this analysis further, I would need more details on the cost structures of each unit, any strategic goals or constraints from management, and insights into how these units are currently integrated in financial reporting."", ""Interviewer: Which business unit would you prioritize first for further analysis and why?"", ""Candidate: I would prioritize further analysis on the residential electricity retail unit first because it has a negative EBITDA margin of -8%, high customer churn at 28%, and significant acquisition costs, indicating structural issues that are likely contributing significantly to the overall decline in profitability. Understanding these challenges could provide immediate insights into improving margins."", ""Interviewer: What is your final recommendation to management?"", ""Candidate: Given the analysis of each business unit, my recommendation to management would be to consider a strategic review of the residential electricity retail unit due to its negative EBITDA margin and high customer churn. It might be beneficial to explore options for improving operational efficiency or reevaluating market positioning. For battery storage construction, an independent project review could help address execution challenges and cost overruns. While wind generation remains strong, ensuring it is not cross-subsidizing other units would be prudent. Overall, a more segmented approach in financial reporting might provide clearer insights into each unit's performance."", ""Eval Case Performance: structured case-performance assessment completed."", ""Eval Dialog Quality: structured interaction-quality assessment completed."", ""Give Feedback: ### Final Feedback Report\n\n**Candidate Performance Overview:**\n\nThe candidate demonstrated strong analytical skills and clear communication throughout the case interview with Solventus Energy. The structured approach in analyzing each business unit separately was effective, highlighting key issues such as negative EBITDA margins in residential electricity retail and execution challenges in battery storage construction.\n\n**Strengths:**\n\n1. **Structured Analysis:** The candidate effectively broke down the problem by examining each business unit individually, identifying specific areas of concern (e.g., high customer churn and CAPEX overruns).\n   \n2. **Clear Recommendations:** The final recommendation was well-supported by data from the case, addressing both immediate issues in residential retail and longer-term challenges in battery storage.\n\n3. **Communication Skills:** Responses were clear and concise, maintaining coherence across multiple turns of dialogue with the interviewer.\n\n**Weaknesses:**\n\n1. **Depth of Insights:** While the candidate provided a solid analysis, there was room for deeper insights into how specific financial metrics or strategic goals could influence recommendations.\n   \n2. **Prioritization:** The prioritization framework lacked measurable detail and stronger emphasis on actionable steps beyond identifying issues.\n\n3. **Hypothesis-Driven Questions:** Initial questions to understand cost structures and strategic goals were relevant but could have been more hypothesis-driven to guide the analysis further.\n\n**Improvement Priority:**\n\nThe candidate should focus on enhancing the depth of their insights by connecting analyses more closely with specific financial metrics or strategic objectives. This would involve formulating more hypothesis-driven questions early in the case to better direct subsequent analysis and recommendations.\n\nOverall, the candidate showed strong potential for consulting roles, demonstrating a solid foundation in problem-solving and communication skills. With further refinement in analytical depth and prioritization, they can enhance their effectiveness in delivering actionable insights.""]",[],"{""case_opening"": {""score"": 4, ""rationale"": ""The candidate provides a solid recap of the case and asks relevant questions to understand cost structures, strategic goals, and financial integration. However, the questions could be more hypothesis-driven.""}, ""case_structure"": {""score"": 3, ""rationale"": ""The candidate creates a clear structure by analyzing each business unit separately but lacks measurable detail and stronger prioritization in their framework.""}, ""case_math_answer"": {""score"": ""not_tested"", ""rationale"": ""There is no quantitative setup or calculation process involved in this case, so scoring for math answer is not applicable.""}, ""case_creative_answer"": {""score"": 4, ""rationale"": ""The candidate uses categories to organize ideas and shows rationale but could push deeper into insights when challenged.""}, ""final_recommendation"": {""score"": 4, ""rationale"": ""The recommendation is clear, concise, supported by case data, addresses the business problem, highlights risks, and provides action-oriented next steps.""}, ""overall_structure"": {""score"": 4, ""rationale"": ""The candidate generally leads the case with a logical structure but could improve prioritization or transitions for sharper flow.""}, ""overall_problem_solving"": {""score"": 4, ""rationale"": ""The candidate maintains focus on the hypothesis, drives toward solutions, handles data well, and ties conclusions back to the main issue effectively.""}, ""overall_communication"": {""score"": 4, ""rationale"": ""The candidate communicates clearly and confidently but could improve executive presence or audience awareness slightly under challenge.""}}","{""clarity_and_concision"": {""score"": 4, ""rationale"": ""The candidate communicates clearly and concisely, providing a structured analysis of each business unit's performance. The responses are direct and to the point, though there is room for even sharper focus in some areas.""}, ""responsiveness_and_adaptation"": {""score"": 4, ""rationale"": ""The candidate adapts well to the interviewer's questions, providing relevant information about each business unit. They respond appropriately when asked to prioritize and recommend actions, showing good responsiveness.""}, ""groundedness"": {""score"": 3, ""rationale"": ""The analysis is grounded in the provided data, such as EBITDA margins and customer churn rates. However, some insights could be more deeply connected to specific financial metrics or strategic goals.""}, ""confidence_calibration"": {""score"": 4, ""rationale"": ""The candidate demonstrates confidence in their analysis and recommendations. They acknowledge the need for additional information but proceed with a clear plan based on available data.""}, ""multi_turn_coherence"": {""score"": 4, ""rationale"": ""The candidate maintains coherence across multiple turns, consistently linking back to the initial problem statement and building upon previous responses to provide a comprehensive analysis.""}}",4,"The candidate provides a solid recap of the case and asks relevant questions to understand cost structures, strategic goals, and financial integration. However, the questions could be more hypothesis-driven.",3,The candidate creates a clear structure by analyzing each business unit separately but lacks measurable detail and stronger prioritization in their framework.,not_tested,"There is no quantitative setup or calculation process involved in this case, so scoring for math answer is not applicable.",4,The candidate uses categories to organize ideas and shows rationale but could push deeper into insights when challenged.,4,"The recommendation is clear, concise, supported by case data, addresses the business problem, highlights risks, and provides action-oriented next steps.",4,The candidate generally leads the case with a logical structure but could improve prioritization or transitions for sharper flow.,4,"The candidate maintains focus on the hypothesis, drives toward solutions, handles data well, and ties conclusions back to the main issue effectively.",4,The candidate communicates clearly and confidently but could improve executive presence or audience awareness slightly under challenge.,4,"The candidate communicates clearly and concisely, providing a structured analysis of each business unit's performance. The responses are direct and to the point, though there is room for even sharper focus in some areas.",4,"The candidate adapts well to the interviewer's questions, providing relevant information about each business unit. They respond appropriately when asked to prioritize and recommend actions, showing good responsiveness.",3,"The analysis is grounded in the provided data, such as EBITDA margins and customer churn rates. However, some insights could be more deeply connected to specific financial metrics or strategic goals.",4,The candidate demonstrates confidence in their analysis and recommendations. They acknowledge the need for additional information but proceed with a clear plan based on available data.,4,"The candidate maintains coherence across multiple turns, consistently linking back to the initial problem statement and building upon previous responses to provide a comprehensive analysis."
baseline,baseline_scenario_01_03_003_r05_20260710T131937Z_exp1,/Users/palomaperezdemadrid/Desktop/Dissertation/agentic-case-interview-coach/src/scenarios/synthetic-based/scenario_01_03.json,5,5,ok,,4,0,True,"### Final Feedback Report

**Candidate Performance Overview:**

The candidate demonstrated strong analytical skills and clear communication throughout the case interview with Solventus Energy. The structured approach in analyzing each business unit separately was effective, highlighting key issues such as negative EBITDA margins in residential electricity retail and execution challenges in battery storage construction.

**Strengths:**

1. **Structured Analysis:** The candidate effectively broke down the problem by examining each business unit individually, identifying specific areas of concern (e.g., high customer churn and CAPEX overruns).
   
2. **Clear Recommendations:** The final recommendation was well-supported by data from the case, addressing both immediate issues in residential retail and longer-term challenges in battery storage.

3. **Communication Skills:** Responses were clear and concise, maintaining coherence across multiple turns of dialogue with the interviewer.

**Weaknesses:**

1. **Depth of Insights:** While the candidate provided a solid analysis, there was room for deeper insights into how specific financial metrics or strategic goals could influence recommendations.
   
2. **Prioritization:** The prioritization framework lacked measurable detail and stronger emphasis on actionable steps beyond identifying issues.

3. **Hypothesis-Driven Questions:** Initial questions to understand cost structures and strategic goals were relevant but could have been more hypothesis-driven to guide the analysis further.

**Improvement Priority:**

The candidate should focus on enhancing the depth of their insights by connecting analyses more closely with specific financial metrics or strategic objectives. This would involve formulating more hypothesis-driven questions early in the case to better direct subsequent analysis and recommendations.

Overall, the candidate showed strong potential for consulting roles, demonstrating a solid foundation in problem-solving and communication skills. With further refinement in analytical depth and prioritization, they can enhance their effectiveness in delivering actionable insights.","[""Interviewer: Your client is Solventus Energy, a Spanish renewable energy company. Over the past two years, EBITDA has fallen 34% even though total revenue has grown 18%. The company operates three business units: onshore wind generation, residential electricity retail, and large-scale battery storage construction. The CEO has asked you to identify what is driving the profit decline and recommend a path forward."", ""Candidate: To address Solventus Energy's declining EBITDA despite revenue growth, we should analyze each business unit separately to identify specific issues. We know that wind generation has a healthy 41% EBITDA margin and is operationally sound, suggesting it isn't the source of the problem. The residential electricity retail unit shows negative profitability with an -8% EBITDA margin, high customer churn at 28%, and significant acquisition costs, indicating structural challenges. Battery storage construction hasn't generated revenue yet, has tripled its original CAPEX, and is delayed by 22 months, pointing to execution issues. To proceed effectively, I need more details on the cost structures of each unit, any strategic goals or constraints from management, and insights into how these units are currently integrated in financial reporting."", ""Interviewer: Could you walk me through your approach?"", ""Candidate: My approach involves analyzing each business unit separately to understand their individual contributions to Solventus Energy's overall financial performance. We know that wind generation is performing well with a strong EBITDA margin of 41% and operational health, indicating it isn't the source of the profit decline. The residential electricity retail unit has structural issues, evidenced by its negative -8% EBITDA margin, high customer churn at 28%, and significant acquisition costs. Battery storage construction is facing execution challenges with no revenue yet, tripled CAPEX, and a 22-month delay. To refine this analysis further, I would need more details on the cost structures of each unit, any strategic goals or constraints from management, and insights into how these units are currently integrated in financial reporting."", ""Interviewer: Which business unit would you prioritize first for further analysis and why?"", ""Candidate: I would prioritize further analysis on the residential electricity retail unit first because it has a negative EBITDA margin of -8%, high customer churn at 28%, and significant acquisition costs, indicating structural issues that are likely contributing significantly to the overall decline in profitability. Understanding these challenges could provide immediate insights into improving margins."", ""Interviewer: What is your final recommendation to management?"", ""Candidate: Given the analysis of each business unit, my recommendation to management would be to consider a strategic review of the residential electricity retail unit due to its negative EBITDA margin and high customer churn. It might be beneficial to explore options for improving operational efficiency or reevaluating market positioning. For battery storage construction, an independent project review could help address execution challenges and cost overruns. While wind generation remains strong, ensuring it is not cross-subsidizing other units would be prudent. Overall, a more segmented approach in financial reporting might provide clearer insights into each unit's performance."", ""Eval Case Performance: structured case-performance assessment completed."", ""Eval Dialog Quality: structured interaction-quality assessment completed."", ""Give Feedback: ### Final Feedback Report\n\n**Candidate Performance Overview:**\n\nThe candidate demonstrated strong analytical skills and clear communication throughout the case interview with Solventus Energy. The structured approach in analyzing each business unit separately was effective, highlighting key issues such as negative EBITDA margins in residential electricity retail and execution challenges in battery storage construction.\n\n**Strengths:**\n\n1. **Structured Analysis:** The candidate effectively broke down the problem by examining each business unit individually, identifying specific areas of concern (e.g., high customer churn and CAPEX overruns).\n   \n2. **Clear Recommendations:** The final recommendation was well-supported by data from the case, addressing both immediate issues in residential retail and longer-term challenges in battery storage.\n\n3. **Communication Skills:** Responses were clear and concise, maintaining coherence across multiple turns of dialogue with the interviewer.\n\n**Weaknesses:**\n\n1. **Depth of Insights:** While the candidate provided a solid analysis, there was room for deeper insights into how specific financial metrics or strategic goals could influence recommendations.\n   \n2. **Prioritization:** The prioritization framework lacked measurable detail and stronger emphasis on actionable steps beyond identifying issues.\n\n3. **Hypothesis-Driven Questions:** Initial questions to understand cost structures and strategic goals were relevant but could have been more hypothesis-driven to guide the analysis further.\n\n**Improvement Priority:**\n\nThe candidate should focus on enhancing the depth of their insights by connecting analyses more closely with specific financial metrics or strategic objectives. This would involve formulating more hypothesis-driven questions early in the case to better direct subsequent analysis and recommendations.\n\nOverall, the candidate showed strong potential for consulting roles, demonstrating a solid foundation in problem-solving and communication skills. With further refinement in analytical depth and prioritization, they can enhance their effectiveness in delivering actionable insights.""]",[],"{""case_opening"": {""score"": 4, ""rationale"": ""The candidate provides a solid recap of the case and asks relevant questions to understand cost structures, strategic goals, and financial integration. However, the questions could be more hypothesis-driven.""}, ""case_structure"": {""score"": 3, ""rationale"": ""The candidate creates a clear structure by analyzing each business unit separately but lacks measurable detail and stronger prioritization in their framework.""}, ""case_math_answer"": {""score"": ""not_tested"", ""rationale"": ""There is no quantitative setup or calculation process involved in this case, so scoring for math answer is not applicable.""}, ""case_creative_answer"": {""score"": 4, ""rationale"": ""The candidate uses categories to organize ideas and shows rationale but could push deeper into insights when challenged.""}, ""final_recommendation"": {""score"": 4, ""rationale"": ""The recommendation is clear, concise, supported by case data, addresses the business problem, highlights risks, and provides action-oriented next steps.""}, ""overall_structure"": {""score"": 4, ""rationale"": ""The candidate generally leads the case with a logical structure but could improve prioritization or transitions for sharper flow.""}, ""overall_problem_solving"": {""score"": 4, ""rationale"": ""The candidate maintains focus on the hypothesis, drives toward solutions, handles data well, and ties conclusions back to the main issue effectively.""}, ""overall_communication"": {""score"": 4, ""rationale"": ""The candidate communicates clearly and confidently but could improve executive presence or audience awareness slightly under challenge.""}}","{""clarity_and_concision"": {""score"": 4, ""rationale"": ""The candidate communicates clearly and concisely, providing a structured analysis of each business unit's performance. The responses are direct and to the point, though there is room for even sharper focus in some areas.""}, ""responsiveness_and_adaptation"": {""score"": 4, ""rationale"": ""The candidate adapts well to the interviewer's questions, providing relevant information about each business unit. They respond appropriately when asked to prioritize and recommend actions, showing good responsiveness.""}, ""groundedness"": {""score"": 3, ""rationale"": ""The analysis is grounded in the provided data, such as EBITDA margins and customer churn rates. However, some insights could be more deeply connected to specific financial metrics or strategic goals.""}, ""confidence_calibration"": {""score"": 4, ""rationale"": ""The candidate demonstrates confidence in their analysis and recommendations. They acknowledge the need for additional information but proceed with a clear plan based on available data.""}, ""multi_turn_coherence"": {""score"": 4, ""rationale"": ""The candidate maintains coherence across multiple turns, consistently linking back to the initial problem statement and building upon previous responses to provide a comprehensive analysis.""}}",4,"The candidate provides a solid recap of the case and asks relevant questions to understand cost structures, strategic goals, and financial integration. However, the questions could be more hypothesis-driven.",3,The candidate creates a clear structure by analyzing each business unit separately but lacks measurable detail and stronger prioritization in their framework.,not_tested,"There is no quantitative setup or calculation process involved in this case, so scoring for math answer is not applicable.",4,The candidate uses categories to organize ideas and shows rationale but could push deeper into insights when challenged.,4,"The recommendation is clear, concise, supported by case data, addresses the business problem, highlights risks, and provides action-oriented next steps.",4,The candidate generally leads the case with a logical structure but could improve prioritization or transitions for sharper flow.,4,"The candidate maintains focus on the hypothesis, drives toward solutions, handles data well, and ties conclusions back to the main issue effectively.",4,The candidate communicates clearly and confidently but could improve executive presence or audience awareness slightly under challenge.,4,"The candidate communicates clearly and concisely, providing a structured analysis of each business unit's performance. The responses are direct and to the point, though there is room for even sharper focus in some areas.",4,"The candidate adapts well to the interviewer's questions, providing relevant information about each business unit. They respond appropriately when asked to prioritize and recommend actions, showing good responsiveness.",3,"The analysis is grounded in the provided data, such as EBITDA margins and customer churn rates. However, some insights could be more deeply connected to specific financial metrics or strategic goals.",4,The candidate demonstrates confidence in their analysis and recommendations. They acknowledge the need for additional information but proceed with a clear plan based on available data.,4,"The candidate maintains coherence across multiple turns, consistently linking back to the initial problem statement and building upon previous responses to provide a comprehensive analysis."
baseline,baseline_scenario_01_04_004_r01_20260710T131937Z_exp1,/Users/palomaperezdemadrid/Desktop/Dissertation/agentic-case-interview-coach/src/scenarios/synthetic-based/scenario_01_04.json,1,5,ok,,4,0,True,"### Final Feedback Report

#### Strengths
1. **Structured Approach**: The candidate effectively structured the analysis by focusing on each business unit separately, which is crucial for understanding Solventus Energy's profitability issues (Case Structure: Score 4).
2. **Clear Communication**: The candidate communicated their plan clearly and confidently, demonstrating a solid grasp of the case requirements (Overall Communication: Score 4).

#### Weaknesses
1. **Lack of Hypothesis-Driven Logic**: While the candidate asked relevant questions about revenue growth by business unit and financial metrics, they did not frame these inquiries within a hypothesis-driven logic to guide their analysis (Case Opening: Score 3).
2. **Repetitive Explanation**: The candidate repeated their approach without adding new insights or adapting to the interviewer's prompts for more detailed explanations (Clarity and Concision: Score 3; Multi-Turn Coherence: Score 2).

#### Improvement Priority
- **Enhance Responsiveness and Adaptation**: The candidate should focus on improving responsiveness by varying their explanation in response to repeated questions, providing additional details or insights each time. This would demonstrate adaptability and a deeper understanding of the case dynamics (Responsiveness and Adaptation: Score 2).

Overall, while the candidate showed a good grasp of the case structure and communicated effectively, they need to refine their approach by incorporating hypothesis-driven logic and enhancing responsiveness to interviewer prompts.","[""Interviewer: Your client is Solventus Energy, a Spanish renewable energy company. Over the past two years, EBITDA has fallen 34% even though total revenue has grown 18%. The company operates three business units: onshore wind generation, residential electricity retail, and large-scale battery storage construction. The CEO has asked you to identify what is driving the profit decline and recommend a path forward."", ""Candidate: To understand why EBITDA has fallen despite revenue growth, we should analyze each business unit separately to see how they contribute to overall profitability. We know that Solventus Energy operates onshore wind generation, residential electricity retail, and large-scale battery storage construction. The CEO is concerned about the decline in EBITDA, so our objective will be to identify which units are driving this trend. I would like to gather more information about each unit's revenue contribution, cost structure, and any specific challenges they might be facing. Could you provide details on how much of the 18% revenue growth came from each business unit? Additionally, it would be helpful to know more about the operational performance and financial metrics for each unit."", ""Interviewer: Could you walk me through your approach?"", ""Candidate: Certainly! To tackle this case, we'll start by examining each business unit separately to understand their individual contributions to Solventus Energy's overall profitability. We know that EBITDA has declined by 34% while total revenue grew by 18%. This suggests a worsening cost or margin mix across the company. The three business units are onshore wind generation, residential electricity retail, and large-scale battery storage construction. Given this structure, we'll analyze each unit's performance to identify which ones might be driving the profit decline. For instance, if one unit has high revenue growth but poor margins, it could explain the overall EBITDA drop. I'd like to gather more specific data on how much of the 18% revenue growth came from each business unit and their respective financial metrics such as EBITDA margins or cost structures. This will help us pinpoint where the issues lie."", ""Interviewer: Could you walk me through your approach?"", ""Candidate: Certainly! To tackle this case, we'll start by examining each business unit separately to understand their individual contributions to Solventus Energy's overall profitability. We know that EBITDA has declined by 34% while total revenue grew by 18%. This suggests a worsening cost or margin mix across the company. The three business units are onshore wind generation, residential electricity retail, and large-scale battery storage construction. Given this structure, we'll analyze each unit's performance to identify which ones might be driving the profit decline. For instance, if one unit has high revenue growth but poor margins, it could explain the overall EBITDA drop. I'd like to gather more specific data on how much of the 18% revenue growth came from each business unit and their respective financial metrics such as EBITDA margins or cost structures. This will help us pinpoint where the issues lie."", ""Interviewer: Could you walk me through your approach?"", ""Candidate: Certainly! To tackle this case, we'll start by examining each business unit separately to understand their individual contributions to Solventus Energy's overall profitability. We know that EBITDA has declined by 34% while total revenue grew by 18%. This suggests a worsening cost or margin mix across the company. The three business units are onshore wind generation, residential electricity retail, and large-scale battery storage construction. Given this structure, we'll analyze each unit's performance to identify which ones might be driving the profit decline. For instance, if one unit has high revenue growth but poor margins, it could explain the overall EBITDA drop. I'd like to gather more specific data on how much of the 18% revenue growth came from each business unit and their respective financial metrics such as EBITDA margins or cost structures. This will help us pinpoint where the issues lie."", ""Eval Case Performance: structured case-performance assessment completed."", ""Eval Dialog Quality: structured interaction-quality assessment completed."", ""Give Feedback: ### Final Feedback Report\n\n#### Strengths\n1. **Structured Approach**: The candidate effectively structured the analysis by focusing on each business unit separately, which is crucial for understanding Solventus Energy's profitability issues (Case Structure: Score 4).\n2. **Clear Communication**: The candidate communicated their plan clearly and confidently, demonstrating a solid grasp of the case requirements (Overall Communication: Score 4).\n\n#### Weaknesses\n1. **Lack of Hypothesis-Driven Logic**: While the candidate asked relevant questions about revenue growth by business unit and financial metrics, they did not frame these inquiries within a hypothesis-driven logic to guide their analysis (Case Opening: Score 3).\n2. **Repetitive Explanation**: The candidate repeated their approach without adding new insights or adapting to the interviewer's prompts for more detailed explanations (Clarity and Concision: Score 3; Multi-Turn Coherence: Score 2).\n\n#### Improvement Priority\n- **Enhance Responsiveness and Adaptation**: The candidate should focus on improving responsiveness by varying their explanation in response to repeated questions, providing additional details or insights each time. This would demonstrate adaptability and a deeper understanding of the case dynamics (Responsiveness and Adaptation: Score 2).\n\nOverall, while the candidate showed a good grasp of the case structure and communicated effectively, they need to refine their approach by incorporating hypothesis-driven logic and enhancing responsiveness to interviewer prompts.""]",[],"{""case_opening"": {""score"": 3, ""rationale"": ""The candidate provides a workable recap of the case and asks relevant questions about revenue growth by business unit and financial metrics. However, the logic could be more hypothesis-driven.""}, ""case_structure"": {""score"": 4, ""rationale"": ""The candidate creates a clear structure by analyzing each business unit separately to understand their contributions to profitability. The approach is case-specific but lacks measurable detail or stronger prioritization.""}, ""case_math_answer"": {""score"": ""not_tested"", ""rationale"": ""There are no quantitative calculations performed in the transcript, so this field cannot be scored.""}, ""case_creative_answer"": {""score"": ""not_tested"", ""rationale"": ""The candidate does not provide a brainstorming or creative answer section as there is no request for additional ideas beyond the structured analysis.""}, ""final_recommendation"": {""score"": ""not_tested"", ""rationale"": ""The transcript does not include a final recommendation from the candidate, so this field cannot be scored.""}, ""overall_structure"": {""score"": 4, ""rationale"": ""The candidate generally leads the case with a structured approach to analyzing each business unit. However, transitions and prioritization could still be sharper.""}, ""overall_problem_solving"": {""score"": 3, ""rationale"": ""The candidate understands the problem and makes relevant connections between revenue growth and profitability issues but does not drive toward a complete solution or insight.""}, ""overall_communication"": {""score"": 4, ""rationale"": ""The candidate communicates clearly and confidently, though there is room for improvement in executive presence and audience awareness under challenge.""}}","{""clarity_and_concision"": {""score"": 3, ""rationale"": ""The candidate provides a clear and concise recap of the case, identifying key metrics like EBITDA decline and revenue growth. However, there's some repetition in explaining their approach without adding new insights.""}, ""responsiveness_and_adaptation"": {""score"": 2, ""rationale"": ""The candidate asks relevant questions about data needed for analysis but does not adapt or respond to the interviewer's repeated request to walk through their approach with any variation or additional detail.""}, ""groundedness"": {""score"": 3, ""rationale"": ""The candidate grounds their analysis in specific business units and financial metrics, showing an understanding of the case. However, they do not provide concrete data or examples from the company to support their approach fully.""}, ""confidence_calibration"": {""score"": 4, ""rationale"": ""The candidate demonstrates confidence by clearly stating their plan to analyze each business unit's contribution to profitability and identifying potential issues with margins. They maintain a steady tone throughout.""}, ""multi_turn_coherence"": {""score"": 2, ""rationale"": ""While the candidate consistently focuses on analyzing business units, they fail to build upon or refine their approach in response to repeated prompts from the interviewer, leading to some redundancy without progression.""}}",3,"The candidate provides a workable recap of the case and asks relevant questions about revenue growth by business unit and financial metrics. However, the logic could be more hypothesis-driven.",4,The candidate creates a clear structure by analyzing each business unit separately to understand their contributions to profitability. The approach is case-specific but lacks measurable detail or stronger prioritization.,not_tested,"There are no quantitative calculations performed in the transcript, so this field cannot be scored.",not_tested,The candidate does not provide a brainstorming or creative answer section as there is no request for additional ideas beyond the structured analysis.,not_tested,"The transcript does not include a final recommendation from the candidate, so this field cannot be scored.",4,"The candidate generally leads the case with a structured approach to analyzing each business unit. However, transitions and prioritization could still be sharper.",3,The candidate understands the problem and makes relevant connections between revenue growth and profitability issues but does not drive toward a complete solution or insight.,4,"The candidate communicates clearly and confidently, though there is room for improvement in executive presence and audience awareness under challenge.",3,"The candidate provides a clear and concise recap of the case, identifying key metrics like EBITDA decline and revenue growth. However, there's some repetition in explaining their approach without adding new insights.",2,The candidate asks relevant questions about data needed for analysis but does not adapt or respond to the interviewer's repeated request to walk through their approach with any variation or additional detail.,3,"The candidate grounds their analysis in specific business units and financial metrics, showing an understanding of the case. However, they do not provide concrete data or examples from the company to support their approach fully.",4,The candidate demonstrates confidence by clearly stating their plan to analyze each business unit's contribution to profitability and identifying potential issues with margins. They maintain a steady tone throughout.,2,"While the candidate consistently focuses on analyzing business units, they fail to build upon or refine their approach in response to repeated prompts from the interviewer, leading to some redundancy without progression."
baseline,baseline_scenario_01_04_004_r02_20260710T131937Z_exp1,/Users/palomaperezdemadrid/Desktop/Dissertation/agentic-case-interview-coach/src/scenarios/synthetic-based/scenario_01_04.json,2,5,ok,,4,0,True,"### Final Feedback Report

#### Strengths
1. **Structured Approach**: The candidate effectively structured the analysis by focusing on each business unit separately, which is crucial for understanding Solventus Energy's profitability issues (Case Structure: Score 4).
2. **Clear Communication**: The candidate communicated their plan clearly and confidently, demonstrating a solid grasp of the case requirements (Overall Communication: Score 4).

#### Weaknesses
1. **Lack of Hypothesis-Driven Logic**: While the candidate asked relevant questions about revenue growth by business unit and financial metrics, they did not frame these inquiries within a hypothesis-driven logic to guide their analysis (Case Opening: Score 3).
2. **Repetitive Explanation**: The candidate repeated their approach without adding new insights or adapting to the interviewer's prompts for more detailed explanations (Clarity and Concision: Score 3; Multi-Turn Coherence: Score 2).

#### Improvement Priority
- **Enhance Responsiveness and Adaptation**: The candidate should focus on improving responsiveness by varying their explanation in response to repeated questions, providing additional details or insights each time. This would demonstrate adaptability and a deeper understanding of the case dynamics (Responsiveness and Adaptation: Score 2).

Overall, while the candidate showed a good grasp of the case structure and communicated effectively, they need to refine their approach by incorporating hypothesis-driven logic and enhancing responsiveness to interviewer prompts.","[""Interviewer: Your client is Solventus Energy, a Spanish renewable energy company. Over the past two years, EBITDA has fallen 34% even though total revenue has grown 18%. The company operates three business units: onshore wind generation, residential electricity retail, and large-scale battery storage construction. The CEO has asked you to identify what is driving the profit decline and recommend a path forward."", ""Candidate: To understand why EBITDA has fallen despite revenue growth, we should analyze each business unit separately to see how they contribute to overall profitability. We know that Solventus Energy operates onshore wind generation, residential electricity retail, and large-scale battery storage construction. The CEO is concerned about the decline in EBITDA, so our objective will be to identify which units are driving this trend. I would like to gather more information about each unit's revenue contribution, cost structure, and any specific challenges they might be facing. Could you provide details on how much of the 18% revenue growth came from each business unit? Additionally, it would be helpful to know more about the operational performance and financial metrics for each unit."", ""Interviewer: Could you walk me through your approach?"", ""Candidate: Certainly! To tackle this case, we'll start by examining each business unit separately to understand their individual contributions to Solventus Energy's overall profitability. We know that EBITDA has declined by 34% while total revenue grew by 18%. This suggests a worsening cost or margin mix across the company. The three business units are onshore wind generation, residential electricity retail, and large-scale battery storage construction. Given this structure, we'll analyze each unit's performance to identify which ones might be driving the profit decline. For instance, if one unit has high revenue growth but poor margins, it could explain the overall EBITDA drop. I'd like to gather more specific data on how much of the 18% revenue growth came from each business unit and their respective financial metrics such as EBITDA margins or cost structures. This will help us pinpoint where the issues lie."", ""Interviewer: Could you walk me through your approach?"", ""Candidate: Certainly! To tackle this case, we'll start by examining each business unit separately to understand their individual contributions to Solventus Energy's overall profitability. We know that EBITDA has declined by 34% while total revenue grew by 18%. This suggests a worsening cost or margin mix across the company. The three business units are onshore wind generation, residential electricity retail, and large-scale battery storage construction. Given this structure, we'll analyze each unit's performance to identify which ones might be driving the profit decline. For instance, if one unit has high revenue growth but poor margins, it could explain the overall EBITDA drop. I'd like to gather more specific data on how much of the 18% revenue growth came from each business unit and their respective financial metrics such as EBITDA margins or cost structures. This will help us pinpoint where the issues lie."", ""Interviewer: Could you walk me through your approach?"", ""Candidate: Certainly! To tackle this case, we'll start by examining each business unit separately to understand their individual contributions to Solventus Energy's overall profitability. We know that EBITDA has declined by 34% while total revenue grew by 18%. This suggests a worsening cost or margin mix across the company. The three business units are onshore wind generation, residential electricity retail, and large-scale battery storage construction. Given this structure, we'll analyze each unit's performance to identify which ones might be driving the profit decline. For instance, if one unit has high revenue growth but poor margins, it could explain the overall EBITDA drop. I'd like to gather more specific data on how much of the 18% revenue growth came from each business unit and their respective financial metrics such as EBITDA margins or cost structures. This will help us pinpoint where the issues lie."", ""Eval Case Performance: structured case-performance assessment completed."", ""Eval Dialog Quality: structured interaction-quality assessment completed."", ""Give Feedback: ### Final Feedback Report\n\n#### Strengths\n1. **Structured Approach**: The candidate effectively structured the analysis by focusing on each business unit separately, which is crucial for understanding Solventus Energy's profitability issues (Case Structure: Score 4).\n2. **Clear Communication**: The candidate communicated their plan clearly and confidently, demonstrating a solid grasp of the case requirements (Overall Communication: Score 4).\n\n#### Weaknesses\n1. **Lack of Hypothesis-Driven Logic**: While the candidate asked relevant questions about revenue growth by business unit and financial metrics, they did not frame these inquiries within a hypothesis-driven logic to guide their analysis (Case Opening: Score 3).\n2. **Repetitive Explanation**: The candidate repeated their approach without adding new insights or adapting to the interviewer's prompts for more detailed explanations (Clarity and Concision: Score 3; Multi-Turn Coherence: Score 2).\n\n#### Improvement Priority\n- **Enhance Responsiveness and Adaptation**: The candidate should focus on improving responsiveness by varying their explanation in response to repeated questions, providing additional details or insights each time. This would demonstrate adaptability and a deeper understanding of the case dynamics (Responsiveness and Adaptation: Score 2).\n\nOverall, while the candidate showed a good grasp of the case structure and communicated effectively, they need to refine their approach by incorporating hypothesis-driven logic and enhancing responsiveness to interviewer prompts.""]",[],"{""case_opening"": {""score"": 3, ""rationale"": ""The candidate provides a workable recap of the case and asks relevant questions about revenue growth by business unit and financial metrics. However, the logic could be more hypothesis-driven.""}, ""case_structure"": {""score"": 4, ""rationale"": ""The candidate creates a clear structure by analyzing each business unit separately to understand their contributions to profitability. The approach is case-specific but lacks measurable detail or stronger prioritization.""}, ""case_math_answer"": {""score"": ""not_tested"", ""rationale"": ""There are no quantitative calculations performed in the transcript, so this field cannot be scored.""}, ""case_creative_answer"": {""score"": ""not_tested"", ""rationale"": ""The candidate does not provide a brainstorming or creative answer section as there is no request for additional ideas beyond the structured analysis.""}, ""final_recommendation"": {""score"": ""not_tested"", ""rationale"": ""The transcript does not include a final recommendation from the candidate, so this field cannot be scored.""}, ""overall_structure"": {""score"": 4, ""rationale"": ""The candidate generally leads the case with a structured approach to analyzing each business unit. However, transitions and prioritization could still be sharper.""}, ""overall_problem_solving"": {""score"": 3, ""rationale"": ""The candidate understands the problem and makes relevant connections between revenue growth and profitability issues but does not drive toward a complete solution or insight.""}, ""overall_communication"": {""score"": 4, ""rationale"": ""The candidate communicates clearly and confidently, though there is room for improvement in executive presence and audience awareness under challenge.""}}","{""clarity_and_concision"": {""score"": 3, ""rationale"": ""The candidate provides a clear and concise recap of the case, identifying key metrics like EBITDA decline and revenue growth. However, there's some repetition in explaining their approach without adding new insights.""}, ""responsiveness_and_adaptation"": {""score"": 2, ""rationale"": ""The candidate asks relevant questions about data needed for analysis but does not adapt or respond to the interviewer's repeated request to walk through their approach with any variation or additional detail.""}, ""groundedness"": {""score"": 3, ""rationale"": ""The candidate grounds their analysis in specific business units and financial metrics, showing an understanding of the case. However, they do not provide concrete data or examples from the company to support their approach fully.""}, ""confidence_calibration"": {""score"": 4, ""rationale"": ""The candidate demonstrates confidence by clearly stating their plan to analyze each business unit's contribution to profitability and identifying potential issues with margins. They maintain a steady tone throughout.""}, ""multi_turn_coherence"": {""score"": 2, ""rationale"": ""While the candidate consistently focuses on analyzing business units, they fail to build upon or refine their approach in response to repeated prompts from the interviewer, leading to some redundancy without progression.""}}",3,"The candidate provides a workable recap of the case and asks relevant questions about revenue growth by business unit and financial metrics. However, the logic could be more hypothesis-driven.",4,The candidate creates a clear structure by analyzing each business unit separately to understand their contributions to profitability. The approach is case-specific but lacks measurable detail or stronger prioritization.,not_tested,"There are no quantitative calculations performed in the transcript, so this field cannot be scored.",not_tested,The candidate does not provide a brainstorming or creative answer section as there is no request for additional ideas beyond the structured analysis.,not_tested,"The transcript does not include a final recommendation from the candidate, so this field cannot be scored.",4,"The candidate generally leads the case with a structured approach to analyzing each business unit. However, transitions and prioritization could still be sharper.",3,The candidate understands the problem and makes relevant connections between revenue growth and profitability issues but does not drive toward a complete solution or insight.,4,"The candidate communicates clearly and confidently, though there is room for improvement in executive presence and audience awareness under challenge.",3,"The candidate provides a clear and concise recap of the case, identifying key metrics like EBITDA decline and revenue growth. However, there's some repetition in explaining their approach without adding new insights.",2,The candidate asks relevant questions about data needed for analysis but does not adapt or respond to the interviewer's repeated request to walk through their approach with any variation or additional detail.,3,"The candidate grounds their analysis in specific business units and financial metrics, showing an understanding of the case. However, they do not provide concrete data or examples from the company to support their approach fully.",4,The candidate demonstrates confidence by clearly stating their plan to analyze each business unit's contribution to profitability and identifying potential issues with margins. They maintain a steady tone throughout.,2,"While the candidate consistently focuses on analyzing business units, they fail to build upon or refine their approach in response to repeated prompts from the interviewer, leading to some redundancy without progression."
baseline,baseline_scenario_01_04_004_r03_20260710T131937Z_exp1,/Users/palomaperezdemadrid/Desktop/Dissertation/agentic-case-interview-coach/src/scenarios/synthetic-based/scenario_01_04.json,3,5,ok,,4,0,True,"### Final Feedback Report

#### Strengths
1. **Structured Approach**: The candidate effectively structured the analysis by focusing on each business unit separately, which is crucial for understanding Solventus Energy's profitability issues (Case Structure: Score 4).
2. **Clear Communication**: The candidate communicated their plan clearly and confidently, demonstrating a solid grasp of the case requirements (Overall Communication: Score 4).

#### Weaknesses
1. **Lack of Hypothesis-Driven Logic**: While the candidate asked relevant questions about revenue growth by business unit and financial metrics, they did not frame these inquiries within a hypothesis-driven logic to guide their analysis (Case Opening: Score 3).
2. **Repetitive Explanation**: The candidate repeated their approach without adding new insights or adapting to the interviewer's prompts for more detailed explanations (Clarity and Concision: Score 3; Multi-Turn Coherence: Score 2).

#### Improvement Priority
- **Enhance Responsiveness and Adaptation**: The candidate should focus on improving responsiveness by varying their explanation in response to repeated questions, providing additional details or insights each time. This would demonstrate adaptability and a deeper understanding of the case dynamics (Responsiveness and Adaptation: Score 2).

Overall, while the candidate showed a good grasp of the case structure and communicated effectively, they need to refine their approach by incorporating hypothesis-driven logic and enhancing responsiveness to interviewer prompts.","[""Interviewer: Your client is Solventus Energy, a Spanish renewable energy company. Over the past two years, EBITDA has fallen 34% even though total revenue has grown 18%. The company operates three business units: onshore wind generation, residential electricity retail, and large-scale battery storage construction. The CEO has asked you to identify what is driving the profit decline and recommend a path forward."", ""Candidate: To understand why EBITDA has fallen despite revenue growth, we should analyze each business unit separately to see how they contribute to overall profitability. We know that Solventus Energy operates onshore wind generation, residential electricity retail, and large-scale battery storage construction. The CEO is concerned about the decline in EBITDA, so our objective will be to identify which units are driving this trend. I would like to gather more information about each unit's revenue contribution, cost structure, and any specific challenges they might be facing. Could you provide details on how much of the 18% revenue growth came from each business unit? Additionally, it would be helpful to know more about the operational performance and financial metrics for each unit."", ""Interviewer: Could you walk me through your approach?"", ""Candidate: Certainly! To tackle this case, we'll start by examining each business unit separately to understand their individual contributions to Solventus Energy's overall profitability. We know that EBITDA has declined by 34% while total revenue grew by 18%. This suggests a worsening cost or margin mix across the company. The three business units are onshore wind generation, residential electricity retail, and large-scale battery storage construction. Given this structure, we'll analyze each unit's performance to identify which ones might be driving the profit decline. For instance, if one unit has high revenue growth but poor margins, it could explain the overall EBITDA drop. I'd like to gather more specific data on how much of the 18% revenue growth came from each business unit and their respective financial metrics such as EBITDA margins or cost structures. This will help us pinpoint where the issues lie."", ""Interviewer: Could you walk me through your approach?"", ""Candidate: Certainly! To tackle this case, we'll start by examining each business unit separately to understand their individual contributions to Solventus Energy's overall profitability. We know that EBITDA has declined by 34% while total revenue grew by 18%. This suggests a worsening cost or margin mix across the company. The three business units are onshore wind generation, residential electricity retail, and large-scale battery storage construction. Given this structure, we'll analyze each unit's performance to identify which ones might be driving the profit decline. For instance, if one unit has high revenue growth but poor margins, it could explain the overall EBITDA drop. I'd like to gather more specific data on how much of the 18% revenue growth came from each business unit and their respective financial metrics such as EBITDA margins or cost structures. This will help us pinpoint where the issues lie."", ""Interviewer: Could you walk me through your approach?"", ""Candidate: Certainly! To tackle this case, we'll start by examining each business unit separately to understand their individual contributions to Solventus Energy's overall profitability. We know that EBITDA has declined by 34% while total revenue grew by 18%. This suggests a worsening cost or margin mix across the company. The three business units are onshore wind generation, residential electricity retail, and large-scale battery storage construction. Given this structure, we'll analyze each unit's performance to identify which ones might be driving the profit decline. For instance, if one unit has high revenue growth but poor margins, it could explain the overall EBITDA drop. I'd like to gather more specific data on how much of the 18% revenue growth came from each business unit and their respective financial metrics such as EBITDA margins or cost structures. This will help us pinpoint where the issues lie."", ""Eval Case Performance: structured case-performance assessment completed."", ""Eval Dialog Quality: structured interaction-quality assessment completed."", ""Give Feedback: ### Final Feedback Report\n\n#### Strengths\n1. **Structured Approach**: The candidate effectively structured the analysis by focusing on each business unit separately, which is crucial for understanding Solventus Energy's profitability issues (Case Structure: Score 4).\n2. **Clear Communication**: The candidate communicated their plan clearly and confidently, demonstrating a solid grasp of the case requirements (Overall Communication: Score 4).\n\n#### Weaknesses\n1. **Lack of Hypothesis-Driven Logic**: While the candidate asked relevant questions about revenue growth by business unit and financial metrics, they did not frame these inquiries within a hypothesis-driven logic to guide their analysis (Case Opening: Score 3).\n2. **Repetitive Explanation**: The candidate repeated their approach without adding new insights or adapting to the interviewer's prompts for more detailed explanations (Clarity and Concision: Score 3; Multi-Turn Coherence: Score 2).\n\n#### Improvement Priority\n- **Enhance Responsiveness and Adaptation**: The candidate should focus on improving responsiveness by varying their explanation in response to repeated questions, providing additional details or insights each time. This would demonstrate adaptability and a deeper understanding of the case dynamics (Responsiveness and Adaptation: Score 2).\n\nOverall, while the candidate showed a good grasp of the case structure and communicated effectively, they need to refine their approach by incorporating hypothesis-driven logic and enhancing responsiveness to interviewer prompts.""]",[],"{""case_opening"": {""score"": 3, ""rationale"": ""The candidate provides a workable recap of the case and asks relevant questions about revenue growth by business unit and financial metrics. However, the logic could be more hypothesis-driven.""}, ""case_structure"": {""score"": 4, ""rationale"": ""The candidate creates a clear structure by analyzing each business unit separately to understand their contributions to profitability. The approach is case-specific but lacks measurable detail or stronger prioritization.""}, ""case_math_answer"": {""score"": ""not_tested"", ""rationale"": ""There are no quantitative calculations performed in the transcript, so this field cannot be scored.""}, ""case_creative_answer"": {""score"": ""not_tested"", ""rationale"": ""The candidate does not provide a brainstorming or creative answer section as there is no request for additional ideas beyond the structured analysis.""}, ""final_recommendation"": {""score"": ""not_tested"", ""rationale"": ""The transcript does not include a final recommendation from the candidate, so this field cannot be scored.""}, ""overall_structure"": {""score"": 4, ""rationale"": ""The candidate generally leads the case with a structured approach to analyzing each business unit. However, transitions and prioritization could still be sharper.""}, ""overall_problem_solving"": {""score"": 3, ""rationale"": ""The candidate understands the problem and makes relevant connections between revenue growth and profitability issues but does not drive toward a complete solution or insight.""}, ""overall_communication"": {""score"": 4, ""rationale"": ""The candidate communicates clearly and confidently, though there is room for improvement in executive presence and audience awareness under challenge.""}}","{""clarity_and_concision"": {""score"": 3, ""rationale"": ""The candidate provides a clear and concise recap of the case, identifying key metrics like EBITDA decline and revenue growth. However, there's some repetition in explaining their approach without adding new insights.""}, ""responsiveness_and_adaptation"": {""score"": 2, ""rationale"": ""The candidate asks relevant questions about data needed for analysis but does not adapt or respond to the interviewer's repeated request to walk through their approach with any variation or additional detail.""}, ""groundedness"": {""score"": 3, ""rationale"": ""The candidate grounds their analysis in specific business units and financial metrics, showing an understanding of the case. However, they do not provide concrete data or examples from the company to support their approach fully.""}, ""confidence_calibration"": {""score"": 4, ""rationale"": ""The candidate demonstrates confidence by clearly stating their plan to analyze each business unit's contribution to profitability and identifying potential issues with margins. They maintain a steady tone throughout.""}, ""multi_turn_coherence"": {""score"": 2, ""rationale"": ""While the candidate consistently focuses on analyzing business units, they fail to build upon or refine their approach in response to repeated prompts from the interviewer, leading to some redundancy without progression.""}}",3,"The candidate provides a workable recap of the case and asks relevant questions about revenue growth by business unit and financial metrics. However, the logic could be more hypothesis-driven.",4,The candidate creates a clear structure by analyzing each business unit separately to understand their contributions to profitability. The approach is case-specific but lacks measurable detail or stronger prioritization.,not_tested,"There are no quantitative calculations performed in the transcript, so this field cannot be scored.",not_tested,The candidate does not provide a brainstorming or creative answer section as there is no request for additional ideas beyond the structured analysis.,not_tested,"The transcript does not include a final recommendation from the candidate, so this field cannot be scored.",4,"The candidate generally leads the case with a structured approach to analyzing each business unit. However, transitions and prioritization could still be sharper.",3,The candidate understands the problem and makes relevant connections between revenue growth and profitability issues but does not drive toward a complete solution or insight.,4,"The candidate communicates clearly and confidently, though there is room for improvement in executive presence and audience awareness under challenge.",3,"The candidate provides a clear and concise recap of the case, identifying key metrics like EBITDA decline and revenue growth. However, there's some repetition in explaining their approach without adding new insights.",2,The candidate asks relevant questions about data needed for analysis but does not adapt or respond to the interviewer's repeated request to walk through their approach with any variation or additional detail.,3,"The candidate grounds their analysis in specific business units and financial metrics, showing an understanding of the case. However, they do not provide concrete data or examples from the company to support their approach fully.",4,The candidate demonstrates confidence by clearly stating their plan to analyze each business unit's contribution to profitability and identifying potential issues with margins. They maintain a steady tone throughout.,2,"While the candidate consistently focuses on analyzing business units, they fail to build upon or refine their approach in response to repeated prompts from the interviewer, leading to some redundancy without progression."
baseline,baseline_scenario_01_04_004_r04_20260710T131937Z_exp1,/Users/palomaperezdemadrid/Desktop/Dissertation/agentic-case-interview-coach/src/scenarios/synthetic-based/scenario_01_04.json,4,5,ok,,4,0,True,"### Final Feedback Report

#### Strengths
1. **Structured Approach**: The candidate effectively structured the analysis by focusing on each business unit separately, which is crucial for understanding Solventus Energy's profitability issues (Case Structure: Score 4).
2. **Clear Communication**: The candidate communicated their plan clearly and confidently, demonstrating a solid grasp of the case requirements (Overall Communication: Score 4).

#### Weaknesses
1. **Lack of Hypothesis-Driven Logic**: While the candidate asked relevant questions about revenue growth by business unit and financial metrics, they did not frame these inquiries within a hypothesis-driven logic to guide their analysis (Case Opening: Score 3).
2. **Repetitive Explanation**: The candidate repeated their approach without adding new insights or adapting to the interviewer's prompts for more detailed explanations (Clarity and Concision: Score 3; Multi-Turn Coherence: Score 2).

#### Improvement Priority
- **Enhance Responsiveness and Adaptation**: The candidate should focus on improving responsiveness by varying their explanation in response to repeated questions, providing additional details or insights each time. This would demonstrate adaptability and a deeper understanding of the case dynamics (Responsiveness and Adaptation: Score 2).

Overall, while the candidate showed a good grasp of the case structure and communicated effectively, they need to refine their approach by incorporating hypothesis-driven logic and enhancing responsiveness to interviewer prompts.","[""Interviewer: Your client is Solventus Energy, a Spanish renewable energy company. Over the past two years, EBITDA has fallen 34% even though total revenue has grown 18%. The company operates three business units: onshore wind generation, residential electricity retail, and large-scale battery storage construction. The CEO has asked you to identify what is driving the profit decline and recommend a path forward."", ""Candidate: To understand why EBITDA has fallen despite revenue growth, we should analyze each business unit separately to see how they contribute to overall profitability. We know that Solventus Energy operates onshore wind generation, residential electricity retail, and large-scale battery storage construction. The CEO is concerned about the decline in EBITDA, so our objective will be to identify which units are driving this trend. I would like to gather more information about each unit's revenue contribution, cost structure, and any specific challenges they might be facing. Could you provide details on how much of the 18% revenue growth came from each business unit? Additionally, it would be helpful to know more about the operational performance and financial metrics for each unit."", ""Interviewer: Could you walk me through your approach?"", ""Candidate: Certainly! To tackle this case, we'll start by examining each business unit separately to understand their individual contributions to Solventus Energy's overall profitability. We know that EBITDA has declined by 34% while total revenue grew by 18%. This suggests a worsening cost or margin mix across the company. The three business units are onshore wind generation, residential electricity retail, and large-scale battery storage construction. Given this structure, we'll analyze each unit's performance to identify which ones might be driving the profit decline. For instance, if one unit has high revenue growth but poor margins, it could explain the overall EBITDA drop. I'd like to gather more specific data on how much of the 18% revenue growth came from each business unit and their respective financial metrics such as EBITDA margins or cost structures. This will help us pinpoint where the issues lie."", ""Interviewer: Could you walk me through your approach?"", ""Candidate: Certainly! To tackle this case, we'll start by examining each business unit separately to understand their individual contributions to Solventus Energy's overall profitability. We know that EBITDA has declined by 34% while total revenue grew by 18%. This suggests a worsening cost or margin mix across the company. The three business units are onshore wind generation, residential electricity retail, and large-scale battery storage construction. Given this structure, we'll analyze each unit's performance to identify which ones might be driving the profit decline. For instance, if one unit has high revenue growth but poor margins, it could explain the overall EBITDA drop. I'd like to gather more specific data on how much of the 18% revenue growth came from each business unit and their respective financial metrics such as EBITDA margins or cost structures. This will help us pinpoint where the issues lie."", ""Interviewer: Could you walk me through your approach?"", ""Candidate: Certainly! To tackle this case, we'll start by examining each business unit separately to understand their individual contributions to Solventus Energy's overall profitability. We know that EBITDA has declined by 34% while total revenue grew by 18%. This suggests a worsening cost or margin mix across the company. The three business units are onshore wind generation, residential electricity retail, and large-scale battery storage construction. Given this structure, we'll analyze each unit's performance to identify which ones might be driving the profit decline. For instance, if one unit has high revenue growth but poor margins, it could explain the overall EBITDA drop. I'd like to gather more specific data on how much of the 18% revenue growth came from each business unit and their respective financial metrics such as EBITDA margins or cost structures. This will help us pinpoint where the issues lie."", ""Eval Case Performance: structured case-performance assessment completed."", ""Eval Dialog Quality: structured interaction-quality assessment completed."", ""Give Feedback: ### Final Feedback Report\n\n#### Strengths\n1. **Structured Approach**: The candidate effectively structured the analysis by focusing on each business unit separately, which is crucial for understanding Solventus Energy's profitability issues (Case Structure: Score 4).\n2. **Clear Communication**: The candidate communicated their plan clearly and confidently, demonstrating a solid grasp of the case requirements (Overall Communication: Score 4).\n\n#### Weaknesses\n1. **Lack of Hypothesis-Driven Logic**: While the candidate asked relevant questions about revenue growth by business unit and financial metrics, they did not frame these inquiries within a hypothesis-driven logic to guide their analysis (Case Opening: Score 3).\n2. **Repetitive Explanation**: The candidate repeated their approach without adding new insights or adapting to the interviewer's prompts for more detailed explanations (Clarity and Concision: Score 3; Multi-Turn Coherence: Score 2).\n\n#### Improvement Priority\n- **Enhance Responsiveness and Adaptation**: The candidate should focus on improving responsiveness by varying their explanation in response to repeated questions, providing additional details or insights each time. This would demonstrate adaptability and a deeper understanding of the case dynamics (Responsiveness and Adaptation: Score 2).\n\nOverall, while the candidate showed a good grasp of the case structure and communicated effectively, they need to refine their approach by incorporating hypothesis-driven logic and enhancing responsiveness to interviewer prompts.""]",[],"{""case_opening"": {""score"": 3, ""rationale"": ""The candidate provides a workable recap of the case and asks relevant questions about revenue growth by business unit and financial metrics. However, the logic could be more hypothesis-driven.""}, ""case_structure"": {""score"": 4, ""rationale"": ""The candidate creates a clear structure by analyzing each business unit separately to understand their contributions to profitability. The approach is case-specific but lacks measurable detail or stronger prioritization.""}, ""case_math_answer"": {""score"": ""not_tested"", ""rationale"": ""There are no quantitative calculations performed in the transcript, so this field cannot be scored.""}, ""case_creative_answer"": {""score"": ""not_tested"", ""rationale"": ""The candidate does not provide a brainstorming or creative answer section as there is no request for additional ideas beyond the structured analysis.""}, ""final_recommendation"": {""score"": ""not_tested"", ""rationale"": ""The transcript does not include a final recommendation from the candidate, so this field cannot be scored.""}, ""overall_structure"": {""score"": 4, ""rationale"": ""The candidate generally leads the case with a structured approach to analyzing each business unit. However, transitions and prioritization could still be sharper.""}, ""overall_problem_solving"": {""score"": 3, ""rationale"": ""The candidate understands the problem and makes relevant connections between revenue growth and profitability issues but does not drive toward a complete solution or insight.""}, ""overall_communication"": {""score"": 4, ""rationale"": ""The candidate communicates clearly and confidently, though there is room for improvement in executive presence and audience awareness under challenge.""}}","{""clarity_and_concision"": {""score"": 3, ""rationale"": ""The candidate provides a clear and concise recap of the case, identifying key metrics like EBITDA decline and revenue growth. However, there's some repetition in explaining their approach without adding new insights.""}, ""responsiveness_and_adaptation"": {""score"": 2, ""rationale"": ""The candidate asks relevant questions about data needed for analysis but does not adapt or respond to the interviewer's repeated request to walk through their approach with any variation or additional detail.""}, ""groundedness"": {""score"": 3, ""rationale"": ""The candidate grounds their analysis in specific business units and financial metrics, showing an understanding of the case. However, they do not provide concrete data or examples from the company to support their approach fully.""}, ""confidence_calibration"": {""score"": 4, ""rationale"": ""The candidate demonstrates confidence by clearly stating their plan to analyze each business unit's contribution to profitability and identifying potential issues with margins. They maintain a steady tone throughout.""}, ""multi_turn_coherence"": {""score"": 2, ""rationale"": ""While the candidate consistently focuses on analyzing business units, they fail to build upon or refine their approach in response to repeated prompts from the interviewer, leading to some redundancy without progression.""}}",3,"The candidate provides a workable recap of the case and asks relevant questions about revenue growth by business unit and financial metrics. However, the logic could be more hypothesis-driven.",4,The candidate creates a clear structure by analyzing each business unit separately to understand their contributions to profitability. The approach is case-specific but lacks measurable detail or stronger prioritization.,not_tested,"There are no quantitative calculations performed in the transcript, so this field cannot be scored.",not_tested,The candidate does not provide a brainstorming or creative answer section as there is no request for additional ideas beyond the structured analysis.,not_tested,"The transcript does not include a final recommendation from the candidate, so this field cannot be scored.",4,"The candidate generally leads the case with a structured approach to analyzing each business unit. However, transitions and prioritization could still be sharper.",3,The candidate understands the problem and makes relevant connections between revenue growth and profitability issues but does not drive toward a complete solution or insight.,4,"The candidate communicates clearly and confidently, though there is room for improvement in executive presence and audience awareness under challenge.",3,"The candidate provides a clear and concise recap of the case, identifying key metrics like EBITDA decline and revenue growth. However, there's some repetition in explaining their approach without adding new insights.",2,The candidate asks relevant questions about data needed for analysis but does not adapt or respond to the interviewer's repeated request to walk through their approach with any variation or additional detail.,3,"The candidate grounds their analysis in specific business units and financial metrics, showing an understanding of the case. However, they do not provide concrete data or examples from the company to support their approach fully.",4,The candidate demonstrates confidence by clearly stating their plan to analyze each business unit's contribution to profitability and identifying potential issues with margins. They maintain a steady tone throughout.,2,"While the candidate consistently focuses on analyzing business units, they fail to build upon or refine their approach in response to repeated prompts from the interviewer, leading to some redundancy without progression."
baseline,baseline_scenario_01_04_004_r05_20260710T131937Z_exp1,/Users/palomaperezdemadrid/Desktop/Dissertation/agentic-case-interview-coach/src/scenarios/synthetic-based/scenario_01_04.json,5,5,ok,,4,0,True,"### Final Feedback Report

#### Strengths
1. **Structured Approach**: The candidate effectively structured the analysis by focusing on each business unit separately, which is crucial for understanding Solventus Energy's profitability issues (Case Structure: Score 4).
2. **Clear Communication**: The candidate communicated their plan clearly and confidently, demonstrating a solid grasp of the case requirements (Overall Communication: Score 4).

#### Weaknesses
1. **Lack of Hypothesis-Driven Logic**: While the candidate asked relevant questions about revenue growth by business unit and financial metrics, they did not frame these inquiries within a hypothesis-driven logic to guide their analysis (Case Opening: Score 3).
2. **Repetitive Explanation**: The candidate repeated their approach without adding new insights or adapting to the interviewer's prompts for more detailed explanations (Clarity and Concision: Score 3; Multi-Turn Coherence: Score 2).

#### Improvement Priority
- **Enhance Responsiveness and Adaptation**: The candidate should focus on improving responsiveness by varying their explanation in response to repeated questions, providing additional details or insights each time. This would demonstrate adaptability and a deeper understanding of the case dynamics (Responsiveness and Adaptation: Score 2).

Overall, while the candidate showed a good grasp of the case structure and communicated effectively, they need to refine their approach by incorporating hypothesis-driven logic and enhancing responsiveness to interviewer prompts.","[""Interviewer: Your client is Solventus Energy, a Spanish renewable energy company. Over the past two years, EBITDA has fallen 34% even though total revenue has grown 18%. The company operates three business units: onshore wind generation, residential electricity retail, and large-scale battery storage construction. The CEO has asked you to identify what is driving the profit decline and recommend a path forward."", ""Candidate: To understand why EBITDA has fallen despite revenue growth, we should analyze each business unit separately to see how they contribute to overall profitability. We know that Solventus Energy operates onshore wind generation, residential electricity retail, and large-scale battery storage construction. The CEO is concerned about the decline in EBITDA, so our objective will be to identify which units are driving this trend. I would like to gather more information about each unit's revenue contribution, cost structure, and any specific challenges they might be facing. Could you provide details on how much of the 18% revenue growth came from each business unit? Additionally, it would be helpful to know more about the operational performance and financial metrics for each unit."", ""Interviewer: Could you walk me through your approach?"", ""Candidate: Certainly! To tackle this case, we'll start by examining each business unit separately to understand their individual contributions to Solventus Energy's overall profitability. We know that EBITDA has declined by 34% while total revenue grew by 18%. This suggests a worsening cost or margin mix across the company. The three business units are onshore wind generation, residential electricity retail, and large-scale battery storage construction. Given this structure, we'll analyze each unit's performance to identify which ones might be driving the profit decline. For instance, if one unit has high revenue growth but poor margins, it could explain the overall EBITDA drop. I'd like to gather more specific data on how much of the 18% revenue growth came from each business unit and their respective financial metrics such as EBITDA margins or cost structures. This will help us pinpoint where the issues lie."", ""Interviewer: Could you walk me through your approach?"", ""Candidate: Certainly! To tackle this case, we'll start by examining each business unit separately to understand their individual contributions to Solventus Energy's overall profitability. We know that EBITDA has declined by 34% while total revenue grew by 18%. This suggests a worsening cost or margin mix across the company. The three business units are onshore wind generation, residential electricity retail, and large-scale battery storage construction. Given this structure, we'll analyze each unit's performance to identify which ones might be driving the profit decline. For instance, if one unit has high revenue growth but poor margins, it could explain the overall EBITDA drop. I'd like to gather more specific data on how much of the 18% revenue growth came from each business unit and their respective financial metrics such as EBITDA margins or cost structures. This will help us pinpoint where the issues lie."", ""Interviewer: Could you walk me through your approach?"", ""Candidate: Certainly! To tackle this case, we'll start by examining each business unit separately to understand their individual contributions to Solventus Energy's overall profitability. We know that EBITDA has declined by 34% while total revenue grew by 18%. This suggests a worsening cost or margin mix across the company. The three business units are onshore wind generation, residential electricity retail, and large-scale battery storage construction. Given this structure, we'll analyze each unit's performance to identify which ones might be driving the profit decline. For instance, if one unit has high revenue growth but poor margins, it could explain the overall EBITDA drop. I'd like to gather more specific data on how much of the 18% revenue growth came from each business unit and their respective financial metrics such as EBITDA margins or cost structures. This will help us pinpoint where the issues lie."", ""Eval Case Performance: structured case-performance assessment completed."", ""Eval Dialog Quality: structured interaction-quality assessment completed."", ""Give Feedback: ### Final Feedback Report\n\n#### Strengths\n1. **Structured Approach**: The candidate effectively structured the analysis by focusing on each business unit separately, which is crucial for understanding Solventus Energy's profitability issues (Case Structure: Score 4).\n2. **Clear Communication**: The candidate communicated their plan clearly and confidently, demonstrating a solid grasp of the case requirements (Overall Communication: Score 4).\n\n#### Weaknesses\n1. **Lack of Hypothesis-Driven Logic**: While the candidate asked relevant questions about revenue growth by business unit and financial metrics, they did not frame these inquiries within a hypothesis-driven logic to guide their analysis (Case Opening: Score 3).\n2. **Repetitive Explanation**: The candidate repeated their approach without adding new insights or adapting to the interviewer's prompts for more detailed explanations (Clarity and Concision: Score 3; Multi-Turn Coherence: Score 2).\n\n#### Improvement Priority\n- **Enhance Responsiveness and Adaptation**: The candidate should focus on improving responsiveness by varying their explanation in response to repeated questions, providing additional details or insights each time. This would demonstrate adaptability and a deeper understanding of the case dynamics (Responsiveness and Adaptation: Score 2).\n\nOverall, while the candidate showed a good grasp of the case structure and communicated effectively, they need to refine their approach by incorporating hypothesis-driven logic and enhancing responsiveness to interviewer prompts.""]",[],"{""case_opening"": {""score"": 3, ""rationale"": ""The candidate provides a workable recap of the case and asks relevant questions about revenue growth by business unit and financial metrics. However, the logic could be more hypothesis-driven.""}, ""case_structure"": {""score"": 4, ""rationale"": ""The candidate creates a clear structure by analyzing each business unit separately to understand their contributions to profitability. The approach is case-specific but lacks measurable detail or stronger prioritization.""}, ""case_math_answer"": {""score"": ""not_tested"", ""rationale"": ""There are no quantitative calculations performed in the transcript, so this field cannot be scored.""}, ""case_creative_answer"": {""score"": ""not_tested"", ""rationale"": ""The candidate does not provide a brainstorming or creative answer section as there is no request for additional ideas beyond the structured analysis.""}, ""final_recommendation"": {""score"": ""not_tested"", ""rationale"": ""The transcript does not include a final recommendation from the candidate, so this field cannot be scored.""}, ""overall_structure"": {""score"": 4, ""rationale"": ""The candidate generally leads the case with a structured approach to analyzing each business unit. However, transitions and prioritization could still be sharper.""}, ""overall_problem_solving"": {""score"": 3, ""rationale"": ""The candidate understands the problem and makes relevant connections between revenue growth and profitability issues but does not drive toward a complete solution or insight.""}, ""overall_communication"": {""score"": 4, ""rationale"": ""The candidate communicates clearly and confidently, though there is room for improvement in executive presence and audience awareness under challenge.""}}","{""clarity_and_concision"": {""score"": 3, ""rationale"": ""The candidate provides a clear and concise recap of the case, identifying key metrics like EBITDA decline and revenue growth. However, there's some repetition in explaining their approach without adding new insights.""}, ""responsiveness_and_adaptation"": {""score"": 2, ""rationale"": ""The candidate asks relevant questions about data needed for analysis but does not adapt or respond to the interviewer's repeated request to walk through their approach with any variation or additional detail.""}, ""groundedness"": {""score"": 3, ""rationale"": ""The candidate grounds their analysis in specific business units and financial metrics, showing an understanding of the case. However, they do not provide concrete data or examples from the company to support their approach fully.""}, ""confidence_calibration"": {""score"": 4, ""rationale"": ""The candidate demonstrates confidence by clearly stating their plan to analyze each business unit's contribution to profitability and identifying potential issues with margins. They maintain a steady tone throughout.""}, ""multi_turn_coherence"": {""score"": 2, ""rationale"": ""While the candidate consistently focuses on analyzing business units, they fail to build upon or refine their approach in response to repeated prompts from the interviewer, leading to some redundancy without progression.""}}",3,"The candidate provides a workable recap of the case and asks relevant questions about revenue growth by business unit and financial metrics. However, the logic could be more hypothesis-driven.",4,The candidate creates a clear structure by analyzing each business unit separately to understand their contributions to profitability. The approach is case-specific but lacks measurable detail or stronger prioritization.,not_tested,"There are no quantitative calculations performed in the transcript, so this field cannot be scored.",not_tested,The candidate does not provide a brainstorming or creative answer section as there is no request for additional ideas beyond the structured analysis.,not_tested,"The transcript does not include a final recommendation from the candidate, so this field cannot be scored.",4,"The candidate generally leads the case with a structured approach to analyzing each business unit. However, transitions and prioritization could still be sharper.",3,The candidate understands the problem and makes relevant connections between revenue growth and profitability issues but does not drive toward a complete solution or insight.,4,"The candidate communicates clearly and confidently, though there is room for improvement in executive presence and audience awareness under challenge.",3,"The candidate provides a clear and concise recap of the case, identifying key metrics like EBITDA decline and revenue growth. However, there's some repetition in explaining their approach without adding new insights.",2,The candidate asks relevant questions about data needed for analysis but does not adapt or respond to the interviewer's repeated request to walk through their approach with any variation or additional detail.,3,"The candidate grounds their analysis in specific business units and financial metrics, showing an understanding of the case. However, they do not provide concrete data or examples from the company to support their approach fully.",4,The candidate demonstrates confidence by clearly stating their plan to analyze each business unit's contribution to profitability and identifying potential issues with margins. They maintain a steady tone throughout.,2,"While the candidate consistently focuses on analyzing business units, they fail to build upon or refine their approach in response to repeated prompts from the interviewer, leading to some redundancy without progression."
baseline,baseline_scenario_01_05_005_r01_20260710T131937Z_exp1,/Users/palomaperezdemadrid/Desktop/Dissertation/agentic-case-interview-coach/src/scenarios/synthetic-based/scenario_01_05.json,1,5,ok,,4,0,True,"### Case Interview Feedback Report

#### Strengths
1. **Understanding of Framework**: The candidate effectively uses a profit = revenue - costs framework to analyze business units, demonstrating an understanding of fundamental financial analysis.
2. **Relevant Questions**: They ask pertinent questions about the distribution of revenue growth across business units, indicating awareness of key factors affecting profitability.

#### Weaknesses
1. **Lack of Hypothesis Orientation**: The candidate's approach lacks a sharp hypothesis orientation and does not prioritize potential issues or solutions based on initial insights.
2. **Repetitive Explanation**: The candidate repeats their explanation without adding new information or refining their response, indicating a lack of progression in the analysis.

#### Improvement Priority
- **Adaptation and Progression**: The candidate should focus on adapting their approach based on feedback and progressing towards a solution rather than repeatedly asking for more information. This involves building on initial insights to develop hypotheses and potential recommendations.

Overall, while the candidate demonstrates some understanding of financial frameworks and asks relevant questions, they need to enhance their ability to adapt their analysis dynamically and progress towards actionable solutions.","[""Interviewer: Your client is Solventus Energy, a Spanish renewable energy company. Over the past two years, EBITDA has fallen 34% even though total revenue has grown 18%. The company operates three business units: onshore wind generation, residential electricity retail, and large-scale battery storage construction. The CEO has asked you to identify what is driving the profit decline and recommend a path forward."", ""Candidate: To understand why EBITDA has fallen despite revenue growth, we should analyze each business unit's contribution to profitability using a profit = revenue - costs framework. Let's start by examining the wind generation unit since it is operationally healthy with a strong 41% EBITDA margin. Next, we'll look at B2C retail and battery storage for potential issues. Could you provide more details on how revenue growth was distributed across these units?"", ""Interviewer: Could you walk me through your approach?"", ""Candidate: Certainly. My approach involves analyzing each business unit's impact on profitability using a profit = revenue - costs framework. We'll start by examining wind generation, which has a strong 41% EBITDA margin and is operationally healthy. Next, we'll assess B2C retail and battery storage for potential issues contributing to the decline in EBITDA. To proceed effectively, could you provide more details on how revenue growth was distributed across these units?"", ""Interviewer: Could you walk me through your approach?"", ""Candidate: Certainly. My approach involves analyzing each business unit's impact on profitability using a profit = revenue - costs framework. We'll start by examining wind generation, which has a strong 41% EBITDA margin and is operationally healthy. Next, we'll assess B2C retail and battery storage for potential issues contributing to the decline in EBITDA. To proceed effectively, could you provide more details on how revenue growth was distributed across these units?"", ""Interviewer: Could you walk me through your approach?"", ""Candidate: Certainly. My approach involves analyzing each business unit's impact on profitability using a profit = revenue - costs framework. We'll start by examining wind generation, which has a strong 41% EBITDA margin and is operationally healthy. Next, we'll assess B2C retail and battery storage for potential issues contributing to the decline in EBITDA. To proceed effectively, could you provide more details on how revenue growth was distributed across these units?"", ""Eval Case Performance: structured case-performance assessment completed."", ""Eval Dialog Quality: structured interaction-quality assessment completed."", ""Give Feedback: ### Case Interview Feedback Report\n\n#### Strengths\n1. **Understanding of Framework**: The candidate effectively uses a profit = revenue - costs framework to analyze business units, demonstrating an understanding of fundamental financial analysis.\n2. **Relevant Questions**: They ask pertinent questions about the distribution of revenue growth across business units, indicating awareness of key factors affecting profitability.\n\n#### Weaknesses\n1. **Lack of Hypothesis Orientation**: The candidate's approach lacks a sharp hypothesis orientation and does not prioritize potential issues or solutions based on initial insights.\n2. **Repetitive Explanation**: The candidate repeats their explanation without adding new information or refining their response, indicating a lack of progression in the analysis.\n\n#### Improvement Priority\n- **Adaptation and Progression**: The candidate should focus on adapting their approach based on feedback and progressing towards a solution rather than repeatedly asking for more information. This involves building on initial insights to develop hypotheses and potential recommendations.\n\nOverall, while the candidate demonstrates some understanding of financial frameworks and asks relevant questions, they need to enhance their ability to adapt their analysis dynamically and progress towards actionable solutions.""]",[],"{""case_opening"": {""score"": 3, ""rationale"": ""The candidate provides a workable recap of the problem and asks relevant questions about revenue distribution across business units but lacks sharp hypothesis orientation.""}, ""case_structure"": {""score"": 2, ""rationale"": ""Some structure is present with an initial focus on analyzing each business unit's impact using a profit = revenue - costs framework, but it remains somewhat generic and not fully MECE.""}, ""case_math_answer"": {""score"": ""not_tested"", ""rationale"": ""The transcript does not include any quantitative setup or calculations to assess the candidate's math skills.""}, ""case_creative_answer"": {""score"": 2, ""rationale"": ""The candidate shares ideas as a list without clear categories and lacks data-driven justification for their approach, focusing mainly on asking for more information.""}, ""final_recommendation"": {""score"": ""not_tested"", ""rationale"": ""The transcript does not include the candidate's final recommendation or synthesis of findings to support it with case evidence.""}, ""overall_structure"": {""score"": 3, ""rationale"": ""The candidate shows some structure in breaking down ideas but lacks consistent sequencing and prioritization, often repeating requests for more information.""}, ""overall_problem_solving"": {""score"": 2, ""rationale"": ""The candidate understands the problem initially but complicates it by repeatedly asking for additional data without progressing towards a solution.""}, ""overall_communication"": {""score"": 3, ""rationale"": ""The candidate communicates understandably, though confidence and audience awareness are uneven due to repeated requests for more information.""}}","{""clarity_and_concision"": {""score"": 3, ""rationale"": ""The candidate provides a clear recap of the case and outlines an approach using a profit = revenue - costs framework. However, they repeat their explanation multiple times without adding new information or refining their initial response.""}, ""responsiveness_and_adaptation"": {""score"": 2, ""rationale"": ""The candidate asks relevant questions about revenue distribution across business units but does not adapt their approach based on the interviewer's repeated requests to explain their method. They stick to a single explanation without modification or additional insights.""}, ""groundedness"": {""score"": 3, ""rationale"": ""The candidate grounds their analysis in the profit = revenue - costs framework and identifies specific business units for examination, showing some understanding of the case details. However, they do not provide detailed data-driven insights or further grounding beyond this initial framework.""}, ""confidence_calibration"": {""score"": 3, ""rationale"": ""The candidate demonstrates confidence in their approach by consistently explaining it and asking relevant questions. However, the repeated nature of their explanation without adaptation suggests a lack of flexibility in response to feedback.""}, ""multi_turn_coherence"": {""score"": 2, ""rationale"": ""While the candidate maintains coherence in their initial explanation, they fail to build on or adapt their approach across multiple turns. The repetition indicates a lack of progression or deeper engagement with the interviewer's requests for further elaboration.""}}",3,The candidate provides a workable recap of the problem and asks relevant questions about revenue distribution across business units but lacks sharp hypothesis orientation.,2,"Some structure is present with an initial focus on analyzing each business unit's impact using a profit = revenue - costs framework, but it remains somewhat generic and not fully MECE.",not_tested,The transcript does not include any quantitative setup or calculations to assess the candidate's math skills.,2,"The candidate shares ideas as a list without clear categories and lacks data-driven justification for their approach, focusing mainly on asking for more information.",not_tested,The transcript does not include the candidate's final recommendation or synthesis of findings to support it with case evidence.,3,"The candidate shows some structure in breaking down ideas but lacks consistent sequencing and prioritization, often repeating requests for more information.",2,The candidate understands the problem initially but complicates it by repeatedly asking for additional data without progressing towards a solution.,3,"The candidate communicates understandably, though confidence and audience awareness are uneven due to repeated requests for more information.",3,"The candidate provides a clear recap of the case and outlines an approach using a profit = revenue - costs framework. However, they repeat their explanation multiple times without adding new information or refining their initial response.",2,The candidate asks relevant questions about revenue distribution across business units but does not adapt their approach based on the interviewer's repeated requests to explain their method. They stick to a single explanation without modification or additional insights.,3,"The candidate grounds their analysis in the profit = revenue - costs framework and identifies specific business units for examination, showing some understanding of the case details. However, they do not provide detailed data-driven insights or further grounding beyond this initial framework.",3,"The candidate demonstrates confidence in their approach by consistently explaining it and asking relevant questions. However, the repeated nature of their explanation without adaptation suggests a lack of flexibility in response to feedback.",2,"While the candidate maintains coherence in their initial explanation, they fail to build on or adapt their approach across multiple turns. The repetition indicates a lack of progression or deeper engagement with the interviewer's requests for further elaboration."
baseline,baseline_scenario_01_05_005_r02_20260710T131937Z_exp1,/Users/palomaperezdemadrid/Desktop/Dissertation/agentic-case-interview-coach/src/scenarios/synthetic-based/scenario_01_05.json,2,5,ok,,4,0,True,"### Case Interview Feedback Report

#### Strengths
1. **Understanding of Framework**: The candidate effectively uses a profit = revenue - costs framework to analyze business units, demonstrating an understanding of fundamental financial analysis.
2. **Relevant Questions**: They ask pertinent questions about the distribution of revenue growth across business units, indicating awareness of key factors affecting profitability.

#### Weaknesses
1. **Lack of Hypothesis Orientation**: The candidate's approach lacks a sharp hypothesis orientation and does not prioritize potential issues or solutions based on initial insights.
2. **Repetitive Explanation**: The candidate repeats their explanation without adding new information or refining their response, indicating a lack of progression in the analysis.

#### Improvement Priority
- **Adaptation and Progression**: The candidate should focus on adapting their approach based on feedback and progressing towards a solution rather than repeatedly asking for more information. This involves building on initial insights to develop hypotheses and potential recommendations.

Overall, while the candidate demonstrates some understanding of financial frameworks and asks relevant questions, they need to enhance their ability to adapt their analysis dynamically and progress towards actionable solutions.","[""Interviewer: Your client is Solventus Energy, a Spanish renewable energy company. Over the past two years, EBITDA has fallen 34% even though total revenue has grown 18%. The company operates three business units: onshore wind generation, residential electricity retail, and large-scale battery storage construction. The CEO has asked you to identify what is driving the profit decline and recommend a path forward."", ""Candidate: To understand why EBITDA has fallen despite revenue growth, we should analyze each business unit's contribution to profitability using a profit = revenue - costs framework. Let's start by examining the wind generation unit since it is operationally healthy with a strong 41% EBITDA margin. Next, we'll look at B2C retail and battery storage for potential issues. Could you provide more details on how revenue growth was distributed across these units?"", ""Interviewer: Could you walk me through your approach?"", ""Candidate: Certainly. My approach involves analyzing each business unit's impact on profitability using a profit = revenue - costs framework. We'll start by examining wind generation, which has a strong 41% EBITDA margin and is operationally healthy. Next, we'll assess B2C retail and battery storage for potential issues contributing to the decline in EBITDA. To proceed effectively, could you provide more details on how revenue growth was distributed across these units?"", ""Interviewer: Could you walk me through your approach?"", ""Candidate: Certainly. My approach involves analyzing each business unit's impact on profitability using a profit = revenue - costs framework. We'll start by examining wind generation, which has a strong 41% EBITDA margin and is operationally healthy. Next, we'll assess B2C retail and battery storage for potential issues contributing to the decline in EBITDA. To proceed effectively, could you provide more details on how revenue growth was distributed across these units?"", ""Interviewer: Could you walk me through your approach?"", ""Candidate: Certainly. My approach involves analyzing each business unit's impact on profitability using a profit = revenue - costs framework. We'll start by examining wind generation, which has a strong 41% EBITDA margin and is operationally healthy. Next, we'll assess B2C retail and battery storage for potential issues contributing to the decline in EBITDA. To proceed effectively, could you provide more details on how revenue growth was distributed across these units?"", ""Eval Case Performance: structured case-performance assessment completed."", ""Eval Dialog Quality: structured interaction-quality assessment completed."", ""Give Feedback: ### Case Interview Feedback Report\n\n#### Strengths\n1. **Understanding of Framework**: The candidate effectively uses a profit = revenue - costs framework to analyze business units, demonstrating an understanding of fundamental financial analysis.\n2. **Relevant Questions**: They ask pertinent questions about the distribution of revenue growth across business units, indicating awareness of key factors affecting profitability.\n\n#### Weaknesses\n1. **Lack of Hypothesis Orientation**: The candidate's approach lacks a sharp hypothesis orientation and does not prioritize potential issues or solutions based on initial insights.\n2. **Repetitive Explanation**: The candidate repeats their explanation without adding new information or refining their response, indicating a lack of progression in the analysis.\n\n#### Improvement Priority\n- **Adaptation and Progression**: The candidate should focus on adapting their approach based on feedback and progressing towards a solution rather than repeatedly asking for more information. This involves building on initial insights to develop hypotheses and potential recommendations.\n\nOverall, while the candidate demonstrates some understanding of financial frameworks and asks relevant questions, they need to enhance their ability to adapt their analysis dynamically and progress towards actionable solutions.""]",[],"{""case_opening"": {""score"": 3, ""rationale"": ""The candidate provides a workable recap of the problem and asks relevant questions about revenue distribution across business units but lacks sharp hypothesis orientation.""}, ""case_structure"": {""score"": 2, ""rationale"": ""Some structure is present with an initial focus on analyzing each business unit's impact using a profit = revenue - costs framework, but it remains somewhat generic and not fully MECE.""}, ""case_math_answer"": {""score"": ""not_tested"", ""rationale"": ""The transcript does not include any quantitative setup or calculations to assess the candidate's math skills.""}, ""case_creative_answer"": {""score"": 2, ""rationale"": ""The candidate shares ideas as a list without clear categories and lacks data-driven justification for their approach, focusing mainly on asking for more information.""}, ""final_recommendation"": {""score"": ""not_tested"", ""rationale"": ""The transcript does not include the candidate's final recommendation or synthesis of findings to support it with case evidence.""}, ""overall_structure"": {""score"": 3, ""rationale"": ""The candidate shows some structure in breaking down ideas but lacks consistent sequencing and prioritization, often repeating requests for more information.""}, ""overall_problem_solving"": {""score"": 2, ""rationale"": ""The candidate understands the problem initially but complicates it by repeatedly asking for additional data without progressing towards a solution.""}, ""overall_communication"": {""score"": 3, ""rationale"": ""The candidate communicates understandably, though confidence and audience awareness are uneven due to repeated requests for more information.""}}","{""clarity_and_concision"": {""score"": 3, ""rationale"": ""The candidate provides a clear recap of the case and outlines an approach using a profit = revenue - costs framework. However, they repeat their explanation multiple times without adding new information or refining their initial response.""}, ""responsiveness_and_adaptation"": {""score"": 2, ""rationale"": ""The candidate asks relevant questions about revenue distribution across business units but does not adapt their approach based on the interviewer's repeated requests to explain their method. They stick to a single explanation without modification or additional insights.""}, ""groundedness"": {""score"": 3, ""rationale"": ""The candidate grounds their analysis in the profit = revenue - costs framework and identifies specific business units for examination, showing some understanding of the case details. However, they do not provide detailed data-driven insights or further grounding beyond this initial framework.""}, ""confidence_calibration"": {""score"": 3, ""rationale"": ""The candidate demonstrates confidence in their approach by consistently explaining it and asking relevant questions. However, the repeated nature of their explanation without adaptation suggests a lack of flexibility in response to feedback.""}, ""multi_turn_coherence"": {""score"": 2, ""rationale"": ""While the candidate maintains coherence in their initial explanation, they fail to build on or adapt their approach across multiple turns. The repetition indicates a lack of progression or deeper engagement with the interviewer's requests for further elaboration.""}}",3,The candidate provides a workable recap of the problem and asks relevant questions about revenue distribution across business units but lacks sharp hypothesis orientation.,2,"Some structure is present with an initial focus on analyzing each business unit's impact using a profit = revenue - costs framework, but it remains somewhat generic and not fully MECE.",not_tested,The transcript does not include any quantitative setup or calculations to assess the candidate's math skills.,2,"The candidate shares ideas as a list without clear categories and lacks data-driven justification for their approach, focusing mainly on asking for more information.",not_tested,The transcript does not include the candidate's final recommendation or synthesis of findings to support it with case evidence.,3,"The candidate shows some structure in breaking down ideas but lacks consistent sequencing and prioritization, often repeating requests for more information.",2,The candidate understands the problem initially but complicates it by repeatedly asking for additional data without progressing towards a solution.,3,"The candidate communicates understandably, though confidence and audience awareness are uneven due to repeated requests for more information.",3,"The candidate provides a clear recap of the case and outlines an approach using a profit = revenue - costs framework. However, they repeat their explanation multiple times without adding new information or refining their initial response.",2,The candidate asks relevant questions about revenue distribution across business units but does not adapt their approach based on the interviewer's repeated requests to explain their method. They stick to a single explanation without modification or additional insights.,3,"The candidate grounds their analysis in the profit = revenue - costs framework and identifies specific business units for examination, showing some understanding of the case details. However, they do not provide detailed data-driven insights or further grounding beyond this initial framework.",3,"The candidate demonstrates confidence in their approach by consistently explaining it and asking relevant questions. However, the repeated nature of their explanation without adaptation suggests a lack of flexibility in response to feedback.",2,"While the candidate maintains coherence in their initial explanation, they fail to build on or adapt their approach across multiple turns. The repetition indicates a lack of progression or deeper engagement with the interviewer's requests for further elaboration."
baseline,baseline_scenario_01_05_005_r03_20260710T131937Z_exp1,/Users/palomaperezdemadrid/Desktop/Dissertation/agentic-case-interview-coach/src/scenarios/synthetic-based/scenario_01_05.json,3,5,ok,,4,0,True,"### Case Interview Feedback Report

#### Strengths
1. **Understanding of Framework**: The candidate effectively uses a profit = revenue - costs framework to analyze business units, demonstrating an understanding of fundamental financial analysis.
2. **Relevant Questions**: They ask pertinent questions about the distribution of revenue growth across business units, indicating awareness of key factors affecting profitability.

#### Weaknesses
1. **Lack of Hypothesis Orientation**: The candidate's approach lacks a sharp hypothesis orientation and does not prioritize potential issues or solutions based on initial insights.
2. **Repetitive Explanation**: The candidate repeats their explanation without adding new information or refining their response, indicating a lack of progression in the analysis.

#### Improvement Priority
- **Adaptation and Progression**: The candidate should focus on adapting their approach based on feedback and progressing towards a solution rather than repeatedly asking for more information. This involves building on initial insights to develop hypotheses and potential recommendations.

Overall, while the candidate demonstrates some understanding of financial frameworks and asks relevant questions, they need to enhance their ability to adapt their analysis dynamically and progress towards actionable solutions.","[""Interviewer: Your client is Solventus Energy, a Spanish renewable energy company. Over the past two years, EBITDA has fallen 34% even though total revenue has grown 18%. The company operates three business units: onshore wind generation, residential electricity retail, and large-scale battery storage construction. The CEO has asked you to identify what is driving the profit decline and recommend a path forward."", ""Candidate: To understand why EBITDA has fallen despite revenue growth, we should analyze each business unit's contribution to profitability using a profit = revenue - costs framework. Let's start by examining the wind generation unit since it is operationally healthy with a strong 41% EBITDA margin. Next, we'll look at B2C retail and battery storage for potential issues. Could you provide more details on how revenue growth was distributed across these units?"", ""Interviewer: Could you walk me through your approach?"", ""Candidate: Certainly. My approach involves analyzing each business unit's impact on profitability using a profit = revenue - costs framework. We'll start by examining wind generation, which has a strong 41% EBITDA margin and is operationally healthy. Next, we'll assess B2C retail and battery storage for potential issues contributing to the decline in EBITDA. To proceed effectively, could you provide more details on how revenue growth was distributed across these units?"", ""Interviewer: Could you walk me through your approach?"", ""Candidate: Certainly. My approach involves analyzing each business unit's impact on profitability using a profit = revenue - costs framework. We'll start by examining wind generation, which has a strong 41% EBITDA margin and is operationally healthy. Next, we'll assess B2C retail and battery storage for potential issues contributing to the decline in EBITDA. To proceed effectively, could you provide more details on how revenue growth was distributed across these units?"", ""Interviewer: Could you walk me through your approach?"", ""Candidate: Certainly. My approach involves analyzing each business unit's impact on profitability using a profit = revenue - costs framework. We'll start by examining wind generation, which has a strong 41% EBITDA margin and is operationally healthy. Next, we'll assess B2C retail and battery storage for potential issues contributing to the decline in EBITDA. To proceed effectively, could you provide more details on how revenue growth was distributed across these units?"", ""Eval Case Performance: structured case-performance assessment completed."", ""Eval Dialog Quality: structured interaction-quality assessment completed."", ""Give Feedback: ### Case Interview Feedback Report\n\n#### Strengths\n1. **Understanding of Framework**: The candidate effectively uses a profit = revenue - costs framework to analyze business units, demonstrating an understanding of fundamental financial analysis.\n2. **Relevant Questions**: They ask pertinent questions about the distribution of revenue growth across business units, indicating awareness of key factors affecting profitability.\n\n#### Weaknesses\n1. **Lack of Hypothesis Orientation**: The candidate's approach lacks a sharp hypothesis orientation and does not prioritize potential issues or solutions based on initial insights.\n2. **Repetitive Explanation**: The candidate repeats their explanation without adding new information or refining their response, indicating a lack of progression in the analysis.\n\n#### Improvement Priority\n- **Adaptation and Progression**: The candidate should focus on adapting their approach based on feedback and progressing towards a solution rather than repeatedly asking for more information. This involves building on initial insights to develop hypotheses and potential recommendations.\n\nOverall, while the candidate demonstrates some understanding of financial frameworks and asks relevant questions, they need to enhance their ability to adapt their analysis dynamically and progress towards actionable solutions.""]",[],"{""case_opening"": {""score"": 3, ""rationale"": ""The candidate provides a workable recap of the problem and asks relevant questions about revenue distribution across business units but lacks sharp hypothesis orientation.""}, ""case_structure"": {""score"": 2, ""rationale"": ""Some structure is present with an initial focus on analyzing each business unit's impact using a profit = revenue - costs framework, but it remains somewhat generic and not fully MECE.""}, ""case_math_answer"": {""score"": ""not_tested"", ""rationale"": ""The transcript does not include any quantitative setup or calculations to assess the candidate's math skills.""}, ""case_creative_answer"": {""score"": 2, ""rationale"": ""The candidate shares ideas as a list without clear categories and lacks data-driven justification for their approach, focusing mainly on asking for more information.""}, ""final_recommendation"": {""score"": ""not_tested"", ""rationale"": ""The transcript does not include the candidate's final recommendation or synthesis of findings to support it with case evidence.""}, ""overall_structure"": {""score"": 3, ""rationale"": ""The candidate shows some structure in breaking down ideas but lacks consistent sequencing and prioritization, often repeating requests for more information.""}, ""overall_problem_solving"": {""score"": 2, ""rationale"": ""The candidate understands the problem initially but complicates it by repeatedly asking for additional data without progressing towards a solution.""}, ""overall_communication"": {""score"": 3, ""rationale"": ""The candidate communicates understandably, though confidence and audience awareness are uneven due to repeated requests for more information.""}}","{""clarity_and_concision"": {""score"": 3, ""rationale"": ""The candidate provides a clear recap of the case and outlines an approach using a profit = revenue - costs framework. However, they repeat their explanation multiple times without adding new information or refining their initial response.""}, ""responsiveness_and_adaptation"": {""score"": 2, ""rationale"": ""The candidate asks relevant questions about revenue distribution across business units but does not adapt their approach based on the interviewer's repeated requests to explain their method. They stick to a single explanation without modification or additional insights.""}, ""groundedness"": {""score"": 3, ""rationale"": ""The candidate grounds their analysis in the profit = revenue - costs framework and identifies specific business units for examination, showing some understanding of the case details. However, they do not provide detailed data-driven insights or further grounding beyond this initial framework.""}, ""confidence_calibration"": {""score"": 3, ""rationale"": ""The candidate demonstrates confidence in their approach by consistently explaining it and asking relevant questions. However, the repeated nature of their explanation without adaptation suggests a lack of flexibility in response to feedback.""}, ""multi_turn_coherence"": {""score"": 2, ""rationale"": ""While the candidate maintains coherence in their initial explanation, they fail to build on or adapt their approach across multiple turns. The repetition indicates a lack of progression or deeper engagement with the interviewer's requests for further elaboration.""}}",3,The candidate provides a workable recap of the problem and asks relevant questions about revenue distribution across business units but lacks sharp hypothesis orientation.,2,"Some structure is present with an initial focus on analyzing each business unit's impact using a profit = revenue - costs framework, but it remains somewhat generic and not fully MECE.",not_tested,The transcript does not include any quantitative setup or calculations to assess the candidate's math skills.,2,"The candidate shares ideas as a list without clear categories and lacks data-driven justification for their approach, focusing mainly on asking for more information.",not_tested,The transcript does not include the candidate's final recommendation or synthesis of findings to support it with case evidence.,3,"The candidate shows some structure in breaking down ideas but lacks consistent sequencing and prioritization, often repeating requests for more information.",2,The candidate understands the problem initially but complicates it by repeatedly asking for additional data without progressing towards a solution.,3,"The candidate communicates understandably, though confidence and audience awareness are uneven due to repeated requests for more information.",3,"The candidate provides a clear recap of the case and outlines an approach using a profit = revenue - costs framework. However, they repeat their explanation multiple times without adding new information or refining their initial response.",2,The candidate asks relevant questions about revenue distribution across business units but does not adapt their approach based on the interviewer's repeated requests to explain their method. They stick to a single explanation without modification or additional insights.,3,"The candidate grounds their analysis in the profit = revenue - costs framework and identifies specific business units for examination, showing some understanding of the case details. However, they do not provide detailed data-driven insights or further grounding beyond this initial framework.",3,"The candidate demonstrates confidence in their approach by consistently explaining it and asking relevant questions. However, the repeated nature of their explanation without adaptation suggests a lack of flexibility in response to feedback.",2,"While the candidate maintains coherence in their initial explanation, they fail to build on or adapt their approach across multiple turns. The repetition indicates a lack of progression or deeper engagement with the interviewer's requests for further elaboration."
baseline,baseline_scenario_01_05_005_r04_20260710T131937Z_exp1,/Users/palomaperezdemadrid/Desktop/Dissertation/agentic-case-interview-coach/src/scenarios/synthetic-based/scenario_01_05.json,4,5,ok,,4,0,True,"### Case Interview Feedback Report

#### Strengths
1. **Understanding of Framework**: The candidate effectively uses a profit = revenue - costs framework to analyze business units, demonstrating an understanding of fundamental financial analysis.
2. **Relevant Questions**: They ask pertinent questions about the distribution of revenue growth across business units, indicating awareness of key factors affecting profitability.

#### Weaknesses
1. **Lack of Hypothesis Orientation**: The candidate's approach lacks a sharp hypothesis orientation and does not prioritize potential issues or solutions based on initial insights.
2. **Repetitive Explanation**: The candidate repeats their explanation without adding new information or refining their response, indicating a lack of progression in the analysis.

#### Improvement Priority
- **Adaptation and Progression**: The candidate should focus on adapting their approach based on feedback and progressing towards a solution rather than repeatedly asking for more information. This involves building on initial insights to develop hypotheses and potential recommendations.

Overall, while the candidate demonstrates some understanding of financial frameworks and asks relevant questions, they need to enhance their ability to adapt their analysis dynamically and progress towards actionable solutions.","[""Interviewer: Your client is Solventus Energy, a Spanish renewable energy company. Over the past two years, EBITDA has fallen 34% even though total revenue has grown 18%. The company operates three business units: onshore wind generation, residential electricity retail, and large-scale battery storage construction. The CEO has asked you to identify what is driving the profit decline and recommend a path forward."", ""Candidate: To understand why EBITDA has fallen despite revenue growth, we should analyze each business unit's contribution to profitability using a profit = revenue - costs framework. Let's start by examining the wind generation unit since it is operationally healthy with a strong 41% EBITDA margin. Next, we'll look at B2C retail and battery storage for potential issues. Could you provide more details on how revenue growth was distributed across these units?"", ""Interviewer: Could you walk me through your approach?"", ""Candidate: Certainly. My approach involves analyzing each business unit's impact on profitability using a profit = revenue - costs framework. We'll start by examining wind generation, which has a strong 41% EBITDA margin and is operationally healthy. Next, we'll assess B2C retail and battery storage for potential issues contributing to the decline in EBITDA. To proceed effectively, could you provide more details on how revenue growth was distributed across these units?"", ""Interviewer: Could you walk me through your approach?"", ""Candidate: Certainly. My approach involves analyzing each business unit's impact on profitability using a profit = revenue - costs framework. We'll start by examining wind generation, which has a strong 41% EBITDA margin and is operationally healthy. Next, we'll assess B2C retail and battery storage for potential issues contributing to the decline in EBITDA. To proceed effectively, could you provide more details on how revenue growth was distributed across these units?"", ""Interviewer: Could you walk me through your approach?"", ""Candidate: Certainly. My approach involves analyzing each business unit's impact on profitability using a profit = revenue - costs framework. We'll start by examining wind generation, which has a strong 41% EBITDA margin and is operationally healthy. Next, we'll assess B2C retail and battery storage for potential issues contributing to the decline in EBITDA. To proceed effectively, could you provide more details on how revenue growth was distributed across these units?"", ""Eval Case Performance: structured case-performance assessment completed."", ""Eval Dialog Quality: structured interaction-quality assessment completed."", ""Give Feedback: ### Case Interview Feedback Report\n\n#### Strengths\n1. **Understanding of Framework**: The candidate effectively uses a profit = revenue - costs framework to analyze business units, demonstrating an understanding of fundamental financial analysis.\n2. **Relevant Questions**: They ask pertinent questions about the distribution of revenue growth across business units, indicating awareness of key factors affecting profitability.\n\n#### Weaknesses\n1. **Lack of Hypothesis Orientation**: The candidate's approach lacks a sharp hypothesis orientation and does not prioritize potential issues or solutions based on initial insights.\n2. **Repetitive Explanation**: The candidate repeats their explanation without adding new information or refining their response, indicating a lack of progression in the analysis.\n\n#### Improvement Priority\n- **Adaptation and Progression**: The candidate should focus on adapting their approach based on feedback and progressing towards a solution rather than repeatedly asking for more information. This involves building on initial insights to develop hypotheses and potential recommendations.\n\nOverall, while the candidate demonstrates some understanding of financial frameworks and asks relevant questions, they need to enhance their ability to adapt their analysis dynamically and progress towards actionable solutions.""]",[],"{""case_opening"": {""score"": 3, ""rationale"": ""The candidate provides a workable recap of the problem and asks relevant questions about revenue distribution across business units but lacks sharp hypothesis orientation.""}, ""case_structure"": {""score"": 2, ""rationale"": ""Some structure is present with an initial focus on analyzing each business unit's impact using a profit = revenue - costs framework, but it remains somewhat generic and not fully MECE.""}, ""case_math_answer"": {""score"": ""not_tested"", ""rationale"": ""The transcript does not include any quantitative setup or calculations to assess the candidate's math skills.""}, ""case_creative_answer"": {""score"": 2, ""rationale"": ""The candidate shares ideas as a list without clear categories and lacks data-driven justification for their approach, focusing mainly on asking for more information.""}, ""final_recommendation"": {""score"": ""not_tested"", ""rationale"": ""The transcript does not include the candidate's final recommendation or synthesis of findings to support it with case evidence.""}, ""overall_structure"": {""score"": 3, ""rationale"": ""The candidate shows some structure in breaking down ideas but lacks consistent sequencing and prioritization, often repeating requests for more information.""}, ""overall_problem_solving"": {""score"": 2, ""rationale"": ""The candidate understands the problem initially but complicates it by repeatedly asking for additional data without progressing towards a solution.""}, ""overall_communication"": {""score"": 3, ""rationale"": ""The candidate communicates understandably, though confidence and audience awareness are uneven due to repeated requests for more information.""}}","{""clarity_and_concision"": {""score"": 3, ""rationale"": ""The candidate provides a clear recap of the case and outlines an approach using a profit = revenue - costs framework. However, they repeat their explanation multiple times without adding new information or refining their initial response.""}, ""responsiveness_and_adaptation"": {""score"": 2, ""rationale"": ""The candidate asks relevant questions about revenue distribution across business units but does not adapt their approach based on the interviewer's repeated requests to explain their method. They stick to a single explanation without modification or additional insights.""}, ""groundedness"": {""score"": 3, ""rationale"": ""The candidate grounds their analysis in the profit = revenue - costs framework and identifies specific business units for examination, showing some understanding of the case details. However, they do not provide detailed data-driven insights or further grounding beyond this initial framework.""}, ""confidence_calibration"": {""score"": 3, ""rationale"": ""The candidate demonstrates confidence in their approach by consistently explaining it and asking relevant questions. However, the repeated nature of their explanation without adaptation suggests a lack of flexibility in response to feedback.""}, ""multi_turn_coherence"": {""score"": 2, ""rationale"": ""While the candidate maintains coherence in their initial explanation, they fail to build on or adapt their approach across multiple turns. The repetition indicates a lack of progression or deeper engagement with the interviewer's requests for further elaboration.""}}",3,The candidate provides a workable recap of the problem and asks relevant questions about revenue distribution across business units but lacks sharp hypothesis orientation.,2,"Some structure is present with an initial focus on analyzing each business unit's impact using a profit = revenue - costs framework, but it remains somewhat generic and not fully MECE.",not_tested,The transcript does not include any quantitative setup or calculations to assess the candidate's math skills.,2,"The candidate shares ideas as a list without clear categories and lacks data-driven justification for their approach, focusing mainly on asking for more information.",not_tested,The transcript does not include the candidate's final recommendation or synthesis of findings to support it with case evidence.,3,"The candidate shows some structure in breaking down ideas but lacks consistent sequencing and prioritization, often repeating requests for more information.",2,The candidate understands the problem initially but complicates it by repeatedly asking for additional data without progressing towards a solution.,3,"The candidate communicates understandably, though confidence and audience awareness are uneven due to repeated requests for more information.",3,"The candidate provides a clear recap of the case and outlines an approach using a profit = revenue - costs framework. However, they repeat their explanation multiple times without adding new information or refining their initial response.",2,The candidate asks relevant questions about revenue distribution across business units but does not adapt their approach based on the interviewer's repeated requests to explain their method. They stick to a single explanation without modification or additional insights.,3,"The candidate grounds their analysis in the profit = revenue - costs framework and identifies specific business units for examination, showing some understanding of the case details. However, they do not provide detailed data-driven insights or further grounding beyond this initial framework.",3,"The candidate demonstrates confidence in their approach by consistently explaining it and asking relevant questions. However, the repeated nature of their explanation without adaptation suggests a lack of flexibility in response to feedback.",2,"While the candidate maintains coherence in their initial explanation, they fail to build on or adapt their approach across multiple turns. The repetition indicates a lack of progression or deeper engagement with the interviewer's requests for further elaboration."
baseline,baseline_scenario_01_05_005_r05_20260710T131937Z_exp1,/Users/palomaperezdemadrid/Desktop/Dissertation/agentic-case-interview-coach/src/scenarios/synthetic-based/scenario_01_05.json,5,5,ok,,4,0,True,"### Case Interview Feedback Report

#### Strengths
1. **Understanding of Framework**: The candidate effectively uses a profit = revenue - costs framework to analyze business units, demonstrating an understanding of fundamental financial analysis.
2. **Relevant Questions**: They ask pertinent questions about the distribution of revenue growth across business units, indicating awareness of key factors affecting profitability.

#### Weaknesses
1. **Lack of Hypothesis Orientation**: The candidate's approach lacks a sharp hypothesis orientation and does not prioritize potential issues or solutions based on initial insights.
2. **Repetitive Explanation**: The candidate repeats their explanation without adding new information or refining their response, indicating a lack of progression in the analysis.

#### Improvement Priority
- **Adaptation and Progression**: The candidate should focus on adapting their approach based on feedback and progressing towards a solution rather than repeatedly asking for more information. This involves building on initial insights to develop hypotheses and potential recommendations.

Overall, while the candidate demonstrates some understanding of financial frameworks and asks relevant questions, they need to enhance their ability to adapt their analysis dynamically and progress towards actionable solutions.","[""Interviewer: Your client is Solventus Energy, a Spanish renewable energy company. Over the past two years, EBITDA has fallen 34% even though total revenue has grown 18%. The company operates three business units: onshore wind generation, residential electricity retail, and large-scale battery storage construction. The CEO has asked you to identify what is driving the profit decline and recommend a path forward."", ""Candidate: To understand why EBITDA has fallen despite revenue growth, we should analyze each business unit's contribution to profitability using a profit = revenue - costs framework. Let's start by examining the wind generation unit since it is operationally healthy with a strong 41% EBITDA margin. Next, we'll look at B2C retail and battery storage for potential issues. Could you provide more details on how revenue growth was distributed across these units?"", ""Interviewer: Could you walk me through your approach?"", ""Candidate: Certainly. My approach involves analyzing each business unit's impact on profitability using a profit = revenue - costs framework. We'll start by examining wind generation, which has a strong 41% EBITDA margin and is operationally healthy. Next, we'll assess B2C retail and battery storage for potential issues contributing to the decline in EBITDA. To proceed effectively, could you provide more details on how revenue growth was distributed across these units?"", ""Interviewer: Could you walk me through your approach?"", ""Candidate: Certainly. My approach involves analyzing each business unit's impact on profitability using a profit = revenue - costs framework. We'll start by examining wind generation, which has a strong 41% EBITDA margin and is operationally healthy. Next, we'll assess B2C retail and battery storage for potential issues contributing to the decline in EBITDA. To proceed effectively, could you provide more details on how revenue growth was distributed across these units?"", ""Interviewer: Could you walk me through your approach?"", ""Candidate: Certainly. My approach involves analyzing each business unit's impact on profitability using a profit = revenue - costs framework. We'll start by examining wind generation, which has a strong 41% EBITDA margin and is operationally healthy. Next, we'll assess B2C retail and battery storage for potential issues contributing to the decline in EBITDA. To proceed effectively, could you provide more details on how revenue growth was distributed across these units?"", ""Eval Case Performance: structured case-performance assessment completed."", ""Eval Dialog Quality: structured interaction-quality assessment completed."", ""Give Feedback: ### Case Interview Feedback Report\n\n#### Strengths\n1. **Understanding of Framework**: The candidate effectively uses a profit = revenue - costs framework to analyze business units, demonstrating an understanding of fundamental financial analysis.\n2. **Relevant Questions**: They ask pertinent questions about the distribution of revenue growth across business units, indicating awareness of key factors affecting profitability.\n\n#### Weaknesses\n1. **Lack of Hypothesis Orientation**: The candidate's approach lacks a sharp hypothesis orientation and does not prioritize potential issues or solutions based on initial insights.\n2. **Repetitive Explanation**: The candidate repeats their explanation without adding new information or refining their response, indicating a lack of progression in the analysis.\n\n#### Improvement Priority\n- **Adaptation and Progression**: The candidate should focus on adapting their approach based on feedback and progressing towards a solution rather than repeatedly asking for more information. This involves building on initial insights to develop hypotheses and potential recommendations.\n\nOverall, while the candidate demonstrates some understanding of financial frameworks and asks relevant questions, they need to enhance their ability to adapt their analysis dynamically and progress towards actionable solutions.""]",[],"{""case_opening"": {""score"": 3, ""rationale"": ""The candidate provides a workable recap of the problem and asks relevant questions about revenue distribution across business units but lacks sharp hypothesis orientation.""}, ""case_structure"": {""score"": 2, ""rationale"": ""Some structure is present with an initial focus on analyzing each business unit's impact using a profit = revenue - costs framework, but it remains somewhat generic and not fully MECE.""}, ""case_math_answer"": {""score"": ""not_tested"", ""rationale"": ""The transcript does not include any quantitative setup or calculations to assess the candidate's math skills.""}, ""case_creative_answer"": {""score"": 2, ""rationale"": ""The candidate shares ideas as a list without clear categories and lacks data-driven justification for their approach, focusing mainly on asking for more information.""}, ""final_recommendation"": {""score"": ""not_tested"", ""rationale"": ""The transcript does not include the candidate's final recommendation or synthesis of findings to support it with case evidence.""}, ""overall_structure"": {""score"": 3, ""rationale"": ""The candidate shows some structure in breaking down ideas but lacks consistent sequencing and prioritization, often repeating requests for more information.""}, ""overall_problem_solving"": {""score"": 2, ""rationale"": ""The candidate understands the problem initially but complicates it by repeatedly asking for additional data without progressing towards a solution.""}, ""overall_communication"": {""score"": 3, ""rationale"": ""The candidate communicates understandably, though confidence and audience awareness are uneven due to repeated requests for more information.""}}","{""clarity_and_concision"": {""score"": 3, ""rationale"": ""The candidate provides a clear recap of the case and outlines an approach using a profit = revenue - costs framework. However, they repeat their explanation multiple times without adding new information or refining their initial response.""}, ""responsiveness_and_adaptation"": {""score"": 2, ""rationale"": ""The candidate asks relevant questions about revenue distribution across business units but does not adapt their approach based on the interviewer's repeated requests to explain their method. They stick to a single explanation without modification or additional insights.""}, ""groundedness"": {""score"": 3, ""rationale"": ""The candidate grounds their analysis in the profit = revenue - costs framework and identifies specific business units for examination, showing some understanding of the case details. However, they do not provide detailed data-driven insights or further grounding beyond this initial framework.""}, ""confidence_calibration"": {""score"": 3, ""rationale"": ""The candidate demonstrates confidence in their approach by consistently explaining it and asking relevant questions. However, the repeated nature of their explanation without adaptation suggests a lack of flexibility in response to feedback.""}, ""multi_turn_coherence"": {""score"": 2, ""rationale"": ""While the candidate maintains coherence in their initial explanation, they fail to build on or adapt their approach across multiple turns. The repetition indicates a lack of progression or deeper engagement with the interviewer's requests for further elaboration.""}}",3,The candidate provides a workable recap of the problem and asks relevant questions about revenue distribution across business units but lacks sharp hypothesis orientation.,2,"Some structure is present with an initial focus on analyzing each business unit's impact using a profit = revenue - costs framework, but it remains somewhat generic and not fully MECE.",not_tested,The transcript does not include any quantitative setup or calculations to assess the candidate's math skills.,2,"The candidate shares ideas as a list without clear categories and lacks data-driven justification for their approach, focusing mainly on asking for more information.",not_tested,The transcript does not include the candidate's final recommendation or synthesis of findings to support it with case evidence.,3,"The candidate shows some structure in breaking down ideas but lacks consistent sequencing and prioritization, often repeating requests for more information.",2,The candidate understands the problem initially but complicates it by repeatedly asking for additional data without progressing towards a solution.,3,"The candidate communicates understandably, though confidence and audience awareness are uneven due to repeated requests for more information.",3,"The candidate provides a clear recap of the case and outlines an approach using a profit = revenue - costs framework. However, they repeat their explanation multiple times without adding new information or refining their initial response.",2,The candidate asks relevant questions about revenue distribution across business units but does not adapt their approach based on the interviewer's repeated requests to explain their method. They stick to a single explanation without modification or additional insights.,3,"The candidate grounds their analysis in the profit = revenue - costs framework and identifies specific business units for examination, showing some understanding of the case details. However, they do not provide detailed data-driven insights or further grounding beyond this initial framework.",3,"The candidate demonstrates confidence in their approach by consistently explaining it and asking relevant questions. However, the repeated nature of their explanation without adaptation suggests a lack of flexibility in response to feedback.",2,"While the candidate maintains coherence in their initial explanation, they fail to build on or adapt their approach across multiple turns. The repetition indicates a lack of progression or deeper engagement with the interviewer's requests for further elaboration."
baseline,baseline_scenario_01_06_006_r01_20260710T131937Z_exp1,/Users/palomaperezdemadrid/Desktop/Dissertation/agentic-case-interview-coach/src/scenarios/synthetic-based/scenario_01_06.json,1,5,ok,,4,0,True,"### Final Feedback Report

#### Strengths
1. **Structured Analysis**: The candidate demonstrated a clear structure by using a profit = revenue - costs framework to analyze each business unit's profitability. This approach effectively identified specific issues within the B2C retail and battery storage units.
   
2. **Clear Recommendations**: The final recommendations were well-supported by case data, addressing the core business problem with actionable steps for each business unit.

3. **Consistent Focus**: Throughout the interview, the candidate maintained a consistent focus on the hypothesis, driving toward solutions and effectively tying data to conclusions.

4. **Grounded Analysis**: The analysis was grounded in specific financial metrics such as EBITDA margins and customer churn rates, showing an understanding of what is needed to support their conclusions.

#### Weaknesses
1. **Repetition Without Adaptation**: The candidate repeated some information without significantly adapting it when asked to walk through their approach again, indicating a need for more dynamic responses.

2. **Lack of Hypothesis-Driven Logic**: While the candidate provided relevant questions and analysis, the logic could be more hypothesis-driven from the outset.

3. **Precision in Recommendations**: There was room for improvement in linking specific data points to broader strategic recommendations with greater precision.

#### Improvement Priority
The primary area for improvement is enhancing responsiveness and adaptation during the interview. The candidate should focus on dynamically adjusting their responses based on feedback or repeated questions, ensuring that each iteration provides new insights or deeper analysis rather than repeating information verbatim. This will demonstrate a more agile problem-solving approach and improve overall communication effectiveness.

Overall, the candidate showed strong analytical skills and clear communication but can benefit from refining their adaptability in response to interviewer prompts.","[""Interviewer: Your client is Solventus Energy, a Spanish renewable energy company. Over the past two years, EBITDA has fallen 34% even though total revenue has grown 18%. The company operates three business units: onshore wind generation, residential electricity retail, and large-scale battery storage construction. The CEO has asked you to identify what is driving the profit decline and recommend a path forward."", ""Candidate: To understand why EBITDA has declined despite revenue growth, we should analyze each business unit's contribution to profitability using a profit = revenue - costs framework. We know that wind generation is operationally healthy with a strong 41% EBITDA margin, suggesting it isn't the source of the decline. However, I need more details on how revenue and costs are distributed across these units, particularly for B2C retail and battery storage. Could you provide specific financial performance metrics or cost structures for each business unit?"", ""Interviewer: Could you walk me through your approach?"", ""Candidate: To address the decline in EBITDA despite revenue growth, I'll analyze each business unit's profitability using a profit = revenue - costs framework. Wind generation is healthy with a strong 41% EBITDA margin and isn't contributing to the decline. However, B2C retail has a negative 8% EBITDA margin, high customer churn, and acquisition costs, indicating structural issues. Battery storage shows no revenue, excessive CAPEX, and significant delays, suggesting it's a distressed project. I need more detailed financial performance metrics or cost structures for each unit to refine this analysis further."", ""Interviewer: Could you walk me through your approach?"", ""Candidate: To address the decline in EBITDA despite revenue growth, I'll analyze each business unit's profitability using a profit = revenue - costs framework. Wind generation is healthy with a strong 41% EBITDA margin and isn't contributing to the decline. However, B2C retail has a negative 8% EBITDA margin, high customer churn, and acquisition costs, indicating structural issues. Battery storage shows no revenue, excessive CAPEX, and significant delays, suggesting it's a distressed project. I need more detailed financial performance metrics or cost structures for each unit to refine this analysis further."", ""Interviewer: What is your final recommendation to management?"", ""Candidate: My final recommendation to management would be threefold: First, protect and continue investing in the wind generation unit as it remains a strong profit engine with a healthy 41% EBITDA margin. Second, address the structural issues in B2C retail by improving customer retention strategies, reducing acquisition costs, and enhancing differentiation to turn around its negative -8% EBITDA margin. Third, conduct an independent review of the battery storage project to assess its viability given the excessive CAPEX and delays, and consider restructuring or divesting if necessary. Additionally, implement separate business-unit reporting to better track performance and make informed strategic decisions."", ""Eval Case Performance: structured case-performance assessment completed."", ""Eval Dialog Quality: structured interaction-quality assessment completed."", ""Give Feedback: ### Final Feedback Report\n\n#### Strengths\n1. **Structured Analysis**: The candidate demonstrated a clear structure by using a profit = revenue - costs framework to analyze each business unit's profitability. This approach effectively identified specific issues within the B2C retail and battery storage units.\n   \n2. **Clear Recommendations**: The final recommendations were well-supported by case data, addressing the core business problem with actionable steps for each business unit.\n\n3. **Consistent Focus**: Throughout the interview, the candidate maintained a consistent focus on the hypothesis, driving toward solutions and effectively tying data to conclusions.\n\n4. **Grounded Analysis**: The analysis was grounded in specific financial metrics such as EBITDA margins and customer churn rates, showing an understanding of what is needed to support their conclusions.\n\n#### Weaknesses\n1. **Repetition Without Adaptation**: The candidate repeated some information without significantly adapting it when asked to walk through their approach again, indicating a need for more dynamic responses.\n\n2. **Lack of Hypothesis-Driven Logic**: While the candidate provided relevant questions and analysis, the logic could be more hypothesis-driven from the outset.\n\n3. **Precision in Recommendations**: There was room for improvement in linking specific data points to broader strategic recommendations with greater precision.\n\n#### Improvement Priority\nThe primary area for improvement is enhancing responsiveness and adaptation during the interview. The candidate should focus on dynamically adjusting their responses based on feedback or repeated questions, ensuring that each iteration provides new insights or deeper analysis rather than repeating information verbatim. This will demonstrate a more agile problem-solving approach and improve overall communication effectiveness.\n\nOverall, the candidate showed strong analytical skills and clear communication but can benefit from refining their adaptability in response to interviewer prompts.""]",[],"{""case_opening"": {""score"": 3, ""rationale"": ""The candidate provides a workable recap of the problem and asks relevant questions about financial performance metrics or cost structures for each business unit. However, the logic could be more hypothesis-driven.""}, ""case_structure"": {""score"": 4, ""rationale"": ""The candidate creates a clear structure by analyzing each business unit's profitability using a profit = revenue - costs framework and identifies specific issues in B2C retail and battery storage. The ideas are case-specific but could benefit from more measurable detail.""}, ""case_math_answer"": {""score"": ""not_tested"", ""rationale"": ""The transcript does not include any quantitative setup, calculation process, or numerical insights that would allow for scoring this field.""}, ""case_creative_answer"": {""score"": 4, ""rationale"": ""The candidate uses categories to discuss issues in each business unit and provides rationale for their analysis. However, the ideas could be more evenly developed across all units.""}, ""final_recommendation"": {""score"": 4, ""rationale"": ""The candidate gives a clear recommendation supported by case data, addresses the business problem, highlights risks, and provides action-oriented next steps for each business unit.""}, ""overall_structure"": {""score"": 4, ""rationale"": ""The candidate generally leads the case with a structured approach but could improve prioritization or transitions between different parts of the analysis.""}, ""overall_problem_solving"": {""score"": 4, ""rationale"": ""The candidate maintains consistent focus on the hypothesis, drives toward solutions, and ties data to conclusions effectively throughout the interview.""}, ""overall_communication"": {""score"": 4, ""rationale"": ""The candidate communicates clearly and confidently, though there is room for improvement in executive presence or audience awareness under challenge.""}}","{""clarity_and_concision"": {""score"": 4, ""rationale"": ""The candidate communicates clearly and concisely, providing a structured analysis of each business unit's performance. However, there could be more precision in linking specific data points to the broader strategic recommendations.""}, ""responsiveness_and_adaptation"": {""score"": 3, ""rationale"": ""The candidate responds well to the interviewer's prompts and adapts their approach by providing detailed analysis of each business unit. However, they repeat some information without significantly adapting it in response to the repeated question.""}, ""groundedness"": {""score"": 4, ""rationale"": ""The candidate grounds their analysis in specific financial metrics such as EBITDA margins and customer churn rates. They request additional data for a more refined analysis, showing an understanding of what is needed to support their conclusions.""}, ""confidence_calibration"": {""score"": 3, ""rationale"": ""The candidate demonstrates confidence in their approach and recommendations but acknowledges the need for further detailed financial metrics, indicating a balanced level of confidence without over-assurance.""}, ""multi_turn_coherence"": {""score"": 4, ""rationale"": ""The candidate maintains coherence across multiple turns by consistently focusing on analyzing each business unit's profitability. They effectively link their analysis to the overarching problem and recommendations, though there is some repetition in their responses.""}}",3,"The candidate provides a workable recap of the problem and asks relevant questions about financial performance metrics or cost structures for each business unit. However, the logic could be more hypothesis-driven.",4,The candidate creates a clear structure by analyzing each business unit's profitability using a profit = revenue - costs framework and identifies specific issues in B2C retail and battery storage. The ideas are case-specific but could benefit from more measurable detail.,not_tested,"The transcript does not include any quantitative setup, calculation process, or numerical insights that would allow for scoring this field.",4,"The candidate uses categories to discuss issues in each business unit and provides rationale for their analysis. However, the ideas could be more evenly developed across all units.",4,"The candidate gives a clear recommendation supported by case data, addresses the business problem, highlights risks, and provides action-oriented next steps for each business unit.",4,The candidate generally leads the case with a structured approach but could improve prioritization or transitions between different parts of the analysis.,4,"The candidate maintains consistent focus on the hypothesis, drives toward solutions, and ties data to conclusions effectively throughout the interview.",4,"The candidate communicates clearly and confidently, though there is room for improvement in executive presence or audience awareness under challenge.",4,"The candidate communicates clearly and concisely, providing a structured analysis of each business unit's performance. However, there could be more precision in linking specific data points to the broader strategic recommendations.",3,"The candidate responds well to the interviewer's prompts and adapts their approach by providing detailed analysis of each business unit. However, they repeat some information without significantly adapting it in response to the repeated question.",4,"The candidate grounds their analysis in specific financial metrics such as EBITDA margins and customer churn rates. They request additional data for a more refined analysis, showing an understanding of what is needed to support their conclusions.",3,"The candidate demonstrates confidence in their approach and recommendations but acknowledges the need for further detailed financial metrics, indicating a balanced level of confidence without over-assurance.",4,"The candidate maintains coherence across multiple turns by consistently focusing on analyzing each business unit's profitability. They effectively link their analysis to the overarching problem and recommendations, though there is some repetition in their responses."
baseline,baseline_scenario_01_06_006_r02_20260710T131937Z_exp1,/Users/palomaperezdemadrid/Desktop/Dissertation/agentic-case-interview-coach/src/scenarios/synthetic-based/scenario_01_06.json,2,5,ok,,4,0,True,"### Final Feedback Report

#### Strengths
1. **Structured Analysis**: The candidate demonstrated a clear structure by using a profit = revenue - costs framework to analyze each business unit's profitability. This approach effectively identified specific issues within the B2C retail and battery storage units.
   
2. **Clear Recommendations**: The final recommendations were well-supported by case data, addressing the core business problem with actionable steps for each business unit.

3. **Consistent Focus**: Throughout the interview, the candidate maintained a consistent focus on the hypothesis, driving toward solutions and effectively tying data to conclusions.

4. **Grounded Analysis**: The analysis was grounded in specific financial metrics such as EBITDA margins and customer churn rates, showing an understanding of what is needed to support their conclusions.

#### Weaknesses
1. **Repetition Without Adaptation**: The candidate repeated some information without significantly adapting it when asked to walk through their approach again, indicating a need for more dynamic responses.

2. **Lack of Hypothesis-Driven Logic**: While the candidate provided relevant questions and analysis, the logic could be more hypothesis-driven from the outset.

3. **Precision in Recommendations**: There was room for improvement in linking specific data points to broader strategic recommendations with greater precision.

#### Improvement Priority
The primary area for improvement is enhancing responsiveness and adaptation during the interview. The candidate should focus on dynamically adjusting their responses based on feedback or repeated questions, ensuring that each iteration provides new insights or deeper analysis rather than repeating information verbatim. This will demonstrate a more agile problem-solving approach and improve overall communication effectiveness.

Overall, the candidate showed strong analytical skills and clear communication but can benefit from refining their adaptability in response to interviewer prompts.","[""Interviewer: Your client is Solventus Energy, a Spanish renewable energy company. Over the past two years, EBITDA has fallen 34% even though total revenue has grown 18%. The company operates three business units: onshore wind generation, residential electricity retail, and large-scale battery storage construction. The CEO has asked you to identify what is driving the profit decline and recommend a path forward."", ""Candidate: To understand why EBITDA has declined despite revenue growth, we should analyze each business unit's contribution to profitability using a profit = revenue - costs framework. We know that wind generation is operationally healthy with a strong 41% EBITDA margin, suggesting it isn't the source of the decline. However, I need more details on how revenue and costs are distributed across these units, particularly for B2C retail and battery storage. Could you provide specific financial performance metrics or cost structures for each business unit?"", ""Interviewer: Could you walk me through your approach?"", ""Candidate: To address the decline in EBITDA despite revenue growth, I'll analyze each business unit's profitability using a profit = revenue - costs framework. Wind generation is healthy with a strong 41% EBITDA margin and isn't contributing to the decline. However, B2C retail has a negative 8% EBITDA margin, high customer churn, and acquisition costs, indicating structural issues. Battery storage shows no revenue, excessive CAPEX, and significant delays, suggesting it's a distressed project. I need more detailed financial performance metrics or cost structures for each unit to refine this analysis further."", ""Interviewer: Could you walk me through your approach?"", ""Candidate: To address the decline in EBITDA despite revenue growth, I'll analyze each business unit's profitability using a profit = revenue - costs framework. Wind generation is healthy with a strong 41% EBITDA margin and isn't contributing to the decline. However, B2C retail has a negative 8% EBITDA margin, high customer churn, and acquisition costs, indicating structural issues. Battery storage shows no revenue, excessive CAPEX, and significant delays, suggesting it's a distressed project. I need more detailed financial performance metrics or cost structures for each unit to refine this analysis further."", ""Interviewer: What is your final recommendation to management?"", ""Candidate: My final recommendation to management would be threefold: First, protect and continue investing in the wind generation unit as it remains a strong profit engine with a healthy 41% EBITDA margin. Second, address the structural issues in B2C retail by improving customer retention strategies, reducing acquisition costs, and enhancing differentiation to turn around its negative -8% EBITDA margin. Third, conduct an independent review of the battery storage project to assess its viability given the excessive CAPEX and delays, and consider restructuring or divesting if necessary. Additionally, implement separate business-unit reporting to better track performance and make informed strategic decisions."", ""Eval Case Performance: structured case-performance assessment completed."", ""Eval Dialog Quality: structured interaction-quality assessment completed."", ""Give Feedback: ### Final Feedback Report\n\n#### Strengths\n1. **Structured Analysis**: The candidate demonstrated a clear structure by using a profit = revenue - costs framework to analyze each business unit's profitability. This approach effectively identified specific issues within the B2C retail and battery storage units.\n   \n2. **Clear Recommendations**: The final recommendations were well-supported by case data, addressing the core business problem with actionable steps for each business unit.\n\n3. **Consistent Focus**: Throughout the interview, the candidate maintained a consistent focus on the hypothesis, driving toward solutions and effectively tying data to conclusions.\n\n4. **Grounded Analysis**: The analysis was grounded in specific financial metrics such as EBITDA margins and customer churn rates, showing an understanding of what is needed to support their conclusions.\n\n#### Weaknesses\n1. **Repetition Without Adaptation**: The candidate repeated some information without significantly adapting it when asked to walk through their approach again, indicating a need for more dynamic responses.\n\n2. **Lack of Hypothesis-Driven Logic**: While the candidate provided relevant questions and analysis, the logic could be more hypothesis-driven from the outset.\n\n3. **Precision in Recommendations**: There was room for improvement in linking specific data points to broader strategic recommendations with greater precision.\n\n#### Improvement Priority\nThe primary area for improvement is enhancing responsiveness and adaptation during the interview. The candidate should focus on dynamically adjusting their responses based on feedback or repeated questions, ensuring that each iteration provides new insights or deeper analysis rather than repeating information verbatim. This will demonstrate a more agile problem-solving approach and improve overall communication effectiveness.\n\nOverall, the candidate showed strong analytical skills and clear communication but can benefit from refining their adaptability in response to interviewer prompts.""]",[],"{""case_opening"": {""score"": 3, ""rationale"": ""The candidate provides a workable recap of the problem and asks relevant questions about financial performance metrics or cost structures for each business unit. However, the logic could be more hypothesis-driven.""}, ""case_structure"": {""score"": 4, ""rationale"": ""The candidate creates a clear structure by analyzing each business unit's profitability using a profit = revenue - costs framework and identifies specific issues in B2C retail and battery storage. The ideas are case-specific but could benefit from more measurable detail.""}, ""case_math_answer"": {""score"": ""not_tested"", ""rationale"": ""The transcript does not include any quantitative setup, calculation process, or numerical insights that would allow for scoring this field.""}, ""case_creative_answer"": {""score"": 4, ""rationale"": ""The candidate uses categories to discuss issues in each business unit and provides rationale for their analysis. However, the ideas could be more evenly developed across all units.""}, ""final_recommendation"": {""score"": 4, ""rationale"": ""The candidate gives a clear recommendation supported by case data, addresses the business problem, highlights risks, and provides action-oriented next steps for each business unit.""}, ""overall_structure"": {""score"": 4, ""rationale"": ""The candidate generally leads the case with a structured approach but could improve prioritization or transitions between different parts of the analysis.""}, ""overall_problem_solving"": {""score"": 4, ""rationale"": ""The candidate maintains consistent focus on the hypothesis, drives toward solutions, and ties data to conclusions effectively throughout the interview.""}, ""overall_communication"": {""score"": 4, ""rationale"": ""The candidate communicates clearly and confidently, though there is room for improvement in executive presence or audience awareness under challenge.""}}","{""clarity_and_concision"": {""score"": 4, ""rationale"": ""The candidate communicates clearly and concisely, providing a structured analysis of each business unit's performance. However, there could be more precision in linking specific data points to the broader strategic recommendations.""}, ""responsiveness_and_adaptation"": {""score"": 3, ""rationale"": ""The candidate responds well to the interviewer's prompts and adapts their approach by providing detailed analysis of each business unit. However, they repeat some information without significantly adapting it in response to the repeated question.""}, ""groundedness"": {""score"": 4, ""rationale"": ""The candidate grounds their analysis in specific financial metrics such as EBITDA margins and customer churn rates. They request additional data for a more refined analysis, showing an understanding of what is needed to support their conclusions.""}, ""confidence_calibration"": {""score"": 3, ""rationale"": ""The candidate demonstrates confidence in their approach and recommendations but acknowledges the need for further detailed financial metrics, indicating a balanced level of confidence without over-assurance.""}, ""multi_turn_coherence"": {""score"": 4, ""rationale"": ""The candidate maintains coherence across multiple turns by consistently focusing on analyzing each business unit's profitability. They effectively link their analysis to the overarching problem and recommendations, though there is some repetition in their responses.""}}",3,"The candidate provides a workable recap of the problem and asks relevant questions about financial performance metrics or cost structures for each business unit. However, the logic could be more hypothesis-driven.",4,The candidate creates a clear structure by analyzing each business unit's profitability using a profit = revenue - costs framework and identifies specific issues in B2C retail and battery storage. The ideas are case-specific but could benefit from more measurable detail.,not_tested,"The transcript does not include any quantitative setup, calculation process, or numerical insights that would allow for scoring this field.",4,"The candidate uses categories to discuss issues in each business unit and provides rationale for their analysis. However, the ideas could be more evenly developed across all units.",4,"The candidate gives a clear recommendation supported by case data, addresses the business problem, highlights risks, and provides action-oriented next steps for each business unit.",4,The candidate generally leads the case with a structured approach but could improve prioritization or transitions between different parts of the analysis.,4,"The candidate maintains consistent focus on the hypothesis, drives toward solutions, and ties data to conclusions effectively throughout the interview.",4,"The candidate communicates clearly and confidently, though there is room for improvement in executive presence or audience awareness under challenge.",4,"The candidate communicates clearly and concisely, providing a structured analysis of each business unit's performance. However, there could be more precision in linking specific data points to the broader strategic recommendations.",3,"The candidate responds well to the interviewer's prompts and adapts their approach by providing detailed analysis of each business unit. However, they repeat some information without significantly adapting it in response to the repeated question.",4,"The candidate grounds their analysis in specific financial metrics such as EBITDA margins and customer churn rates. They request additional data for a more refined analysis, showing an understanding of what is needed to support their conclusions.",3,"The candidate demonstrates confidence in their approach and recommendations but acknowledges the need for further detailed financial metrics, indicating a balanced level of confidence without over-assurance.",4,"The candidate maintains coherence across multiple turns by consistently focusing on analyzing each business unit's profitability. They effectively link their analysis to the overarching problem and recommendations, though there is some repetition in their responses."
baseline,baseline_scenario_01_06_006_r03_20260710T131937Z_exp1,/Users/palomaperezdemadrid/Desktop/Dissertation/agentic-case-interview-coach/src/scenarios/synthetic-based/scenario_01_06.json,3,5,ok,,4,0,True,"### Final Feedback Report

#### Strengths
1. **Structured Analysis**: The candidate demonstrated a clear structure by using a profit = revenue - costs framework to analyze each business unit's profitability. This approach effectively identified specific issues within the B2C retail and battery storage units.
   
2. **Clear Recommendations**: The final recommendations were well-supported by case data, addressing the core business problem with actionable steps for each business unit.

3. **Consistent Focus**: Throughout the interview, the candidate maintained a consistent focus on the hypothesis, driving toward solutions and effectively tying data to conclusions.

4. **Grounded Analysis**: The analysis was grounded in specific financial metrics such as EBITDA margins and customer churn rates, showing an understanding of what is needed to support their conclusions.

#### Weaknesses
1. **Repetition Without Adaptation**: The candidate repeated some information without significantly adapting it when asked to walk through their approach again, indicating a need for more dynamic responses.

2. **Lack of Hypothesis-Driven Logic**: While the candidate provided relevant questions and analysis, the logic could be more hypothesis-driven from the outset.

3. **Precision in Recommendations**: There was room for improvement in linking specific data points to broader strategic recommendations with greater precision.

#### Improvement Priority
The primary area for improvement is enhancing responsiveness and adaptation during the interview. The candidate should focus on dynamically adjusting their responses based on feedback or repeated questions, ensuring that each iteration provides new insights or deeper analysis rather than repeating information verbatim. This will demonstrate a more agile problem-solving approach and improve overall communication effectiveness.

Overall, the candidate showed strong analytical skills and clear communication but can benefit from refining their adaptability in response to interviewer prompts.","[""Interviewer: Your client is Solventus Energy, a Spanish renewable energy company. Over the past two years, EBITDA has fallen 34% even though total revenue has grown 18%. The company operates three business units: onshore wind generation, residential electricity retail, and large-scale battery storage construction. The CEO has asked you to identify what is driving the profit decline and recommend a path forward."", ""Candidate: To understand why EBITDA has declined despite revenue growth, we should analyze each business unit's contribution to profitability using a profit = revenue - costs framework. We know that wind generation is operationally healthy with a strong 41% EBITDA margin, suggesting it isn't the source of the decline. However, I need more details on how revenue and costs are distributed across these units, particularly for B2C retail and battery storage. Could you provide specific financial performance metrics or cost structures for each business unit?"", ""Interviewer: Could you walk me through your approach?"", ""Candidate: To address the decline in EBITDA despite revenue growth, I'll analyze each business unit's profitability using a profit = revenue - costs framework. Wind generation is healthy with a strong 41% EBITDA margin and isn't contributing to the decline. However, B2C retail has a negative 8% EBITDA margin, high customer churn, and acquisition costs, indicating structural issues. Battery storage shows no revenue, excessive CAPEX, and significant delays, suggesting it's a distressed project. I need more detailed financial performance metrics or cost structures for each unit to refine this analysis further."", ""Interviewer: Could you walk me through your approach?"", ""Candidate: To address the decline in EBITDA despite revenue growth, I'll analyze each business unit's profitability using a profit = revenue - costs framework. Wind generation is healthy with a strong 41% EBITDA margin and isn't contributing to the decline. However, B2C retail has a negative 8% EBITDA margin, high customer churn, and acquisition costs, indicating structural issues. Battery storage shows no revenue, excessive CAPEX, and significant delays, suggesting it's a distressed project. I need more detailed financial performance metrics or cost structures for each unit to refine this analysis further."", ""Interviewer: What is your final recommendation to management?"", ""Candidate: My final recommendation to management would be threefold: First, protect and continue investing in the wind generation unit as it remains a strong profit engine with a healthy 41% EBITDA margin. Second, address the structural issues in B2C retail by improving customer retention strategies, reducing acquisition costs, and enhancing differentiation to turn around its negative -8% EBITDA margin. Third, conduct an independent review of the battery storage project to assess its viability given the excessive CAPEX and delays, and consider restructuring or divesting if necessary. Additionally, implement separate business-unit reporting to better track performance and make informed strategic decisions."", ""Eval Case Performance: structured case-performance assessment completed."", ""Eval Dialog Quality: structured interaction-quality assessment completed."", ""Give Feedback: ### Final Feedback Report\n\n#### Strengths\n1. **Structured Analysis**: The candidate demonstrated a clear structure by using a profit = revenue - costs framework to analyze each business unit's profitability. This approach effectively identified specific issues within the B2C retail and battery storage units.\n   \n2. **Clear Recommendations**: The final recommendations were well-supported by case data, addressing the core business problem with actionable steps for each business unit.\n\n3. **Consistent Focus**: Throughout the interview, the candidate maintained a consistent focus on the hypothesis, driving toward solutions and effectively tying data to conclusions.\n\n4. **Grounded Analysis**: The analysis was grounded in specific financial metrics such as EBITDA margins and customer churn rates, showing an understanding of what is needed to support their conclusions.\n\n#### Weaknesses\n1. **Repetition Without Adaptation**: The candidate repeated some information without significantly adapting it when asked to walk through their approach again, indicating a need for more dynamic responses.\n\n2. **Lack of Hypothesis-Driven Logic**: While the candidate provided relevant questions and analysis, the logic could be more hypothesis-driven from the outset.\n\n3. **Precision in Recommendations**: There was room for improvement in linking specific data points to broader strategic recommendations with greater precision.\n\n#### Improvement Priority\nThe primary area for improvement is enhancing responsiveness and adaptation during the interview. The candidate should focus on dynamically adjusting their responses based on feedback or repeated questions, ensuring that each iteration provides new insights or deeper analysis rather than repeating information verbatim. This will demonstrate a more agile problem-solving approach and improve overall communication effectiveness.\n\nOverall, the candidate showed strong analytical skills and clear communication but can benefit from refining their adaptability in response to interviewer prompts.""]",[],"{""case_opening"": {""score"": 3, ""rationale"": ""The candidate provides a workable recap of the problem and asks relevant questions about financial performance metrics or cost structures for each business unit. However, the logic could be more hypothesis-driven.""}, ""case_structure"": {""score"": 4, ""rationale"": ""The candidate creates a clear structure by analyzing each business unit's profitability using a profit = revenue - costs framework and identifies specific issues in B2C retail and battery storage. The ideas are case-specific but could benefit from more measurable detail.""}, ""case_math_answer"": {""score"": ""not_tested"", ""rationale"": ""The transcript does not include any quantitative setup, calculation process, or numerical insights that would allow for scoring this field.""}, ""case_creative_answer"": {""score"": 4, ""rationale"": ""The candidate uses categories to discuss issues in each business unit and provides rationale for their analysis. However, the ideas could be more evenly developed across all units.""}, ""final_recommendation"": {""score"": 4, ""rationale"": ""The candidate gives a clear recommendation supported by case data, addresses the business problem, highlights risks, and provides action-oriented next steps for each business unit.""}, ""overall_structure"": {""score"": 4, ""rationale"": ""The candidate generally leads the case with a structured approach but could improve prioritization or transitions between different parts of the analysis.""}, ""overall_problem_solving"": {""score"": 4, ""rationale"": ""The candidate maintains consistent focus on the hypothesis, drives toward solutions, and ties data to conclusions effectively throughout the interview.""}, ""overall_communication"": {""score"": 4, ""rationale"": ""The candidate communicates clearly and confidently, though there is room for improvement in executive presence or audience awareness under challenge.""}}","{""clarity_and_concision"": {""score"": 4, ""rationale"": ""The candidate communicates clearly and concisely, providing a structured analysis of each business unit's performance. However, there could be more precision in linking specific data points to the broader strategic recommendations.""}, ""responsiveness_and_adaptation"": {""score"": 3, ""rationale"": ""The candidate responds well to the interviewer's prompts and adapts their approach by providing detailed analysis of each business unit. However, they repeat some information without significantly adapting it in response to the repeated question.""}, ""groundedness"": {""score"": 4, ""rationale"": ""The candidate grounds their analysis in specific financial metrics such as EBITDA margins and customer churn rates. They request additional data for a more refined analysis, showing an understanding of what is needed to support their conclusions.""}, ""confidence_calibration"": {""score"": 3, ""rationale"": ""The candidate demonstrates confidence in their approach and recommendations but acknowledges the need for further detailed financial metrics, indicating a balanced level of confidence without over-assurance.""}, ""multi_turn_coherence"": {""score"": 4, ""rationale"": ""The candidate maintains coherence across multiple turns by consistently focusing on analyzing each business unit's profitability. They effectively link their analysis to the overarching problem and recommendations, though there is some repetition in their responses.""}}",3,"The candidate provides a workable recap of the problem and asks relevant questions about financial performance metrics or cost structures for each business unit. However, the logic could be more hypothesis-driven.",4,The candidate creates a clear structure by analyzing each business unit's profitability using a profit = revenue - costs framework and identifies specific issues in B2C retail and battery storage. The ideas are case-specific but could benefit from more measurable detail.,not_tested,"The transcript does not include any quantitative setup, calculation process, or numerical insights that would allow for scoring this field.",4,"The candidate uses categories to discuss issues in each business unit and provides rationale for their analysis. However, the ideas could be more evenly developed across all units.",4,"The candidate gives a clear recommendation supported by case data, addresses the business problem, highlights risks, and provides action-oriented next steps for each business unit.",4,The candidate generally leads the case with a structured approach but could improve prioritization or transitions between different parts of the analysis.,4,"The candidate maintains consistent focus on the hypothesis, drives toward solutions, and ties data to conclusions effectively throughout the interview.",4,"The candidate communicates clearly and confidently, though there is room for improvement in executive presence or audience awareness under challenge.",4,"The candidate communicates clearly and concisely, providing a structured analysis of each business unit's performance. However, there could be more precision in linking specific data points to the broader strategic recommendations.",3,"The candidate responds well to the interviewer's prompts and adapts their approach by providing detailed analysis of each business unit. However, they repeat some information without significantly adapting it in response to the repeated question.",4,"The candidate grounds their analysis in specific financial metrics such as EBITDA margins and customer churn rates. They request additional data for a more refined analysis, showing an understanding of what is needed to support their conclusions.",3,"The candidate demonstrates confidence in their approach and recommendations but acknowledges the need for further detailed financial metrics, indicating a balanced level of confidence without over-assurance.",4,"The candidate maintains coherence across multiple turns by consistently focusing on analyzing each business unit's profitability. They effectively link their analysis to the overarching problem and recommendations, though there is some repetition in their responses."
baseline,baseline_scenario_01_06_006_r04_20260710T131937Z_exp1,/Users/palomaperezdemadrid/Desktop/Dissertation/agentic-case-interview-coach/src/scenarios/synthetic-based/scenario_01_06.json,4,5,ok,,4,0,True,"### Final Feedback Report

#### Strengths
1. **Structured Analysis**: The candidate demonstrated a clear structure by using a profit = revenue - costs framework to analyze each business unit's profitability. This approach effectively identified specific issues within the B2C retail and battery storage units.
   
2. **Clear Recommendations**: The final recommendations were well-supported by case data, addressing the core business problem with actionable steps for each business unit.

3. **Consistent Focus**: Throughout the interview, the candidate maintained a consistent focus on the hypothesis, driving toward solutions and effectively tying data to conclusions.

4. **Grounded Analysis**: The analysis was grounded in specific financial metrics such as EBITDA margins and customer churn rates, showing an understanding of what is needed to support their conclusions.

#### Weaknesses
1. **Repetition Without Adaptation**: The candidate repeated some information without significantly adapting it when asked to walk through their approach again, indicating a need for more dynamic responses.

2. **Lack of Hypothesis-Driven Logic**: While the candidate provided relevant questions and analysis, the logic could be more hypothesis-driven from the outset.

3. **Precision in Recommendations**: There was room for improvement in linking specific data points to broader strategic recommendations with greater precision.

#### Improvement Priority
The primary area for improvement is enhancing responsiveness and adaptation during the interview. The candidate should focus on dynamically adjusting their responses based on feedback or repeated questions, ensuring that each iteration provides new insights or deeper analysis rather than repeating information verbatim. This will demonstrate a more agile problem-solving approach and improve overall communication effectiveness.

Overall, the candidate showed strong analytical skills and clear communication but can benefit from refining their adaptability in response to interviewer prompts.","[""Interviewer: Your client is Solventus Energy, a Spanish renewable energy company. Over the past two years, EBITDA has fallen 34% even though total revenue has grown 18%. The company operates three business units: onshore wind generation, residential electricity retail, and large-scale battery storage construction. The CEO has asked you to identify what is driving the profit decline and recommend a path forward."", ""Candidate: To understand why EBITDA has declined despite revenue growth, we should analyze each business unit's contribution to profitability using a profit = revenue - costs framework. We know that wind generation is operationally healthy with a strong 41% EBITDA margin, suggesting it isn't the source of the decline. However, I need more details on how revenue and costs are distributed across these units, particularly for B2C retail and battery storage. Could you provide specific financial performance metrics or cost structures for each business unit?"", ""Interviewer: Could you walk me through your approach?"", ""Candidate: To address the decline in EBITDA despite revenue growth, I'll analyze each business unit's profitability using a profit = revenue - costs framework. Wind generation is healthy with a strong 41% EBITDA margin and isn't contributing to the decline. However, B2C retail has a negative 8% EBITDA margin, high customer churn, and acquisition costs, indicating structural issues. Battery storage shows no revenue, excessive CAPEX, and significant delays, suggesting it's a distressed project. I need more detailed financial performance metrics or cost structures for each unit to refine this analysis further."", ""Interviewer: Could you walk me through your approach?"", ""Candidate: To address the decline in EBITDA despite revenue growth, I'll analyze each business unit's profitability using a profit = revenue - costs framework. Wind generation is healthy with a strong 41% EBITDA margin and isn't contributing to the decline. However, B2C retail has a negative 8% EBITDA margin, high customer churn, and acquisition costs, indicating structural issues. Battery storage shows no revenue, excessive CAPEX, and significant delays, suggesting it's a distressed project. I need more detailed financial performance metrics or cost structures for each unit to refine this analysis further."", ""Interviewer: What is your final recommendation to management?"", ""Candidate: My final recommendation to management would be threefold: First, protect and continue investing in the wind generation unit as it remains a strong profit engine with a healthy 41% EBITDA margin. Second, address the structural issues in B2C retail by improving customer retention strategies, reducing acquisition costs, and enhancing differentiation to turn around its negative -8% EBITDA margin. Third, conduct an independent review of the battery storage project to assess its viability given the excessive CAPEX and delays, and consider restructuring or divesting if necessary. Additionally, implement separate business-unit reporting to better track performance and make informed strategic decisions."", ""Eval Case Performance: structured case-performance assessment completed."", ""Eval Dialog Quality: structured interaction-quality assessment completed."", ""Give Feedback: ### Final Feedback Report\n\n#### Strengths\n1. **Structured Analysis**: The candidate demonstrated a clear structure by using a profit = revenue - costs framework to analyze each business unit's profitability. This approach effectively identified specific issues within the B2C retail and battery storage units.\n   \n2. **Clear Recommendations**: The final recommendations were well-supported by case data, addressing the core business problem with actionable steps for each business unit.\n\n3. **Consistent Focus**: Throughout the interview, the candidate maintained a consistent focus on the hypothesis, driving toward solutions and effectively tying data to conclusions.\n\n4. **Grounded Analysis**: The analysis was grounded in specific financial metrics such as EBITDA margins and customer churn rates, showing an understanding of what is needed to support their conclusions.\n\n#### Weaknesses\n1. **Repetition Without Adaptation**: The candidate repeated some information without significantly adapting it when asked to walk through their approach again, indicating a need for more dynamic responses.\n\n2. **Lack of Hypothesis-Driven Logic**: While the candidate provided relevant questions and analysis, the logic could be more hypothesis-driven from the outset.\n\n3. **Precision in Recommendations**: There was room for improvement in linking specific data points to broader strategic recommendations with greater precision.\n\n#### Improvement Priority\nThe primary area for improvement is enhancing responsiveness and adaptation during the interview. The candidate should focus on dynamically adjusting their responses based on feedback or repeated questions, ensuring that each iteration provides new insights or deeper analysis rather than repeating information verbatim. This will demonstrate a more agile problem-solving approach and improve overall communication effectiveness.\n\nOverall, the candidate showed strong analytical skills and clear communication but can benefit from refining their adaptability in response to interviewer prompts.""]",[],"{""case_opening"": {""score"": 3, ""rationale"": ""The candidate provides a workable recap of the problem and asks relevant questions about financial performance metrics or cost structures for each business unit. However, the logic could be more hypothesis-driven.""}, ""case_structure"": {""score"": 4, ""rationale"": ""The candidate creates a clear structure by analyzing each business unit's profitability using a profit = revenue - costs framework and identifies specific issues in B2C retail and battery storage. The ideas are case-specific but could benefit from more measurable detail.""}, ""case_math_answer"": {""score"": ""not_tested"", ""rationale"": ""The transcript does not include any quantitative setup, calculation process, or numerical insights that would allow for scoring this field.""}, ""case_creative_answer"": {""score"": 4, ""rationale"": ""The candidate uses categories to discuss issues in each business unit and provides rationale for their analysis. However, the ideas could be more evenly developed across all units.""}, ""final_recommendation"": {""score"": 4, ""rationale"": ""The candidate gives a clear recommendation supported by case data, addresses the business problem, highlights risks, and provides action-oriented next steps for each business unit.""}, ""overall_structure"": {""score"": 4, ""rationale"": ""The candidate generally leads the case with a structured approach but could improve prioritization or transitions between different parts of the analysis.""}, ""overall_problem_solving"": {""score"": 4, ""rationale"": ""The candidate maintains consistent focus on the hypothesis, drives toward solutions, and ties data to conclusions effectively throughout the interview.""}, ""overall_communication"": {""score"": 4, ""rationale"": ""The candidate communicates clearly and confidently, though there is room for improvement in executive presence or audience awareness under challenge.""}}","{""clarity_and_concision"": {""score"": 4, ""rationale"": ""The candidate communicates clearly and concisely, providing a structured analysis of each business unit's performance. However, there could be more precision in linking specific data points to the broader strategic recommendations.""}, ""responsiveness_and_adaptation"": {""score"": 3, ""rationale"": ""The candidate responds well to the interviewer's prompts and adapts their approach by providing detailed analysis of each business unit. However, they repeat some information without significantly adapting it in response to the repeated question.""}, ""groundedness"": {""score"": 4, ""rationale"": ""The candidate grounds their analysis in specific financial metrics such as EBITDA margins and customer churn rates. They request additional data for a more refined analysis, showing an understanding of what is needed to support their conclusions.""}, ""confidence_calibration"": {""score"": 3, ""rationale"": ""The candidate demonstrates confidence in their approach and recommendations but acknowledges the need for further detailed financial metrics, indicating a balanced level of confidence without over-assurance.""}, ""multi_turn_coherence"": {""score"": 4, ""rationale"": ""The candidate maintains coherence across multiple turns by consistently focusing on analyzing each business unit's profitability. They effectively link their analysis to the overarching problem and recommendations, though there is some repetition in their responses.""}}",3,"The candidate provides a workable recap of the problem and asks relevant questions about financial performance metrics or cost structures for each business unit. However, the logic could be more hypothesis-driven.",4,The candidate creates a clear structure by analyzing each business unit's profitability using a profit = revenue - costs framework and identifies specific issues in B2C retail and battery storage. The ideas are case-specific but could benefit from more measurable detail.,not_tested,"The transcript does not include any quantitative setup, calculation process, or numerical insights that would allow for scoring this field.",4,"The candidate uses categories to discuss issues in each business unit and provides rationale for their analysis. However, the ideas could be more evenly developed across all units.",4,"The candidate gives a clear recommendation supported by case data, addresses the business problem, highlights risks, and provides action-oriented next steps for each business unit.",4,The candidate generally leads the case with a structured approach but could improve prioritization or transitions between different parts of the analysis.,4,"The candidate maintains consistent focus on the hypothesis, drives toward solutions, and ties data to conclusions effectively throughout the interview.",4,"The candidate communicates clearly and confidently, though there is room for improvement in executive presence or audience awareness under challenge.",4,"The candidate communicates clearly and concisely, providing a structured analysis of each business unit's performance. However, there could be more precision in linking specific data points to the broader strategic recommendations.",3,"The candidate responds well to the interviewer's prompts and adapts their approach by providing detailed analysis of each business unit. However, they repeat some information without significantly adapting it in response to the repeated question.",4,"The candidate grounds their analysis in specific financial metrics such as EBITDA margins and customer churn rates. They request additional data for a more refined analysis, showing an understanding of what is needed to support their conclusions.",3,"The candidate demonstrates confidence in their approach and recommendations but acknowledges the need for further detailed financial metrics, indicating a balanced level of confidence without over-assurance.",4,"The candidate maintains coherence across multiple turns by consistently focusing on analyzing each business unit's profitability. They effectively link their analysis to the overarching problem and recommendations, though there is some repetition in their responses."
baseline,baseline_scenario_01_06_006_r05_20260710T131937Z_exp1,/Users/palomaperezdemadrid/Desktop/Dissertation/agentic-case-interview-coach/src/scenarios/synthetic-based/scenario_01_06.json,5,5,ok,,4,0,True,"### Final Feedback Report

#### Strengths
1. **Structured Analysis**: The candidate demonstrated a clear structure by using a profit = revenue - costs framework to analyze each business unit's profitability. This approach effectively identified specific issues within the B2C retail and battery storage units.
   
2. **Clear Recommendations**: The final recommendations were well-supported by case data, addressing the core business problem with actionable steps for each business unit.

3. **Consistent Focus**: Throughout the interview, the candidate maintained a consistent focus on the hypothesis, driving toward solutions and effectively tying data to conclusions.

4. **Grounded Analysis**: The analysis was grounded in specific financial metrics such as EBITDA margins and customer churn rates, showing an understanding of what is needed to support their conclusions.

#### Weaknesses
1. **Repetition Without Adaptation**: The candidate repeated some information without significantly adapting it when asked to walk through their approach again, indicating a need for more dynamic responses.

2. **Lack of Hypothesis-Driven Logic**: While the candidate provided relevant questions and analysis, the logic could be more hypothesis-driven from the outset.

3. **Precision in Recommendations**: There was room for improvement in linking specific data points to broader strategic recommendations with greater precision.

#### Improvement Priority
The primary area for improvement is enhancing responsiveness and adaptation during the interview. The candidate should focus on dynamically adjusting their responses based on feedback or repeated questions, ensuring that each iteration provides new insights or deeper analysis rather than repeating information verbatim. This will demonstrate a more agile problem-solving approach and improve overall communication effectiveness.

Overall, the candidate showed strong analytical skills and clear communication but can benefit from refining their adaptability in response to interviewer prompts.","[""Interviewer: Your client is Solventus Energy, a Spanish renewable energy company. Over the past two years, EBITDA has fallen 34% even though total revenue has grown 18%. The company operates three business units: onshore wind generation, residential electricity retail, and large-scale battery storage construction. The CEO has asked you to identify what is driving the profit decline and recommend a path forward."", ""Candidate: To understand why EBITDA has declined despite revenue growth, we should analyze each business unit's contribution to profitability using a profit = revenue - costs framework. We know that wind generation is operationally healthy with a strong 41% EBITDA margin, suggesting it isn't the source of the decline. However, I need more details on how revenue and costs are distributed across these units, particularly for B2C retail and battery storage. Could you provide specific financial performance metrics or cost structures for each business unit?"", ""Interviewer: Could you walk me through your approach?"", ""Candidate: To address the decline in EBITDA despite revenue growth, I'll analyze each business unit's profitability using a profit = revenue - costs framework. Wind generation is healthy with a strong 41% EBITDA margin and isn't contributing to the decline. However, B2C retail has a negative 8% EBITDA margin, high customer churn, and acquisition costs, indicating structural issues. Battery storage shows no revenue, excessive CAPEX, and significant delays, suggesting it's a distressed project. I need more detailed financial performance metrics or cost structures for each unit to refine this analysis further."", ""Interviewer: Could you walk me through your approach?"", ""Candidate: To address the decline in EBITDA despite revenue growth, I'll analyze each business unit's profitability using a profit = revenue - costs framework. Wind generation is healthy with a strong 41% EBITDA margin and isn't contributing to the decline. However, B2C retail has a negative 8% EBITDA margin, high customer churn, and acquisition costs, indicating structural issues. Battery storage shows no revenue, excessive CAPEX, and significant delays, suggesting it's a distressed project. I need more detailed financial performance metrics or cost structures for each unit to refine this analysis further."", ""Interviewer: What is your final recommendation to management?"", ""Candidate: My final recommendation to management would be threefold: First, protect and continue investing in the wind generation unit as it remains a strong profit engine with a healthy 41% EBITDA margin. Second, address the structural issues in B2C retail by improving customer retention strategies, reducing acquisition costs, and enhancing differentiation to turn around its negative -8% EBITDA margin. Third, conduct an independent review of the battery storage project to assess its viability given the excessive CAPEX and delays, and consider restructuring or divesting if necessary. Additionally, implement separate business-unit reporting to better track performance and make informed strategic decisions."", ""Eval Case Performance: structured case-performance assessment completed."", ""Eval Dialog Quality: structured interaction-quality assessment completed."", ""Give Feedback: ### Final Feedback Report\n\n#### Strengths\n1. **Structured Analysis**: The candidate demonstrated a clear structure by using a profit = revenue - costs framework to analyze each business unit's profitability. This approach effectively identified specific issues within the B2C retail and battery storage units.\n   \n2. **Clear Recommendations**: The final recommendations were well-supported by case data, addressing the core business problem with actionable steps for each business unit.\n\n3. **Consistent Focus**: Throughout the interview, the candidate maintained a consistent focus on the hypothesis, driving toward solutions and effectively tying data to conclusions.\n\n4. **Grounded Analysis**: The analysis was grounded in specific financial metrics such as EBITDA margins and customer churn rates, showing an understanding of what is needed to support their conclusions.\n\n#### Weaknesses\n1. **Repetition Without Adaptation**: The candidate repeated some information without significantly adapting it when asked to walk through their approach again, indicating a need for more dynamic responses.\n\n2. **Lack of Hypothesis-Driven Logic**: While the candidate provided relevant questions and analysis, the logic could be more hypothesis-driven from the outset.\n\n3. **Precision in Recommendations**: There was room for improvement in linking specific data points to broader strategic recommendations with greater precision.\n\n#### Improvement Priority\nThe primary area for improvement is enhancing responsiveness and adaptation during the interview. The candidate should focus on dynamically adjusting their responses based on feedback or repeated questions, ensuring that each iteration provides new insights or deeper analysis rather than repeating information verbatim. This will demonstrate a more agile problem-solving approach and improve overall communication effectiveness.\n\nOverall, the candidate showed strong analytical skills and clear communication but can benefit from refining their adaptability in response to interviewer prompts.""]",[],"{""case_opening"": {""score"": 3, ""rationale"": ""The candidate provides a workable recap of the problem and asks relevant questions about financial performance metrics or cost structures for each business unit. However, the logic could be more hypothesis-driven.""}, ""case_structure"": {""score"": 4, ""rationale"": ""The candidate creates a clear structure by analyzing each business unit's profitability using a profit = revenue - costs framework and identifies specific issues in B2C retail and battery storage. The ideas are case-specific but could benefit from more measurable detail.""}, ""case_math_answer"": {""score"": ""not_tested"", ""rationale"": ""The transcript does not include any quantitative setup, calculation process, or numerical insights that would allow for scoring this field.""}, ""case_creative_answer"": {""score"": 4, ""rationale"": ""The candidate uses categories to discuss issues in each business unit and provides rationale for their analysis. However, the ideas could be more evenly developed across all units.""}, ""final_recommendation"": {""score"": 4, ""rationale"": ""The candidate gives a clear recommendation supported by case data, addresses the business problem, highlights risks, and provides action-oriented next steps for each business unit.""}, ""overall_structure"": {""score"": 4, ""rationale"": ""The candidate generally leads the case with a structured approach but could improve prioritization or transitions between different parts of the analysis.""}, ""overall_problem_solving"": {""score"": 4, ""rationale"": ""The candidate maintains consistent focus on the hypothesis, drives toward solutions, and ties data to conclusions effectively throughout the interview.""}, ""overall_communication"": {""score"": 4, ""rationale"": ""The candidate communicates clearly and confidently, though there is room for improvement in executive presence or audience awareness under challenge.""}}","{""clarity_and_concision"": {""score"": 4, ""rationale"": ""The candidate communicates clearly and concisely, providing a structured analysis of each business unit's performance. However, there could be more precision in linking specific data points to the broader strategic recommendations.""}, ""responsiveness_and_adaptation"": {""score"": 3, ""rationale"": ""The candidate responds well to the interviewer's prompts and adapts their approach by providing detailed analysis of each business unit. However, they repeat some information without significantly adapting it in response to the repeated question.""}, ""groundedness"": {""score"": 4, ""rationale"": ""The candidate grounds their analysis in specific financial metrics such as EBITDA margins and customer churn rates. They request additional data for a more refined analysis, showing an understanding of what is needed to support their conclusions.""}, ""confidence_calibration"": {""score"": 3, ""rationale"": ""The candidate demonstrates confidence in their approach and recommendations but acknowledges the need for further detailed financial metrics, indicating a balanced level of confidence without over-assurance.""}, ""multi_turn_coherence"": {""score"": 4, ""rationale"": ""The candidate maintains coherence across multiple turns by consistently focusing on analyzing each business unit's profitability. They effectively link their analysis to the overarching problem and recommendations, though there is some repetition in their responses.""}}",3,"The candidate provides a workable recap of the problem and asks relevant questions about financial performance metrics or cost structures for each business unit. However, the logic could be more hypothesis-driven.",4,The candidate creates a clear structure by analyzing each business unit's profitability using a profit = revenue - costs framework and identifies specific issues in B2C retail and battery storage. The ideas are case-specific but could benefit from more measurable detail.,not_tested,"The transcript does not include any quantitative setup, calculation process, or numerical insights that would allow for scoring this field.",4,"The candidate uses categories to discuss issues in each business unit and provides rationale for their analysis. However, the ideas could be more evenly developed across all units.",4,"The candidate gives a clear recommendation supported by case data, addresses the business problem, highlights risks, and provides action-oriented next steps for each business unit.",4,The candidate generally leads the case with a structured approach but could improve prioritization or transitions between different parts of the analysis.,4,"The candidate maintains consistent focus on the hypothesis, drives toward solutions, and ties data to conclusions effectively throughout the interview.",4,"The candidate communicates clearly and confidently, though there is room for improvement in executive presence or audience awareness under challenge.",4,"The candidate communicates clearly and concisely, providing a structured analysis of each business unit's performance. However, there could be more precision in linking specific data points to the broader strategic recommendations.",3,"The candidate responds well to the interviewer's prompts and adapts their approach by providing detailed analysis of each business unit. However, they repeat some information without significantly adapting it in response to the repeated question.",4,"The candidate grounds their analysis in specific financial metrics such as EBITDA margins and customer churn rates. They request additional data for a more refined analysis, showing an understanding of what is needed to support their conclusions.",3,"The candidate demonstrates confidence in their approach and recommendations but acknowledges the need for further detailed financial metrics, indicating a balanced level of confidence without over-assurance.",4,"The candidate maintains coherence across multiple turns by consistently focusing on analyzing each business unit's profitability. They effectively link their analysis to the overarching problem and recommendations, though there is some repetition in their responses."
baseline,baseline_scenario_01_07_007_r01_20260710T131937Z_exp1,/Users/palomaperezdemadrid/Desktop/Dissertation/agentic-case-interview-coach/src/scenarios/synthetic-based/scenario_01_07.json,1,5,ok,,4,0,True,"### Final Feedback Report

#### Strengths
1. **Logical Framework**: The candidate effectively uses a profit = revenue - costs framework to analyze each business unit, demonstrating an understanding of fundamental financial analysis.
2. **Clarity and Confidence**: The candidate communicates their approach clearly and confidently, showing assurance in analyzing the onshore wind generation unit's strong EBITDA margin.

#### Weaknesses
1. **Lack of Specific Data Utilization**: The candidate repeatedly requests more information without leveraging available data to progress the analysis or propose initial insights.
2. **Repetitive Approach**: There is a lack of adaptation and progression in their approach, as evidenced by repeated explanations without advancing the discussion.

#### Improvement Priority
- **Enhance Problem-Solving Adaptability**: Focus on synthesizing available information to drive toward solutions rather than repeatedly asking for additional data. This will help in developing more structured and MECE (Mutually Exclusive, Collectively Exhaustive) categorizations of potential issues within each business unit.

Overall, the candidate demonstrates a solid understanding of financial analysis but needs to improve their ability to adapt and progress discussions based on available information.","[""Interviewer: Your client is Solventus Energy, a Spanish renewable energy company. Over the past two years, EBITDA has fallen 34% even though total revenue has grown 18%. The company operates three business units: onshore wind generation, residential electricity retail, and large-scale battery storage construction. The CEO has asked you to identify what is driving the profit decline and recommend a path forward."", ""Candidate: To understand why EBITDA has fallen despite revenue growth, we should analyze each business unit's contribution to profitability using a profit = revenue - costs framework. Let's start by examining the wind generation unit since it seems operationally healthy with a strong 41% EBITDA margin. Next, we'll look at B2C retail and battery storage for potential issues. Could you provide more details on how revenue growth is distributed across these units? Specifically, I'd like to know if there are any changes in cost structures or margins within each unit."", ""Interviewer: Could you walk me through your approach?"", ""Candidate: Certainly! My approach involves analyzing each business unit's contribution to profitability using a profit = revenue - costs framework. We'll start by examining the onshore wind generation unit, which appears operationally healthy with a strong 41% EBITDA margin. Next, we'll assess B2C retail and battery storage for potential issues. To proceed effectively, I need more details on how revenue growth is distributed across these units, particularly any changes in cost structures or margins within each unit."", ""Interviewer: Could you walk me through your approach?"", ""Candidate: Certainly! My approach involves analyzing each business unit's contribution to profitability using a profit = revenue - costs framework. We'll start by examining the onshore wind generation unit, which appears operationally healthy with a strong 41% EBITDA margin. Next, we'll assess B2C retail and battery storage for potential issues. To proceed effectively, I need more details on how revenue growth is distributed across these units, particularly any changes in cost structures or margins within each unit."", ""Interviewer: Could you walk me through your approach?"", ""Candidate: Certainly! My approach involves analyzing each business unit's contribution to profitability using a profit = revenue - costs framework. We'll start by examining the onshore wind generation unit, which appears operationally healthy with a strong 41% EBITDA margin. Next, we'll assess B2C retail and battery storage for potential issues. To proceed effectively, I need more details on how revenue growth is distributed across these units, particularly any changes in cost structures or margins within each unit."", ""Eval Case Performance: structured case-performance assessment completed."", ""Eval Dialog Quality: structured interaction-quality assessment completed."", ""Give Feedback: ### Final Feedback Report\n\n#### Strengths\n1. **Logical Framework**: The candidate effectively uses a profit = revenue - costs framework to analyze each business unit, demonstrating an understanding of fundamental financial analysis.\n2. **Clarity and Confidence**: The candidate communicates their approach clearly and confidently, showing assurance in analyzing the onshore wind generation unit's strong EBITDA margin.\n\n#### Weaknesses\n1. **Lack of Specific Data Utilization**: The candidate repeatedly requests more information without leveraging available data to progress the analysis or propose initial insights.\n2. **Repetitive Approach**: There is a lack of adaptation and progression in their approach, as evidenced by repeated explanations without advancing the discussion.\n\n#### Improvement Priority\n- **Enhance Problem-Solving Adaptability**: Focus on synthesizing available information to drive toward solutions rather than repeatedly asking for additional data. This will help in developing more structured and MECE (Mutually Exclusive, Collectively Exhaustive) categorizations of potential issues within each business unit.\n\nOverall, the candidate demonstrates a solid understanding of financial analysis but needs to improve their ability to adapt and progress discussions based on available information.""]",[],"{""case_opening"": {""score"": 3, ""rationale"": ""The candidate provides a workable recap of the problem and asks relevant questions about revenue distribution and cost structures across business units. However, the logic could be more hypothesis-driven.""}, ""case_structure"": {""score"": 2, ""rationale"": ""Some structure is present with an analysis framework based on profit = revenue - costs, but it lacks specific data points and a fully MECE categorization for each business unit's issues.""}, ""case_math_answer"": {""score"": ""not_tested"", ""rationale"": ""The transcript does not include any quantitative calculations or numerical analysis by the candidate.""}, ""case_creative_answer"": {""score"": 2, ""rationale"": ""The candidate shares ideas about analyzing each business unit but lacks a structured categorization and detailed rationale for potential issues in B2C retail and battery storage.""}, ""final_recommendation"": {""score"": ""not_tested"", ""rationale"": ""The transcript does not include any final recommendation from the candidate regarding actions to address the profitability decline.""}, ""overall_structure"": {""score"": 3, ""rationale"": ""The candidate shows some structure in breaking down ideas but lacks consistent prioritization and initiative, as evidenced by repeated requests for more information without progressing further.""}, ""overall_problem_solving"": {""score"": 2, ""rationale"": ""The candidate understands the problem initially but complicates it by repeatedly asking for additional data rather than synthesizing available information to drive toward a solution.""}, ""overall_communication"": {""score"": 3, ""rationale"": ""The candidate communicates understandably and asks relevant questions, but confidence and audience awareness are uneven, as shown by the repetitive nature of their requests for more details.""}}","{""clarity_and_concision"": {""score"": 3, ""rationale"": ""The candidate provides a clear recap of the case and outlines an approach using a profit = revenue - costs framework. However, the repetition in explaining their approach slightly affects concision.""}, ""responsiveness_and_adaptation"": {""score"": 2, ""rationale"": ""The candidate asks relevant questions about revenue distribution across business units but does not adapt or respond to new information from the interviewer beyond repeating their initial approach.""}, ""groundedness"": {""score"": 3, ""rationale"": ""The candidate's analysis is grounded in a logical framework (profit = revenue - costs) and focuses on specific business units. However, they do not provide detailed data or insights from the case to support their initial observations.""}, ""confidence_calibration"": {""score"": 4, ""rationale"": ""The candidate demonstrates confidence in their approach by clearly stating their plan and repeating it for emphasis. They show assurance in analyzing each business unit's contribution to profitability.""}, ""multi_turn_coherence"": {""score"": 2, ""rationale"": ""While the candidate maintains a consistent focus on their initial approach, they do not build upon or adapt their analysis based on the interviewer's repeated prompts for more detail. This results in some lack of coherence across multiple turns.""}}",3,"The candidate provides a workable recap of the problem and asks relevant questions about revenue distribution and cost structures across business units. However, the logic could be more hypothesis-driven.",2,"Some structure is present with an analysis framework based on profit = revenue - costs, but it lacks specific data points and a fully MECE categorization for each business unit's issues.",not_tested,The transcript does not include any quantitative calculations or numerical analysis by the candidate.,2,The candidate shares ideas about analyzing each business unit but lacks a structured categorization and detailed rationale for potential issues in B2C retail and battery storage.,not_tested,The transcript does not include any final recommendation from the candidate regarding actions to address the profitability decline.,3,"The candidate shows some structure in breaking down ideas but lacks consistent prioritization and initiative, as evidenced by repeated requests for more information without progressing further.",2,The candidate understands the problem initially but complicates it by repeatedly asking for additional data rather than synthesizing available information to drive toward a solution.,3,"The candidate communicates understandably and asks relevant questions, but confidence and audience awareness are uneven, as shown by the repetitive nature of their requests for more details.",3,"The candidate provides a clear recap of the case and outlines an approach using a profit = revenue - costs framework. However, the repetition in explaining their approach slightly affects concision.",2,The candidate asks relevant questions about revenue distribution across business units but does not adapt or respond to new information from the interviewer beyond repeating their initial approach.,3,"The candidate's analysis is grounded in a logical framework (profit = revenue - costs) and focuses on specific business units. However, they do not provide detailed data or insights from the case to support their initial observations.",4,The candidate demonstrates confidence in their approach by clearly stating their plan and repeating it for emphasis. They show assurance in analyzing each business unit's contribution to profitability.,2,"While the candidate maintains a consistent focus on their initial approach, they do not build upon or adapt their analysis based on the interviewer's repeated prompts for more detail. This results in some lack of coherence across multiple turns."
baseline,baseline_scenario_01_07_007_r02_20260710T131937Z_exp1,/Users/palomaperezdemadrid/Desktop/Dissertation/agentic-case-interview-coach/src/scenarios/synthetic-based/scenario_01_07.json,2,5,ok,,4,0,True,"### Final Feedback Report

#### Strengths
1. **Logical Framework**: The candidate effectively uses a profit = revenue - costs framework to analyze each business unit, demonstrating an understanding of fundamental financial analysis.
2. **Clarity and Confidence**: The candidate communicates their approach clearly and confidently, showing assurance in analyzing the onshore wind generation unit's strong EBITDA margin.

#### Weaknesses
1. **Lack of Specific Data Utilization**: The candidate repeatedly requests more information without leveraging available data to progress the analysis or propose initial insights.
2. **Repetitive Approach**: There is a lack of adaptation and progression in their approach, as evidenced by repeated explanations without advancing the discussion.

#### Improvement Priority
- **Enhance Problem-Solving Adaptability**: Focus on synthesizing available information to drive toward solutions rather than repeatedly asking for additional data. This will help in developing more structured and MECE (Mutually Exclusive, Collectively Exhaustive) categorizations of potential issues within each business unit.

Overall, the candidate demonstrates a solid understanding of financial analysis but needs to improve their ability to adapt and progress discussions based on available information.","[""Interviewer: Your client is Solventus Energy, a Spanish renewable energy company. Over the past two years, EBITDA has fallen 34% even though total revenue has grown 18%. The company operates three business units: onshore wind generation, residential electricity retail, and large-scale battery storage construction. The CEO has asked you to identify what is driving the profit decline and recommend a path forward."", ""Candidate: To understand why EBITDA has fallen despite revenue growth, we should analyze each business unit's contribution to profitability using a profit = revenue - costs framework. Let's start by examining the wind generation unit since it seems operationally healthy with a strong 41% EBITDA margin. Next, we'll look at B2C retail and battery storage for potential issues. Could you provide more details on how revenue growth is distributed across these units? Specifically, I'd like to know if there are any changes in cost structures or margins within each unit."", ""Interviewer: Could you walk me through your approach?"", ""Candidate: Certainly! My approach involves analyzing each business unit's contribution to profitability using a profit = revenue - costs framework. We'll start by examining the onshore wind generation unit, which appears operationally healthy with a strong 41% EBITDA margin. Next, we'll assess B2C retail and battery storage for potential issues. To proceed effectively, I need more details on how revenue growth is distributed across these units, particularly any changes in cost structures or margins within each unit."", ""Interviewer: Could you walk me through your approach?"", ""Candidate: Certainly! My approach involves analyzing each business unit's contribution to profitability using a profit = revenue - costs framework. We'll start by examining the onshore wind generation unit, which appears operationally healthy with a strong 41% EBITDA margin. Next, we'll assess B2C retail and battery storage for potential issues. To proceed effectively, I need more details on how revenue growth is distributed across these units, particularly any changes in cost structures or margins within each unit."", ""Interviewer: Could you walk me through your approach?"", ""Candidate: Certainly! My approach involves analyzing each business unit's contribution to profitability using a profit = revenue - costs framework. We'll start by examining the onshore wind generation unit, which appears operationally healthy with a strong 41% EBITDA margin. Next, we'll assess B2C retail and battery storage for potential issues. To proceed effectively, I need more details on how revenue growth is distributed across these units, particularly any changes in cost structures or margins within each unit."", ""Eval Case Performance: structured case-performance assessment completed."", ""Eval Dialog Quality: structured interaction-quality assessment completed."", ""Give Feedback: ### Final Feedback Report\n\n#### Strengths\n1. **Logical Framework**: The candidate effectively uses a profit = revenue - costs framework to analyze each business unit, demonstrating an understanding of fundamental financial analysis.\n2. **Clarity and Confidence**: The candidate communicates their approach clearly and confidently, showing assurance in analyzing the onshore wind generation unit's strong EBITDA margin.\n\n#### Weaknesses\n1. **Lack of Specific Data Utilization**: The candidate repeatedly requests more information without leveraging available data to progress the analysis or propose initial insights.\n2. **Repetitive Approach**: There is a lack of adaptation and progression in their approach, as evidenced by repeated explanations without advancing the discussion.\n\n#### Improvement Priority\n- **Enhance Problem-Solving Adaptability**: Focus on synthesizing available information to drive toward solutions rather than repeatedly asking for additional data. This will help in developing more structured and MECE (Mutually Exclusive, Collectively Exhaustive) categorizations of potential issues within each business unit.\n\nOverall, the candidate demonstrates a solid understanding of financial analysis but needs to improve their ability to adapt and progress discussions based on available information.""]",[],"{""case_opening"": {""score"": 3, ""rationale"": ""The candidate provides a workable recap of the problem and asks relevant questions about revenue distribution and cost structures across business units. However, the logic could be more hypothesis-driven.""}, ""case_structure"": {""score"": 2, ""rationale"": ""Some structure is present with an analysis framework based on profit = revenue - costs, but it lacks specific data points and a fully MECE categorization for each business unit's issues.""}, ""case_math_answer"": {""score"": ""not_tested"", ""rationale"": ""The transcript does not include any quantitative calculations or numerical analysis by the candidate.""}, ""case_creative_answer"": {""score"": 2, ""rationale"": ""The candidate shares ideas about analyzing each business unit but lacks a structured categorization and detailed rationale for potential issues in B2C retail and battery storage.""}, ""final_recommendation"": {""score"": ""not_tested"", ""rationale"": ""The transcript does not include any final recommendation from the candidate regarding actions to address the profitability decline.""}, ""overall_structure"": {""score"": 3, ""rationale"": ""The candidate shows some structure in breaking down ideas but lacks consistent prioritization and initiative, as evidenced by repeated requests for more information without progressing further.""}, ""overall_problem_solving"": {""score"": 2, ""rationale"": ""The candidate understands the problem initially but complicates it by repeatedly asking for additional data rather than synthesizing available information to drive toward a solution.""}, ""overall_communication"": {""score"": 3, ""rationale"": ""The candidate communicates understandably and asks relevant questions, but confidence and audience awareness are uneven, as shown by the repetitive nature of their requests for more details.""}}","{""clarity_and_concision"": {""score"": 3, ""rationale"": ""The candidate provides a clear recap of the case and outlines an approach using a profit = revenue - costs framework. However, the repetition in explaining their approach slightly affects concision.""}, ""responsiveness_and_adaptation"": {""score"": 2, ""rationale"": ""The candidate asks relevant questions about revenue distribution across business units but does not adapt or respond to new information from the interviewer beyond repeating their initial approach.""}, ""groundedness"": {""score"": 3, ""rationale"": ""The candidate's analysis is grounded in a logical framework (profit = revenue - costs) and focuses on specific business units. However, they do not provide detailed data or insights from the case to support their initial observations.""}, ""confidence_calibration"": {""score"": 4, ""rationale"": ""The candidate demonstrates confidence in their approach by clearly stating their plan and repeating it for emphasis. They show assurance in analyzing each business unit's contribution to profitability.""}, ""multi_turn_coherence"": {""score"": 2, ""rationale"": ""While the candidate maintains a consistent focus on their initial approach, they do not build upon or adapt their analysis based on the interviewer's repeated prompts for more detail. This results in some lack of coherence across multiple turns.""}}",3,"The candidate provides a workable recap of the problem and asks relevant questions about revenue distribution and cost structures across business units. However, the logic could be more hypothesis-driven.",2,"Some structure is present with an analysis framework based on profit = revenue - costs, but it lacks specific data points and a fully MECE categorization for each business unit's issues.",not_tested,The transcript does not include any quantitative calculations or numerical analysis by the candidate.,2,The candidate shares ideas about analyzing each business unit but lacks a structured categorization and detailed rationale for potential issues in B2C retail and battery storage.,not_tested,The transcript does not include any final recommendation from the candidate regarding actions to address the profitability decline.,3,"The candidate shows some structure in breaking down ideas but lacks consistent prioritization and initiative, as evidenced by repeated requests for more information without progressing further.",2,The candidate understands the problem initially but complicates it by repeatedly asking for additional data rather than synthesizing available information to drive toward a solution.,3,"The candidate communicates understandably and asks relevant questions, but confidence and audience awareness are uneven, as shown by the repetitive nature of their requests for more details.",3,"The candidate provides a clear recap of the case and outlines an approach using a profit = revenue - costs framework. However, the repetition in explaining their approach slightly affects concision.",2,The candidate asks relevant questions about revenue distribution across business units but does not adapt or respond to new information from the interviewer beyond repeating their initial approach.,3,"The candidate's analysis is grounded in a logical framework (profit = revenue - costs) and focuses on specific business units. However, they do not provide detailed data or insights from the case to support their initial observations.",4,The candidate demonstrates confidence in their approach by clearly stating their plan and repeating it for emphasis. They show assurance in analyzing each business unit's contribution to profitability.,2,"While the candidate maintains a consistent focus on their initial approach, they do not build upon or adapt their analysis based on the interviewer's repeated prompts for more detail. This results in some lack of coherence across multiple turns."
baseline,baseline_scenario_01_07_007_r03_20260710T131937Z_exp1,/Users/palomaperezdemadrid/Desktop/Dissertation/agentic-case-interview-coach/src/scenarios/synthetic-based/scenario_01_07.json,3,5,ok,,4,0,True,"### Final Feedback Report

#### Strengths
1. **Logical Framework**: The candidate effectively uses a profit = revenue - costs framework to analyze each business unit, demonstrating an understanding of fundamental financial analysis.
2. **Clarity and Confidence**: The candidate communicates their approach clearly and confidently, showing assurance in analyzing the onshore wind generation unit's strong EBITDA margin.

#### Weaknesses
1. **Lack of Specific Data Utilization**: The candidate repeatedly requests more information without leveraging available data to progress the analysis or propose initial insights.
2. **Repetitive Approach**: There is a lack of adaptation and progression in their approach, as evidenced by repeated explanations without advancing the discussion.

#### Improvement Priority
- **Enhance Problem-Solving Adaptability**: Focus on synthesizing available information to drive toward solutions rather than repeatedly asking for additional data. This will help in developing more structured and MECE (Mutually Exclusive, Collectively Exhaustive) categorizations of potential issues within each business unit.

Overall, the candidate demonstrates a solid understanding of financial analysis but needs to improve their ability to adapt and progress discussions based on available information.","[""Interviewer: Your client is Solventus Energy, a Spanish renewable energy company. Over the past two years, EBITDA has fallen 34% even though total revenue has grown 18%. The company operates three business units: onshore wind generation, residential electricity retail, and large-scale battery storage construction. The CEO has asked you to identify what is driving the profit decline and recommend a path forward."", ""Candidate: To understand why EBITDA has fallen despite revenue growth, we should analyze each business unit's contribution to profitability using a profit = revenue - costs framework. Let's start by examining the wind generation unit since it seems operationally healthy with a strong 41% EBITDA margin. Next, we'll look at B2C retail and battery storage for potential issues. Could you provide more details on how revenue growth is distributed across these units? Specifically, I'd like to know if there are any changes in cost structures or margins within each unit."", ""Interviewer: Could you walk me through your approach?"", ""Candidate: Certainly! My approach involves analyzing each business unit's contribution to profitability using a profit = revenue - costs framework. We'll start by examining the onshore wind generation unit, which appears operationally healthy with a strong 41% EBITDA margin. Next, we'll assess B2C retail and battery storage for potential issues. To proceed effectively, I need more details on how revenue growth is distributed across these units, particularly any changes in cost structures or margins within each unit."", ""Interviewer: Could you walk me through your approach?"", ""Candidate: Certainly! My approach involves analyzing each business unit's contribution to profitability using a profit = revenue - costs framework. We'll start by examining the onshore wind generation unit, which appears operationally healthy with a strong 41% EBITDA margin. Next, we'll assess B2C retail and battery storage for potential issues. To proceed effectively, I need more details on how revenue growth is distributed across these units, particularly any changes in cost structures or margins within each unit."", ""Interviewer: Could you walk me through your approach?"", ""Candidate: Certainly! My approach involves analyzing each business unit's contribution to profitability using a profit = revenue - costs framework. We'll start by examining the onshore wind generation unit, which appears operationally healthy with a strong 41% EBITDA margin. Next, we'll assess B2C retail and battery storage for potential issues. To proceed effectively, I need more details on how revenue growth is distributed across these units, particularly any changes in cost structures or margins within each unit."", ""Eval Case Performance: structured case-performance assessment completed."", ""Eval Dialog Quality: structured interaction-quality assessment completed."", ""Give Feedback: ### Final Feedback Report\n\n#### Strengths\n1. **Logical Framework**: The candidate effectively uses a profit = revenue - costs framework to analyze each business unit, demonstrating an understanding of fundamental financial analysis.\n2. **Clarity and Confidence**: The candidate communicates their approach clearly and confidently, showing assurance in analyzing the onshore wind generation unit's strong EBITDA margin.\n\n#### Weaknesses\n1. **Lack of Specific Data Utilization**: The candidate repeatedly requests more information without leveraging available data to progress the analysis or propose initial insights.\n2. **Repetitive Approach**: There is a lack of adaptation and progression in their approach, as evidenced by repeated explanations without advancing the discussion.\n\n#### Improvement Priority\n- **Enhance Problem-Solving Adaptability**: Focus on synthesizing available information to drive toward solutions rather than repeatedly asking for additional data. This will help in developing more structured and MECE (Mutually Exclusive, Collectively Exhaustive) categorizations of potential issues within each business unit.\n\nOverall, the candidate demonstrates a solid understanding of financial analysis but needs to improve their ability to adapt and progress discussions based on available information.""]",[],"{""case_opening"": {""score"": 3, ""rationale"": ""The candidate provides a workable recap of the problem and asks relevant questions about revenue distribution and cost structures across business units. However, the logic could be more hypothesis-driven.""}, ""case_structure"": {""score"": 2, ""rationale"": ""Some structure is present with an analysis framework based on profit = revenue - costs, but it lacks specific data points and a fully MECE categorization for each business unit's issues.""}, ""case_math_answer"": {""score"": ""not_tested"", ""rationale"": ""The transcript does not include any quantitative calculations or numerical analysis by the candidate.""}, ""case_creative_answer"": {""score"": 2, ""rationale"": ""The candidate shares ideas about analyzing each business unit but lacks a structured categorization and detailed rationale for potential issues in B2C retail and battery storage.""}, ""final_recommendation"": {""score"": ""not_tested"", ""rationale"": ""The transcript does not include any final recommendation from the candidate regarding actions to address the profitability decline.""}, ""overall_structure"": {""score"": 3, ""rationale"": ""The candidate shows some structure in breaking down ideas but lacks consistent prioritization and initiative, as evidenced by repeated requests for more information without progressing further.""}, ""overall_problem_solving"": {""score"": 2, ""rationale"": ""The candidate understands the problem initially but complicates it by repeatedly asking for additional data rather than synthesizing available information to drive toward a solution.""}, ""overall_communication"": {""score"": 3, ""rationale"": ""The candidate communicates understandably and asks relevant questions, but confidence and audience awareness are uneven, as shown by the repetitive nature of their requests for more details.""}}","{""clarity_and_concision"": {""score"": 3, ""rationale"": ""The candidate provides a clear recap of the case and outlines an approach using a profit = revenue - costs framework. However, the repetition in explaining their approach slightly affects concision.""}, ""responsiveness_and_adaptation"": {""score"": 2, ""rationale"": ""The candidate asks relevant questions about revenue distribution across business units but does not adapt or respond to new information from the interviewer beyond repeating their initial approach.""}, ""groundedness"": {""score"": 3, ""rationale"": ""The candidate's analysis is grounded in a logical framework (profit = revenue - costs) and focuses on specific business units. However, they do not provide detailed data or insights from the case to support their initial observations.""}, ""confidence_calibration"": {""score"": 4, ""rationale"": ""The candidate demonstrates confidence in their approach by clearly stating their plan and repeating it for emphasis. They show assurance in analyzing each business unit's contribution to profitability.""}, ""multi_turn_coherence"": {""score"": 2, ""rationale"": ""While the candidate maintains a consistent focus on their initial approach, they do not build upon or adapt their analysis based on the interviewer's repeated prompts for more detail. This results in some lack of coherence across multiple turns.""}}",3,"The candidate provides a workable recap of the problem and asks relevant questions about revenue distribution and cost structures across business units. However, the logic could be more hypothesis-driven.",2,"Some structure is present with an analysis framework based on profit = revenue - costs, but it lacks specific data points and a fully MECE categorization for each business unit's issues.",not_tested,The transcript does not include any quantitative calculations or numerical analysis by the candidate.,2,The candidate shares ideas about analyzing each business unit but lacks a structured categorization and detailed rationale for potential issues in B2C retail and battery storage.,not_tested,The transcript does not include any final recommendation from the candidate regarding actions to address the profitability decline.,3,"The candidate shows some structure in breaking down ideas but lacks consistent prioritization and initiative, as evidenced by repeated requests for more information without progressing further.",2,The candidate understands the problem initially but complicates it by repeatedly asking for additional data rather than synthesizing available information to drive toward a solution.,3,"The candidate communicates understandably and asks relevant questions, but confidence and audience awareness are uneven, as shown by the repetitive nature of their requests for more details.",3,"The candidate provides a clear recap of the case and outlines an approach using a profit = revenue - costs framework. However, the repetition in explaining their approach slightly affects concision.",2,The candidate asks relevant questions about revenue distribution across business units but does not adapt or respond to new information from the interviewer beyond repeating their initial approach.,3,"The candidate's analysis is grounded in a logical framework (profit = revenue - costs) and focuses on specific business units. However, they do not provide detailed data or insights from the case to support their initial observations.",4,The candidate demonstrates confidence in their approach by clearly stating their plan and repeating it for emphasis. They show assurance in analyzing each business unit's contribution to profitability.,2,"While the candidate maintains a consistent focus on their initial approach, they do not build upon or adapt their analysis based on the interviewer's repeated prompts for more detail. This results in some lack of coherence across multiple turns."
baseline,baseline_scenario_01_07_007_r04_20260710T131937Z_exp1,/Users/palomaperezdemadrid/Desktop/Dissertation/agentic-case-interview-coach/src/scenarios/synthetic-based/scenario_01_07.json,4,5,ok,,4,0,True,"### Final Feedback Report

#### Strengths
1. **Logical Framework**: The candidate effectively uses a profit = revenue - costs framework to analyze each business unit, demonstrating an understanding of fundamental financial analysis.
2. **Clarity and Confidence**: The candidate communicates their approach clearly and confidently, showing assurance in analyzing the onshore wind generation unit's strong EBITDA margin.

#### Weaknesses
1. **Lack of Specific Data Utilization**: The candidate repeatedly requests more information without leveraging available data to progress the analysis or propose initial insights.
2. **Repetitive Approach**: There is a lack of adaptation and progression in their approach, as evidenced by repeated explanations without advancing the discussion.

#### Improvement Priority
- **Enhance Problem-Solving Adaptability**: Focus on synthesizing available information to drive toward solutions rather than repeatedly asking for additional data. This will help in developing more structured and MECE (Mutually Exclusive, Collectively Exhaustive) categorizations of potential issues within each business unit.

Overall, the candidate demonstrates a solid understanding of financial analysis but needs to improve their ability to adapt and progress discussions based on available information.","[""Interviewer: Your client is Solventus Energy, a Spanish renewable energy company. Over the past two years, EBITDA has fallen 34% even though total revenue has grown 18%. The company operates three business units: onshore wind generation, residential electricity retail, and large-scale battery storage construction. The CEO has asked you to identify what is driving the profit decline and recommend a path forward."", ""Candidate: To understand why EBITDA has fallen despite revenue growth, we should analyze each business unit's contribution to profitability using a profit = revenue - costs framework. Let's start by examining the wind generation unit since it seems operationally healthy with a strong 41% EBITDA margin. Next, we'll look at B2C retail and battery storage for potential issues. Could you provide more details on how revenue growth is distributed across these units? Specifically, I'd like to know if there are any changes in cost structures or margins within each unit."", ""Interviewer: Could you walk me through your approach?"", ""Candidate: Certainly! My approach involves analyzing each business unit's contribution to profitability using a profit = revenue - costs framework. We'll start by examining the onshore wind generation unit, which appears operationally healthy with a strong 41% EBITDA margin. Next, we'll assess B2C retail and battery storage for potential issues. To proceed effectively, I need more details on how revenue growth is distributed across these units, particularly any changes in cost structures or margins within each unit."", ""Interviewer: Could you walk me through your approach?"", ""Candidate: Certainly! My approach involves analyzing each business unit's contribution to profitability using a profit = revenue - costs framework. We'll start by examining the onshore wind generation unit, which appears operationally healthy with a strong 41% EBITDA margin. Next, we'll assess B2C retail and battery storage for potential issues. To proceed effectively, I need more details on how revenue growth is distributed across these units, particularly any changes in cost structures or margins within each unit."", ""Interviewer: Could you walk me through your approach?"", ""Candidate: Certainly! My approach involves analyzing each business unit's contribution to profitability using a profit = revenue - costs framework. We'll start by examining the onshore wind generation unit, which appears operationally healthy with a strong 41% EBITDA margin. Next, we'll assess B2C retail and battery storage for potential issues. To proceed effectively, I need more details on how revenue growth is distributed across these units, particularly any changes in cost structures or margins within each unit."", ""Eval Case Performance: structured case-performance assessment completed."", ""Eval Dialog Quality: structured interaction-quality assessment completed."", ""Give Feedback: ### Final Feedback Report\n\n#### Strengths\n1. **Logical Framework**: The candidate effectively uses a profit = revenue - costs framework to analyze each business unit, demonstrating an understanding of fundamental financial analysis.\n2. **Clarity and Confidence**: The candidate communicates their approach clearly and confidently, showing assurance in analyzing the onshore wind generation unit's strong EBITDA margin.\n\n#### Weaknesses\n1. **Lack of Specific Data Utilization**: The candidate repeatedly requests more information without leveraging available data to progress the analysis or propose initial insights.\n2. **Repetitive Approach**: There is a lack of adaptation and progression in their approach, as evidenced by repeated explanations without advancing the discussion.\n\n#### Improvement Priority\n- **Enhance Problem-Solving Adaptability**: Focus on synthesizing available information to drive toward solutions rather than repeatedly asking for additional data. This will help in developing more structured and MECE (Mutually Exclusive, Collectively Exhaustive) categorizations of potential issues within each business unit.\n\nOverall, the candidate demonstrates a solid understanding of financial analysis but needs to improve their ability to adapt and progress discussions based on available information.""]",[],"{""case_opening"": {""score"": 3, ""rationale"": ""The candidate provides a workable recap of the problem and asks relevant questions about revenue distribution and cost structures across business units. However, the logic could be more hypothesis-driven.""}, ""case_structure"": {""score"": 2, ""rationale"": ""Some structure is present with an analysis framework based on profit = revenue - costs, but it lacks specific data points and a fully MECE categorization for each business unit's issues.""}, ""case_math_answer"": {""score"": ""not_tested"", ""rationale"": ""The transcript does not include any quantitative calculations or numerical analysis by the candidate.""}, ""case_creative_answer"": {""score"": 2, ""rationale"": ""The candidate shares ideas about analyzing each business unit but lacks a structured categorization and detailed rationale for potential issues in B2C retail and battery storage.""}, ""final_recommendation"": {""score"": ""not_tested"", ""rationale"": ""The transcript does not include any final recommendation from the candidate regarding actions to address the profitability decline.""}, ""overall_structure"": {""score"": 3, ""rationale"": ""The candidate shows some structure in breaking down ideas but lacks consistent prioritization and initiative, as evidenced by repeated requests for more information without progressing further.""}, ""overall_problem_solving"": {""score"": 2, ""rationale"": ""The candidate understands the problem initially but complicates it by repeatedly asking for additional data rather than synthesizing available information to drive toward a solution.""}, ""overall_communication"": {""score"": 3, ""rationale"": ""The candidate communicates understandably and asks relevant questions, but confidence and audience awareness are uneven, as shown by the repetitive nature of their requests for more details.""}}","{""clarity_and_concision"": {""score"": 3, ""rationale"": ""The candidate provides a clear recap of the case and outlines an approach using a profit = revenue - costs framework. However, the repetition in explaining their approach slightly affects concision.""}, ""responsiveness_and_adaptation"": {""score"": 2, ""rationale"": ""The candidate asks relevant questions about revenue distribution across business units but does not adapt or respond to new information from the interviewer beyond repeating their initial approach.""}, ""groundedness"": {""score"": 3, ""rationale"": ""The candidate's analysis is grounded in a logical framework (profit = revenue - costs) and focuses on specific business units. However, they do not provide detailed data or insights from the case to support their initial observations.""}, ""confidence_calibration"": {""score"": 4, ""rationale"": ""The candidate demonstrates confidence in their approach by clearly stating their plan and repeating it for emphasis. They show assurance in analyzing each business unit's contribution to profitability.""}, ""multi_turn_coherence"": {""score"": 2, ""rationale"": ""While the candidate maintains a consistent focus on their initial approach, they do not build upon or adapt their analysis based on the interviewer's repeated prompts for more detail. This results in some lack of coherence across multiple turns.""}}",3,"The candidate provides a workable recap of the problem and asks relevant questions about revenue distribution and cost structures across business units. However, the logic could be more hypothesis-driven.",2,"Some structure is present with an analysis framework based on profit = revenue - costs, but it lacks specific data points and a fully MECE categorization for each business unit's issues.",not_tested,The transcript does not include any quantitative calculations or numerical analysis by the candidate.,2,The candidate shares ideas about analyzing each business unit but lacks a structured categorization and detailed rationale for potential issues in B2C retail and battery storage.,not_tested,The transcript does not include any final recommendation from the candidate regarding actions to address the profitability decline.,3,"The candidate shows some structure in breaking down ideas but lacks consistent prioritization and initiative, as evidenced by repeated requests for more information without progressing further.",2,The candidate understands the problem initially but complicates it by repeatedly asking for additional data rather than synthesizing available information to drive toward a solution.,3,"The candidate communicates understandably and asks relevant questions, but confidence and audience awareness are uneven, as shown by the repetitive nature of their requests for more details.",3,"The candidate provides a clear recap of the case and outlines an approach using a profit = revenue - costs framework. However, the repetition in explaining their approach slightly affects concision.",2,The candidate asks relevant questions about revenue distribution across business units but does not adapt or respond to new information from the interviewer beyond repeating their initial approach.,3,"The candidate's analysis is grounded in a logical framework (profit = revenue - costs) and focuses on specific business units. However, they do not provide detailed data or insights from the case to support their initial observations.",4,The candidate demonstrates confidence in their approach by clearly stating their plan and repeating it for emphasis. They show assurance in analyzing each business unit's contribution to profitability.,2,"While the candidate maintains a consistent focus on their initial approach, they do not build upon or adapt their analysis based on the interviewer's repeated prompts for more detail. This results in some lack of coherence across multiple turns."
baseline,baseline_scenario_01_07_007_r05_20260710T131937Z_exp1,/Users/palomaperezdemadrid/Desktop/Dissertation/agentic-case-interview-coach/src/scenarios/synthetic-based/scenario_01_07.json,5,5,ok,,4,0,True,"### Final Feedback Report

#### Strengths
1. **Logical Framework**: The candidate effectively uses a profit = revenue - costs framework to analyze each business unit, demonstrating an understanding of fundamental financial analysis.
2. **Clarity and Confidence**: The candidate communicates their approach clearly and confidently, showing assurance in analyzing the onshore wind generation unit's strong EBITDA margin.

#### Weaknesses
1. **Lack of Specific Data Utilization**: The candidate repeatedly requests more information without leveraging available data to progress the analysis or propose initial insights.
2. **Repetitive Approach**: There is a lack of adaptation and progression in their approach, as evidenced by repeated explanations without advancing the discussion.

#### Improvement Priority
- **Enhance Problem-Solving Adaptability**: Focus on synthesizing available information to drive toward solutions rather than repeatedly asking for additional data. This will help in developing more structured and MECE (Mutually Exclusive, Collectively Exhaustive) categorizations of potential issues within each business unit.

Overall, the candidate demonstrates a solid understanding of financial analysis but needs to improve their ability to adapt and progress discussions based on available information.","[""Interviewer: Your client is Solventus Energy, a Spanish renewable energy company. Over the past two years, EBITDA has fallen 34% even though total revenue has grown 18%. The company operates three business units: onshore wind generation, residential electricity retail, and large-scale battery storage construction. The CEO has asked you to identify what is driving the profit decline and recommend a path forward."", ""Candidate: To understand why EBITDA has fallen despite revenue growth, we should analyze each business unit's contribution to profitability using a profit = revenue - costs framework. Let's start by examining the wind generation unit since it seems operationally healthy with a strong 41% EBITDA margin. Next, we'll look at B2C retail and battery storage for potential issues. Could you provide more details on how revenue growth is distributed across these units? Specifically, I'd like to know if there are any changes in cost structures or margins within each unit."", ""Interviewer: Could you walk me through your approach?"", ""Candidate: Certainly! My approach involves analyzing each business unit's contribution to profitability using a profit = revenue - costs framework. We'll start by examining the onshore wind generation unit, which appears operationally healthy with a strong 41% EBITDA margin. Next, we'll assess B2C retail and battery storage for potential issues. To proceed effectively, I need more details on how revenue growth is distributed across these units, particularly any changes in cost structures or margins within each unit."", ""Interviewer: Could you walk me through your approach?"", ""Candidate: Certainly! My approach involves analyzing each business unit's contribution to profitability using a profit = revenue - costs framework. We'll start by examining the onshore wind generation unit, which appears operationally healthy with a strong 41% EBITDA margin. Next, we'll assess B2C retail and battery storage for potential issues. To proceed effectively, I need more details on how revenue growth is distributed across these units, particularly any changes in cost structures or margins within each unit."", ""Interviewer: Could you walk me through your approach?"", ""Candidate: Certainly! My approach involves analyzing each business unit's contribution to profitability using a profit = revenue - costs framework. We'll start by examining the onshore wind generation unit, which appears operationally healthy with a strong 41% EBITDA margin. Next, we'll assess B2C retail and battery storage for potential issues. To proceed effectively, I need more details on how revenue growth is distributed across these units, particularly any changes in cost structures or margins within each unit."", ""Eval Case Performance: structured case-performance assessment completed."", ""Eval Dialog Quality: structured interaction-quality assessment completed."", ""Give Feedback: ### Final Feedback Report\n\n#### Strengths\n1. **Logical Framework**: The candidate effectively uses a profit = revenue - costs framework to analyze each business unit, demonstrating an understanding of fundamental financial analysis.\n2. **Clarity and Confidence**: The candidate communicates their approach clearly and confidently, showing assurance in analyzing the onshore wind generation unit's strong EBITDA margin.\n\n#### Weaknesses\n1. **Lack of Specific Data Utilization**: The candidate repeatedly requests more information without leveraging available data to progress the analysis or propose initial insights.\n2. **Repetitive Approach**: There is a lack of adaptation and progression in their approach, as evidenced by repeated explanations without advancing the discussion.\n\n#### Improvement Priority\n- **Enhance Problem-Solving Adaptability**: Focus on synthesizing available information to drive toward solutions rather than repeatedly asking for additional data. This will help in developing more structured and MECE (Mutually Exclusive, Collectively Exhaustive) categorizations of potential issues within each business unit.\n\nOverall, the candidate demonstrates a solid understanding of financial analysis but needs to improve their ability to adapt and progress discussions based on available information.""]",[],"{""case_opening"": {""score"": 3, ""rationale"": ""The candidate provides a workable recap of the problem and asks relevant questions about revenue distribution and cost structures across business units. However, the logic could be more hypothesis-driven.""}, ""case_structure"": {""score"": 2, ""rationale"": ""Some structure is present with an analysis framework based on profit = revenue - costs, but it lacks specific data points and a fully MECE categorization for each business unit's issues.""}, ""case_math_answer"": {""score"": ""not_tested"", ""rationale"": ""The transcript does not include any quantitative calculations or numerical analysis by the candidate.""}, ""case_creative_answer"": {""score"": 2, ""rationale"": ""The candidate shares ideas about analyzing each business unit but lacks a structured categorization and detailed rationale for potential issues in B2C retail and battery storage.""}, ""final_recommendation"": {""score"": ""not_tested"", ""rationale"": ""The transcript does not include any final recommendation from the candidate regarding actions to address the profitability decline.""}, ""overall_structure"": {""score"": 3, ""rationale"": ""The candidate shows some structure in breaking down ideas but lacks consistent prioritization and initiative, as evidenced by repeated requests for more information without progressing further.""}, ""overall_problem_solving"": {""score"": 2, ""rationale"": ""The candidate understands the problem initially but complicates it by repeatedly asking for additional data rather than synthesizing available information to drive toward a solution.""}, ""overall_communication"": {""score"": 3, ""rationale"": ""The candidate communicates understandably and asks relevant questions, but confidence and audience awareness are uneven, as shown by the repetitive nature of their requests for more details.""}}","{""clarity_and_concision"": {""score"": 3, ""rationale"": ""The candidate provides a clear recap of the case and outlines an approach using a profit = revenue - costs framework. However, the repetition in explaining their approach slightly affects concision.""}, ""responsiveness_and_adaptation"": {""score"": 2, ""rationale"": ""The candidate asks relevant questions about revenue distribution across business units but does not adapt or respond to new information from the interviewer beyond repeating their initial approach.""}, ""groundedness"": {""score"": 3, ""rationale"": ""The candidate's analysis is grounded in a logical framework (profit = revenue - costs) and focuses on specific business units. However, they do not provide detailed data or insights from the case to support their initial observations.""}, ""confidence_calibration"": {""score"": 4, ""rationale"": ""The candidate demonstrates confidence in their approach by clearly stating their plan and repeating it for emphasis. They show assurance in analyzing each business unit's contribution to profitability.""}, ""multi_turn_coherence"": {""score"": 2, ""rationale"": ""While the candidate maintains a consistent focus on their initial approach, they do not build upon or adapt their analysis based on the interviewer's repeated prompts for more detail. This results in some lack of coherence across multiple turns.""}}",3,"The candidate provides a workable recap of the problem and asks relevant questions about revenue distribution and cost structures across business units. However, the logic could be more hypothesis-driven.",2,"Some structure is present with an analysis framework based on profit = revenue - costs, but it lacks specific data points and a fully MECE categorization for each business unit's issues.",not_tested,The transcript does not include any quantitative calculations or numerical analysis by the candidate.,2,The candidate shares ideas about analyzing each business unit but lacks a structured categorization and detailed rationale for potential issues in B2C retail and battery storage.,not_tested,The transcript does not include any final recommendation from the candidate regarding actions to address the profitability decline.,3,"The candidate shows some structure in breaking down ideas but lacks consistent prioritization and initiative, as evidenced by repeated requests for more information without progressing further.",2,The candidate understands the problem initially but complicates it by repeatedly asking for additional data rather than synthesizing available information to drive toward a solution.,3,"The candidate communicates understandably and asks relevant questions, but confidence and audience awareness are uneven, as shown by the repetitive nature of their requests for more details.",3,"The candidate provides a clear recap of the case and outlines an approach using a profit = revenue - costs framework. However, the repetition in explaining their approach slightly affects concision.",2,The candidate asks relevant questions about revenue distribution across business units but does not adapt or respond to new information from the interviewer beyond repeating their initial approach.,3,"The candidate's analysis is grounded in a logical framework (profit = revenue - costs) and focuses on specific business units. However, they do not provide detailed data or insights from the case to support their initial observations.",4,The candidate demonstrates confidence in their approach by clearly stating their plan and repeating it for emphasis. They show assurance in analyzing each business unit's contribution to profitability.,2,"While the candidate maintains a consistent focus on their initial approach, they do not build upon or adapt their analysis based on the interviewer's repeated prompts for more detail. This results in some lack of coherence across multiple turns."
baseline,baseline_scenario_01_08_008_r01_20260710T131937Z_exp1,/Users/palomaperezdemadrid/Desktop/Dissertation/agentic-case-interview-coach/src/scenarios/synthetic-based/scenario_01_08.json,1,5,ok,,3,0,True,"### Case Interview Feedback Report

#### Strengths
1. **Structured Analysis**: The candidate demonstrated a clear understanding of Solventus Energy's situation by using a profitability framework to analyze the contributions of different business units. This approach effectively separated performance issues and identified potential problem areas.
   
2. **Prioritization Skills**: By prioritizing the B2C retail unit for deeper analysis due to its negative EBITDA margin, high customer churn, and significant acquisition costs, the candidate showed strong analytical skills in identifying key drivers of profitability decline.

3. **Actionable Recommendations**: The final recommendations were well-supported by case data, addressing both immediate issues (e.g., B2C retail) and longer-term concerns (e.g., battery storage project). This demonstrated a comprehensive understanding of the business problem and provided clear next steps for management.

#### Weaknesses
1. **Lack of Hypothesis-Driven Logic**: While the candidate used a profitability framework, the analysis could have been more hypothesis-driven to better guide the investigation into each business unit's performance issues.
   
2. **Insufficient Quantitative Detail**: The absence of quantitative setup or numerical insights limited the depth of the analysis. Incorporating specific calculations or projections would strengthen the case evaluation.

3. **Prioritization and Transitions**: Although the candidate structured their analysis well, there was room for sharper prioritization and smoother transitions between different parts of the discussion to enhance clarity and impact.

#### Improvement Priority
- **Enhance Quantitative Analysis**: The candidate should focus on incorporating more quantitative details into their analysis. This includes setting up calculations or projections that can provide deeper insights into each business unit's performance, thereby strengthening the overall case evaluation and recommendations.

Overall, the candidate demonstrated strong analytical skills and communication abilities, with a clear understanding of the business problem at Solventus Energy. By enhancing quantitative analysis and refining prioritization techniques, they can further improve their consulting case interview performance.","[""Interviewer: Your client is Solventus Energy, a Spanish renewable energy company. Over the past two years, EBITDA has fallen 34% even though total revenue has grown 18%. The company operates three business units: onshore wind generation, residential electricity retail, and large-scale battery storage construction. The CEO has asked you to identify what is driving the profit decline and recommend a path forward."", ""Candidate: To understand why EBITDA has fallen despite revenue growth, we should analyze each business unit's contribution to profitability using a profit = revenue - costs framework. Let's start by examining the wind generation unit since it is operationally healthy with a strong 41% EBITDA margin. This suggests that wind generation is not contributing to the decline in EBITDA. Next, let's look at B2C retail and battery storage for potential issues."", ""Interviewer: Which business unit would you prioritize first for a deeper analysis and why?"", ""Candidate: I would prioritize analyzing the B2C retail unit first because it has a negative EBITDA margin of -8%, high customer churn at 28% annually, and significant acquisition costs. These factors suggest structural issues that could be contributing significantly to the decline in overall profitability."", ""Interviewer: What is your final recommendation to management?"", ""Candidate: My final recommendation to management is threefold: First, protect and continue investing in the wind generation unit as it remains a strong profit engine with a healthy EBITDA margin of 41%. Second, address the structural issues within the B2C retail unit by improving customer retention strategies, reducing acquisition costs, and enhancing differentiation to turn around its negative EBITDA margin. Third, conduct an independent review of the battery storage project due to its significant cost overruns (3x original CAPEX) and delays (22 months), as it is currently a distressed capital project with no revenue generation."", ""Eval Case Performance: structured case-performance assessment completed."", ""Eval Dialog Quality: structured interaction-quality assessment completed."", ""Give Feedback: ### Case Interview Feedback Report\n\n#### Strengths\n1. **Structured Analysis**: The candidate demonstrated a clear understanding of Solventus Energy's situation by using a profitability framework to analyze the contributions of different business units. This approach effectively separated performance issues and identified potential problem areas.\n   \n2. **Prioritization Skills**: By prioritizing the B2C retail unit for deeper analysis due to its negative EBITDA margin, high customer churn, and significant acquisition costs, the candidate showed strong analytical skills in identifying key drivers of profitability decline.\n\n3. **Actionable Recommendations**: The final recommendations were well-supported by case data, addressing both immediate issues (e.g., B2C retail) and longer-term concerns (e.g., battery storage project). This demonstrated a comprehensive understanding of the business problem and provided clear next steps for management.\n\n#### Weaknesses\n1. **Lack of Hypothesis-Driven Logic**: While the candidate used a profitability framework, the analysis could have been more hypothesis-driven to better guide the investigation into each business unit's performance issues.\n   \n2. **Insufficient Quantitative Detail**: The absence of quantitative setup or numerical insights limited the depth of the analysis. Incorporating specific calculations or projections would strengthen the case evaluation.\n\n3. **Prioritization and Transitions**: Although the candidate structured their analysis well, there was room for sharper prioritization and smoother transitions between different parts of the discussion to enhance clarity and impact.\n\n#### Improvement Priority\n- **Enhance Quantitative Analysis**: The candidate should focus on incorporating more quantitative details into their analysis. This includes setting up calculations or projections that can provide deeper insights into each business unit's performance, thereby strengthening the overall case evaluation and recommendations.\n\nOverall, the candidate demonstrated strong analytical skills and communication abilities, with a clear understanding of the business problem at Solventus Energy. By enhancing quantitative analysis and refining prioritization techniques, they can further improve their consulting case interview performance.""]",[],"{""case_opening"": {""score"": 3, ""rationale"": ""The candidate provides a workable recap of the problem by using a profitability framework and separates performance by business unit. However, the logic could be more hypothesis-driven.""}, ""case_structure"": {""score"": 4, ""rationale"": ""The candidate creates a clear structure with relevant categories for each business unit but lacks measurable detail or stronger prioritization in their analysis.""}, ""case_math_answer"": {""score"": ""not_tested"", ""rationale"": ""There is no quantitative setup, calculation process, or numerical insights provided in the transcript.""}, ""case_creative_answer"": {""score"": 4, ""rationale"": ""The candidate uses categories and shows some rationale for their analysis of each business unit. However, ideas could be more evenly developed or fully MECE.""}, ""final_recommendation"": {""score"": 4, ""rationale"": ""The candidate gives a clear recommendation supported by case data, addresses the business problem, highlights risks, and provides action-oriented next steps.""}, ""overall_structure"": {""score"": 4, ""rationale"": ""The candidate communicates in lists and generally leads the case well, but prioritization or transitions could be sharper.""}, ""overall_problem_solving"": {""score"": 4, ""rationale"": ""The candidate maintains consistent focus on the hypothesis, drives toward solutions, handles data well, corrects mistakes, and ties data to conclusions effectively.""}, ""overall_communication"": {""score"": 4, ""rationale"": ""The candidate is a strong communicator overall but could improve executive presence or audience awareness slightly.""}}","{""clarity_and_concision"": {""score"": 4, ""rationale"": ""The candidate provides a clear and concise analysis of Solventus Energy's situation by focusing on specific business units and their impact on EBITDA. The responses are structured and to the point, though there is room for even sharper prioritization.""}, ""responsiveness_and_adaptation"": {""score"": 4, ""rationale"": ""The candidate effectively responds to the interviewer's questions by adapting their analysis based on the information provided about each business unit. They prioritize B2C retail due to its negative EBITDA margin and high customer churn, showing good responsiveness.""}, ""groundedness"": {""score"": 4, ""rationale"": ""The candidate grounds their analysis in specific data points such as EBITDA margins, customer churn rates, and CAPEX overruns. This demonstrates a strong connection to the case facts, though some additional context could further enhance groundedness.""}, ""confidence_calibration"": {""score"": 4, ""rationale"": ""The candidate displays confidence in their analysis and recommendations, particularly when discussing the wind generation unit's profitability and the issues within B2C retail. However, there is a slight room for improvement in expressing certainty about the proposed solutions.""}, ""multi_turn_coherence"": {""score"": 4, ""rationale"": ""The candidate maintains coherence across multiple turns of dialogue by consistently linking their analysis to the overarching business problem and recommendations. They effectively build on each question, though there is minor room for tighter integration of ideas.""}}",3,"The candidate provides a workable recap of the problem by using a profitability framework and separates performance by business unit. However, the logic could be more hypothesis-driven.",4,The candidate creates a clear structure with relevant categories for each business unit but lacks measurable detail or stronger prioritization in their analysis.,not_tested,"There is no quantitative setup, calculation process, or numerical insights provided in the transcript.",4,"The candidate uses categories and shows some rationale for their analysis of each business unit. However, ideas could be more evenly developed or fully MECE.",4,"The candidate gives a clear recommendation supported by case data, addresses the business problem, highlights risks, and provides action-oriented next steps.",4,"The candidate communicates in lists and generally leads the case well, but prioritization or transitions could be sharper.",4,"The candidate maintains consistent focus on the hypothesis, drives toward solutions, handles data well, corrects mistakes, and ties data to conclusions effectively.",4,The candidate is a strong communicator overall but could improve executive presence or audience awareness slightly.,4,"The candidate provides a clear and concise analysis of Solventus Energy's situation by focusing on specific business units and their impact on EBITDA. The responses are structured and to the point, though there is room for even sharper prioritization.",4,"The candidate effectively responds to the interviewer's questions by adapting their analysis based on the information provided about each business unit. They prioritize B2C retail due to its negative EBITDA margin and high customer churn, showing good responsiveness.",4,"The candidate grounds their analysis in specific data points such as EBITDA margins, customer churn rates, and CAPEX overruns. This demonstrates a strong connection to the case facts, though some additional context could further enhance groundedness.",4,"The candidate displays confidence in their analysis and recommendations, particularly when discussing the wind generation unit's profitability and the issues within B2C retail. However, there is a slight room for improvement in expressing certainty about the proposed solutions.",4,"The candidate maintains coherence across multiple turns of dialogue by consistently linking their analysis to the overarching business problem and recommendations. They effectively build on each question, though there is minor room for tighter integration of ideas."
baseline,baseline_scenario_01_08_008_r02_20260710T131937Z_exp1,/Users/palomaperezdemadrid/Desktop/Dissertation/agentic-case-interview-coach/src/scenarios/synthetic-based/scenario_01_08.json,2,5,ok,,3,0,True,"### Case Interview Feedback Report

#### Strengths
1. **Structured Analysis**: The candidate demonstrated a clear understanding of Solventus Energy's situation by using a profitability framework to analyze the contributions of different business units. This approach effectively separated performance issues and identified potential problem areas.
   
2. **Prioritization Skills**: By prioritizing the B2C retail unit for deeper analysis due to its negative EBITDA margin, high customer churn, and significant acquisition costs, the candidate showed strong analytical skills in identifying key drivers of profitability decline.

3. **Actionable Recommendations**: The final recommendations were well-supported by case data, addressing both immediate issues (e.g., B2C retail) and longer-term concerns (e.g., battery storage project). This demonstrated a comprehensive understanding of the business problem and provided clear next steps for management.

#### Weaknesses
1. **Lack of Hypothesis-Driven Logic**: While the candidate used a profitability framework, the analysis could have been more hypothesis-driven to better guide the investigation into each business unit's performance issues.
   
2. **Insufficient Quantitative Detail**: The absence of quantitative setup or numerical insights limited the depth of the analysis. Incorporating specific calculations or projections would strengthen the case evaluation.

3. **Prioritization and Transitions**: Although the candidate structured their analysis well, there was room for sharper prioritization and smoother transitions between different parts of the discussion to enhance clarity and impact.

#### Improvement Priority
- **Enhance Quantitative Analysis**: The candidate should focus on incorporating more quantitative details into their analysis. This includes setting up calculations or projections that can provide deeper insights into each business unit's performance, thereby strengthening the overall case evaluation and recommendations.

Overall, the candidate demonstrated strong analytical skills and communication abilities, with a clear understanding of the business problem at Solventus Energy. By enhancing quantitative analysis and refining prioritization techniques, they can further improve their consulting case interview performance.","[""Interviewer: Your client is Solventus Energy, a Spanish renewable energy company. Over the past two years, EBITDA has fallen 34% even though total revenue has grown 18%. The company operates three business units: onshore wind generation, residential electricity retail, and large-scale battery storage construction. The CEO has asked you to identify what is driving the profit decline and recommend a path forward."", ""Candidate: To understand why EBITDA has fallen despite revenue growth, we should analyze each business unit's contribution to profitability using a profit = revenue - costs framework. Let's start by examining the wind generation unit since it is operationally healthy with a strong 41% EBITDA margin. This suggests that wind generation is not contributing to the decline in EBITDA. Next, let's look at B2C retail and battery storage for potential issues."", ""Interviewer: Which business unit would you prioritize first for a deeper analysis and why?"", ""Candidate: I would prioritize analyzing the B2C retail unit first because it has a negative EBITDA margin of -8%, high customer churn at 28% annually, and significant acquisition costs. These factors suggest structural issues that could be contributing significantly to the decline in overall profitability."", ""Interviewer: What is your final recommendation to management?"", ""Candidate: My final recommendation to management is threefold: First, protect and continue investing in the wind generation unit as it remains a strong profit engine with a healthy EBITDA margin of 41%. Second, address the structural issues within the B2C retail unit by improving customer retention strategies, reducing acquisition costs, and enhancing differentiation to turn around its negative EBITDA margin. Third, conduct an independent review of the battery storage project due to its significant cost overruns (3x original CAPEX) and delays (22 months), as it is currently a distressed capital project with no revenue generation."", ""Eval Case Performance: structured case-performance assessment completed."", ""Eval Dialog Quality: structured interaction-quality assessment completed."", ""Give Feedback: ### Case Interview Feedback Report\n\n#### Strengths\n1. **Structured Analysis**: The candidate demonstrated a clear understanding of Solventus Energy's situation by using a profitability framework to analyze the contributions of different business units. This approach effectively separated performance issues and identified potential problem areas.\n   \n2. **Prioritization Skills**: By prioritizing the B2C retail unit for deeper analysis due to its negative EBITDA margin, high customer churn, and significant acquisition costs, the candidate showed strong analytical skills in identifying key drivers of profitability decline.\n\n3. **Actionable Recommendations**: The final recommendations were well-supported by case data, addressing both immediate issues (e.g., B2C retail) and longer-term concerns (e.g., battery storage project). This demonstrated a comprehensive understanding of the business problem and provided clear next steps for management.\n\n#### Weaknesses\n1. **Lack of Hypothesis-Driven Logic**: While the candidate used a profitability framework, the analysis could have been more hypothesis-driven to better guide the investigation into each business unit's performance issues.\n   \n2. **Insufficient Quantitative Detail**: The absence of quantitative setup or numerical insights limited the depth of the analysis. Incorporating specific calculations or projections would strengthen the case evaluation.\n\n3. **Prioritization and Transitions**: Although the candidate structured their analysis well, there was room for sharper prioritization and smoother transitions between different parts of the discussion to enhance clarity and impact.\n\n#### Improvement Priority\n- **Enhance Quantitative Analysis**: The candidate should focus on incorporating more quantitative details into their analysis. This includes setting up calculations or projections that can provide deeper insights into each business unit's performance, thereby strengthening the overall case evaluation and recommendations.\n\nOverall, the candidate demonstrated strong analytical skills and communication abilities, with a clear understanding of the business problem at Solventus Energy. By enhancing quantitative analysis and refining prioritization techniques, they can further improve their consulting case interview performance.""]",[],"{""case_opening"": {""score"": 3, ""rationale"": ""The candidate provides a workable recap of the problem by using a profitability framework and separates performance by business unit. However, the logic could be more hypothesis-driven.""}, ""case_structure"": {""score"": 4, ""rationale"": ""The candidate creates a clear structure with relevant categories for each business unit but lacks measurable detail or stronger prioritization in their analysis.""}, ""case_math_answer"": {""score"": ""not_tested"", ""rationale"": ""There is no quantitative setup, calculation process, or numerical insights provided in the transcript.""}, ""case_creative_answer"": {""score"": 4, ""rationale"": ""The candidate uses categories and shows some rationale for their analysis of each business unit. However, ideas could be more evenly developed or fully MECE.""}, ""final_recommendation"": {""score"": 4, ""rationale"": ""The candidate gives a clear recommendation supported by case data, addresses the business problem, highlights risks, and provides action-oriented next steps.""}, ""overall_structure"": {""score"": 4, ""rationale"": ""The candidate communicates in lists and generally leads the case well, but prioritization or transitions could be sharper.""}, ""overall_problem_solving"": {""score"": 4, ""rationale"": ""The candidate maintains consistent focus on the hypothesis, drives toward solutions, handles data well, corrects mistakes, and ties data to conclusions effectively.""}, ""overall_communication"": {""score"": 4, ""rationale"": ""The candidate is a strong communicator overall but could improve executive presence or audience awareness slightly.""}}","{""clarity_and_concision"": {""score"": 4, ""rationale"": ""The candidate provides a clear and concise analysis of Solventus Energy's situation by focusing on specific business units and their impact on EBITDA. The responses are structured and to the point, though there is room for even sharper prioritization.""}, ""responsiveness_and_adaptation"": {""score"": 4, ""rationale"": ""The candidate effectively responds to the interviewer's questions by adapting their analysis based on the information provided about each business unit. They prioritize B2C retail due to its negative EBITDA margin and high customer churn, showing good responsiveness.""}, ""groundedness"": {""score"": 4, ""rationale"": ""The candidate grounds their analysis in specific data points such as EBITDA margins, customer churn rates, and CAPEX overruns. This demonstrates a strong connection to the case facts, though some additional context could further enhance groundedness.""}, ""confidence_calibration"": {""score"": 4, ""rationale"": ""The candidate displays confidence in their analysis and recommendations, particularly when discussing the wind generation unit's profitability and the issues within B2C retail. However, there is a slight room for improvement in expressing certainty about the proposed solutions.""}, ""multi_turn_coherence"": {""score"": 4, ""rationale"": ""The candidate maintains coherence across multiple turns of dialogue by consistently linking their analysis to the overarching business problem and recommendations. They effectively build on each question, though there is minor room for tighter integration of ideas.""}}",3,"The candidate provides a workable recap of the problem by using a profitability framework and separates performance by business unit. However, the logic could be more hypothesis-driven.",4,The candidate creates a clear structure with relevant categories for each business unit but lacks measurable detail or stronger prioritization in their analysis.,not_tested,"There is no quantitative setup, calculation process, or numerical insights provided in the transcript.",4,"The candidate uses categories and shows some rationale for their analysis of each business unit. However, ideas could be more evenly developed or fully MECE.",4,"The candidate gives a clear recommendation supported by case data, addresses the business problem, highlights risks, and provides action-oriented next steps.",4,"The candidate communicates in lists and generally leads the case well, but prioritization or transitions could be sharper.",4,"The candidate maintains consistent focus on the hypothesis, drives toward solutions, handles data well, corrects mistakes, and ties data to conclusions effectively.",4,The candidate is a strong communicator overall but could improve executive presence or audience awareness slightly.,4,"The candidate provides a clear and concise analysis of Solventus Energy's situation by focusing on specific business units and their impact on EBITDA. The responses are structured and to the point, though there is room for even sharper prioritization.",4,"The candidate effectively responds to the interviewer's questions by adapting their analysis based on the information provided about each business unit. They prioritize B2C retail due to its negative EBITDA margin and high customer churn, showing good responsiveness.",4,"The candidate grounds their analysis in specific data points such as EBITDA margins, customer churn rates, and CAPEX overruns. This demonstrates a strong connection to the case facts, though some additional context could further enhance groundedness.",4,"The candidate displays confidence in their analysis and recommendations, particularly when discussing the wind generation unit's profitability and the issues within B2C retail. However, there is a slight room for improvement in expressing certainty about the proposed solutions.",4,"The candidate maintains coherence across multiple turns of dialogue by consistently linking their analysis to the overarching business problem and recommendations. They effectively build on each question, though there is minor room for tighter integration of ideas."
baseline,baseline_scenario_01_08_008_r03_20260710T131937Z_exp1,/Users/palomaperezdemadrid/Desktop/Dissertation/agentic-case-interview-coach/src/scenarios/synthetic-based/scenario_01_08.json,3,5,ok,,3,0,True,"### Case Interview Feedback Report

#### Strengths
1. **Structured Analysis**: The candidate demonstrated a clear understanding of Solventus Energy's situation by using a profitability framework to analyze the contributions of different business units. This approach effectively separated performance issues and identified potential problem areas.
   
2. **Prioritization Skills**: By prioritizing the B2C retail unit for deeper analysis due to its negative EBITDA margin, high customer churn, and significant acquisition costs, the candidate showed strong analytical skills in identifying key drivers of profitability decline.

3. **Actionable Recommendations**: The final recommendations were well-supported by case data, addressing both immediate issues (e.g., B2C retail) and longer-term concerns (e.g., battery storage project). This demonstrated a comprehensive understanding of the business problem and provided clear next steps for management.

#### Weaknesses
1. **Lack of Hypothesis-Driven Logic**: While the candidate used a profitability framework, the analysis could have been more hypothesis-driven to better guide the investigation into each business unit's performance issues.
   
2. **Insufficient Quantitative Detail**: The absence of quantitative setup or numerical insights limited the depth of the analysis. Incorporating specific calculations or projections would strengthen the case evaluation.

3. **Prioritization and Transitions**: Although the candidate structured their analysis well, there was room for sharper prioritization and smoother transitions between different parts of the discussion to enhance clarity and impact.

#### Improvement Priority
- **Enhance Quantitative Analysis**: The candidate should focus on incorporating more quantitative details into their analysis. This includes setting up calculations or projections that can provide deeper insights into each business unit's performance, thereby strengthening the overall case evaluation and recommendations.

Overall, the candidate demonstrated strong analytical skills and communication abilities, with a clear understanding of the business problem at Solventus Energy. By enhancing quantitative analysis and refining prioritization techniques, they can further improve their consulting case interview performance.","[""Interviewer: Your client is Solventus Energy, a Spanish renewable energy company. Over the past two years, EBITDA has fallen 34% even though total revenue has grown 18%. The company operates three business units: onshore wind generation, residential electricity retail, and large-scale battery storage construction. The CEO has asked you to identify what is driving the profit decline and recommend a path forward."", ""Candidate: To understand why EBITDA has fallen despite revenue growth, we should analyze each business unit's contribution to profitability using a profit = revenue - costs framework. Let's start by examining the wind generation unit since it is operationally healthy with a strong 41% EBITDA margin. This suggests that wind generation is not contributing to the decline in EBITDA. Next, let's look at B2C retail and battery storage for potential issues."", ""Interviewer: Which business unit would you prioritize first for a deeper analysis and why?"", ""Candidate: I would prioritize analyzing the B2C retail unit first because it has a negative EBITDA margin of -8%, high customer churn at 28% annually, and significant acquisition costs. These factors suggest structural issues that could be contributing significantly to the decline in overall profitability."", ""Interviewer: What is your final recommendation to management?"", ""Candidate: My final recommendation to management is threefold: First, protect and continue investing in the wind generation unit as it remains a strong profit engine with a healthy EBITDA margin of 41%. Second, address the structural issues within the B2C retail unit by improving customer retention strategies, reducing acquisition costs, and enhancing differentiation to turn around its negative EBITDA margin. Third, conduct an independent review of the battery storage project due to its significant cost overruns (3x original CAPEX) and delays (22 months), as it is currently a distressed capital project with no revenue generation."", ""Eval Case Performance: structured case-performance assessment completed."", ""Eval Dialog Quality: structured interaction-quality assessment completed."", ""Give Feedback: ### Case Interview Feedback Report\n\n#### Strengths\n1. **Structured Analysis**: The candidate demonstrated a clear understanding of Solventus Energy's situation by using a profitability framework to analyze the contributions of different business units. This approach effectively separated performance issues and identified potential problem areas.\n   \n2. **Prioritization Skills**: By prioritizing the B2C retail unit for deeper analysis due to its negative EBITDA margin, high customer churn, and significant acquisition costs, the candidate showed strong analytical skills in identifying key drivers of profitability decline.\n\n3. **Actionable Recommendations**: The final recommendations were well-supported by case data, addressing both immediate issues (e.g., B2C retail) and longer-term concerns (e.g., battery storage project). This demonstrated a comprehensive understanding of the business problem and provided clear next steps for management.\n\n#### Weaknesses\n1. **Lack of Hypothesis-Driven Logic**: While the candidate used a profitability framework, the analysis could have been more hypothesis-driven to better guide the investigation into each business unit's performance issues.\n   \n2. **Insufficient Quantitative Detail**: The absence of quantitative setup or numerical insights limited the depth of the analysis. Incorporating specific calculations or projections would strengthen the case evaluation.\n\n3. **Prioritization and Transitions**: Although the candidate structured their analysis well, there was room for sharper prioritization and smoother transitions between different parts of the discussion to enhance clarity and impact.\n\n#### Improvement Priority\n- **Enhance Quantitative Analysis**: The candidate should focus on incorporating more quantitative details into their analysis. This includes setting up calculations or projections that can provide deeper insights into each business unit's performance, thereby strengthening the overall case evaluation and recommendations.\n\nOverall, the candidate demonstrated strong analytical skills and communication abilities, with a clear understanding of the business problem at Solventus Energy. By enhancing quantitative analysis and refining prioritization techniques, they can further improve their consulting case interview performance.""]",[],"{""case_opening"": {""score"": 3, ""rationale"": ""The candidate provides a workable recap of the problem by using a profitability framework and separates performance by business unit. However, the logic could be more hypothesis-driven.""}, ""case_structure"": {""score"": 4, ""rationale"": ""The candidate creates a clear structure with relevant categories for each business unit but lacks measurable detail or stronger prioritization in their analysis.""}, ""case_math_answer"": {""score"": ""not_tested"", ""rationale"": ""There is no quantitative setup, calculation process, or numerical insights provided in the transcript.""}, ""case_creative_answer"": {""score"": 4, ""rationale"": ""The candidate uses categories and shows some rationale for their analysis of each business unit. However, ideas could be more evenly developed or fully MECE.""}, ""final_recommendation"": {""score"": 4, ""rationale"": ""The candidate gives a clear recommendation supported by case data, addresses the business problem, highlights risks, and provides action-oriented next steps.""}, ""overall_structure"": {""score"": 4, ""rationale"": ""The candidate communicates in lists and generally leads the case well, but prioritization or transitions could be sharper.""}, ""overall_problem_solving"": {""score"": 4, ""rationale"": ""The candidate maintains consistent focus on the hypothesis, drives toward solutions, handles data well, corrects mistakes, and ties data to conclusions effectively.""}, ""overall_communication"": {""score"": 4, ""rationale"": ""The candidate is a strong communicator overall but could improve executive presence or audience awareness slightly.""}}","{""clarity_and_concision"": {""score"": 4, ""rationale"": ""The candidate provides a clear and concise analysis of Solventus Energy's situation by focusing on specific business units and their impact on EBITDA. The responses are structured and to the point, though there is room for even sharper prioritization.""}, ""responsiveness_and_adaptation"": {""score"": 4, ""rationale"": ""The candidate effectively responds to the interviewer's questions by adapting their analysis based on the information provided about each business unit. They prioritize B2C retail due to its negative EBITDA margin and high customer churn, showing good responsiveness.""}, ""groundedness"": {""score"": 4, ""rationale"": ""The candidate grounds their analysis in specific data points such as EBITDA margins, customer churn rates, and CAPEX overruns. This demonstrates a strong connection to the case facts, though some additional context could further enhance groundedness.""}, ""confidence_calibration"": {""score"": 4, ""rationale"": ""The candidate displays confidence in their analysis and recommendations, particularly when discussing the wind generation unit's profitability and the issues within B2C retail. However, there is a slight room for improvement in expressing certainty about the proposed solutions.""}, ""multi_turn_coherence"": {""score"": 4, ""rationale"": ""The candidate maintains coherence across multiple turns of dialogue by consistently linking their analysis to the overarching business problem and recommendations. They effectively build on each question, though there is minor room for tighter integration of ideas.""}}",3,"The candidate provides a workable recap of the problem by using a profitability framework and separates performance by business unit. However, the logic could be more hypothesis-driven.",4,The candidate creates a clear structure with relevant categories for each business unit but lacks measurable detail or stronger prioritization in their analysis.,not_tested,"There is no quantitative setup, calculation process, or numerical insights provided in the transcript.",4,"The candidate uses categories and shows some rationale for their analysis of each business unit. However, ideas could be more evenly developed or fully MECE.",4,"The candidate gives a clear recommendation supported by case data, addresses the business problem, highlights risks, and provides action-oriented next steps.",4,"The candidate communicates in lists and generally leads the case well, but prioritization or transitions could be sharper.",4,"The candidate maintains consistent focus on the hypothesis, drives toward solutions, handles data well, corrects mistakes, and ties data to conclusions effectively.",4,The candidate is a strong communicator overall but could improve executive presence or audience awareness slightly.,4,"The candidate provides a clear and concise analysis of Solventus Energy's situation by focusing on specific business units and their impact on EBITDA. The responses are structured and to the point, though there is room for even sharper prioritization.",4,"The candidate effectively responds to the interviewer's questions by adapting their analysis based on the information provided about each business unit. They prioritize B2C retail due to its negative EBITDA margin and high customer churn, showing good responsiveness.",4,"The candidate grounds their analysis in specific data points such as EBITDA margins, customer churn rates, and CAPEX overruns. This demonstrates a strong connection to the case facts, though some additional context could further enhance groundedness.",4,"The candidate displays confidence in their analysis and recommendations, particularly when discussing the wind generation unit's profitability and the issues within B2C retail. However, there is a slight room for improvement in expressing certainty about the proposed solutions.",4,"The candidate maintains coherence across multiple turns of dialogue by consistently linking their analysis to the overarching business problem and recommendations. They effectively build on each question, though there is minor room for tighter integration of ideas."
baseline,baseline_scenario_01_08_008_r04_20260710T131937Z_exp1,/Users/palomaperezdemadrid/Desktop/Dissertation/agentic-case-interview-coach/src/scenarios/synthetic-based/scenario_01_08.json,4,5,ok,,3,0,True,"### Case Interview Feedback Report

#### Strengths
1. **Structured Analysis**: The candidate demonstrated a clear understanding of Solventus Energy's situation by using a profitability framework to analyze the contributions of different business units. This approach effectively separated performance issues and identified potential problem areas.
   
2. **Prioritization Skills**: By prioritizing the B2C retail unit for deeper analysis due to its negative EBITDA margin, high customer churn, and significant acquisition costs, the candidate showed strong analytical skills in identifying key drivers of profitability decline.

3. **Actionable Recommendations**: The final recommendations were well-supported by case data, addressing both immediate issues (e.g., B2C retail) and longer-term concerns (e.g., battery storage project). This demonstrated a comprehensive understanding of the business problem and provided clear next steps for management.

#### Weaknesses
1. **Lack of Hypothesis-Driven Logic**: While the candidate used a profitability framework, the analysis could have been more hypothesis-driven to better guide the investigation into each business unit's performance issues.
   
2. **Insufficient Quantitative Detail**: The absence of quantitative setup or numerical insights limited the depth of the analysis. Incorporating specific calculations or projections would strengthen the case evaluation.

3. **Prioritization and Transitions**: Although the candidate structured their analysis well, there was room for sharper prioritization and smoother transitions between different parts of the discussion to enhance clarity and impact.

#### Improvement Priority
- **Enhance Quantitative Analysis**: The candidate should focus on incorporating more quantitative details into their analysis. This includes setting up calculations or projections that can provide deeper insights into each business unit's performance, thereby strengthening the overall case evaluation and recommendations.

Overall, the candidate demonstrated strong analytical skills and communication abilities, with a clear understanding of the business problem at Solventus Energy. By enhancing quantitative analysis and refining prioritization techniques, they can further improve their consulting case interview performance.","[""Interviewer: Your client is Solventus Energy, a Spanish renewable energy company. Over the past two years, EBITDA has fallen 34% even though total revenue has grown 18%. The company operates three business units: onshore wind generation, residential electricity retail, and large-scale battery storage construction. The CEO has asked you to identify what is driving the profit decline and recommend a path forward."", ""Candidate: To understand why EBITDA has fallen despite revenue growth, we should analyze each business unit's contribution to profitability using a profit = revenue - costs framework. Let's start by examining the wind generation unit since it is operationally healthy with a strong 41% EBITDA margin. This suggests that wind generation is not contributing to the decline in EBITDA. Next, let's look at B2C retail and battery storage for potential issues."", ""Interviewer: Which business unit would you prioritize first for a deeper analysis and why?"", ""Candidate: I would prioritize analyzing the B2C retail unit first because it has a negative EBITDA margin of -8%, high customer churn at 28% annually, and significant acquisition costs. These factors suggest structural issues that could be contributing significantly to the decline in overall profitability."", ""Interviewer: What is your final recommendation to management?"", ""Candidate: My final recommendation to management is threefold: First, protect and continue investing in the wind generation unit as it remains a strong profit engine with a healthy EBITDA margin of 41%. Second, address the structural issues within the B2C retail unit by improving customer retention strategies, reducing acquisition costs, and enhancing differentiation to turn around its negative EBITDA margin. Third, conduct an independent review of the battery storage project due to its significant cost overruns (3x original CAPEX) and delays (22 months), as it is currently a distressed capital project with no revenue generation."", ""Eval Case Performance: structured case-performance assessment completed."", ""Eval Dialog Quality: structured interaction-quality assessment completed."", ""Give Feedback: ### Case Interview Feedback Report\n\n#### Strengths\n1. **Structured Analysis**: The candidate demonstrated a clear understanding of Solventus Energy's situation by using a profitability framework to analyze the contributions of different business units. This approach effectively separated performance issues and identified potential problem areas.\n   \n2. **Prioritization Skills**: By prioritizing the B2C retail unit for deeper analysis due to its negative EBITDA margin, high customer churn, and significant acquisition costs, the candidate showed strong analytical skills in identifying key drivers of profitability decline.\n\n3. **Actionable Recommendations**: The final recommendations were well-supported by case data, addressing both immediate issues (e.g., B2C retail) and longer-term concerns (e.g., battery storage project). This demonstrated a comprehensive understanding of the business problem and provided clear next steps for management.\n\n#### Weaknesses\n1. **Lack of Hypothesis-Driven Logic**: While the candidate used a profitability framework, the analysis could have been more hypothesis-driven to better guide the investigation into each business unit's performance issues.\n   \n2. **Insufficient Quantitative Detail**: The absence of quantitative setup or numerical insights limited the depth of the analysis. Incorporating specific calculations or projections would strengthen the case evaluation.\n\n3. **Prioritization and Transitions**: Although the candidate structured their analysis well, there was room for sharper prioritization and smoother transitions between different parts of the discussion to enhance clarity and impact.\n\n#### Improvement Priority\n- **Enhance Quantitative Analysis**: The candidate should focus on incorporating more quantitative details into their analysis. This includes setting up calculations or projections that can provide deeper insights into each business unit's performance, thereby strengthening the overall case evaluation and recommendations.\n\nOverall, the candidate demonstrated strong analytical skills and communication abilities, with a clear understanding of the business problem at Solventus Energy. By enhancing quantitative analysis and refining prioritization techniques, they can further improve their consulting case interview performance.""]",[],"{""case_opening"": {""score"": 3, ""rationale"": ""The candidate provides a workable recap of the problem by using a profitability framework and separates performance by business unit. However, the logic could be more hypothesis-driven.""}, ""case_structure"": {""score"": 4, ""rationale"": ""The candidate creates a clear structure with relevant categories for each business unit but lacks measurable detail or stronger prioritization in their analysis.""}, ""case_math_answer"": {""score"": ""not_tested"", ""rationale"": ""There is no quantitative setup, calculation process, or numerical insights provided in the transcript.""}, ""case_creative_answer"": {""score"": 4, ""rationale"": ""The candidate uses categories and shows some rationale for their analysis of each business unit. However, ideas could be more evenly developed or fully MECE.""}, ""final_recommendation"": {""score"": 4, ""rationale"": ""The candidate gives a clear recommendation supported by case data, addresses the business problem, highlights risks, and provides action-oriented next steps.""}, ""overall_structure"": {""score"": 4, ""rationale"": ""The candidate communicates in lists and generally leads the case well, but prioritization or transitions could be sharper.""}, ""overall_problem_solving"": {""score"": 4, ""rationale"": ""The candidate maintains consistent focus on the hypothesis, drives toward solutions, handles data well, corrects mistakes, and ties data to conclusions effectively.""}, ""overall_communication"": {""score"": 4, ""rationale"": ""The candidate is a strong communicator overall but could improve executive presence or audience awareness slightly.""}}","{""clarity_and_concision"": {""score"": 4, ""rationale"": ""The candidate provides a clear and concise analysis of Solventus Energy's situation by focusing on specific business units and their impact on EBITDA. The responses are structured and to the point, though there is room for even sharper prioritization.""}, ""responsiveness_and_adaptation"": {""score"": 4, ""rationale"": ""The candidate effectively responds to the interviewer's questions by adapting their analysis based on the information provided about each business unit. They prioritize B2C retail due to its negative EBITDA margin and high customer churn, showing good responsiveness.""}, ""groundedness"": {""score"": 4, ""rationale"": ""The candidate grounds their analysis in specific data points such as EBITDA margins, customer churn rates, and CAPEX overruns. This demonstrates a strong connection to the case facts, though some additional context could further enhance groundedness.""}, ""confidence_calibration"": {""score"": 4, ""rationale"": ""The candidate displays confidence in their analysis and recommendations, particularly when discussing the wind generation unit's profitability and the issues within B2C retail. However, there is a slight room for improvement in expressing certainty about the proposed solutions.""}, ""multi_turn_coherence"": {""score"": 4, ""rationale"": ""The candidate maintains coherence across multiple turns of dialogue by consistently linking their analysis to the overarching business problem and recommendations. They effectively build on each question, though there is minor room for tighter integration of ideas.""}}",3,"The candidate provides a workable recap of the problem by using a profitability framework and separates performance by business unit. However, the logic could be more hypothesis-driven.",4,The candidate creates a clear structure with relevant categories for each business unit but lacks measurable detail or stronger prioritization in their analysis.,not_tested,"There is no quantitative setup, calculation process, or numerical insights provided in the transcript.",4,"The candidate uses categories and shows some rationale for their analysis of each business unit. However, ideas could be more evenly developed or fully MECE.",4,"The candidate gives a clear recommendation supported by case data, addresses the business problem, highlights risks, and provides action-oriented next steps.",4,"The candidate communicates in lists and generally leads the case well, but prioritization or transitions could be sharper.",4,"The candidate maintains consistent focus on the hypothesis, drives toward solutions, handles data well, corrects mistakes, and ties data to conclusions effectively.",4,The candidate is a strong communicator overall but could improve executive presence or audience awareness slightly.,4,"The candidate provides a clear and concise analysis of Solventus Energy's situation by focusing on specific business units and their impact on EBITDA. The responses are structured and to the point, though there is room for even sharper prioritization.",4,"The candidate effectively responds to the interviewer's questions by adapting their analysis based on the information provided about each business unit. They prioritize B2C retail due to its negative EBITDA margin and high customer churn, showing good responsiveness.",4,"The candidate grounds their analysis in specific data points such as EBITDA margins, customer churn rates, and CAPEX overruns. This demonstrates a strong connection to the case facts, though some additional context could further enhance groundedness.",4,"The candidate displays confidence in their analysis and recommendations, particularly when discussing the wind generation unit's profitability and the issues within B2C retail. However, there is a slight room for improvement in expressing certainty about the proposed solutions.",4,"The candidate maintains coherence across multiple turns of dialogue by consistently linking their analysis to the overarching business problem and recommendations. They effectively build on each question, though there is minor room for tighter integration of ideas."
baseline,baseline_scenario_01_08_008_r05_20260710T131937Z_exp1,/Users/palomaperezdemadrid/Desktop/Dissertation/agentic-case-interview-coach/src/scenarios/synthetic-based/scenario_01_08.json,5,5,ok,,3,0,True,"### Case Interview Feedback Report

#### Strengths
1. **Structured Analysis**: The candidate demonstrated a clear understanding of Solventus Energy's situation by using a profitability framework to analyze the contributions of different business units. This approach effectively separated performance issues and identified potential problem areas.
   
2. **Prioritization Skills**: By prioritizing the B2C retail unit for deeper analysis due to its negative EBITDA margin, high customer churn, and significant acquisition costs, the candidate showed strong analytical skills in identifying key drivers of profitability decline.

3. **Actionable Recommendations**: The final recommendations were well-supported by case data, addressing both immediate issues (e.g., B2C retail) and longer-term concerns (e.g., battery storage project). This demonstrated a comprehensive understanding of the business problem and provided clear next steps for management.

#### Weaknesses
1. **Lack of Hypothesis-Driven Logic**: While the candidate used a profitability framework, the analysis could have been more hypothesis-driven to better guide the investigation into each business unit's performance issues.
   
2. **Insufficient Quantitative Detail**: The absence of quantitative setup or numerical insights limited the depth of the analysis. Incorporating specific calculations or projections would strengthen the case evaluation.

3. **Prioritization and Transitions**: Although the candidate structured their analysis well, there was room for sharper prioritization and smoother transitions between different parts of the discussion to enhance clarity and impact.

#### Improvement Priority
- **Enhance Quantitative Analysis**: The candidate should focus on incorporating more quantitative details into their analysis. This includes setting up calculations or projections that can provide deeper insights into each business unit's performance, thereby strengthening the overall case evaluation and recommendations.

Overall, the candidate demonstrated strong analytical skills and communication abilities, with a clear understanding of the business problem at Solventus Energy. By enhancing quantitative analysis and refining prioritization techniques, they can further improve their consulting case interview performance.","[""Interviewer: Your client is Solventus Energy, a Spanish renewable energy company. Over the past two years, EBITDA has fallen 34% even though total revenue has grown 18%. The company operates three business units: onshore wind generation, residential electricity retail, and large-scale battery storage construction. The CEO has asked you to identify what is driving the profit decline and recommend a path forward."", ""Candidate: To understand why EBITDA has fallen despite revenue growth, we should analyze each business unit's contribution to profitability using a profit = revenue - costs framework. Let's start by examining the wind generation unit since it is operationally healthy with a strong 41% EBITDA margin. This suggests that wind generation is not contributing to the decline in EBITDA. Next, let's look at B2C retail and battery storage for potential issues."", ""Interviewer: Which business unit would you prioritize first for a deeper analysis and why?"", ""Candidate: I would prioritize analyzing the B2C retail unit first because it has a negative EBITDA margin of -8%, high customer churn at 28% annually, and significant acquisition costs. These factors suggest structural issues that could be contributing significantly to the decline in overall profitability."", ""Interviewer: What is your final recommendation to management?"", ""Candidate: My final recommendation to management is threefold: First, protect and continue investing in the wind generation unit as it remains a strong profit engine with a healthy EBITDA margin of 41%. Second, address the structural issues within the B2C retail unit by improving customer retention strategies, reducing acquisition costs, and enhancing differentiation to turn around its negative EBITDA margin. Third, conduct an independent review of the battery storage project due to its significant cost overruns (3x original CAPEX) and delays (22 months), as it is currently a distressed capital project with no revenue generation."", ""Eval Case Performance: structured case-performance assessment completed."", ""Eval Dialog Quality: structured interaction-quality assessment completed."", ""Give Feedback: ### Case Interview Feedback Report\n\n#### Strengths\n1. **Structured Analysis**: The candidate demonstrated a clear understanding of Solventus Energy's situation by using a profitability framework to analyze the contributions of different business units. This approach effectively separated performance issues and identified potential problem areas.\n   \n2. **Prioritization Skills**: By prioritizing the B2C retail unit for deeper analysis due to its negative EBITDA margin, high customer churn, and significant acquisition costs, the candidate showed strong analytical skills in identifying key drivers of profitability decline.\n\n3. **Actionable Recommendations**: The final recommendations were well-supported by case data, addressing both immediate issues (e.g., B2C retail) and longer-term concerns (e.g., battery storage project). This demonstrated a comprehensive understanding of the business problem and provided clear next steps for management.\n\n#### Weaknesses\n1. **Lack of Hypothesis-Driven Logic**: While the candidate used a profitability framework, the analysis could have been more hypothesis-driven to better guide the investigation into each business unit's performance issues.\n   \n2. **Insufficient Quantitative Detail**: The absence of quantitative setup or numerical insights limited the depth of the analysis. Incorporating specific calculations or projections would strengthen the case evaluation.\n\n3. **Prioritization and Transitions**: Although the candidate structured their analysis well, there was room for sharper prioritization and smoother transitions between different parts of the discussion to enhance clarity and impact.\n\n#### Improvement Priority\n- **Enhance Quantitative Analysis**: The candidate should focus on incorporating more quantitative details into their analysis. This includes setting up calculations or projections that can provide deeper insights into each business unit's performance, thereby strengthening the overall case evaluation and recommendations.\n\nOverall, the candidate demonstrated strong analytical skills and communication abilities, with a clear understanding of the business problem at Solventus Energy. By enhancing quantitative analysis and refining prioritization techniques, they can further improve their consulting case interview performance.""]",[],"{""case_opening"": {""score"": 3, ""rationale"": ""The candidate provides a workable recap of the problem by using a profitability framework and separates performance by business unit. However, the logic could be more hypothesis-driven.""}, ""case_structure"": {""score"": 4, ""rationale"": ""The candidate creates a clear structure with relevant categories for each business unit but lacks measurable detail or stronger prioritization in their analysis.""}, ""case_math_answer"": {""score"": ""not_tested"", ""rationale"": ""There is no quantitative setup, calculation process, or numerical insights provided in the transcript.""}, ""case_creative_answer"": {""score"": 4, ""rationale"": ""The candidate uses categories and shows some rationale for their analysis of each business unit. However, ideas could be more evenly developed or fully MECE.""}, ""final_recommendation"": {""score"": 4, ""rationale"": ""The candidate gives a clear recommendation supported by case data, addresses the business problem, highlights risks, and provides action-oriented next steps.""}, ""overall_structure"": {""score"": 4, ""rationale"": ""The candidate communicates in lists and generally leads the case well, but prioritization or transitions could be sharper.""}, ""overall_problem_solving"": {""score"": 4, ""rationale"": ""The candidate maintains consistent focus on the hypothesis, drives toward solutions, handles data well, corrects mistakes, and ties data to conclusions effectively.""}, ""overall_communication"": {""score"": 4, ""rationale"": ""The candidate is a strong communicator overall but could improve executive presence or audience awareness slightly.""}}","{""clarity_and_concision"": {""score"": 4, ""rationale"": ""The candidate provides a clear and concise analysis of Solventus Energy's situation by focusing on specific business units and their impact on EBITDA. The responses are structured and to the point, though there is room for even sharper prioritization.""}, ""responsiveness_and_adaptation"": {""score"": 4, ""rationale"": ""The candidate effectively responds to the interviewer's questions by adapting their analysis based on the information provided about each business unit. They prioritize B2C retail due to its negative EBITDA margin and high customer churn, showing good responsiveness.""}, ""groundedness"": {""score"": 4, ""rationale"": ""The candidate grounds their analysis in specific data points such as EBITDA margins, customer churn rates, and CAPEX overruns. This demonstrates a strong connection to the case facts, though some additional context could further enhance groundedness.""}, ""confidence_calibration"": {""score"": 4, ""rationale"": ""The candidate displays confidence in their analysis and recommendations, particularly when discussing the wind generation unit's profitability and the issues within B2C retail. However, there is a slight room for improvement in expressing certainty about the proposed solutions.""}, ""multi_turn_coherence"": {""score"": 4, ""rationale"": ""The candidate maintains coherence across multiple turns of dialogue by consistently linking their analysis to the overarching business problem and recommendations. They effectively build on each question, though there is minor room for tighter integration of ideas.""}}",3,"The candidate provides a workable recap of the problem by using a profitability framework and separates performance by business unit. However, the logic could be more hypothesis-driven.",4,The candidate creates a clear structure with relevant categories for each business unit but lacks measurable detail or stronger prioritization in their analysis.,not_tested,"There is no quantitative setup, calculation process, or numerical insights provided in the transcript.",4,"The candidate uses categories and shows some rationale for their analysis of each business unit. However, ideas could be more evenly developed or fully MECE.",4,"The candidate gives a clear recommendation supported by case data, addresses the business problem, highlights risks, and provides action-oriented next steps.",4,"The candidate communicates in lists and generally leads the case well, but prioritization or transitions could be sharper.",4,"The candidate maintains consistent focus on the hypothesis, drives toward solutions, handles data well, corrects mistakes, and ties data to conclusions effectively.",4,The candidate is a strong communicator overall but could improve executive presence or audience awareness slightly.,4,"The candidate provides a clear and concise analysis of Solventus Energy's situation by focusing on specific business units and their impact on EBITDA. The responses are structured and to the point, though there is room for even sharper prioritization.",4,"The candidate effectively responds to the interviewer's questions by adapting their analysis based on the information provided about each business unit. They prioritize B2C retail due to its negative EBITDA margin and high customer churn, showing good responsiveness.",4,"The candidate grounds their analysis in specific data points such as EBITDA margins, customer churn rates, and CAPEX overruns. This demonstrates a strong connection to the case facts, though some additional context could further enhance groundedness.",4,"The candidate displays confidence in their analysis and recommendations, particularly when discussing the wind generation unit's profitability and the issues within B2C retail. However, there is a slight room for improvement in expressing certainty about the proposed solutions.",4,"The candidate maintains coherence across multiple turns of dialogue by consistently linking their analysis to the overarching business problem and recommendations. They effectively build on each question, though there is minor room for tighter integration of ideas."
