graph_name,thread_id,scenario_ref,repeat_index,repeat_count,status,error,turn_index,judge_round,enough_evidence,final_feedback,transcript,focus_areas,case_performance,quality_dialog,case_opening_score,case_opening_rationale,case_structure_score,case_structure_rationale,case_math_answer_score,case_math_answer_rationale,case_creative_answer_score,case_creative_answer_rationale,final_recommendation_score,final_recommendation_rationale,overall_structure_score,overall_structure_rationale,overall_problem_solving_score,overall_problem_solving_rationale,overall_communication_score,overall_communication_rationale,clarity_and_concision_score,clarity_and_concision_rationale,responsiveness_and_adaptation_score,responsiveness_and_adaptation_rationale,groundedness_score,groundedness_rationale,confidence_calibration_score,confidence_calibration_rationale,multi_turn_coherence_score,multi_turn_coherence_rationale
agentic,agentic_scenario_01_01_001_r01_20260712T170433Z,/Users/palomaperezdemadrid/Desktop/Dissertation/agentic-case-interview-coach/src/scenarios/synthetic-based/scenario_01_01.json,1,3,ok,,4,2,True,"### Final Feedback Report

#### Main Strengths:
1. **Focus on EBITDA Margins**: The candidate consistently aimed to analyze the EBITDA margins of each business unit, which is a crucial step in understanding profitability issues.

#### Main Weaknesses:
1. **Lack of Adaptability and Responsiveness**: Despite repeated prompts from the interviewer, the candidate did not adapt their approach or consider additional factors such as the impact of newer business units on overall EBITDA margins or the implications of the CFO's resignation.
2. **Failure to Develop a Structured Analysis**: The candidate did not progress beyond initial thoughts about EBITDA margins and failed to build an analysis structure that incorporated various potential drivers of profit decline.

#### Improvement Priority:
- **Enhance Responsiveness and Adaptation**: The candidate should focus on improving their ability to respond to interviewer cues and adapt their analysis accordingly. This includes considering external factors like the impact of new business units or internal changes such as leadership transitions, which could affect financial performance.

### Recommendations for Improvement:
1. **Clarify Objectives Early**: Begin by clarifying the objective with the interviewer to ensure alignment on what needs to be analyzed.
2. **Develop a Flexible Structure**: Use an initial structure that can evolve based on new information or insights gained during the discussion.
3. **Incorporate Assumptions and External Factors**: Explicitly state assumptions and consider external factors such as market conditions, competition, and internal changes like leadership transitions.

By focusing on these areas, the candidate can improve their ability to conduct a comprehensive and adaptive analysis in future case interviews.","[""Interviewer: Your client is Solventus Energy, a Spanish renewable energy company. Over the past two years, EBITDA has fallen 34% even though total revenue has grown 18%. The company operates three business units: onshore wind generation, residential electricity retail, and large-scale battery storage construction. The CEO has asked you to identify what is driving the profit decline and recommend a path forward."", ""Candidate: Let's start by looking at the EBITDA margin for each business unit."", ""Interviewer: What specific EBITDA margins are you looking at for each business unit?"", ""Candidate: Let's start by looking at the EBITDA margin for each business unit."", ""Interviewer: Have you considered the impact of the newer business units on the overall EBITDA margin, given that they have driven the revenue growth?"", ""Candidate: Let's start by looking at the EBITDA margin for each business unit."", ""Interviewer: Have you considered how the revenue growth from the newer business units might be affecting the overall EBITDA margin, given that they may have lower margins initially?"", ""Interviewer: Have you considered how the revenue growth from the newer business units might be diluting the overall EBITDA margin, given that they may have lower margins initially?"", ""Candidate: Let's start by looking at the EBITDA margin for each business unit."", ""Interviewer: Have you considered the impact of the CFO's resignation on the company's financial performance and decision-making process?"", ""Candidate: Let's start by looking at the EBITDA margin for each business unit."", ""Interviewer: Have you considered how the revenue growth from the newer business units might be diluting the overall EBITDA margin, given that they may have lower margins initially?"", ""Candidate: Let's start by looking at the EBITDA margin for each business unit."", ""Interviewer: Have you considered how the revenue growth from the residential electricity retail and large-scale battery storage construction units might be affecting the onshore wind generation unit's EBITDA margin, given that the newer units may have lower margins initially?"", ""Eval Case Performance: structured case-performance assessment completed."", ""Eval Dialog Quality: structured interaction-quality assessment completed."", ""Give Feedback: ### Final Feedback Report\n\n#### Main Strengths:\n1. **Focus on EBITDA Margins**: The candidate consistently aimed to analyze the EBITDA margins of each business unit, which is a crucial step in understanding profitability issues.\n\n#### Main Weaknesses:\n1. **Lack of Adaptability and Responsiveness**: Despite repeated prompts from the interviewer, the candidate did not adapt their approach or consider additional factors such as the impact of newer business units on overall EBITDA margins or the implications of the CFO's resignation.\n2. **Failure to Develop a Structured Analysis**: The candidate did not progress beyond initial thoughts about EBITDA margins and failed to build an analysis structure that incorporated various potential drivers of profit decline.\n\n#### Improvement Priority:\n- **Enhance Responsiveness and Adaptation**: The candidate should focus on improving their ability to respond to interviewer cues and adapt their analysis accordingly. This includes considering external factors like the impact of new business units or internal changes such as leadership transitions, which could affect financial performance.\n\n### Recommendations for Improvement:\n1. **Clarify Objectives Early**: Begin by clarifying the objective with the interviewer to ensure alignment on what needs to be analyzed.\n2. **Develop a Flexible Structure**: Use an initial structure that can evolve based on new information or insights gained during the discussion.\n3. **Incorporate Assumptions and External Factors**: Explicitly state assumptions and consider external factors such as market conditions, competition, and internal changes like leadership transitions.\n\nBy focusing on these areas, the candidate can improve their ability to conduct a comprehensive and adaptive analysis in future case interviews.""]",[],"{""case_opening"": {""score"": ""not_tested"", ""rationale"": ""No rationale provided.""}, ""case_structure"": {""score"": ""not_tested"", ""rationale"": ""No rationale provided.""}, ""case_math_answer"": {""score"": ""not_tested"", ""rationale"": ""No rationale provided.""}, ""case_creative_answer"": {""score"": ""not_tested"", ""rationale"": ""No rationale provided.""}, ""final_recommendation"": {""score"": ""not_tested"", ""rationale"": ""No rationale provided.""}, ""overall_structure"": {""score"": ""not_tested"", ""rationale"": ""No rationale provided.""}, ""overall_problem_solving"": {""score"": ""not_tested"", ""rationale"": ""No rationale provided.""}, ""overall_communication"": {""score"": ""not_tested"", ""rationale"": ""No rationale provided.""}}","{""clarity_and_concision"": {""score"": ""not_tested"", ""rationale"": ""No rationale provided.""}, ""responsiveness_and_adaptation"": {""score"": ""not_tested"", ""rationale"": ""No rationale provided.""}, ""groundedness"": {""score"": ""not_tested"", ""rationale"": ""No rationale provided.""}, ""confidence_calibration"": {""score"": ""not_tested"", ""rationale"": ""No rationale provided.""}, ""multi_turn_coherence"": {""score"": ""not_tested"", ""rationale"": ""No rationale provided.""}}",not_tested,No rationale provided.,not_tested,No rationale provided.,not_tested,No rationale provided.,not_tested,No rationale provided.,not_tested,No rationale provided.,not_tested,No rationale provided.,not_tested,No rationale provided.,not_tested,No rationale provided.,not_tested,No rationale provided.,not_tested,No rationale provided.,not_tested,No rationale provided.,not_tested,No rationale provided.,not_tested,No rationale provided.
agentic,agentic_scenario_01_01_001_r02_20260712T170433Z,/Users/palomaperezdemadrid/Desktop/Dissertation/agentic-case-interview-coach/src/scenarios/synthetic-based/scenario_01_01.json,2,3,ok,,4,2,True,"### Case Interview Feedback Report

#### Main Strengths:
- **Identification of Key Issue**: The candidate correctly identified that despite revenue growth, EBITDA has declined significantly. This indicates an understanding of the core issue affecting profitability.

#### Main Weaknesses:
- **Lack of Specific Analysis**: The candidate repeatedly focused on the general observation of revenue and EBITDA without progressing to analyze specific business units or cost structures.
- **Repetitive Responses**: The responses were repetitive, lacking clarity and concision. This repetition indicated a failure to adapt to the interviewer's guidance towards more detailed analysis.

#### Improvement Priority:
- **Developing Specific Analysis Skills**: The candidate should focus on breaking down revenue and EBITDA into components such as price, volume, mix, fixed costs, and variable costs for each business unit. This would involve proposing specific next steps based on initial findings, such as investigating whether the decline is due to pricing or cost issues.

#### Recommendations:
- **Engage with Specific Questions**: Instead of repeating general observations, the candidate should respond directly to the interviewer's questions by proposing targeted analyses (e.g., examining price versus volume impacts).
- **Utilize Structured Frameworks**: Adopt a structured approach to break down financial metrics and explore potential causes for profitability issues. This includes considering both internal factors like cost structures and external factors such as market competition.
- **Practice Adaptive Communication**: Improve responsiveness by adapting communication based on the interviewer's feedback, ensuring that each response builds logically from the previous one.

By focusing on these areas, the candidate can enhance their ability to conduct a thorough and insightful analysis during case interviews.","[""Interviewer: Your client is Solventus Energy, a Spanish renewable energy company. Over the past two years, EBITDA has fallen 34% even though total revenue has grown 18%. The company operates three business units: onshore wind generation, residential electricity retail, and large-scale battery storage construction. The CEO has asked you to identify what is driving the profit decline and recommend a path forward."", ""Candidate: Let's start by looking at the revenue growth and EBITDA decline. Total revenue has grown 18% but EBITDA has fallen 34%. This suggests that the revenue growth might not be translating into profits."", ""Interviewer: How do you plan to separate the performance of the different business units to better understand the profit decline?"", ""Candidate: Let's start by looking at the revenue growth and EBITDA decline. Total revenue has grown 18% but EBITDA has fallen 34%. This suggests that the revenue growth might not be translating into profits."", ""Interviewer: Given that the revenue growth has been driven entirely by the two newer units, how do you plan to analyze the performance of these units separately to identify any potential issues?"", ""Candidate: Let's start by looking at the revenue growth and EBITDA decline. Total revenue has grown 18% but EBITDA has fallen 34%. This suggests that the revenue growth might not be translating into profits."", ""Interviewer: Given that revenue growth has been driven entirely by the two newer units, how do you plan to analyze the performance of onshore wind generation and large-scale battery storage construction separately to identify any potential issues affecting profitability?"", ""Interviewer: Given that revenue growth has been driven entirely by the two newer units, how do you plan to analyze the performance of onshore wind generation and large-scale battery storage construction separately to identify any potential issues affecting profitability?"", ""Candidate: Let's start by looking at the revenue growth and EBITDA decline. Total revenue has grown 18% but EBITDA has fallen 34%. This suggests that the revenue growth might not be translating into profits."", ""Interviewer: Given that revenue growth has been driven entirely by the two newer units, how do you plan to analyze the onshore wind generation and large-scale battery storage construction units separately to identify any potential cost issues that might be affecting profitability?"", ""Candidate: Let's start by looking at the revenue growth and EBITDA decline. Total revenue has grown 18% but EBITDA has fallen 34%. This suggests that the revenue growth might not be translating into profits."", ""Interviewer: Given that revenue growth has been driven entirely by the two newer units, how do you plan to analyze the cost structures of onshore wind generation and large-scale battery storage construction to identify any potential issues affecting profitability?"", ""Candidate: Let's start by looking at the revenue growth and EBITDA decline. Total revenue has grown 18% but EBITDA has fallen 34%. This suggests that the revenue growth might not be translating into profits."", ""Interviewer: Given that revenue growth has been driven entirely by the two newer units, how do you plan to analyze the cost structures of onshore wind generation and large-scale battery storage construction to identify any potential issues affecting profitability?"", ""Eval Case Performance: structured case-performance assessment completed."", ""Eval Dialog Quality: structured interaction-quality assessment completed."", ""Give Feedback: ### Case Interview Feedback Report\n\n#### Main Strengths:\n- **Identification of Key Issue**: The candidate correctly identified that despite revenue growth, EBITDA has declined significantly. This indicates an understanding of the core issue affecting profitability.\n\n#### Main Weaknesses:\n- **Lack of Specific Analysis**: The candidate repeatedly focused on the general observation of revenue and EBITDA without progressing to analyze specific business units or cost structures.\n- **Repetitive Responses**: The responses were repetitive, lacking clarity and concision. This repetition indicated a failure to adapt to the interviewer's guidance towards more detailed analysis.\n\n#### Improvement Priority:\n- **Developing Specific Analysis Skills**: The candidate should focus on breaking down revenue and EBITDA into components such as price, volume, mix, fixed costs, and variable costs for each business unit. This would involve proposing specific next steps based on initial findings, such as investigating whether the decline is due to pricing or cost issues.\n\n#### Recommendations:\n- **Engage with Specific Questions**: Instead of repeating general observations, the candidate should respond directly to the interviewer's questions by proposing targeted analyses (e.g., examining price versus volume impacts).\n- **Utilize Structured Frameworks**: Adopt a structured approach to break down financial metrics and explore potential causes for profitability issues. This includes considering both internal factors like cost structures and external factors such as market competition.\n- **Practice Adaptive Communication**: Improve responsiveness by adapting communication based on the interviewer's feedback, ensuring that each response builds logically from the previous one.\n\nBy focusing on these areas, the candidate can enhance their ability to conduct a thorough and insightful analysis during case interviews.""]",[],"{""case_opening"": {""score"": ""not_tested"", ""rationale"": ""No rationale provided.""}, ""case_structure"": {""score"": ""not_tested"", ""rationale"": ""No rationale provided.""}, ""case_math_answer"": {""score"": ""not_tested"", ""rationale"": ""No rationale provided.""}, ""case_creative_answer"": {""score"": ""not_tested"", ""rationale"": ""No rationale provided.""}, ""final_recommendation"": {""score"": ""not_tested"", ""rationale"": ""No rationale provided.""}, ""overall_structure"": {""score"": ""not_tested"", ""rationale"": ""No rationale provided.""}, ""overall_problem_solving"": {""score"": ""not_tested"", ""rationale"": ""No rationale provided.""}, ""overall_communication"": {""score"": ""not_tested"", ""rationale"": ""No rationale provided.""}}","{""clarity_and_concision"": {""score"": 1, ""rationale"": ""The candidate's responses are repetitive and lack concision, failing to clearly articulate their thoughts and ideas. They repeat the same phrase multiple times, indicating a lack of clarity in their communication.""}, ""responsiveness_and_adaptation"": {""score"": 1, ""rationale"": ""The candidate does not adapt to the interviewer's questions and fails to respond to the specific queries. They repeat the same initial response despite the interviewer's attempts to guide them towards a more specific analysis.""}, ""groundedness"": {""score"": ""not_tested"", ""rationale"": ""The transcript does not provide enough information to assess the candidate's ability to ground their analysis in data or evidence.""}, ""confidence_calibration"": {""score"": 1, ""rationale"": ""The candidate's repetitive responses and failure to adapt to the interviewer's questions suggest a lack of confidence in their analysis and a failure to calibrate their confidence to the evidence.""}, ""multi_turn_coherence"": {""score"": 1, ""rationale"": ""The candidate's responses lack coherence across multiple turns, failing to build on previous ideas or respond to the interviewer's questions in a logical and consistent manner.""}}",not_tested,No rationale provided.,not_tested,No rationale provided.,not_tested,No rationale provided.,not_tested,No rationale provided.,not_tested,No rationale provided.,not_tested,No rationale provided.,not_tested,No rationale provided.,not_tested,No rationale provided.,1,"The candidate's responses are repetitive and lack concision, failing to clearly articulate their thoughts and ideas. They repeat the same phrase multiple times, indicating a lack of clarity in their communication.",1,The candidate does not adapt to the interviewer's questions and fails to respond to the specific queries. They repeat the same initial response despite the interviewer's attempts to guide them towards a more specific analysis.,not_tested,The transcript does not provide enough information to assess the candidate's ability to ground their analysis in data or evidence.,1,The candidate's repetitive responses and failure to adapt to the interviewer's questions suggest a lack of confidence in their analysis and a failure to calibrate their confidence to the evidence.,1,"The candidate's responses lack coherence across multiple turns, failing to build on previous ideas or respond to the interviewer's questions in a logical and consistent manner."
agentic,agentic_scenario_01_01_001_r03_20260712T170433Z,/Users/palomaperezdemadrid/Desktop/Dissertation/agentic-case-interview-coach/src/scenarios/synthetic-based/scenario_01_01.json,3,3,ok,,4,2,True,"### Final Feedback Report

#### Main Strengths:
1. **Focus on EBITDA Margins**: The candidate demonstrated an understanding of the importance of analyzing EBITDA margins for each business unit, which is a critical step in diagnosing profitability issues.

#### Main Weaknesses:
1. **Lack of Specificity and Justification**: The candidate repeatedly mentioned examining EBITDA margins but failed to provide specific figures or justify why this metric was chosen initially. This indicates a lack of depth in analysis.
2. **Inability to Progress the Case**: Despite multiple prompts from the interviewer, the candidate did not advance the case by providing detailed insights or proposing further steps based on initial findings.

#### Improvement Priority:
- **Developing and Articulating Assumptions**: The candidate should focus on clearly stating assumptions when specific data is unavailable. This includes explaining why certain metrics are prioritized and how they relate to the overall objective of understanding profit decline. Additionally, the candidate should use these assumptions to guide further analysis and propose next steps.

#### Recommendations for Improvement:
- **Clarify Initial Analysis**: When choosing a starting point like EBITDA margins, provide specific figures if available or explain why this metric is relevant to the case.
- **Propose Next Steps**: Use initial findings to suggest logical next steps in the analysis. For example, if revenue decline is suspected, propose examining price versus volume issues.
- **Engage with Interviewer Prompts**: Respond effectively to interviewer questions by providing detailed explanations and justifications for chosen analytical paths.

By addressing these areas, the candidate can enhance their ability to structure cases effectively and communicate insights clearly during consulting case interviews.","[""Interviewer: Your client is Solventus Energy, a Spanish renewable energy company. Over the past two years, EBITDA has fallen 34% even though total revenue has grown 18%. The company operates three business units: onshore wind generation, residential electricity retail, and large-scale battery storage construction. The CEO has asked you to identify what is driving the profit decline and recommend a path forward."", ""Candidate: Let's start by looking at the EBITDA margin for each business unit."", ""Interviewer: What specific EBITDA margins are you looking at for each business unit, and why did you choose to start with them?"", ""Candidate: Let's start by looking at the EBITDA margin for each business unit."", ""Interviewer: What specific EBITDA margins are you looking at for each business unit, and why did you choose to start with them?"", ""Candidate: Let's start by looking at the EBITDA margin for each business unit."", ""Interviewer: What specific EBITDA margins are you looking at for each business unit, and why did you choose to start with them?"", ""Interviewer: Can you provide the specific EBITDA margins for each business unit and explain why you chose to start with them?"", ""Candidate: Let's start by looking at the EBITDA margin for each business unit."", ""Interviewer: Can you provide the specific EBITDA margins for each business unit and explain why you chose to start with them?"", ""Candidate: Let's start by looking at the EBITDA margin for each business unit."", ""Interviewer: Can you provide the specific EBITDA margins for each business unit and explain why you chose to start with them?"", ""Candidate: Let's start by looking at the EBITDA margin for each business unit."", ""Interviewer: Can you provide the specific EBITDA margins for each business unit and explain why you chose to start with them?"", ""Eval Case Performance: structured case-performance assessment completed."", ""Eval Dialog Quality: structured interaction-quality assessment completed."", ""Give Feedback: ### Final Feedback Report\n\n#### Main Strengths:\n1. **Focus on EBITDA Margins**: The candidate demonstrated an understanding of the importance of analyzing EBITDA margins for each business unit, which is a critical step in diagnosing profitability issues.\n\n#### Main Weaknesses:\n1. **Lack of Specificity and Justification**: The candidate repeatedly mentioned examining EBITDA margins but failed to provide specific figures or justify why this metric was chosen initially. This indicates a lack of depth in analysis.\n2. **Inability to Progress the Case**: Despite multiple prompts from the interviewer, the candidate did not advance the case by providing detailed insights or proposing further steps based on initial findings.\n\n#### Improvement Priority:\n- **Developing and Articulating Assumptions**: The candidate should focus on clearly stating assumptions when specific data is unavailable. This includes explaining why certain metrics are prioritized and how they relate to the overall objective of understanding profit decline. Additionally, the candidate should use these assumptions to guide further analysis and propose next steps.\n\n#### Recommendations for Improvement:\n- **Clarify Initial Analysis**: When choosing a starting point like EBITDA margins, provide specific figures if available or explain why this metric is relevant to the case.\n- **Propose Next Steps**: Use initial findings to suggest logical next steps in the analysis. For example, if revenue decline is suspected, propose examining price versus volume issues.\n- **Engage with Interviewer Prompts**: Respond effectively to interviewer questions by providing detailed explanations and justifications for chosen analytical paths.\n\nBy addressing these areas, the candidate can enhance their ability to structure cases effectively and communicate insights clearly during consulting case interviews.""]",[],"{""case_opening"": {""score"": ""not_tested"", ""rationale"": ""No rationale provided.""}, ""case_structure"": {""score"": ""not_tested"", ""rationale"": ""No rationale provided.""}, ""case_math_answer"": {""score"": ""not_tested"", ""rationale"": ""No rationale provided.""}, ""case_creative_answer"": {""score"": ""not_tested"", ""rationale"": ""No rationale provided.""}, ""final_recommendation"": {""score"": ""not_tested"", ""rationale"": ""No rationale provided.""}, ""overall_structure"": {""score"": ""not_tested"", ""rationale"": ""No rationale provided.""}, ""overall_problem_solving"": {""score"": ""not_tested"", ""rationale"": ""No rationale provided.""}, ""overall_communication"": {""score"": ""not_tested"", ""rationale"": ""No rationale provided.""}}","{""clarity_and_concision"": {""score"": ""not_tested"", ""rationale"": ""No rationale provided.""}, ""responsiveness_and_adaptation"": {""score"": ""not_tested"", ""rationale"": ""No rationale provided.""}, ""groundedness"": {""score"": ""not_tested"", ""rationale"": ""No rationale provided.""}, ""confidence_calibration"": {""score"": ""not_tested"", ""rationale"": ""No rationale provided.""}, ""multi_turn_coherence"": {""score"": ""not_tested"", ""rationale"": ""No rationale provided.""}}",not_tested,No rationale provided.,not_tested,No rationale provided.,not_tested,No rationale provided.,not_tested,No rationale provided.,not_tested,No rationale provided.,not_tested,No rationale provided.,not_tested,No rationale provided.,not_tested,No rationale provided.,not_tested,No rationale provided.,not_tested,No rationale provided.,not_tested,No rationale provided.,not_tested,No rationale provided.,not_tested,No rationale provided.
agentic,agentic_scenario_01_02_002_r01_20260712T170433Z,/Users/palomaperezdemadrid/Desktop/Dissertation/agentic-case-interview-coach/src/scenarios/synthetic-based/scenario_01_02.json,1,3,ok,,4,2,True,"### Case Interview Feedback Report

#### Main Strengths:
1. **Focus on EBITDA Margins**: The candidate consistently aimed to understand the EBITDA margin for each business unit, which is a crucial step in diagnosing profitability issues.
2. **Intent to Analyze Revenue and Cost Drivers**: The candidate expressed an intention to break down profit into revenue and cost drivers, aligning with best practices in profitability analysis.

#### Main Weaknesses:
1. **Lack of Adaptability and Responsiveness**: Despite repeated prompts from the interviewer regarding other potential factors (e.g., impact of CFO's resignation, performance of newer units), the candidate did not adapt their approach or explore these avenues.
2. **Failure to Develop a Case Structure**: The candidate did not progress beyond requesting EBITDA margin data, missing opportunities to build an initial structure or drive further analysis based on available information.

#### Improvement Priority:
- **Enhance Responsiveness and Adaptation**: The candidate should focus on being more responsive to the interviewer's cues and adapt their line of questioning accordingly. This involves integrating new insights into their analysis dynamically rather than sticking rigidly to a single inquiry path.

### Recommendations for Future Interviews:
1. **Clarify Objectives Early**: Begin by restating the problem and clarifying objectives, ensuring alignment with the case prompt.
2. **Develop an Initial Structure**: Use available information to build a preliminary framework for analysis, considering both internal and external factors affecting profitability.
3. **Propose Next Steps Proactively**: Instead of waiting for guidance, propose logical next steps based on current findings, demonstrating strategic thinking and initiative.

By addressing these areas, the candidate can improve their problem-solving approach and communication effectiveness in future case interviews.","[""Interviewer: Your client is Solventus Energy, a Spanish renewable energy company. Over the past two years, EBITDA has fallen 34% even though total revenue has grown 18%. The company operates three business units: onshore wind generation, residential electricity retail, and large-scale battery storage construction. The CEO has asked you to identify what is driving the profit decline and recommend a path forward."", ""Candidate: Let's start by understanding the EBITDA margin for each business unit. Could you provide that information?"", ""Interviewer: Have you considered the impact of the CFO's resignation on the company's financial performance and decision-making?"", ""Candidate: Let's start by understanding the EBITDA margin for each business unit. Could you provide that information?"", ""Interviewer: Have you considered how the revenue growth from the newer units might be affecting the overall EBITDA margin of the company?"", ""Candidate: Let's start by understanding the EBITDA margin for each business unit. Could you provide that information?"", ""Interviewer: Have you considered how the performance of the onshore wind generation and large-scale battery storage construction units might be affecting the overall EBITDA margin, given that they are the newer units driving revenue growth?"", ""Interviewer: Can you break down the EBITDA margin for each business unit and explain how you would use this information to identify the source of the profit decline?"", ""Candidate: Let's start by understanding the EBITDA margin for each business unit. Could you provide that information?"", ""Interviewer: Can you explain how you would break down the profit into revenue and cost drivers for each business unit to identify which one is contributing to the profit decline?"", ""Candidate: Let's start by understanding the EBITDA margin for each business unit. Could you provide that information?"", ""Interviewer: Can you explain how you would break down the profit into revenue and cost drivers for each business unit to identify which one is contributing to the profit decline?"", ""Candidate: Let's start by understanding the EBITDA margin for each business unit. Could you provide that information?"", ""Interviewer: Can you explain how you would break down the revenue and cost drivers for each business unit to identify which one is contributing to the profit decline?"", ""Eval Case Performance: structured case-performance assessment completed."", ""Eval Dialog Quality: structured interaction-quality assessment completed."", ""Give Feedback: ### Case Interview Feedback Report\n\n#### Main Strengths:\n1. **Focus on EBITDA Margins**: The candidate consistently aimed to understand the EBITDA margin for each business unit, which is a crucial step in diagnosing profitability issues.\n2. **Intent to Analyze Revenue and Cost Drivers**: The candidate expressed an intention to break down profit into revenue and cost drivers, aligning with best practices in profitability analysis.\n\n#### Main Weaknesses:\n1. **Lack of Adaptability and Responsiveness**: Despite repeated prompts from the interviewer regarding other potential factors (e.g., impact of CFO's resignation, performance of newer units), the candidate did not adapt their approach or explore these avenues.\n2. **Failure to Develop a Case Structure**: The candidate did not progress beyond requesting EBITDA margin data, missing opportunities to build an initial structure or drive further analysis based on available information.\n\n#### Improvement Priority:\n- **Enhance Responsiveness and Adaptation**: The candidate should focus on being more responsive to the interviewer's cues and adapt their line of questioning accordingly. This involves integrating new insights into their analysis dynamically rather than sticking rigidly to a single inquiry path.\n\n### Recommendations for Future Interviews:\n1. **Clarify Objectives Early**: Begin by restating the problem and clarifying objectives, ensuring alignment with the case prompt.\n2. **Develop an Initial Structure**: Use available information to build a preliminary framework for analysis, considering both internal and external factors affecting profitability.\n3. **Propose Next Steps Proactively**: Instead of waiting for guidance, propose logical next steps based on current findings, demonstrating strategic thinking and initiative.\n\nBy addressing these areas, the candidate can improve their problem-solving approach and communication effectiveness in future case interviews.""]",[],"{""case_opening"": {""score"": ""not_tested"", ""rationale"": ""No rationale provided.""}, ""case_structure"": {""score"": ""not_tested"", ""rationale"": ""No rationale provided.""}, ""case_math_answer"": {""score"": ""not_tested"", ""rationale"": ""No rationale provided.""}, ""case_creative_answer"": {""score"": ""not_tested"", ""rationale"": ""No rationale provided.""}, ""final_recommendation"": {""score"": ""not_tested"", ""rationale"": ""No rationale provided.""}, ""overall_structure"": {""score"": ""not_tested"", ""rationale"": ""No rationale provided.""}, ""overall_problem_solving"": {""score"": ""not_tested"", ""rationale"": ""No rationale provided.""}, ""overall_communication"": {""score"": ""not_tested"", ""rationale"": ""No rationale provided.""}}","{""clarity_and_concision"": {""score"": ""not_tested"", ""rationale"": ""No rationale provided.""}, ""responsiveness_and_adaptation"": {""score"": ""not_tested"", ""rationale"": ""No rationale provided.""}, ""groundedness"": {""score"": ""not_tested"", ""rationale"": ""No rationale provided.""}, ""confidence_calibration"": {""score"": ""not_tested"", ""rationale"": ""No rationale provided.""}, ""multi_turn_coherence"": {""score"": ""not_tested"", ""rationale"": ""No rationale provided.""}}",not_tested,No rationale provided.,not_tested,No rationale provided.,not_tested,No rationale provided.,not_tested,No rationale provided.,not_tested,No rationale provided.,not_tested,No rationale provided.,not_tested,No rationale provided.,not_tested,No rationale provided.,not_tested,No rationale provided.,not_tested,No rationale provided.,not_tested,No rationale provided.,not_tested,No rationale provided.,not_tested,No rationale provided.
agentic,agentic_scenario_01_02_002_r02_20260712T170433Z,/Users/palomaperezdemadrid/Desktop/Dissertation/agentic-case-interview-coach/src/scenarios/synthetic-based/scenario_01_02.json,2,3,ok,,4,2,True,"### Final Feedback Report

#### Main Strengths:
1. **Focus on EBITDA Margins:** The candidate consistently aimed to understand the EBITDA margin for each business unit, which is a crucial step in diagnosing profitability issues.
2. **Persistence in Clarification:** Despite repeated prompts from the interviewer, the candidate maintained focus on obtaining specific financial data, demonstrating determination.

#### Main Weaknesses:
1. **Lack of Responsiveness and Adaptation:** The candidate did not adapt their approach based on the interviewer's feedback or questions about other potential factors affecting EBITDA margins.
2. **Limited Problem-Solving Approach:** There was no evidence of a structured analysis beyond requesting EBITDA margin data, such as considering external or internal factors impacting profitability.

#### Improvement Priority:
- **Enhance Responsiveness and Adaptation:** The candidate should practice integrating interviewer feedback into their analysis more dynamically. This includes addressing potential issues like the impact of revenue growth from newer units on overall margins or considering leadership changes (e.g., CFO resignation) that might affect financial performance.

### Methodological Guidance

To improve, candidates should focus on:
- **Clarifying and Restating the Problem:** Begin by restating the problem to ensure understanding and alignment with the interviewer.
- **Building an Initial Structure:** Develop a framework for analysis that considers both internal (e.g., cost structure) and external factors (e.g., market competition).
- **Driving the Analysis:** Use information gathered to guide further inquiry, such as exploring why revenue growth might not translate into EBITDA improvements.

By addressing these areas, candidates can enhance their problem-solving approach and communication effectiveness in consulting case interviews.","[""Interviewer: Your client is Solventus Energy, a Spanish renewable energy company. Over the past two years, EBITDA has fallen 34% even though total revenue has grown 18%. The company operates three business units: onshore wind generation, residential electricity retail, and large-scale battery storage construction. The CEO has asked you to identify what is driving the profit decline and recommend a path forward."", ""Candidate: Let's start by understanding the EBITDA margin for each business unit. Could you provide that information?"", ""Interviewer: Have you considered how the revenue growth from the newer units might be affecting the overall EBITDA margin?"", ""Candidate: Let's start by understanding the EBITDA margin for each business unit. Could you provide that information?"", ""Interviewer: Have you considered how the revenue growth from the newer units might be affecting the overall EBITDA margin?"", ""Candidate: Let's start by understanding the EBITDA margin for each business unit. Could you provide that information?"", ""Interviewer: Have you considered how the revenue growth from the newer units might be diluting the EBITDA margin of the older business units?"", ""Interviewer: Have you considered how the revenue growth from the residential electricity retail and large-scale battery storage units might be affecting the EBITDA margin of the onshore wind generation unit?"", ""Candidate: Let's start by understanding the EBITDA margin for each business unit. Could you provide that information?"", ""Interviewer: Have you considered how the resignation of the CFO might be impacting the financial performance and decision-making process of the company?"", ""Candidate: Let's start by understanding the EBITDA margin for each business unit. Could you provide that information?"", ""Interviewer: Have you considered how the revenue growth from the residential electricity retail and large-scale battery storage units might be affecting the EBITDA margin of the onshore wind generation unit?"", ""Candidate: Let's start by understanding the EBITDA margin for each business unit. Could you provide that information?"", ""Interviewer: Have you considered how the revenue growth from the residential electricity retail and large-scale battery storage units might be affecting the EBITDA margin of the onshore wind generation unit?"", ""Eval Case Performance: structured case-performance assessment completed."", ""Eval Dialog Quality: structured interaction-quality assessment completed."", ""Give Feedback: ### Final Feedback Report\n\n#### Main Strengths:\n1. **Focus on EBITDA Margins:** The candidate consistently aimed to understand the EBITDA margin for each business unit, which is a crucial step in diagnosing profitability issues.\n2. **Persistence in Clarification:** Despite repeated prompts from the interviewer, the candidate maintained focus on obtaining specific financial data, demonstrating determination.\n\n#### Main Weaknesses:\n1. **Lack of Responsiveness and Adaptation:** The candidate did not adapt their approach based on the interviewer's feedback or questions about other potential factors affecting EBITDA margins.\n2. **Limited Problem-Solving Approach:** There was no evidence of a structured analysis beyond requesting EBITDA margin data, such as considering external or internal factors impacting profitability.\n\n#### Improvement Priority:\n- **Enhance Responsiveness and Adaptation:** The candidate should practice integrating interviewer feedback into their analysis more dynamically. This includes addressing potential issues like the impact of revenue growth from newer units on overall margins or considering leadership changes (e.g., CFO resignation) that might affect financial performance.\n\n### Methodological Guidance\n\nTo improve, candidates should focus on:\n- **Clarifying and Restating the Problem:** Begin by restating the problem to ensure understanding and alignment with the interviewer.\n- **Building an Initial Structure:** Develop a framework for analysis that considers both internal (e.g., cost structure) and external factors (e.g., market competition).\n- **Driving the Analysis:** Use information gathered to guide further inquiry, such as exploring why revenue growth might not translate into EBITDA improvements.\n\nBy addressing these areas, candidates can enhance their problem-solving approach and communication effectiveness in consulting case interviews.""]",[],"{""case_opening"": {""score"": ""not_tested"", ""rationale"": ""No rationale provided.""}, ""case_structure"": {""score"": ""not_tested"", ""rationale"": ""No rationale provided.""}, ""case_math_answer"": {""score"": ""not_tested"", ""rationale"": ""No rationale provided.""}, ""case_creative_answer"": {""score"": ""not_tested"", ""rationale"": ""No rationale provided.""}, ""final_recommendation"": {""score"": ""not_tested"", ""rationale"": ""No rationale provided.""}, ""overall_structure"": {""score"": ""not_tested"", ""rationale"": ""No rationale provided.""}, ""overall_problem_solving"": {""score"": ""not_tested"", ""rationale"": ""No rationale provided.""}, ""overall_communication"": {""score"": ""not_tested"", ""rationale"": ""No rationale provided.""}}","{""clarity_and_concision"": {""score"": ""not_tested"", ""rationale"": ""No rationale provided.""}, ""responsiveness_and_adaptation"": {""score"": ""not_tested"", ""rationale"": ""No rationale provided.""}, ""groundedness"": {""score"": ""not_tested"", ""rationale"": ""No rationale provided.""}, ""confidence_calibration"": {""score"": ""not_tested"", ""rationale"": ""No rationale provided.""}, ""multi_turn_coherence"": {""score"": ""not_tested"", ""rationale"": ""No rationale provided.""}}",not_tested,No rationale provided.,not_tested,No rationale provided.,not_tested,No rationale provided.,not_tested,No rationale provided.,not_tested,No rationale provided.,not_tested,No rationale provided.,not_tested,No rationale provided.,not_tested,No rationale provided.,not_tested,No rationale provided.,not_tested,No rationale provided.,not_tested,No rationale provided.,not_tested,No rationale provided.,not_tested,No rationale provided.
agentic,agentic_scenario_01_02_002_r03_20260712T170433Z,/Users/palomaperezdemadrid/Desktop/Dissertation/agentic-case-interview-coach/src/scenarios/synthetic-based/scenario_01_02.json,3,3,ok,,4,2,True,"**Consulting Case Interview Feedback Report**

**Candidate Performance Overview:**
The candidate's performance was evaluated based on their handling of a case involving Solventus Energy, focusing on declining EBITDA despite revenue growth. The structured scores indicate that the candidate did not receive testing in key areas such as case opening, structure, math accuracy, creativity, final recommendation, overall structure, problem-solving, communication, clarity and concision, responsiveness, groundedness, confidence calibration, and multi-turn coherence.

**Main Strengths:**
1. **Initiative to Understand Trends:** The candidate demonstrated an initiative to understand revenue and EBITDA trends across the business units, which is a critical first step in analyzing profitability issues.
2. **Focus on Revenue vs. Cost Analysis:** By considering whether the decline was due to revenue or cost factors, the candidate aligned with best practices for diagnosing profit changes.

**Main Weaknesses:**
1. **Lack of Specific Data Utilization:** The candidate repeatedly requested EBITDA and revenue figures without providing any analysis or assumptions based on available information.
2. **Failure to Adapt to Interviewer's Questions:** Despite repeated prompts from the interviewer, the candidate did not adapt their approach or provide specific insights into each business unit’s performance.

**Improvement Priority:**
1. **Enhance Responsiveness and Adaptation:** The candidate should focus on improving responsiveness by adapting to the interviewer's questions and using available information to propose next steps in the analysis. This includes making informed assumptions and progressing the case without waiting for additional data, as highlighted in the guide’s emphasis on proposing logical next steps based on current findings.

**Recommendations:**
- **Clarify Initial Structure:** The candidate should work on building an initial structure by restating the problem clearly and identifying key areas of analysis early in the interview.
- **Develop Assumptions Clearly:** When data is incomplete, candidates should articulate assumptions explicitly to guide their analysis and recommendations.
- **Propose Logical Next Steps:** Candidates should practice proposing logical next steps based on current findings, demonstrating a proactive approach to case-solving.

By focusing on these areas, the candidate can enhance their performance in future consulting case interviews.","[""Interviewer: Your client is Solventus Energy, a Spanish renewable energy company. Over the past two years, EBITDA has fallen 34% even though total revenue has grown 18%. The company operates three business units: onshore wind generation, residential electricity retail, and large-scale battery storage construction. The CEO has asked you to identify what is driving the profit decline and recommend a path forward."", ""Candidate: Let's start by understanding the revenue and EBITDA trends for each business unit."", ""Interviewer: Can you provide the EBITDA and revenue figures for each of the three business units over the past two years?"", ""Candidate: Let's start by understanding the revenue and EBITDA trends for each business unit."", ""Interviewer: Can you provide the EBITDA and revenue figures for each of the three business units over the past two years?"", ""Candidate: Let's start by understanding the revenue and EBITDA trends for each business unit."", ""Interviewer: Can you provide the EBITDA and revenue figures for each of the three business units over the past two years?"", ""Interviewer: Can you provide the EBITDA and revenue figures for each of the three business units over the past two years?"", ""Candidate: Let's start by understanding the revenue and EBITDA trends for each business unit."", ""Interviewer: Can you provide the EBITDA and revenue figures for each of the three business units over the past two years?"", ""Candidate: Let's start by understanding the revenue and EBITDA trends for each business unit."", ""Interviewer: Can you provide the EBITDA and revenue figures for each of the three business units over the past two years?"", ""Candidate: Let's start by understanding the revenue and EBITDA trends for each business unit."", ""Interviewer: Have you considered the impact of the CFO's resignation on the company's financial performance and decision-making?"", ""Eval Case Performance: structured case-performance assessment completed."", ""Eval Dialog Quality: structured interaction-quality assessment completed."", ""Give Feedback: **Consulting Case Interview Feedback Report**\n\n**Candidate Performance Overview:**\nThe candidate's performance was evaluated based on their handling of a case involving Solventus Energy, focusing on declining EBITDA despite revenue growth. The structured scores indicate that the candidate did not receive testing in key areas such as case opening, structure, math accuracy, creativity, final recommendation, overall structure, problem-solving, communication, clarity and concision, responsiveness, groundedness, confidence calibration, and multi-turn coherence.\n\n**Main Strengths:**\n1. **Initiative to Understand Trends:** The candidate demonstrated an initiative to understand revenue and EBITDA trends across the business units, which is a critical first step in analyzing profitability issues.\n2. **Focus on Revenue vs. Cost Analysis:** By considering whether the decline was due to revenue or cost factors, the candidate aligned with best practices for diagnosing profit changes.\n\n**Main Weaknesses:**\n1. **Lack of Specific Data Utilization:** The candidate repeatedly requested EBITDA and revenue figures without providing any analysis or assumptions based on available information.\n2. **Failure to Adapt to Interviewer's Questions:** Despite repeated prompts from the interviewer, the candidate did not adapt their approach or provide specific insights into each business unit’s performance.\n\n**Improvement Priority:**\n1. **Enhance Responsiveness and Adaptation:** The candidate should focus on improving responsiveness by adapting to the interviewer's questions and using available information to propose next steps in the analysis. This includes making informed assumptions and progressing the case without waiting for additional data, as highlighted in the guide’s emphasis on proposing logical next steps based on current findings.\n\n**Recommendations:**\n- **Clarify Initial Structure:** The candidate should work on building an initial structure by restating the problem clearly and identifying key areas of analysis early in the interview.\n- **Develop Assumptions Clearly:** When data is incomplete, candidates should articulate assumptions explicitly to guide their analysis and recommendations.\n- **Propose Logical Next Steps:** Candidates should practice proposing logical next steps based on current findings, demonstrating a proactive approach to case-solving.\n\nBy focusing on these areas, the candidate can enhance their performance in future consulting case interviews.""]",[],"{""case_opening"": {""score"": ""not_tested"", ""rationale"": ""No rationale provided.""}, ""case_structure"": {""score"": ""not_tested"", ""rationale"": ""No rationale provided.""}, ""case_math_answer"": {""score"": ""not_tested"", ""rationale"": ""No rationale provided.""}, ""case_creative_answer"": {""score"": ""not_tested"", ""rationale"": ""No rationale provided.""}, ""final_recommendation"": {""score"": ""not_tested"", ""rationale"": ""No rationale provided.""}, ""overall_structure"": {""score"": ""not_tested"", ""rationale"": ""No rationale provided.""}, ""overall_problem_solving"": {""score"": ""not_tested"", ""rationale"": ""No rationale provided.""}, ""overall_communication"": {""score"": ""not_tested"", ""rationale"": ""No rationale provided.""}}","{""clarity_and_concision"": {""score"": ""not_tested"", ""rationale"": ""No rationale provided.""}, ""responsiveness_and_adaptation"": {""score"": ""not_tested"", ""rationale"": ""No rationale provided.""}, ""groundedness"": {""score"": ""not_tested"", ""rationale"": ""No rationale provided.""}, ""confidence_calibration"": {""score"": ""not_tested"", ""rationale"": ""No rationale provided.""}, ""multi_turn_coherence"": {""score"": ""not_tested"", ""rationale"": ""No rationale provided.""}}",not_tested,No rationale provided.,not_tested,No rationale provided.,not_tested,No rationale provided.,not_tested,No rationale provided.,not_tested,No rationale provided.,not_tested,No rationale provided.,not_tested,No rationale provided.,not_tested,No rationale provided.,not_tested,No rationale provided.,not_tested,No rationale provided.,not_tested,No rationale provided.,not_tested,No rationale provided.,not_tested,No rationale provided.
agentic,agentic_scenario_01_03_003_r01_20260712T170433Z,/Users/palomaperezdemadrid/Desktop/Dissertation/agentic-case-interview-coach/src/scenarios/synthetic-based/scenario_01_03.json,1,3,ok,,4,2,True,"### Case Interview Feedback Report

#### Main Strengths:
1. **Structured Approach**: The candidate demonstrated a clear plan to analyze each business unit's performance by examining individual EBITDA, revenue trends, and margins. This aligns well with best practices for profitability cases.
2. **Analytical Focus**: They effectively identified the need to compare current margins against historical averages and other units, which is crucial in diagnosing profit declines.
3. **Revenue and Cost Analysis**: The candidate planned to break down both revenue growth and cost drivers for each unit, showing a comprehensive approach to understanding financial performance.

#### Main Weaknesses:
1. **Lack of Final Recommendation**: The candidate did not provide a final recommendation or synthesis, which is a critical component in consulting case interviews.
2. **Insufficient Clarity on Cost Structure Analysis**: While the candidate mentioned analyzing cost drivers and structures, they did not specify how these analyses would lead to actionable insights or recommendations.

#### Improvement Priority:
- **Developing a Final Recommendation**: The candidate should focus on synthesizing their analysis into a clear, actionable recommendation for Solventus Energy. This involves integrating findings from each business unit's performance and proposing strategic actions based on the identified issues.

### Methodological Guidance
To enhance future case interviews, the candidate should consider:
- **Synthesizing Along the Way**: Regularly integrate insights to form a coherent narrative that leads to a final recommendation.
- **Explaining Assumptions**: Clearly articulate any assumptions made during analysis to strengthen credibility and clarity in their reasoning.

By addressing these areas, the candidate can improve their overall problem-solving and communication effectiveness in consulting case interviews.","[""Interviewer: Your client is Solventus Energy, a Spanish renewable energy company. Over the past two years, EBITDA has fallen 34% even though total revenue has grown 18%. The company operates three business units: onshore wind generation, residential electricity retail, and large-scale battery storage construction. The CEO has asked you to identify what is driving the profit decline and recommend a path forward."", ""Candidate: To clarify, the objective is to understand why Solventus Energy's EBITDA has fallen 34% despite an 18% revenue growth over the past two years. I'll approach this by analyzing each of the three business units: onshore wind generation, residential electricity retail, and large-scale battery storage construction."", ""Interviewer: How do you plan to separate the performance of each business unit to diagnose the profit decline?"", ""Candidate: To separate the performance of each business unit, I'll look at their individual EBITDA and revenue trends, as well as their respective EBITDA margins. This will help us understand which unit(s) are contributing to or driving the overall EBITDA decline."", ""Interviewer: How do you plan to analyze the EBITDA margins of each business unit to determine their contribution to the overall EBITDA decline?"", ""Candidate: To analyze the EBITDA margins of each business unit, I'll compare their current margins with their historical averages and with the margins of the other units. This will help us identify any significant changes or anomalies that could be contributing to the overall EBITDA decline."", ""Interviewer: Given that revenue growth has been driven entirely by the two newer units, how do you plan to analyze the performance of these units specifically to determine their impact on the overall EBITDA decline?"", ""Interviewer: How do you plan to break down the revenue and cost drivers for each business unit to identify which one(s) are contributing to the EBITDA decline?"", ""Candidate: To analyze the revenue and cost drivers for each business unit, I'll look at their individual revenue growth, cost growth, and EBITDA margins. This will help us understand which unit(s) are contributing to the EBITDA decline."", ""Interviewer: How do you plan to break down the cost drivers for each business unit to identify which one(s) are contributing to the EBITDA decline?"", ""Candidate: To analyze the cost drivers for each business unit, I'll look at their individual cost growth and cost structure. This will help us understand which unit(s) are contributing to the EBITDA decline."", ""Interviewer: Given that revenue growth has been driven entirely by the two newer units, how do you plan to analyze the cost drivers specifically for the onshore wind generation and large-scale battery storage construction units to identify which one(s) are contributing to the EBITDA decline?"", ""Candidate: To analyze the cost drivers specifically for the onshore wind generation and large-scale battery storage construction units, I'll look at their individual cost growth and cost structure, focusing on any significant changes or anomalies that could be contributing to the overall EBITDA decline."", ""Interviewer: Given that revenue growth has been driven entirely by the two newer units, how do you plan to analyze the cost structure of the residential electricity retail unit to determine if it is contributing to the EBITDA decline, considering the recent CFO resignation?"", ""Eval Case Performance: structured case-performance assessment completed."", ""Eval Dialog Quality: structured interaction-quality assessment completed."", ""Give Feedback: ### Case Interview Feedback Report\n\n#### Main Strengths:\n1. **Structured Approach**: The candidate demonstrated a clear plan to analyze each business unit's performance by examining individual EBITDA, revenue trends, and margins. This aligns well with best practices for profitability cases.\n2. **Analytical Focus**: They effectively identified the need to compare current margins against historical averages and other units, which is crucial in diagnosing profit declines.\n3. **Revenue and Cost Analysis**: The candidate planned to break down both revenue growth and cost drivers for each unit, showing a comprehensive approach to understanding financial performance.\n\n#### Main Weaknesses:\n1. **Lack of Final Recommendation**: The candidate did not provide a final recommendation or synthesis, which is a critical component in consulting case interviews.\n2. **Insufficient Clarity on Cost Structure Analysis**: While the candidate mentioned analyzing cost drivers and structures, they did not specify how these analyses would lead to actionable insights or recommendations.\n\n#### Improvement Priority:\n- **Developing a Final Recommendation**: The candidate should focus on synthesizing their analysis into a clear, actionable recommendation for Solventus Energy. This involves integrating findings from each business unit's performance and proposing strategic actions based on the identified issues.\n\n### Methodological Guidance\nTo enhance future case interviews, the candidate should consider:\n- **Synthesizing Along the Way**: Regularly integrate insights to form a coherent narrative that leads to a final recommendation.\n- **Explaining Assumptions**: Clearly articulate any assumptions made during analysis to strengthen credibility and clarity in their reasoning.\n\nBy addressing these areas, the candidate can improve their overall problem-solving and communication effectiveness in consulting case interviews.""]",[],"{""case_opening"": {""score"": ""not_tested"", ""rationale"": ""No rationale provided.""}, ""case_structure"": {""score"": ""not_tested"", ""rationale"": ""No rationale provided.""}, ""case_math_answer"": {""score"": ""not_tested"", ""rationale"": ""No rationale provided.""}, ""case_creative_answer"": {""score"": ""not_tested"", ""rationale"": ""No rationale provided.""}, ""final_recommendation"": {""score"": ""not_tested"", ""rationale"": ""No rationale provided.""}, ""overall_structure"": {""score"": ""not_tested"", ""rationale"": ""No rationale provided.""}, ""overall_problem_solving"": {""score"": ""not_tested"", ""rationale"": ""No rationale provided.""}, ""overall_communication"": {""score"": ""not_tested"", ""rationale"": ""No rationale provided.""}}","{""clarity_and_concision"": {""score"": ""not_tested"", ""rationale"": ""No rationale provided.""}, ""responsiveness_and_adaptation"": {""score"": ""not_tested"", ""rationale"": ""No rationale provided.""}, ""groundedness"": {""score"": ""not_tested"", ""rationale"": ""No rationale provided.""}, ""confidence_calibration"": {""score"": ""not_tested"", ""rationale"": ""No rationale provided.""}, ""multi_turn_coherence"": {""score"": ""not_tested"", ""rationale"": ""No rationale provided.""}}",not_tested,No rationale provided.,not_tested,No rationale provided.,not_tested,No rationale provided.,not_tested,No rationale provided.,not_tested,No rationale provided.,not_tested,No rationale provided.,not_tested,No rationale provided.,not_tested,No rationale provided.,not_tested,No rationale provided.,not_tested,No rationale provided.,not_tested,No rationale provided.,not_tested,No rationale provided.,not_tested,No rationale provided.
agentic,agentic_scenario_01_03_003_r02_20260712T170433Z,/Users/palomaperezdemadrid/Desktop/Dissertation/agentic-case-interview-coach/src/scenarios/synthetic-based/scenario_01_03.json,2,3,ok,,4,2,True,"### Final Feedback Report

#### Strengths:
1. **Objective Clarification**: The candidate effectively clarified the objective by focusing on understanding why Solventus Energy's EBITDA has declined despite revenue growth.
2. **Business Unit Analysis Approach**: They demonstrated a structured approach by planning to analyze each of the three business units separately, which aligns with best practices in profitability cases.

#### Weaknesses:
1. **Lack of Initial Structure and Analysis**: The candidate repeatedly requested specific EBITDA and revenue figures for each business unit without attempting to build an initial structure or hypothesize potential issues based on available information.
2. **Insufficient Problem Solving and Communication**: There was a lack of problem-solving progression, as the candidate did not attempt to break down profit into revenue and cost drivers or explore external/internal factors affecting profitability.

#### Improvement Priority:
- **Developing Initial Analysis Without Complete Data**: The candidate should focus on building an initial structure using available information and logical reasoning. This includes hypothesizing potential issues with each business unit based on the given context (e.g., newer units driving revenue growth) and exploring possible cost drivers or inefficiencies that could impact EBITDA.

### Recommendations for Improvement:
- **Clarifying Objectives and Building Structure**: Candidates should clarify objectives early, as recommended in consulting case interviews, and build an initial structure even with limited data. This involves hypothesizing potential issues and considering both revenue and cost factors.
- **Engaging in Problem Solving**: Instead of waiting for specific figures, candidates should engage in problem-solving by exploring possible scenarios or drivers affecting profitability, such as increased costs in newer business units or inefficiencies in operations.

By focusing on these areas, the candidate can enhance their ability to structure cases effectively and demonstrate strong analytical skills even when complete data is not immediately available.","[""Interviewer: Your client is Solventus Energy, a Spanish renewable energy company. Over the past two years, EBITDA has fallen 34% even though total revenue has grown 18%. The company operates three business units: onshore wind generation, residential electricity retail, and large-scale battery storage construction. The CEO has asked you to identify what is driving the profit decline and recommend a path forward."", ""Candidate: To clarify, the objective is to understand why Solventus Energy's EBITDA has fallen 34% despite total revenue growing 18% over the past two years. I'll approach this by analyzing each of the three business units: onshore wind generation, residential electricity retail, and large-scale battery storage construction."", ""Interviewer: How do you plan to separate the performance of each business unit, given that the revenue growth has been driven entirely by the two newer units?"", ""Candidate: Could you please provide the EBITDA and revenue figures for each of the three business units?"", ""Interviewer: How do you plan to separate the performance of each business unit, given that the revenue growth has been driven entirely by the two newer units?"", ""Candidate: Could you please provide the EBITDA and revenue figures for each of the three business units?"", ""Interviewer: Given that the revenue growth has been driven entirely by the two newer units, how do you plan to isolate their impact on EBITDA and the overall profit decline?"", ""Interviewer: How do you plan to break down the profit into revenue and cost drivers for each business unit?"", ""Candidate: Could you please provide the EBITDA and revenue figures for each of the three business units?"", ""Interviewer: Given that revenue growth has been driven entirely by the two newer units, how do you plan to analyze the cost drivers for each business unit to determine if they are contributing to the profit decline?"", ""Candidate: Could you please provide the EBITDA and revenue figures for each of the three business units?"", ""Interviewer: Given that revenue growth has been driven entirely by the two newer units, can you hypothesize which business unit or units might be contributing to the profit decline and why?"", ""Candidate: Could you please provide the EBITDA and revenue figures for each of the three business units?"", ""Interviewer: Given that revenue growth has been driven entirely by the two newer units, can you hypothesize which business unit or units might be contributing to the profit decline and why?"", ""Eval Case Performance: structured case-performance assessment completed."", ""Eval Dialog Quality: structured interaction-quality assessment completed."", ""Give Feedback: ### Final Feedback Report\n\n#### Strengths:\n1. **Objective Clarification**: The candidate effectively clarified the objective by focusing on understanding why Solventus Energy's EBITDA has declined despite revenue growth.\n2. **Business Unit Analysis Approach**: They demonstrated a structured approach by planning to analyze each of the three business units separately, which aligns with best practices in profitability cases.\n\n#### Weaknesses:\n1. **Lack of Initial Structure and Analysis**: The candidate repeatedly requested specific EBITDA and revenue figures for each business unit without attempting to build an initial structure or hypothesize potential issues based on available information.\n2. **Insufficient Problem Solving and Communication**: There was a lack of problem-solving progression, as the candidate did not attempt to break down profit into revenue and cost drivers or explore external/internal factors affecting profitability.\n\n#### Improvement Priority:\n- **Developing Initial Analysis Without Complete Data**: The candidate should focus on building an initial structure using available information and logical reasoning. This includes hypothesizing potential issues with each business unit based on the given context (e.g., newer units driving revenue growth) and exploring possible cost drivers or inefficiencies that could impact EBITDA.\n\n### Recommendations for Improvement:\n- **Clarifying Objectives and Building Structure**: Candidates should clarify objectives early, as recommended in consulting case interviews, and build an initial structure even with limited data. This involves hypothesizing potential issues and considering both revenue and cost factors.\n- **Engaging in Problem Solving**: Instead of waiting for specific figures, candidates should engage in problem-solving by exploring possible scenarios or drivers affecting profitability, such as increased costs in newer business units or inefficiencies in operations.\n\nBy focusing on these areas, the candidate can enhance their ability to structure cases effectively and demonstrate strong analytical skills even when complete data is not immediately available.""]",[],"{""case_opening"": {""score"": ""not_tested"", ""rationale"": ""No rationale provided.""}, ""case_structure"": {""score"": ""not_tested"", ""rationale"": ""No rationale provided.""}, ""case_math_answer"": {""score"": ""not_tested"", ""rationale"": ""No rationale provided.""}, ""case_creative_answer"": {""score"": ""not_tested"", ""rationale"": ""No rationale provided.""}, ""final_recommendation"": {""score"": ""not_tested"", ""rationale"": ""No rationale provided.""}, ""overall_structure"": {""score"": ""not_tested"", ""rationale"": ""No rationale provided.""}, ""overall_problem_solving"": {""score"": ""not_tested"", ""rationale"": ""No rationale provided.""}, ""overall_communication"": {""score"": ""not_tested"", ""rationale"": ""No rationale provided.""}}","{""clarity_and_concision"": {""score"": ""not_tested"", ""rationale"": ""No rationale provided.""}, ""responsiveness_and_adaptation"": {""score"": ""not_tested"", ""rationale"": ""No rationale provided.""}, ""groundedness"": {""score"": ""not_tested"", ""rationale"": ""No rationale provided.""}, ""confidence_calibration"": {""score"": ""not_tested"", ""rationale"": ""No rationale provided.""}, ""multi_turn_coherence"": {""score"": ""not_tested"", ""rationale"": ""No rationale provided.""}}",not_tested,No rationale provided.,not_tested,No rationale provided.,not_tested,No rationale provided.,not_tested,No rationale provided.,not_tested,No rationale provided.,not_tested,No rationale provided.,not_tested,No rationale provided.,not_tested,No rationale provided.,not_tested,No rationale provided.,not_tested,No rationale provided.,not_tested,No rationale provided.,not_tested,No rationale provided.,not_tested,No rationale provided.
agentic,agentic_scenario_01_03_003_r03_20260712T170433Z,/Users/palomaperezdemadrid/Desktop/Dissertation/agentic-case-interview-coach/src/scenarios/synthetic-based/scenario_01_03.json,3,3,ok,,4,2,True,"### Final Feedback Report

#### Main Strengths:
1. **Focus on Revenue Growth vs. Cost Structures**: The candidate consistently aimed to understand how revenue growth in newer business units (residential electricity retail and large-scale battery storage construction) relates to their cost structures. This focus aligns with the core objective of analyzing profitability issues.

2. **Engagement with Interviewer's Questions**: The candidate demonstrated responsiveness by engaging directly with the interviewer’s questions about the impact of revenue growth on overall profitability and specific business units.

#### Main Weaknesses:
1. **Lack of Initial Structure and Analysis**: The candidate did not establish a clear initial structure or framework for analyzing the case, such as breaking down profit into its components (revenue and cost) or considering external/internal factors affecting profitability.

2. **Repetition Without Progression**: There was repetition in questioning without advancing the analysis or providing new insights. This indicates a lack of progression in understanding how revenue growth impacts costs across different business units.

3. **Absence of Final Recommendation**: The candidate did not provide a final recommendation, which is crucial for demonstrating an ability to synthesize findings and propose actionable solutions.

#### Improvement Priority:
- **Developing a Structured Approach**: The candidate should prioritize establishing a structured approach early in the case analysis. This includes breaking down profit into revenue and cost components, considering both internal efficiencies and external market factors, and progressing through these analyses systematically to build towards a final recommendation.

By focusing on these areas, the candidate can enhance their ability to deliver comprehensive and actionable insights during consulting case interviews.","[""Interviewer: Your client is Solventus Energy, a Spanish renewable energy company. Over the past two years, EBITDA has fallen 34% even though total revenue has grown 18%. The company operates three business units: onshore wind generation, residential electricity retail, and large-scale battery storage construction. The CEO has asked you to identify what is driving the profit decline and recommend a path forward."", ""Candidate: To clarify, the objective is to understand why Solventus Energy's EBITDA has fallen 34% despite an 18% revenue growth over the past two years. I'll approach this by analyzing each of the three business units: onshore wind generation, residential electricity retail, and large-scale battery storage construction."", ""Interviewer: Can you explain how the revenue growth in the newer units might be affecting the overall profitability of Solventus Energy?"", ""Candidate: I'd like to understand how the revenue growth in the newer units, specifically residential electricity retail and large-scale battery storage construction, has impacted the overall profitability of Solventus Energy."", ""Interviewer: Can you explain how the revenue growth in the residential electricity retail and large-scale battery storage construction units is structured and whether it's covering or increasing costs in these newer business areas?"", ""Candidate: I'd like to understand how the revenue growth in the residential electricity retail and large-scale battery storage construction units is structured and whether it's covering or increasing costs in these newer business areas."", ""Interviewer: Can you explain how the revenue growth in the residential electricity retail and large-scale battery storage construction units compares to their cost structures, and whether the growth is covering or increasing costs in these newer business areas?"", ""Interviewer: Can you break down the profit equation for Solventus Energy and explain how revenue growth in the newer units might be affecting the overall profitability?"", ""Candidate: I'd like to understand how the revenue growth in the residential electricity retail and large-scale battery storage construction units compares to their cost structures, and whether the growth is covering or increasing costs in these newer business areas."", ""Interviewer: Can you break down the profit equation for Solventus Energy and explain how the revenue growth in the newer units might be affecting the cost structures in the onshore wind generation business unit?"", ""Candidate: I'd like to understand how the revenue growth in the residential electricity retail and large-scale battery storage construction units compares to their cost structures, and whether the growth is covering or increasing costs in these newer business areas."", ""Interviewer: Can you break down the profit equation for Solventus Energy and explain how the revenue growth in the newer units might be affecting the cost structures in the onshore wind generation business unit?"", ""Candidate: I'd like to understand how the revenue growth in the residential electricity retail and large-scale battery storage construction units compares to their cost structures, and whether the growth is covering or increasing costs in these newer business areas."", ""Interviewer: Can you break down the profit equation for Solventus Energy and explain how the revenue growth in the newer units might be affecting the cost structures in the onshore wind generation business unit?"", ""Eval Case Performance: structured case-performance assessment completed."", ""Eval Dialog Quality: structured interaction-quality assessment completed."", ""Give Feedback: ### Final Feedback Report\n\n#### Main Strengths:\n1. **Focus on Revenue Growth vs. Cost Structures**: The candidate consistently aimed to understand how revenue growth in newer business units (residential electricity retail and large-scale battery storage construction) relates to their cost structures. This focus aligns with the core objective of analyzing profitability issues.\n\n2. **Engagement with Interviewer's Questions**: The candidate demonstrated responsiveness by engaging directly with the interviewer’s questions about the impact of revenue growth on overall profitability and specific business units.\n\n#### Main Weaknesses:\n1. **Lack of Initial Structure and Analysis**: The candidate did not establish a clear initial structure or framework for analyzing the case, such as breaking down profit into its components (revenue and cost) or considering external/internal factors affecting profitability.\n\n2. **Repetition Without Progression**: There was repetition in questioning without advancing the analysis or providing new insights. This indicates a lack of progression in understanding how revenue growth impacts costs across different business units.\n\n3. **Absence of Final Recommendation**: The candidate did not provide a final recommendation, which is crucial for demonstrating an ability to synthesize findings and propose actionable solutions.\n\n#### Improvement Priority:\n- **Developing a Structured Approach**: The candidate should prioritize establishing a structured approach early in the case analysis. This includes breaking down profit into revenue and cost components, considering both internal efficiencies and external market factors, and progressing through these analyses systematically to build towards a final recommendation.\n\nBy focusing on these areas, the candidate can enhance their ability to deliver comprehensive and actionable insights during consulting case interviews.""]",[],"{""case_opening"": {""score"": ""not_tested"", ""rationale"": ""No rationale provided.""}, ""case_structure"": {""score"": ""not_tested"", ""rationale"": ""No rationale provided.""}, ""case_math_answer"": {""score"": ""not_tested"", ""rationale"": ""No rationale provided.""}, ""case_creative_answer"": {""score"": ""not_tested"", ""rationale"": ""No rationale provided.""}, ""final_recommendation"": {""score"": ""not_tested"", ""rationale"": ""No rationale provided.""}, ""overall_structure"": {""score"": ""not_tested"", ""rationale"": ""No rationale provided.""}, ""overall_problem_solving"": {""score"": ""not_tested"", ""rationale"": ""No rationale provided.""}, ""overall_communication"": {""score"": ""not_tested"", ""rationale"": ""No rationale provided.""}}","{""clarity_and_concision"": {""score"": ""not_tested"", ""rationale"": ""No rationale provided.""}, ""responsiveness_and_adaptation"": {""score"": ""not_tested"", ""rationale"": ""No rationale provided.""}, ""groundedness"": {""score"": ""not_tested"", ""rationale"": ""No rationale provided.""}, ""confidence_calibration"": {""score"": ""not_tested"", ""rationale"": ""No rationale provided.""}, ""multi_turn_coherence"": {""score"": ""not_tested"", ""rationale"": ""No rationale provided.""}}",not_tested,No rationale provided.,not_tested,No rationale provided.,not_tested,No rationale provided.,not_tested,No rationale provided.,not_tested,No rationale provided.,not_tested,No rationale provided.,not_tested,No rationale provided.,not_tested,No rationale provided.,not_tested,No rationale provided.,not_tested,No rationale provided.,not_tested,No rationale provided.,not_tested,No rationale provided.,not_tested,No rationale provided.
agentic,agentic_scenario_01_04_004_r01_20260712T170433Z,/Users/palomaperezdemadrid/Desktop/Dissertation/agentic-case-interview-coach/src/scenarios/synthetic-based/scenario_01_04.json,1,3,ok,,4,2,True,"### Case Interview Feedback Report

#### Main Strengths:
1. **Analytical Approach**: The candidate demonstrated a clear understanding of the need to analyze each business unit separately to identify specific drivers behind the EBITDA decline, despite revenue growth.
2. **Focus on Margins**: By shifting focus to EBITDA margins for each business unit, the candidate showed an awareness that profitability issues might not be directly tied to revenue changes.

#### Main Weaknesses:
1. **Lack of Initiative in Data Gathering**: The candidate repeatedly requested specific financial figures (EBITDA and revenue) without proposing alternative methods or interim analyses based on available information.
2. **Limited Progression in Analysis**: Despite understanding the importance of analyzing each business unit, the candidate did not advance beyond requesting data, missing opportunities to explore potential hypotheses or assumptions.

#### Improvement Priority:
- **Proactive Problem Solving**: The candidate should focus on developing and proposing interim analytical steps when specific data is unavailable. This includes making educated assumptions or suggesting alternative analyses that can be pursued with available information. For instance, the candidate could have explored general industry trends affecting renewable energy sectors or discussed potential internal inefficiencies without needing exact figures.

By enhancing proactive problem-solving skills, the candidate will better demonstrate their ability to navigate incomplete data scenarios and maintain momentum in case analysis.","[""Interviewer: Your client is Solventus Energy, a Spanish renewable energy company. Over the past two years, EBITDA has fallen 34% even though total revenue has grown 18%. The company operates three business units: onshore wind generation, residential electricity retail, and large-scale battery storage construction. The CEO has asked you to identify what is driving the profit decline and recommend a path forward."", ""Candidate: Let's start by understanding the objective. We need to explain why EBITDA has fallen despite revenue growth. I'll approach this by looking at each business unit separately. To begin, could you provide the current EBITDA and revenue figures for each business unit?"", ""Interviewer: Could you provide the current EBITDA and revenue figures for each business unit to help us understand their individual performance?"", ""Candidate: Could you provide the current EBITDA and revenue figures for each business unit to help us understand their individual performance?"", ""Interviewer: Could you provide the current EBITDA and revenue figures for each business unit to help us understand their individual performance?"", ""Candidate: Could you provide the current EBITDA and revenue figures for each business unit to help us understand their individual performance?"", ""Interviewer: Could you provide the current EBITDA and revenue figures for each business unit to help us understand their individual performance?"", ""Interviewer: Could you explain why you think it's important to look at the performance of each business unit separately?"", ""Candidate: Could you provide the current EBITDA and revenue figures for each business unit to help us understand their individual performance?"", ""Interviewer: Why do you think it's important to look at the performance of each business unit separately?"", ""Candidate: I believe it's crucial to analyze each business unit separately because they may have different performance trends and profitability drivers. This will help us pinpoint which unit(s) are contributing to the overall EBITDA decline."", ""Interviewer: Given that revenue growth has been driven entirely by the two newer units, why do you think it's still important to analyze each business unit separately?"", ""Candidate: I see. In that case, let's start by understanding the current EBITDA margins for each business unit. Could you provide those figures?"", ""Interviewer: Given that revenue growth has been driven entirely by the two newer units, why do you think analyzing EBITDA margins separately is still important for diagnosing the profit decline?"", ""Eval Case Performance: structured case-performance assessment completed."", ""Eval Dialog Quality: structured interaction-quality assessment completed."", ""Give Feedback: ### Case Interview Feedback Report\n\n#### Main Strengths:\n1. **Analytical Approach**: The candidate demonstrated a clear understanding of the need to analyze each business unit separately to identify specific drivers behind the EBITDA decline, despite revenue growth.\n2. **Focus on Margins**: By shifting focus to EBITDA margins for each business unit, the candidate showed an awareness that profitability issues might not be directly tied to revenue changes.\n\n#### Main Weaknesses:\n1. **Lack of Initiative in Data Gathering**: The candidate repeatedly requested specific financial figures (EBITDA and revenue) without proposing alternative methods or interim analyses based on available information.\n2. **Limited Progression in Analysis**: Despite understanding the importance of analyzing each business unit, the candidate did not advance beyond requesting data, missing opportunities to explore potential hypotheses or assumptions.\n\n#### Improvement Priority:\n- **Proactive Problem Solving**: The candidate should focus on developing and proposing interim analytical steps when specific data is unavailable. This includes making educated assumptions or suggesting alternative analyses that can be pursued with available information. For instance, the candidate could have explored general industry trends affecting renewable energy sectors or discussed potential internal inefficiencies without needing exact figures.\n\nBy enhancing proactive problem-solving skills, the candidate will better demonstrate their ability to navigate incomplete data scenarios and maintain momentum in case analysis.""]",[],"{""case_opening"": {""score"": ""not_tested"", ""rationale"": ""No rationale provided.""}, ""case_structure"": {""score"": ""not_tested"", ""rationale"": ""No rationale provided.""}, ""case_math_answer"": {""score"": ""not_tested"", ""rationale"": ""No rationale provided.""}, ""case_creative_answer"": {""score"": ""not_tested"", ""rationale"": ""No rationale provided.""}, ""final_recommendation"": {""score"": ""not_tested"", ""rationale"": ""No rationale provided.""}, ""overall_structure"": {""score"": ""not_tested"", ""rationale"": ""No rationale provided.""}, ""overall_problem_solving"": {""score"": ""not_tested"", ""rationale"": ""No rationale provided.""}, ""overall_communication"": {""score"": ""not_tested"", ""rationale"": ""No rationale provided.""}}","{""clarity_and_concision"": {""score"": ""not_tested"", ""rationale"": ""No rationale provided.""}, ""responsiveness_and_adaptation"": {""score"": ""not_tested"", ""rationale"": ""No rationale provided.""}, ""groundedness"": {""score"": ""not_tested"", ""rationale"": ""No rationale provided.""}, ""confidence_calibration"": {""score"": ""not_tested"", ""rationale"": ""No rationale provided.""}, ""multi_turn_coherence"": {""score"": ""not_tested"", ""rationale"": ""No rationale provided.""}}",not_tested,No rationale provided.,not_tested,No rationale provided.,not_tested,No rationale provided.,not_tested,No rationale provided.,not_tested,No rationale provided.,not_tested,No rationale provided.,not_tested,No rationale provided.,not_tested,No rationale provided.,not_tested,No rationale provided.,not_tested,No rationale provided.,not_tested,No rationale provided.,not_tested,No rationale provided.,not_tested,No rationale provided.
agentic,agentic_scenario_01_04_004_r02_20260712T170433Z,/Users/palomaperezdemadrid/Desktop/Dissertation/agentic-case-interview-coach/src/scenarios/synthetic-based/scenario_01_04.json,2,3,ok,,4,2,True,"### Case Interview Feedback Report

#### Overview:
This report evaluates a consulting case interview involving Solventus Energy, focusing on identifying why EBITDA has declined despite revenue growth. The candidate's performance was assessed based on the provided transcript, structured case performance scores, and dialog quality scores.

#### Main Strengths:
1. **Objective Understanding**: The candidate demonstrated an understanding of the objective by recognizing the need to explain the decline in EBITDA amidst rising revenues.
2. **Intent to Analyze Business Units Separately**: There was a clear intent to break down the analysis by business unit, which is crucial for identifying specific issues within each segment.

#### Main Weaknesses:
1. **Lack of Progression and Adaptation**: The candidate repeatedly requested EBITDA and revenue figures without adapting their approach or progressing in the analysis when these details were not provided.
2. **Failure to Propose Next Steps**: There was a lack of initiative in proposing next steps based on available information, which is essential for demonstrating problem-solving skills.

#### Improvement Priority:
- **Enhance Responsiveness and Adaptation**: The candidate should focus on adapting their approach when specific data is unavailable. This includes suggesting alternative methods or assumptions to progress the analysis, such as discussing potential cost drivers or revenue issues qualitatively.
  
#### Recommendations:
1. **Develop Alternative Analysis Strategies**: When faced with missing data, candidates should propose hypothetical scenarios or qualitative assessments to continue the analysis.
2. **Propose Next Steps Proactively**: Candidates should suggest logical next steps based on initial findings, demonstrating their ability to guide the interview process effectively.

This feedback aims to help the candidate improve their adaptability and problem-solving skills in consulting case interviews.","[""Interviewer: Your client is Solventus Energy, a Spanish renewable energy company. Over the past two years, EBITDA has fallen 34% even though total revenue has grown 18%. The company operates three business units: onshore wind generation, residential electricity retail, and large-scale battery storage construction. The CEO has asked you to identify what is driving the profit decline and recommend a path forward."", ""Candidate: Let's start by understanding the objective. We need to explain why EBITDA has fallen despite revenue growth. I'll approach this by looking at each business unit separately. To begin, could you provide the current EBITDA and revenue figures for each business unit?"", ""Interviewer: Could you provide the current EBITDA and revenue figures for each business unit?"", ""Candidate: Could you provide the current EBITDA and revenue figures for each business unit?"", ""Interviewer: Could you provide the current EBITDA and revenue figures for each business unit so we can analyze their performance separately?"", ""Candidate: Could you provide the current EBITDA and revenue figures for each business unit so we can analyze their performance separately?"", ""Interviewer: Could you provide the current EBITDA and revenue figures for each business unit so we can analyze their performance separately?"", ""Interviewer: Can you explain how you plan to break down the profit into its revenue and cost components for each business unit?"", ""Candidate: Let's start by understanding the objective. We need to explain why EBITDA has fallen despite revenue growth. I'll approach this by looking at each business unit separately. To begin, could you provide the current EBITDA and revenue figures for each business unit?"", ""Interviewer: Can you explain how you plan to break down the profit into its revenue and cost components for each business unit, and why this approach is important for diagnosing the profit decline?"", ""Candidate: Let's start by understanding the objective. We need to explain why EBITDA has fallen despite revenue growth. I'll approach this by looking at each business unit separately. To begin, could you provide the current EBITDA and revenue figures for each business unit?"", ""Interviewer: Can you explain how you plan to break down the profit into its revenue and cost components for each business unit, and why this approach is important for diagnosing the profit decline?"", ""Candidate: Let's start by understanding the objective. We need to explain why EBITDA has fallen despite revenue growth. I'll approach this by looking at each business unit separately. To begin, could you provide the current EBITDA and revenue figures for each business unit?"", ""Interviewer: Can you explain how you plan to break down the profit into its revenue and cost components for each business unit, and why this approach is important for diagnosing the profit decline?"", ""Eval Case Performance: structured case-performance assessment completed."", ""Eval Dialog Quality: structured interaction-quality assessment completed."", ""Give Feedback: ### Case Interview Feedback Report\n\n#### Overview:\nThis report evaluates a consulting case interview involving Solventus Energy, focusing on identifying why EBITDA has declined despite revenue growth. The candidate's performance was assessed based on the provided transcript, structured case performance scores, and dialog quality scores.\n\n#### Main Strengths:\n1. **Objective Understanding**: The candidate demonstrated an understanding of the objective by recognizing the need to explain the decline in EBITDA amidst rising revenues.\n2. **Intent to Analyze Business Units Separately**: There was a clear intent to break down the analysis by business unit, which is crucial for identifying specific issues within each segment.\n\n#### Main Weaknesses:\n1. **Lack of Progression and Adaptation**: The candidate repeatedly requested EBITDA and revenue figures without adapting their approach or progressing in the analysis when these details were not provided.\n2. **Failure to Propose Next Steps**: There was a lack of initiative in proposing next steps based on available information, which is essential for demonstrating problem-solving skills.\n\n#### Improvement Priority:\n- **Enhance Responsiveness and Adaptation**: The candidate should focus on adapting their approach when specific data is unavailable. This includes suggesting alternative methods or assumptions to progress the analysis, such as discussing potential cost drivers or revenue issues qualitatively.\n  \n#### Recommendations:\n1. **Develop Alternative Analysis Strategies**: When faced with missing data, candidates should propose hypothetical scenarios or qualitative assessments to continue the analysis.\n2. **Propose Next Steps Proactively**: Candidates should suggest logical next steps based on initial findings, demonstrating their ability to guide the interview process effectively.\n\nThis feedback aims to help the candidate improve their adaptability and problem-solving skills in consulting case interviews.""]",[],"{""case_opening"": {""score"": ""not_tested"", ""rationale"": ""No rationale provided.""}, ""case_structure"": {""score"": ""not_tested"", ""rationale"": ""No rationale provided.""}, ""case_math_answer"": {""score"": ""not_tested"", ""rationale"": ""No rationale provided.""}, ""case_creative_answer"": {""score"": ""not_tested"", ""rationale"": ""No rationale provided.""}, ""final_recommendation"": {""score"": ""not_tested"", ""rationale"": ""No rationale provided.""}, ""overall_structure"": {""score"": ""not_tested"", ""rationale"": ""No rationale provided.""}, ""overall_problem_solving"": {""score"": ""not_tested"", ""rationale"": ""No rationale provided.""}, ""overall_communication"": {""score"": ""not_tested"", ""rationale"": ""No rationale provided.""}}","{""clarity_and_concision"": {""score"": ""not_tested"", ""rationale"": ""No rationale provided.""}, ""responsiveness_and_adaptation"": {""score"": ""not_tested"", ""rationale"": ""No rationale provided.""}, ""groundedness"": {""score"": ""not_tested"", ""rationale"": ""No rationale provided.""}, ""confidence_calibration"": {""score"": ""not_tested"", ""rationale"": ""No rationale provided.""}, ""multi_turn_coherence"": {""score"": ""not_tested"", ""rationale"": ""No rationale provided.""}}",not_tested,No rationale provided.,not_tested,No rationale provided.,not_tested,No rationale provided.,not_tested,No rationale provided.,not_tested,No rationale provided.,not_tested,No rationale provided.,not_tested,No rationale provided.,not_tested,No rationale provided.,not_tested,No rationale provided.,not_tested,No rationale provided.,not_tested,No rationale provided.,not_tested,No rationale provided.,not_tested,No rationale provided.
agentic,agentic_scenario_01_04_004_r03_20260712T170433Z,/Users/palomaperezdemadrid/Desktop/Dissertation/agentic-case-interview-coach/src/scenarios/synthetic-based/scenario_01_04.json,3,3,ok,,4,2,True,"### Final Feedback Report

#### Main Strengths:
1. **Objective Clarity**: The candidate demonstrated a clear understanding of the objective by recognizing the need to explain why EBITDA has fallen despite revenue growth.
2. **Structured Approach**: They proposed a structured approach by suggesting an analysis of each business unit separately, which is a logical step in dissecting complex financial issues.

#### Main Weaknesses:
1. **Lack of Initiative for Data Gathering**: The candidate repeatedly requested the same data (EBITDA and revenue figures for each business unit) without taking any initiative to proceed with available information or assumptions.
2. **Inability to Progress Without Specific Data**: They did not demonstrate flexibility in moving forward with the analysis using hypothetical scenarios or qualitative insights, which is crucial when specific data is unavailable.

#### Improvement Priority:
- **Enhancing Responsiveness and Adaptation**: The candidate should focus on improving their ability to adapt and progress in the case analysis even when specific numerical data is not immediately available. This includes making reasonable assumptions, proposing potential next steps based on partial information, or using qualitative insights to guide further inquiry.

### Recommendations for Improvement:
- **Developing Assumptions**: Practice building logical chains of smaller, defensible assumptions that can help move the analysis forward in the absence of complete data.
- **Proposing Next Steps**: Learn to propose and justify next steps based on current findings, demonstrating proactive thinking rather than waiting for additional information.
- **Utilizing Qualitative Insights**: Enhance skills in using qualitative insights or industry knowledge to guide the analysis when quantitative data is lacking.

By focusing on these areas, the candidate can improve their ability to handle similar situations effectively in future consulting case interviews.","[""Interviewer: Your client is Solventus Energy, a Spanish renewable energy company. Over the past two years, EBITDA has fallen 34% even though total revenue has grown 18%. The company operates three business units: onshore wind generation, residential electricity retail, and large-scale battery storage construction. The CEO has asked you to identify what is driving the profit decline and recommend a path forward."", ""Candidate: Let's start by understanding the objective. We need to explain why EBITDA has fallen despite revenue growth. I'll approach this by looking at each business unit separately. To begin, could you provide the current EBITDA and revenue figures for each business unit?"", ""Interviewer: Could you provide the current EBITDA and revenue figures for each business unit?"", ""Candidate: Could you provide the current EBITDA and revenue figures for each business unit?"", ""Interviewer: Could you provide the current EBITDA and revenue figures for each business unit so we can analyze their performance separately?"", ""Candidate: Could you provide the current EBITDA and revenue figures for each business unit so we can analyze their performance separately?"", ""Interviewer: Could you provide the current EBITDA and revenue figures for each business unit so we can analyze their performance separately?"", ""Interviewer: Could you provide the current EBITDA and revenue figures for each business unit so we can analyze their performance separately?"", ""Candidate: Could you provide the current EBITDA and revenue figures for each business unit so we can analyze their performance separately?"", ""Interviewer: Could you provide the current EBITDA and revenue figures for each business unit so we can analyze their performance separately?"", ""Candidate: Let's start by understanding the objective. We need to explain why EBITDA has fallen despite revenue growth. I'll approach this by looking at each business unit separately. To begin, could you provide the current EBITDA and revenue figures for each business unit?"", ""Interviewer: Could you provide the current EBITDA and revenue figures for each business unit so we can analyze their performance separately?"", ""Candidate: Let's start by understanding the objective. We need to explain why EBITDA has fallen despite revenue growth. I'll approach this by looking at each business unit separately. To begin, could you provide the current EBITDA and revenue figures for each business unit?"", ""Interviewer: Could you provide the current EBITDA and revenue figures for each business unit so we can analyze their performance separately?"", ""Eval Case Performance: structured case-performance assessment completed."", ""Eval Dialog Quality: structured interaction-quality assessment completed."", ""Give Feedback: ### Final Feedback Report\n\n#### Main Strengths:\n1. **Objective Clarity**: The candidate demonstrated a clear understanding of the objective by recognizing the need to explain why EBITDA has fallen despite revenue growth.\n2. **Structured Approach**: They proposed a structured approach by suggesting an analysis of each business unit separately, which is a logical step in dissecting complex financial issues.\n\n#### Main Weaknesses:\n1. **Lack of Initiative for Data Gathering**: The candidate repeatedly requested the same data (EBITDA and revenue figures for each business unit) without taking any initiative to proceed with available information or assumptions.\n2. **Inability to Progress Without Specific Data**: They did not demonstrate flexibility in moving forward with the analysis using hypothetical scenarios or qualitative insights, which is crucial when specific data is unavailable.\n\n#### Improvement Priority:\n- **Enhancing Responsiveness and Adaptation**: The candidate should focus on improving their ability to adapt and progress in the case analysis even when specific numerical data is not immediately available. This includes making reasonable assumptions, proposing potential next steps based on partial information, or using qualitative insights to guide further inquiry.\n\n### Recommendations for Improvement:\n- **Developing Assumptions**: Practice building logical chains of smaller, defensible assumptions that can help move the analysis forward in the absence of complete data.\n- **Proposing Next Steps**: Learn to propose and justify next steps based on current findings, demonstrating proactive thinking rather than waiting for additional information.\n- **Utilizing Qualitative Insights**: Enhance skills in using qualitative insights or industry knowledge to guide the analysis when quantitative data is lacking.\n\nBy focusing on these areas, the candidate can improve their ability to handle similar situations effectively in future consulting case interviews.""]",[],"{""case_opening"": {""score"": ""not_tested"", ""rationale"": ""No rationale provided.""}, ""case_structure"": {""score"": ""not_tested"", ""rationale"": ""No rationale provided.""}, ""case_math_answer"": {""score"": ""not_tested"", ""rationale"": ""No rationale provided.""}, ""case_creative_answer"": {""score"": ""not_tested"", ""rationale"": ""No rationale provided.""}, ""final_recommendation"": {""score"": ""not_tested"", ""rationale"": ""No rationale provided.""}, ""overall_structure"": {""score"": ""not_tested"", ""rationale"": ""No rationale provided.""}, ""overall_problem_solving"": {""score"": ""not_tested"", ""rationale"": ""No rationale provided.""}, ""overall_communication"": {""score"": ""not_tested"", ""rationale"": ""No rationale provided.""}}","{""clarity_and_concision"": {""score"": ""not_tested"", ""rationale"": ""No rationale provided.""}, ""responsiveness_and_adaptation"": {""score"": ""not_tested"", ""rationale"": ""No rationale provided.""}, ""groundedness"": {""score"": ""not_tested"", ""rationale"": ""No rationale provided.""}, ""confidence_calibration"": {""score"": ""not_tested"", ""rationale"": ""No rationale provided.""}, ""multi_turn_coherence"": {""score"": ""not_tested"", ""rationale"": ""No rationale provided.""}}",not_tested,No rationale provided.,not_tested,No rationale provided.,not_tested,No rationale provided.,not_tested,No rationale provided.,not_tested,No rationale provided.,not_tested,No rationale provided.,not_tested,No rationale provided.,not_tested,No rationale provided.,not_tested,No rationale provided.,not_tested,No rationale provided.,not_tested,No rationale provided.,not_tested,No rationale provided.,not_tested,No rationale provided.
agentic,agentic_scenario_01_05_005_r01_20260712T170433Z,/Users/palomaperezdemadrid/Desktop/Dissertation/agentic-case-interview-coach/src/scenarios/synthetic-based/scenario_01_05.json,1,3,ok,,4,2,True,"### Final Feedback Report

#### Main Strengths:
1. **Objective Clarity**: The candidate demonstrated a clear understanding of the objective by focusing on explaining why EBITDA has fallen despite revenue growth.
2. **Analytical Approach**: They proposed an analytical approach by suggesting to examine each business unit separately, which aligns with best practices in profitability cases.

#### Main Weaknesses:
1. **Lack of Data Utilization**: The candidate repeatedly requested the same data (EBITDA and revenue figures for each business unit) without adapting their strategy or considering alternative approaches when this information was not provided.
2. **Inability to Adapt**: Despite being prompted by the interviewer about potential factors affecting profitability, such as newer business units or leadership changes, the candidate did not adjust their analysis or consider these aspects.

#### Improvement Priority:
- **Responsiveness and Adaptation**: The candidate should focus on improving their ability to adapt their approach when faced with incomplete data. This includes considering alternative angles for analysis, such as potential impacts from organizational changes (e.g., CFO resignation) or the performance of newer business units, even without specific figures.

### Recommendations for Improvement:
- **Develop Alternative Analysis Strategies**: Practice scenarios where key data is unavailable and explore how to proceed by leveraging qualitative insights or hypothetical reasoning.
- **Enhance Responsiveness**: Work on recognizing and integrating new information provided during the interview into the analysis dynamically. This includes considering broader factors affecting profitability beyond just financial metrics.

By addressing these areas, the candidate can enhance their problem-solving capabilities and communication effectiveness in future consulting case interviews.","[""Interviewer: Your client is Solventus Energy, a Spanish renewable energy company. Over the past two years, EBITDA has fallen 34% even though total revenue has grown 18%. The company operates three business units: onshore wind generation, residential electricity retail, and large-scale battery storage construction. The CEO has asked you to identify what is driving the profit decline and recommend a path forward."", ""Candidate: Let's start by understanding the objective. We need to explain why EBITDA has fallen despite revenue growth. I'll approach this by looking at each business unit separately. To begin, could you provide the current EBITDA and revenue figures for each business unit?"", ""Interviewer: Could you provide the current EBITDA and revenue figures for each business unit?"", ""Candidate: Could you provide the current EBITDA and revenue figures for each business unit?"", ""Interviewer: Could you provide the current EBITDA and revenue figures for each business unit so we can analyze their performance separately?"", ""Candidate: Could you provide the current EBITDA and revenue figures for each business unit so we can analyze their performance separately?"", ""Interviewer: Could you provide the current EBITDA and revenue figures for each business unit so we can analyze their performance separately?"", ""Interviewer: Could you provide the current EBITDA and revenue figures for each business unit so we can analyze their performance separately?"", ""Candidate: Could you provide the current EBITDA and revenue figures for each business unit so we can analyze their performance separately?"", ""Interviewer: Could you provide the current EBITDA and revenue figures for each business unit so we can analyze their performance separately?"", ""Candidate: Could you provide the current EBITDA and revenue figures for each business unit so we can analyze their performance separately?"", ""Interviewer: Have you considered the possibility that the newer business units might be contributing to the profit decline despite the overall revenue growth?"", ""Candidate: Could you provide the current EBITDA and revenue figures for each business unit so we can analyze their performance separately?"", ""Interviewer: Have you considered how the recent resignation of the CFO might impact the financial performance and decision-making of the company?"", ""Eval Case Performance: structured case-performance assessment completed."", ""Eval Dialog Quality: structured interaction-quality assessment completed."", ""Give Feedback: ### Final Feedback Report\n\n#### Main Strengths:\n1. **Objective Clarity**: The candidate demonstrated a clear understanding of the objective by focusing on explaining why EBITDA has fallen despite revenue growth.\n2. **Analytical Approach**: They proposed an analytical approach by suggesting to examine each business unit separately, which aligns with best practices in profitability cases.\n\n#### Main Weaknesses:\n1. **Lack of Data Utilization**: The candidate repeatedly requested the same data (EBITDA and revenue figures for each business unit) without adapting their strategy or considering alternative approaches when this information was not provided.\n2. **Inability to Adapt**: Despite being prompted by the interviewer about potential factors affecting profitability, such as newer business units or leadership changes, the candidate did not adjust their analysis or consider these aspects.\n\n#### Improvement Priority:\n- **Responsiveness and Adaptation**: The candidate should focus on improving their ability to adapt their approach when faced with incomplete data. This includes considering alternative angles for analysis, such as potential impacts from organizational changes (e.g., CFO resignation) or the performance of newer business units, even without specific figures.\n\n### Recommendations for Improvement:\n- **Develop Alternative Analysis Strategies**: Practice scenarios where key data is unavailable and explore how to proceed by leveraging qualitative insights or hypothetical reasoning.\n- **Enhance Responsiveness**: Work on recognizing and integrating new information provided during the interview into the analysis dynamically. This includes considering broader factors affecting profitability beyond just financial metrics.\n\nBy addressing these areas, the candidate can enhance their problem-solving capabilities and communication effectiveness in future consulting case interviews.""]",[],"{""case_opening"": {""score"": ""not_tested"", ""rationale"": ""No rationale provided.""}, ""case_structure"": {""score"": ""not_tested"", ""rationale"": ""No rationale provided.""}, ""case_math_answer"": {""score"": ""not_tested"", ""rationale"": ""No rationale provided.""}, ""case_creative_answer"": {""score"": ""not_tested"", ""rationale"": ""No rationale provided.""}, ""final_recommendation"": {""score"": ""not_tested"", ""rationale"": ""No rationale provided.""}, ""overall_structure"": {""score"": ""not_tested"", ""rationale"": ""No rationale provided.""}, ""overall_problem_solving"": {""score"": ""not_tested"", ""rationale"": ""No rationale provided.""}, ""overall_communication"": {""score"": ""not_tested"", ""rationale"": ""No rationale provided.""}}","{""clarity_and_concision"": {""score"": ""not_tested"", ""rationale"": ""No rationale provided.""}, ""responsiveness_and_adaptation"": {""score"": ""not_tested"", ""rationale"": ""No rationale provided.""}, ""groundedness"": {""score"": ""not_tested"", ""rationale"": ""No rationale provided.""}, ""confidence_calibration"": {""score"": ""not_tested"", ""rationale"": ""No rationale provided.""}, ""multi_turn_coherence"": {""score"": ""not_tested"", ""rationale"": ""No rationale provided.""}}",not_tested,No rationale provided.,not_tested,No rationale provided.,not_tested,No rationale provided.,not_tested,No rationale provided.,not_tested,No rationale provided.,not_tested,No rationale provided.,not_tested,No rationale provided.,not_tested,No rationale provided.,not_tested,No rationale provided.,not_tested,No rationale provided.,not_tested,No rationale provided.,not_tested,No rationale provided.,not_tested,No rationale provided.
agentic,agentic_scenario_01_05_005_r02_20260712T170433Z,/Users/palomaperezdemadrid/Desktop/Dissertation/agentic-case-interview-coach/src/scenarios/synthetic-based/scenario_01_05.json,2,3,ok,,4,2,True,"**Consulting Case Interview Feedback Report**

**Candidate Overview:**
The candidate was tasked with analyzing Solventus Energy's declining EBITDA despite revenue growth, focusing on three business units: onshore wind generation, residential electricity retail, and large-scale battery storage construction.

**Main Strengths:**
1. **Objective Clarity:** The candidate consistently reiterated the objective of explaining why EBITDA has fallen despite revenue growth, demonstrating a clear understanding of the primary goal.
2. **Consistency in Approach:** By repeatedly emphasizing the need to understand the objective, the candidate showed a disciplined approach to maintaining focus on the core issue.

**Main Weaknesses:**
1. **Lack of Progression:** The candidate did not progress beyond restating the objective and failed to delve into specific analyses or propose next steps.
2. **Inability to Address Specific Questions:** Despite repeated prompts from the interviewer regarding cost comparisons between business units, the candidate did not provide any analysis or insights.

**Improvement Priority:**
1. **Developing Analytical Depth:** The candidate should focus on developing a structured approach to analyze financial data and propose actionable insights. This includes breaking down revenue and costs by unit, identifying potential issues, and suggesting specific next steps based on initial findings.

**Recommendations for Improvement:**
- **Engage with the Interviewer's Questions:** Practice responding directly to interviewer prompts by proposing logical next steps or hypotheses.
- **Utilize Frameworks Effectively:** Apply frameworks such as revenue-cost breakdowns to guide analysis and ensure a comprehensive understanding of financial dynamics.
- **Enhance Problem-Solving Skills:** Work on developing problem-solving skills that allow for quick adaptation and deeper exploration of the case details.

By focusing on these areas, the candidate can enhance their ability to provide insightful analyses and recommendations in future consulting case interviews.","[""Interviewer: Your client is Solventus Energy, a Spanish renewable energy company. Over the past two years, EBITDA has fallen 34% even though total revenue has grown 18%. The company operates three business units: onshore wind generation, residential electricity retail, and large-scale battery storage construction. The CEO has asked you to identify what is driving the profit decline and recommend a path forward."", ""Candidate: Let's start by understanding the objective. We're here to explain why EBITDA has fallen despite revenue growth."", ""Interviewer: Can you explain how the revenue growth in the newer units might be affecting the overall profitability?"", ""Candidate: Let's start by understanding the objective. We're here to explain why EBITDA has fallen despite revenue growth."", ""Interviewer: How might the revenue growth from the newer units be affecting the overall profitability, given that they are the only ones showing growth?"", ""Candidate: Let's start by understanding the objective. We're here to explain why EBITDA has fallen despite revenue growth."", ""Interviewer: Given that the revenue growth has been driven entirely by the two newer units, how might this be affecting the overall profitability of Solventus Energy?"", ""Interviewer: Given that the revenue growth has been driven entirely by the two newer units, how are these newer units performing in terms of costs and profitability compared to the onshore wind generation unit?"", ""Candidate: Let's start by understanding the objective. We're here to explain why EBITDA has fallen despite revenue growth."", ""Interviewer: How are the costs in the onshore wind generation unit and the newer units comparing, and could this be contributing to the profit decline?"", ""Candidate: Let's start by understanding the objective. We're here to explain why EBITDA has fallen despite revenue growth."", ""Interviewer: How are the costs in the residential electricity retail and large-scale battery storage construction units comparing to the onshore wind generation unit, and could this be contributing to the profit decline?"", ""Candidate: Let's start by understanding the objective. We're here to explain why EBITDA has fallen despite revenue growth."", ""Interviewer: How are the costs in the residential electricity retail and large-scale battery storage construction units comparing to the onshore wind generation unit, and could this be contributing to the profit decline?"", ""Eval Case Performance: structured case-performance assessment completed."", ""Eval Dialog Quality: structured interaction-quality assessment completed."", ""Give Feedback: **Consulting Case Interview Feedback Report**\n\n**Candidate Overview:**\nThe candidate was tasked with analyzing Solventus Energy's declining EBITDA despite revenue growth, focusing on three business units: onshore wind generation, residential electricity retail, and large-scale battery storage construction.\n\n**Main Strengths:**\n1. **Objective Clarity:** The candidate consistently reiterated the objective of explaining why EBITDA has fallen despite revenue growth, demonstrating a clear understanding of the primary goal.\n2. **Consistency in Approach:** By repeatedly emphasizing the need to understand the objective, the candidate showed a disciplined approach to maintaining focus on the core issue.\n\n**Main Weaknesses:**\n1. **Lack of Progression:** The candidate did not progress beyond restating the objective and failed to delve into specific analyses or propose next steps.\n2. **Inability to Address Specific Questions:** Despite repeated prompts from the interviewer regarding cost comparisons between business units, the candidate did not provide any analysis or insights.\n\n**Improvement Priority:**\n1. **Developing Analytical Depth:** The candidate should focus on developing a structured approach to analyze financial data and propose actionable insights. This includes breaking down revenue and costs by unit, identifying potential issues, and suggesting specific next steps based on initial findings.\n\n**Recommendations for Improvement:**\n- **Engage with the Interviewer's Questions:** Practice responding directly to interviewer prompts by proposing logical next steps or hypotheses.\n- **Utilize Frameworks Effectively:** Apply frameworks such as revenue-cost breakdowns to guide analysis and ensure a comprehensive understanding of financial dynamics.\n- **Enhance Problem-Solving Skills:** Work on developing problem-solving skills that allow for quick adaptation and deeper exploration of the case details.\n\nBy focusing on these areas, the candidate can enhance their ability to provide insightful analyses and recommendations in future consulting case interviews.""]",[],"{""case_opening"": {""score"": ""not_tested"", ""rationale"": ""No rationale provided.""}, ""case_structure"": {""score"": ""not_tested"", ""rationale"": ""No rationale provided.""}, ""case_math_answer"": {""score"": ""not_tested"", ""rationale"": ""No rationale provided.""}, ""case_creative_answer"": {""score"": ""not_tested"", ""rationale"": ""No rationale provided.""}, ""final_recommendation"": {""score"": ""not_tested"", ""rationale"": ""No rationale provided.""}, ""overall_structure"": {""score"": ""not_tested"", ""rationale"": ""No rationale provided.""}, ""overall_problem_solving"": {""score"": ""not_tested"", ""rationale"": ""No rationale provided.""}, ""overall_communication"": {""score"": ""not_tested"", ""rationale"": ""No rationale provided.""}}","{""clarity_and_concision"": {""score"": ""not_tested"", ""rationale"": ""No rationale provided.""}, ""responsiveness_and_adaptation"": {""score"": ""not_tested"", ""rationale"": ""No rationale provided.""}, ""groundedness"": {""score"": ""not_tested"", ""rationale"": ""No rationale provided.""}, ""confidence_calibration"": {""score"": ""not_tested"", ""rationale"": ""No rationale provided.""}, ""multi_turn_coherence"": {""score"": ""not_tested"", ""rationale"": ""No rationale provided.""}}",not_tested,No rationale provided.,not_tested,No rationale provided.,not_tested,No rationale provided.,not_tested,No rationale provided.,not_tested,No rationale provided.,not_tested,No rationale provided.,not_tested,No rationale provided.,not_tested,No rationale provided.,not_tested,No rationale provided.,not_tested,No rationale provided.,not_tested,No rationale provided.,not_tested,No rationale provided.,not_tested,No rationale provided.
agentic,agentic_scenario_01_05_005_r03_20260712T170433Z,/Users/palomaperezdemadrid/Desktop/Dissertation/agentic-case-interview-coach/src/scenarios/synthetic-based/scenario_01_05.json,3,3,ok,,4,2,True,"### Case Interview Feedback Report

#### Main Strengths:
1. **Objective Clarification**: The candidate effectively identified the objective as understanding why EBITDA has fallen despite revenue growth.
2. **Initial Approach**: They proposed a structured approach by suggesting an analysis of each business unit's contribution to revenue and EBITDA.

#### Main Weaknesses:
1. **Lack of Specific Data Analysis**: The candidate repeatedly suggested looking at revenue and EBITDA growth without providing specific figures or detailed breakdowns, which are crucial for understanding the profit decline.
2. **Failure to Address Cost Drivers**: Despite multiple prompts from the interviewer, the candidate did not break down cost drivers for each business unit, missing a critical aspect of profitability analysis.

#### Improvement Priority:
- **Data Utilization and Analysis**: The candidate should focus on effectively using provided data to perform detailed analyses. This includes breaking down revenue and EBITDA figures by business unit and identifying specific cost drivers, as these are essential steps in diagnosing the profit decline and formulating actionable recommendations.

### Methodological Guidance
- **Clarifying the Objective**: Candidates should ensure they understand the problem's objective clearly before proceeding with analysis.
- **Building an Initial Structure**: It is important to structure the case by breaking down revenue into price, volume, and mix, and costs into fixed and variable components. This helps in identifying where profit changes are occurring.
- **Driving the Analysis**: Candidates should follow evidence wherever it leads, whether external factors like competition or internal inefficiencies are at play.

By focusing on these areas, candidates can improve their ability to provide insightful analyses and recommendations during consulting case interviews.","[""Interviewer: Your client is Solventus Energy, a Spanish renewable energy company. Over the past two years, EBITDA has fallen 34% even though total revenue has grown 18%. The company operates three business units: onshore wind generation, residential electricity retail, and large-scale battery storage construction. The CEO has asked you to identify what is driving the profit decline and recommend a path forward."", ""Candidate: To understand the profit decline, we should first clarify the objective: to explain why EBITDA has fallen despite revenue growth. Let's start by looking at each business unit's contribution to revenue and EBITDA."", ""Interviewer: Can you provide more details on the revenue and EBITDA performance of each business unit over the past two years?"", ""Candidate: Let's start by looking at the revenue and EBITDA growth for each business unit over the past two years."", ""Interviewer: Can you provide the EBITDA and revenue figures for each business unit over the past two years?"", ""Candidate: Let's start by looking at the revenue and EBITDA growth for each business unit over the past two years."", ""Interviewer: Can you provide the EBITDA and revenue figures for each business unit over the past two years?"", ""Interviewer: Can you break down the profit into revenue and cost drivers for each business unit over the past two years?"", ""Candidate: Let's start by looking at the revenue and EBITDA growth for each business unit over the past two years."", ""Interviewer: Can you provide the revenue and EBITDA figures for each business unit over the past two years, and also break down the cost drivers for each unit during the same period?"", ""Candidate: Let's start by looking at the revenue and EBITDA growth for each business unit over the past two years."", ""Interviewer: Can you provide the revenue and EBITDA figures for each business unit over the past two years, and also break down the cost drivers for each unit during the same period?"", ""Candidate: Let's start by looking at the revenue and EBITDA growth for each business unit over the past two years."", ""Interviewer: Can you break down the revenue and EBITDA performance for each business unit over the past two years, and also identify the key cost drivers for each unit during the same period?"", ""Eval Case Performance: structured case-performance assessment completed."", ""Eval Dialog Quality: structured interaction-quality assessment completed."", ""Give Feedback: ### Case Interview Feedback Report\n\n#### Main Strengths:\n1. **Objective Clarification**: The candidate effectively identified the objective as understanding why EBITDA has fallen despite revenue growth.\n2. **Initial Approach**: They proposed a structured approach by suggesting an analysis of each business unit's contribution to revenue and EBITDA.\n\n#### Main Weaknesses:\n1. **Lack of Specific Data Analysis**: The candidate repeatedly suggested looking at revenue and EBITDA growth without providing specific figures or detailed breakdowns, which are crucial for understanding the profit decline.\n2. **Failure to Address Cost Drivers**: Despite multiple prompts from the interviewer, the candidate did not break down cost drivers for each business unit, missing a critical aspect of profitability analysis.\n\n#### Improvement Priority:\n- **Data Utilization and Analysis**: The candidate should focus on effectively using provided data to perform detailed analyses. This includes breaking down revenue and EBITDA figures by business unit and identifying specific cost drivers, as these are essential steps in diagnosing the profit decline and formulating actionable recommendations.\n\n### Methodological Guidance\n- **Clarifying the Objective**: Candidates should ensure they understand the problem's objective clearly before proceeding with analysis.\n- **Building an Initial Structure**: It is important to structure the case by breaking down revenue into price, volume, and mix, and costs into fixed and variable components. This helps in identifying where profit changes are occurring.\n- **Driving the Analysis**: Candidates should follow evidence wherever it leads, whether external factors like competition or internal inefficiencies are at play.\n\nBy focusing on these areas, candidates can improve their ability to provide insightful analyses and recommendations during consulting case interviews.""]",[],"{""case_opening"": {""score"": ""not_tested"", ""rationale"": ""No rationale provided.""}, ""case_structure"": {""score"": ""not_tested"", ""rationale"": ""No rationale provided.""}, ""case_math_answer"": {""score"": ""not_tested"", ""rationale"": ""No rationale provided.""}, ""case_creative_answer"": {""score"": ""not_tested"", ""rationale"": ""No rationale provided.""}, ""final_recommendation"": {""score"": ""not_tested"", ""rationale"": ""No rationale provided.""}, ""overall_structure"": {""score"": ""not_tested"", ""rationale"": ""No rationale provided.""}, ""overall_problem_solving"": {""score"": ""not_tested"", ""rationale"": ""No rationale provided.""}, ""overall_communication"": {""score"": ""not_tested"", ""rationale"": ""No rationale provided.""}}","{""clarity_and_concision"": {""score"": ""not_tested"", ""rationale"": ""No rationale provided.""}, ""responsiveness_and_adaptation"": {""score"": ""not_tested"", ""rationale"": ""No rationale provided.""}, ""groundedness"": {""score"": ""not_tested"", ""rationale"": ""No rationale provided.""}, ""confidence_calibration"": {""score"": ""not_tested"", ""rationale"": ""No rationale provided.""}, ""multi_turn_coherence"": {""score"": ""not_tested"", ""rationale"": ""No rationale provided.""}}",not_tested,No rationale provided.,not_tested,No rationale provided.,not_tested,No rationale provided.,not_tested,No rationale provided.,not_tested,No rationale provided.,not_tested,No rationale provided.,not_tested,No rationale provided.,not_tested,No rationale provided.,not_tested,No rationale provided.,not_tested,No rationale provided.,not_tested,No rationale provided.,not_tested,No rationale provided.,not_tested,No rationale provided.
agentic,agentic_scenario_01_06_006_r01_20260712T170433Z,/Users/palomaperezdemadrid/Desktop/Dissertation/agentic-case-interview-coach/src/scenarios/synthetic-based/scenario_01_06.json,1,3,ok,,4,2,True,"### Final Feedback Report

#### Main Strengths:
- **Initiative in Seeking Information**: The candidate demonstrated an understanding of the importance of detailed financial information by repeatedly requesting EBITDA and revenue figures for each business unit.

#### Main Weaknesses:
- **Lack of Clarity and Concision**: The candidate's communication was unclear, as evidenced by their repetitive questioning without providing a rationale or explanation for why this data is necessary.
- **Poor Responsiveness and Adaptation**: There was no adaptation to the interviewer’s guidance. The candidate did not respond effectively to questions about how revenue growth in newer units might affect profitability.
- **Lack of Confidence Calibration**: The repeated requests for information without justification suggest a lack of confidence in their analytical approach.
- **Multi-Turn Coherence Issues**: The candidate's responses lacked coherence and logical progression, failing to build on previous interactions or incorporate feedback.

#### Improvement Priority:
The candidate should focus on improving their ability to communicate clearly and concisely. This includes providing rationale for requests, adapting to the interviewer’s guidance, and building a coherent narrative throughout the interview. Understanding how to break down profit into revenue and cost components without needing explicit data initially could also enhance their analytical approach.

#### Methodological Guidance:
- **Clarity in Communication**: Strong candidates should articulate why specific information is needed and how it will help address the problem.
- **Adaptability**: Candidates should be responsive to interviewer cues and adjust their analysis accordingly.
- **Confidence in Analysis**: Demonstrating confidence through well-reasoned assumptions and logical progression of thought is crucial.

By focusing on these areas, the candidate can enhance their performance in future consulting case interviews.","[""Interviewer: Your client is Solventus Energy, a Spanish renewable energy company. Over the past two years, EBITDA has fallen 34% even though total revenue has grown 18%. The company operates three business units: onshore wind generation, residential electricity retail, and large-scale battery storage construction. The CEO has asked you to identify what is driving the profit decline and recommend a path forward."", ""Candidate: To start, could you provide the current EBITDA and revenue figures for each business unit?"", ""Interviewer: Could you explain why you think it's important to separate the performance of each business unit before diagnosing the profit decline?"", ""Candidate: To start, could you provide the current EBITDA and revenue figures for each business unit?"", ""Interviewer: Could you explain how the revenue growth in the newer units might be affecting the overall profitability of Solventus Energy?"", ""Candidate: To start, could you provide the current EBITDA and revenue figures for each business unit?"", ""Interviewer: How might the revenue growth in the newer units be affecting the overall profitability of Solventus Energy, given that they operate across wind generation, B2C retail, and battery storage?"", ""Interviewer: Can you break down the profitability framework and explain how revenue and costs are related in this context?"", ""Candidate: To start, could you provide the current EBITDA and revenue figures for each business unit?"", ""Interviewer: Can you explain how you would break down the profit into its revenue and cost components for each business unit?"", ""Candidate: To start, could you provide the current EBITDA and revenue figures for each business unit?"", ""Interviewer: Can you explain how you would break down the profit into its revenue and cost components for each business unit, and how this breakdown might help us identify the source of the profit decline?"", ""Candidate: To start, could you provide the current EBITDA and revenue figures for each business unit?"", ""Interviewer: Can you explain how you would break down the profit into its revenue and cost components for each business unit, and what specific costs you would consider for onshore wind generation, residential electricity retail, and large-scale battery storage construction?"", ""Eval Case Performance: structured case-performance assessment completed."", ""Eval Dialog Quality: structured interaction-quality assessment completed."", ""Give Feedback: ### Final Feedback Report\n\n#### Main Strengths:\n- **Initiative in Seeking Information**: The candidate demonstrated an understanding of the importance of detailed financial information by repeatedly requesting EBITDA and revenue figures for each business unit.\n\n#### Main Weaknesses:\n- **Lack of Clarity and Concision**: The candidate's communication was unclear, as evidenced by their repetitive questioning without providing a rationale or explanation for why this data is necessary.\n- **Poor Responsiveness and Adaptation**: There was no adaptation to the interviewer’s guidance. The candidate did not respond effectively to questions about how revenue growth in newer units might affect profitability.\n- **Lack of Confidence Calibration**: The repeated requests for information without justification suggest a lack of confidence in their analytical approach.\n- **Multi-Turn Coherence Issues**: The candidate's responses lacked coherence and logical progression, failing to build on previous interactions or incorporate feedback.\n\n#### Improvement Priority:\nThe candidate should focus on improving their ability to communicate clearly and concisely. This includes providing rationale for requests, adapting to the interviewer’s guidance, and building a coherent narrative throughout the interview. Understanding how to break down profit into revenue and cost components without needing explicit data initially could also enhance their analytical approach.\n\n#### Methodological Guidance:\n- **Clarity in Communication**: Strong candidates should articulate why specific information is needed and how it will help address the problem.\n- **Adaptability**: Candidates should be responsive to interviewer cues and adjust their analysis accordingly.\n- **Confidence in Analysis**: Demonstrating confidence through well-reasoned assumptions and logical progression of thought is crucial.\n\nBy focusing on these areas, the candidate can enhance their performance in future consulting case interviews.""]",[],"{""case_opening"": {""score"": ""not_tested"", ""rationale"": ""No rationale provided.""}, ""case_structure"": {""score"": ""not_tested"", ""rationale"": ""No rationale provided.""}, ""case_math_answer"": {""score"": ""not_tested"", ""rationale"": ""No rationale provided.""}, ""case_creative_answer"": {""score"": ""not_tested"", ""rationale"": ""No rationale provided.""}, ""final_recommendation"": {""score"": ""not_tested"", ""rationale"": ""No rationale provided.""}, ""overall_structure"": {""score"": ""not_tested"", ""rationale"": ""No rationale provided.""}, ""overall_problem_solving"": {""score"": ""not_tested"", ""rationale"": ""No rationale provided.""}, ""overall_communication"": {""score"": ""not_tested"", ""rationale"": ""No rationale provided.""}}","{""clarity_and_concision"": {""score"": 1, ""rationale"": ""The candidate repeatedly asks the same question, 'To start, could you provide the current EBITDA and revenue figures for each business unit?' without providing any clear or concise explanation for why this information is necessary or how it will help to address the problem. This lack of clarity and concision in their communication makes it difficult to understand their thought process.""}, ""responsiveness_and_adaptation"": {""score"": 1, ""rationale"": ""The candidate does not respond to the interviewer's questions or adapt their approach based on the feedback provided. They continue to ask the same question despite the interviewer's attempts to guide them towards a more nuanced understanding of the problem.""}, ""groundedness"": {""score"": ""not_tested"", ""rationale"": ""There is not enough information in the transcript to assess the candidate's ability to ground their analysis in data or evidence.""}, ""confidence_calibration"": {""score"": 1, ""rationale"": ""The candidate's repeated requests for the same information without providing any explanation or justification suggests a lack of confidence in their ability to analyze the problem.""}, ""multi_turn_coherence"": {""score"": 1, ""rationale"": ""The candidate's responses do not demonstrate any coherence or logical flow across multiple turns. They fail to build on previous questions or incorporate feedback from the interviewer.""}}",not_tested,No rationale provided.,not_tested,No rationale provided.,not_tested,No rationale provided.,not_tested,No rationale provided.,not_tested,No rationale provided.,not_tested,No rationale provided.,not_tested,No rationale provided.,not_tested,No rationale provided.,1,"The candidate repeatedly asks the same question, 'To start, could you provide the current EBITDA and revenue figures for each business unit?' without providing any clear or concise explanation for why this information is necessary or how it will help to address the problem. This lack of clarity and concision in their communication makes it difficult to understand their thought process.",1,The candidate does not respond to the interviewer's questions or adapt their approach based on the feedback provided. They continue to ask the same question despite the interviewer's attempts to guide them towards a more nuanced understanding of the problem.,not_tested,There is not enough information in the transcript to assess the candidate's ability to ground their analysis in data or evidence.,1,The candidate's repeated requests for the same information without providing any explanation or justification suggests a lack of confidence in their ability to analyze the problem.,1,The candidate's responses do not demonstrate any coherence or logical flow across multiple turns. They fail to build on previous questions or incorporate feedback from the interviewer.
agentic,agentic_scenario_01_06_006_r02_20260712T170433Z,/Users/palomaperezdemadrid/Desktop/Dissertation/agentic-case-interview-coach/src/scenarios/synthetic-based/scenario_01_06.json,2,3,ok,,4,2,True,"### Case Interview Feedback Report

#### Main Strengths:
1. **Focus on Business Unit Analysis**: The candidate demonstrated a clear understanding of the importance of analyzing each business unit's performance to identify potential drivers behind the EBITDA decline, despite overall revenue growth.

2. **Recognition of Revenue Sources**: They acknowledged that revenue growth was driven by newer units, which is crucial for understanding shifts in profitability dynamics.

#### Main Weaknesses:
1. **Lack of Initial Structure and Problem Restatement**: The candidate did not effectively open the case or restate the problem to clarify objectives, missing an opportunity to set a strong foundation for their analysis.

2. **Repetitive Questioning**: The candidate repeatedly asked for EBITDA and revenue growth data without adapting their approach based on the interviewer's responses, indicating a lack of responsiveness and adaptation.

3. **Absence of Final Recommendation**: There was no attempt to synthesize findings or provide a final recommendation, which is critical in demonstrating problem-solving capabilities and strategic thinking.

#### Improvement Priority:
- **Developing Initial Structure and Problem Restatement Skills**: The candidate should focus on clarifying the objective at the beginning of the case by restating the problem. This involves understanding what needs to be analyzed (e.g., revenue vs. cost breakdown) and setting a clear direction for their analysis, as highlighted in the ""Consulting Case Interview Guide.""

By addressing these areas, the candidate can enhance their ability to structure cases effectively and provide comprehensive recommendations.","[""Interviewer: Your client is Solventus Energy, a Spanish renewable energy company. Over the past two years, EBITDA has fallen 34% even though total revenue has grown 18%. The company operates three business units: onshore wind generation, residential electricity retail, and large-scale battery storage construction. The CEO has asked you to identify what is driving the profit decline and recommend a path forward."", ""Candidate: To understand the profit decline, we should first analyze the performance of each business unit. Could you provide the EBITDA and revenue growth for each unit over the past two years?"", ""Interviewer: Could you explain why you think analyzing the performance of each business unit is the first step in understanding the profit decline?"", ""Candidate: Analyzing each business unit's performance helps identify which unit(s) might be driving the overall EBITDA decline, despite total revenue growth."", ""Interviewer: Could you elaborate on how the revenue growth in the newer units might be affecting the overall EBITDA performance?"", ""Candidate: To understand the profit decline, we should first analyze the performance of each business unit. Could you provide the EBITDA and revenue growth for each unit over the past two years?"", ""Interviewer: Given that revenue growth has been driven entirely by the two newer units, how do you think this might be affecting the overall EBITDA performance?"", ""Interviewer: Given that revenue growth has been driven entirely by the two newer units, how do you think this might be affecting the overall EBITDA performance, especially considering the CFO's recent resignation?"", ""Candidate: To understand the profit decline, we should first analyze the performance of each business unit. Could you provide the EBITDA and revenue growth for each unit over the past two years?"", ""Interviewer: Given that revenue growth has been driven entirely by the two newer units, how do you think this might be affecting the overall EBITDA performance, especially considering the CFO's recent resignation?"", ""Candidate: To understand the profit decline, we should first analyze the performance of each business unit. Could you provide the EBITDA and revenue growth for each unit over the past two years?"", ""Interviewer: Given that revenue growth has been driven entirely by the two newer units, how do you think this might be affecting the cost structure, especially considering the CFO's recent resignation?"", ""Candidate: To understand the profit decline, we should first analyze the performance of each business unit. Could you provide the EBITDA and revenue growth for each unit over the past two years?"", ""Interviewer: Given that revenue growth has been driven entirely by the two newer units, how do you think this might be affecting the cost structure, especially considering the CFO's recent resignation?"", ""Eval Case Performance: structured case-performance assessment completed."", ""Eval Dialog Quality: structured interaction-quality assessment completed."", ""Give Feedback: ### Case Interview Feedback Report\n\n#### Main Strengths:\n1. **Focus on Business Unit Analysis**: The candidate demonstrated a clear understanding of the importance of analyzing each business unit's performance to identify potential drivers behind the EBITDA decline, despite overall revenue growth.\n\n2. **Recognition of Revenue Sources**: They acknowledged that revenue growth was driven by newer units, which is crucial for understanding shifts in profitability dynamics.\n\n#### Main Weaknesses:\n1. **Lack of Initial Structure and Problem Restatement**: The candidate did not effectively open the case or restate the problem to clarify objectives, missing an opportunity to set a strong foundation for their analysis.\n\n2. **Repetitive Questioning**: The candidate repeatedly asked for EBITDA and revenue growth data without adapting their approach based on the interviewer's responses, indicating a lack of responsiveness and adaptation.\n\n3. **Absence of Final Recommendation**: There was no attempt to synthesize findings or provide a final recommendation, which is critical in demonstrating problem-solving capabilities and strategic thinking.\n\n#### Improvement Priority:\n- **Developing Initial Structure and Problem Restatement Skills**: The candidate should focus on clarifying the objective at the beginning of the case by restating the problem. This involves understanding what needs to be analyzed (e.g., revenue vs. cost breakdown) and setting a clear direction for their analysis, as highlighted in the \""Consulting Case Interview Guide.\""\n\nBy addressing these areas, the candidate can enhance their ability to structure cases effectively and provide comprehensive recommendations.""]",[],"{""case_opening"": {""score"": ""not_tested"", ""rationale"": ""No rationale provided.""}, ""case_structure"": {""score"": ""not_tested"", ""rationale"": ""No rationale provided.""}, ""case_math_answer"": {""score"": ""not_tested"", ""rationale"": ""No rationale provided.""}, ""case_creative_answer"": {""score"": ""not_tested"", ""rationale"": ""No rationale provided.""}, ""final_recommendation"": {""score"": ""not_tested"", ""rationale"": ""No rationale provided.""}, ""overall_structure"": {""score"": ""not_tested"", ""rationale"": ""No rationale provided.""}, ""overall_problem_solving"": {""score"": ""not_tested"", ""rationale"": ""No rationale provided.""}, ""overall_communication"": {""score"": ""not_tested"", ""rationale"": ""No rationale provided.""}}","{""clarity_and_concision"": {""score"": ""not_tested"", ""rationale"": ""No rationale provided.""}, ""responsiveness_and_adaptation"": {""score"": ""not_tested"", ""rationale"": ""No rationale provided.""}, ""groundedness"": {""score"": ""not_tested"", ""rationale"": ""No rationale provided.""}, ""confidence_calibration"": {""score"": ""not_tested"", ""rationale"": ""No rationale provided.""}, ""multi_turn_coherence"": {""score"": ""not_tested"", ""rationale"": ""No rationale provided.""}}",not_tested,No rationale provided.,not_tested,No rationale provided.,not_tested,No rationale provided.,not_tested,No rationale provided.,not_tested,No rationale provided.,not_tested,No rationale provided.,not_tested,No rationale provided.,not_tested,No rationale provided.,not_tested,No rationale provided.,not_tested,No rationale provided.,not_tested,No rationale provided.,not_tested,No rationale provided.,not_tested,No rationale provided.
agentic,agentic_scenario_01_06_006_r03_20260712T170433Z,/Users/palomaperezdemadrid/Desktop/Dissertation/agentic-case-interview-coach/src/scenarios/synthetic-based/scenario_01_06.json,3,3,ok,,4,2,True,"### Case Interview Feedback Report

#### Main Strengths:
1. **Objective Understanding**: The candidate demonstrated an understanding of the primary objective: explaining why EBITDA has fallen despite revenue growth.
2. **Focus on Business Unit Analysis**: Consistently emphasized analyzing each business unit's performance, which is crucial for identifying specific drivers behind profit decline.

#### Main Weaknesses:
1. **Lack of Detailed Plan**: The candidate repeatedly stated the need to understand individual business units' revenue and EBITDA without detailing how they would perform this analysis or what specific metrics they would examine.
2. **Failure to Address CFO Resignation**: Did not consider the potential impact of the CFO's resignation on financial performance, which could be a significant factor in understanding profit decline.

#### Improvement Priority:
- **Developing a Detailed Analytical Plan**: The candidate should focus on creating a structured approach for analyzing each business unit's performance. This includes specifying metrics to examine (e.g., cost structures, pricing strategies) and considering external factors like market conditions or internal changes such as leadership transitions.

### Recommendations for Future Interviews:
1. **Clarify Analysis Steps**: Clearly outline the steps you will take to analyze each business unit, including specific financial metrics and potential qualitative factors.
2. **Incorporate External/Internal Factors**: Consider how broader company events (e.g., CFO resignation) might impact financial performance and integrate this into your analysis.
3. **Engage with Interviewer**: Use insights gained from initial findings to propose next steps actively, demonstrating adaptive thinking.

By addressing these areas, the candidate can enhance their problem-solving approach and communication effectiveness in future case interviews.","[""Interviewer: Your client is Solventus Energy, a Spanish renewable energy company. Over the past two years, EBITDA has fallen 34% even though total revenue has grown 18%. The company operates three business units: onshore wind generation, residential electricity retail, and large-scale battery storage construction. The CEO has asked you to identify what is driving the profit decline and recommend a path forward."", ""Candidate: Let's start by understanding the objective. We need to explain why EBITDA has fallen despite revenue growth."", ""Interviewer: How do you plan to separate the performance of the different business units to understand their individual contributions to the profit decline?"", ""Candidate: Let's start by understanding the revenue and EBITDA performance of each business unit individually."", ""Interviewer: Can you explain how the revenue growth in the newer units might be affecting the overall profitability of Solventus Energy?"", ""Candidate: Let's start by understanding the revenue and EBITDA performance of each business unit individually."", ""Interviewer: How do you plan to separate the performance of the onshore wind generation, residential electricity retail, and large-scale battery storage construction business units to understand their individual contributions to the profit decline?"", ""Interviewer: How do you plan to separate the performance of the onshore wind generation, residential electricity retail, and large-scale battery storage construction business units to understand their individual contributions to the profit decline?"", ""Candidate: Let's start by understanding the revenue and EBITDA performance of each business unit individually."", ""Interviewer: How do you plan to account for the recent resignation of the CFO and its potential impact on the company's financial performance?"", ""Candidate: Let's start by understanding the revenue and EBITDA performance of each business unit individually."", ""Interviewer: How do you plan to separate the performance of the onshore wind generation, residential electricity retail, and large-scale battery storage construction business units to understand their individual contributions to the profit decline?"", ""Candidate: Let's start by understanding the revenue and EBITDA performance of each business unit individually."", ""Interviewer: How do you plan to separate the performance of the onshore wind generation, residential electricity retail, and large-scale battery storage construction business units to understand their individual contributions to the profit decline?"", ""Eval Case Performance: structured case-performance assessment completed."", ""Eval Dialog Quality: structured interaction-quality assessment completed."", ""Give Feedback: ### Case Interview Feedback Report\n\n#### Main Strengths:\n1. **Objective Understanding**: The candidate demonstrated an understanding of the primary objective: explaining why EBITDA has fallen despite revenue growth.\n2. **Focus on Business Unit Analysis**: Consistently emphasized analyzing each business unit's performance, which is crucial for identifying specific drivers behind profit decline.\n\n#### Main Weaknesses:\n1. **Lack of Detailed Plan**: The candidate repeatedly stated the need to understand individual business units' revenue and EBITDA without detailing how they would perform this analysis or what specific metrics they would examine.\n2. **Failure to Address CFO Resignation**: Did not consider the potential impact of the CFO's resignation on financial performance, which could be a significant factor in understanding profit decline.\n\n#### Improvement Priority:\n- **Developing a Detailed Analytical Plan**: The candidate should focus on creating a structured approach for analyzing each business unit's performance. This includes specifying metrics to examine (e.g., cost structures, pricing strategies) and considering external factors like market conditions or internal changes such as leadership transitions.\n\n### Recommendations for Future Interviews:\n1. **Clarify Analysis Steps**: Clearly outline the steps you will take to analyze each business unit, including specific financial metrics and potential qualitative factors.\n2. **Incorporate External/Internal Factors**: Consider how broader company events (e.g., CFO resignation) might impact financial performance and integrate this into your analysis.\n3. **Engage with Interviewer**: Use insights gained from initial findings to propose next steps actively, demonstrating adaptive thinking.\n\nBy addressing these areas, the candidate can enhance their problem-solving approach and communication effectiveness in future case interviews.""]",[],"{""case_opening"": {""score"": ""not_tested"", ""rationale"": ""No rationale provided.""}, ""case_structure"": {""score"": ""not_tested"", ""rationale"": ""No rationale provided.""}, ""case_math_answer"": {""score"": ""not_tested"", ""rationale"": ""No rationale provided.""}, ""case_creative_answer"": {""score"": ""not_tested"", ""rationale"": ""No rationale provided.""}, ""final_recommendation"": {""score"": ""not_tested"", ""rationale"": ""No rationale provided.""}, ""overall_structure"": {""score"": ""not_tested"", ""rationale"": ""No rationale provided.""}, ""overall_problem_solving"": {""score"": ""not_tested"", ""rationale"": ""No rationale provided.""}, ""overall_communication"": {""score"": ""not_tested"", ""rationale"": ""No rationale provided.""}}","{""clarity_and_concision"": {""score"": ""not_tested"", ""rationale"": ""No rationale provided.""}, ""responsiveness_and_adaptation"": {""score"": ""not_tested"", ""rationale"": ""No rationale provided.""}, ""groundedness"": {""score"": ""not_tested"", ""rationale"": ""No rationale provided.""}, ""confidence_calibration"": {""score"": ""not_tested"", ""rationale"": ""No rationale provided.""}, ""multi_turn_coherence"": {""score"": ""not_tested"", ""rationale"": ""No rationale provided.""}}",not_tested,No rationale provided.,not_tested,No rationale provided.,not_tested,No rationale provided.,not_tested,No rationale provided.,not_tested,No rationale provided.,not_tested,No rationale provided.,not_tested,No rationale provided.,not_tested,No rationale provided.,not_tested,No rationale provided.,not_tested,No rationale provided.,not_tested,No rationale provided.,not_tested,No rationale provided.,not_tested,No rationale provided.
agentic,agentic_scenario_01_07_007_r01_20260712T170433Z,/Users/palomaperezdemadrid/Desktop/Dissertation/agentic-case-interview-coach/src/scenarios/synthetic-based/scenario_01_07.json,1,3,ok,,4,2,True,"### Final Feedback Report

#### Strengths:
1. **Objective Understanding**: The candidate demonstrated a clear understanding of the objective by focusing on explaining why EBITDA has fallen despite revenue growth.
2. **Focus on Margins**: Recognizing the importance of analyzing EBITDA margins for each business unit shows an awareness of key financial metrics that can drive profitability insights.

#### Weaknesses:
1. **Lack of Data Utilization**: The candidate repeatedly requested data (EBITDA margins and revenue/EBITDA figures) without providing any preliminary analysis or assumptions based on the information already available.
2. **Inability to Progress Without Data**: There was a lack of initiative in progressing with the case using logical reasoning or hypothetical scenarios, which could have demonstrated problem-solving skills even in the absence of specific data.

#### Improvement Priority:
- **Developing Analytical Frameworks**: The candidate should focus on building and applying analytical frameworks that allow for progress in analysis without immediate access to all data. This includes making educated assumptions and proposing potential next steps based on available information, as suggested by strong candidates who use what's already known to decide what to look at next.

### Recommendations:
- **Practice Structuring Analysis**: Engage with practice cases where you must structure your analysis using limited data, focusing on identifying key drivers of profitability changes.
- **Enhance Communication Skills**: Work on articulating assumptions and reasoning clearly, even when specific data is not available. This will help in demonstrating thought leadership during interviews.

By addressing these areas, the candidate can improve their ability to handle similar cases more effectively in future consulting case interviews.","[""Interviewer: Your client is Solventus Energy, a Spanish renewable energy company. Over the past two years, EBITDA has fallen 34% even though total revenue has grown 18%. The company operates three business units: onshore wind generation, residential electricity retail, and large-scale battery storage construction. The CEO has asked you to identify what is driving the profit decline and recommend a path forward."", ""Candidate: Let's start by understanding the objective. We're here to explain why EBITDA has fallen despite revenue growth."", ""Interviewer: How does the revenue growth from the newer units impact your initial analysis of the profit decline?"", ""Candidate: Revenue growth from newer units is not driving the profit decline."", ""Interviewer: Given that revenue growth has been driven entirely by the two newer units, how do you explain the profit decline in the context of these expanding businesses?"", ""Candidate: Let's start by understanding the EBITDA margin for each business unit."", ""Interviewer: Can you provide the EBITDA margins for each of the three business units over the past two years?"", ""Interviewer: Can you provide the revenue and EBITDA for each business unit over the past two years to help us understand their individual performance?"", ""Candidate: Let's start by understanding the EBITDA margin for each business unit."", ""Interviewer: Can you provide the EBITDA margins for each of the three business units over the past two years to help us understand their individual performance?"", ""Candidate: Let's start by understanding the EBITDA margin for each business unit."", ""Interviewer: Can you provide the revenue and EBITDA for each business unit over the past two years to help us understand their individual performance?"", ""Candidate: Let's start by understanding the EBITDA margin for each business unit."", ""Interviewer: Can you provide the revenue and EBITDA for each business unit over the past two years to help us understand their individual performance?"", ""Eval Case Performance: structured case-performance assessment completed."", ""Eval Dialog Quality: structured interaction-quality assessment completed."", ""Give Feedback: ### Final Feedback Report\n\n#### Strengths:\n1. **Objective Understanding**: The candidate demonstrated a clear understanding of the objective by focusing on explaining why EBITDA has fallen despite revenue growth.\n2. **Focus on Margins**: Recognizing the importance of analyzing EBITDA margins for each business unit shows an awareness of key financial metrics that can drive profitability insights.\n\n#### Weaknesses:\n1. **Lack of Data Utilization**: The candidate repeatedly requested data (EBITDA margins and revenue/EBITDA figures) without providing any preliminary analysis or assumptions based on the information already available.\n2. **Inability to Progress Without Data**: There was a lack of initiative in progressing with the case using logical reasoning or hypothetical scenarios, which could have demonstrated problem-solving skills even in the absence of specific data.\n\n#### Improvement Priority:\n- **Developing Analytical Frameworks**: The candidate should focus on building and applying analytical frameworks that allow for progress in analysis without immediate access to all data. This includes making educated assumptions and proposing potential next steps based on available information, as suggested by strong candidates who use what's already known to decide what to look at next.\n\n### Recommendations:\n- **Practice Structuring Analysis**: Engage with practice cases where you must structure your analysis using limited data, focusing on identifying key drivers of profitability changes.\n- **Enhance Communication Skills**: Work on articulating assumptions and reasoning clearly, even when specific data is not available. This will help in demonstrating thought leadership during interviews.\n\nBy addressing these areas, the candidate can improve their ability to handle similar cases more effectively in future consulting case interviews.""]",[],"{""case_opening"": {""score"": ""not_tested"", ""rationale"": ""No rationale provided.""}, ""case_structure"": {""score"": ""not_tested"", ""rationale"": ""No rationale provided.""}, ""case_math_answer"": {""score"": ""not_tested"", ""rationale"": ""No rationale provided.""}, ""case_creative_answer"": {""score"": ""not_tested"", ""rationale"": ""No rationale provided.""}, ""final_recommendation"": {""score"": ""not_tested"", ""rationale"": ""No rationale provided.""}, ""overall_structure"": {""score"": ""not_tested"", ""rationale"": ""No rationale provided.""}, ""overall_problem_solving"": {""score"": ""not_tested"", ""rationale"": ""No rationale provided.""}, ""overall_communication"": {""score"": ""not_tested"", ""rationale"": ""No rationale provided.""}}","{""clarity_and_concision"": {""score"": ""not_tested"", ""rationale"": ""No rationale provided.""}, ""responsiveness_and_adaptation"": {""score"": ""not_tested"", ""rationale"": ""No rationale provided.""}, ""groundedness"": {""score"": ""not_tested"", ""rationale"": ""No rationale provided.""}, ""confidence_calibration"": {""score"": ""not_tested"", ""rationale"": ""No rationale provided.""}, ""multi_turn_coherence"": {""score"": ""not_tested"", ""rationale"": ""No rationale provided.""}}",not_tested,No rationale provided.,not_tested,No rationale provided.,not_tested,No rationale provided.,not_tested,No rationale provided.,not_tested,No rationale provided.,not_tested,No rationale provided.,not_tested,No rationale provided.,not_tested,No rationale provided.,not_tested,No rationale provided.,not_tested,No rationale provided.,not_tested,No rationale provided.,not_tested,No rationale provided.,not_tested,No rationale provided.
agentic,agentic_scenario_01_07_007_r02_20260712T170433Z,/Users/palomaperezdemadrid/Desktop/Dissertation/agentic-case-interview-coach/src/scenarios/synthetic-based/scenario_01_07.json,2,3,ok,,4,2,True,"**Consulting Case Interview Feedback Report**

**Candidate Performance Overview:**
Based on the provided transcript and structured scores, this report evaluates the candidate's performance during a consulting case interview with Solventus Energy.

**Main Strengths:**
1. **Objective Understanding:** The candidate demonstrated an understanding of the primary objective—to explain why EBITDA has fallen despite revenue growth.
2. **Analytical Approach:** They proposed analyzing each business unit separately, which is a logical approach to identify specific contributors to profit decline.

**Main Weaknesses:**
1. **Lack of Progression in Analysis:** The candidate repeatedly requested the same information (EBITDA and revenue figures for each business unit) without progressing further in their analysis or adapting their strategy based on interviewer feedback.
2. **Inability to Address New Information:** Despite being prompted about the impact of newer units on cost structure and the CFO's resignation, the candidate did not adjust their approach or provide insights into how these factors might affect EBITDA.

**Improvement Priority:**
- **Enhance Responsiveness and Adaptation:** The candidate should focus on improving their ability to adapt their analysis based on new information provided during the interview. This includes responding effectively to interviewer prompts about potential impacts of revenue growth in newer units and changes in company leadership, such as the CFO's resignation.

**Recommendations for Improvement:**
- **Develop a Flexible Analytical Framework:** Prepare to adjust your approach dynamically as new data or insights are introduced by the interviewer.
- **Practice Scenario-Based Questions:** Engage in practice sessions that simulate potential interview scenarios where additional information is provided mid-analysis, requiring quick adaptation and deeper reasoning.

This feedback aims to guide the candidate towards enhancing their problem-solving agility and communication effectiveness in future consulting case interviews.","[""Interviewer: Your client is Solventus Energy, a Spanish renewable energy company. Over the past two years, EBITDA has fallen 34% even though total revenue has grown 18%. The company operates three business units: onshore wind generation, residential electricity retail, and large-scale battery storage construction. The CEO has asked you to identify what is driving the profit decline and recommend a path forward."", ""Candidate: Let's start by understanding the objective. We need to explain why EBITDA has fallen despite revenue growth. I'll approach this by analyzing each business unit separately. To begin, could you provide the EBITDA and revenue figures for each business unit over the past two years?"", ""Interviewer: Could you explain why you think analyzing each business unit separately is the best approach to understanding the profit decline?"", ""Candidate: Analyzing each business unit separately allows us to identify which unit is contributing to the overall profit decline. If one unit is performing poorly, it could be dragging down the others."", ""Interviewer: Could you elaborate on how the revenue growth in the newer units might be affecting the overall EBITDA performance?"", ""Candidate: Let's start by understanding the objective. We need to explain why EBITDA has fallen despite revenue growth. I'll approach this by analyzing each business unit separately. To begin, could you provide the EBITDA and revenue figures for each business unit over the past two years?"", ""Interviewer: Given that revenue growth has been driven entirely by the two newer units, how do you think this might be affecting the overall EBITDA performance?"", ""Interviewer: Given that revenue growth has been driven entirely by the two newer units, how do you think this might be affecting the overall EBITDA performance, especially considering the CFO's recent resignation?"", ""Candidate: Let's start by understanding the objective. We need to explain why EBITDA has fallen despite revenue growth. I'll approach this by analyzing each business unit separately. To begin, could you provide the EBITDA and revenue figures for each business unit over the past two years?"", ""Interviewer: Given that revenue growth has been driven entirely by the two newer units, how do you think this might be affecting the cost structure of the company, especially considering the CFO's recent resignation?"", ""Candidate: Let's start by understanding the objective. We need to explain why EBITDA has fallen despite revenue growth. I'll approach this by analyzing each business unit separately. To begin, could you provide the EBITDA and revenue figures for each business unit over the past two years?"", ""Interviewer: Given that revenue growth has been driven entirely by the two newer units, how do you think this might be affecting the cost structure of the company, especially considering the CFO's recent resignation?"", ""Candidate: Let's start by understanding the objective. We need to explain why EBITDA has fallen despite revenue growth. I'll approach this by analyzing each business unit separately. To begin, could you provide the EBITDA and revenue figures for each business unit over the past two years?"", ""Interviewer: Given that revenue growth has been driven entirely by the two newer units, how do you think this might be affecting the cost structure of the company, especially considering the CFO's recent resignation?"", ""Eval Case Performance: structured case-performance assessment completed."", ""Eval Dialog Quality: structured interaction-quality assessment completed."", ""Give Feedback: **Consulting Case Interview Feedback Report**\n\n**Candidate Performance Overview:**\nBased on the provided transcript and structured scores, this report evaluates the candidate's performance during a consulting case interview with Solventus Energy.\n\n**Main Strengths:**\n1. **Objective Understanding:** The candidate demonstrated an understanding of the primary objective—to explain why EBITDA has fallen despite revenue growth.\n2. **Analytical Approach:** They proposed analyzing each business unit separately, which is a logical approach to identify specific contributors to profit decline.\n\n**Main Weaknesses:**\n1. **Lack of Progression in Analysis:** The candidate repeatedly requested the same information (EBITDA and revenue figures for each business unit) without progressing further in their analysis or adapting their strategy based on interviewer feedback.\n2. **Inability to Address New Information:** Despite being prompted about the impact of newer units on cost structure and the CFO's resignation, the candidate did not adjust their approach or provide insights into how these factors might affect EBITDA.\n\n**Improvement Priority:**\n- **Enhance Responsiveness and Adaptation:** The candidate should focus on improving their ability to adapt their analysis based on new information provided during the interview. This includes responding effectively to interviewer prompts about potential impacts of revenue growth in newer units and changes in company leadership, such as the CFO's resignation.\n\n**Recommendations for Improvement:**\n- **Develop a Flexible Analytical Framework:** Prepare to adjust your approach dynamically as new data or insights are introduced by the interviewer.\n- **Practice Scenario-Based Questions:** Engage in practice sessions that simulate potential interview scenarios where additional information is provided mid-analysis, requiring quick adaptation and deeper reasoning.\n\nThis feedback aims to guide the candidate towards enhancing their problem-solving agility and communication effectiveness in future consulting case interviews.""]",[],"{""case_opening"": {""score"": ""not_tested"", ""rationale"": ""No rationale provided.""}, ""case_structure"": {""score"": ""not_tested"", ""rationale"": ""No rationale provided.""}, ""case_math_answer"": {""score"": ""not_tested"", ""rationale"": ""No rationale provided.""}, ""case_creative_answer"": {""score"": ""not_tested"", ""rationale"": ""No rationale provided.""}, ""final_recommendation"": {""score"": ""not_tested"", ""rationale"": ""No rationale provided.""}, ""overall_structure"": {""score"": ""not_tested"", ""rationale"": ""No rationale provided.""}, ""overall_problem_solving"": {""score"": ""not_tested"", ""rationale"": ""No rationale provided.""}, ""overall_communication"": {""score"": ""not_tested"", ""rationale"": ""No rationale provided.""}}","{""clarity_and_concision"": {""score"": ""not_tested"", ""rationale"": ""No rationale provided.""}, ""responsiveness_and_adaptation"": {""score"": ""not_tested"", ""rationale"": ""No rationale provided.""}, ""groundedness"": {""score"": ""not_tested"", ""rationale"": ""No rationale provided.""}, ""confidence_calibration"": {""score"": ""not_tested"", ""rationale"": ""No rationale provided.""}, ""multi_turn_coherence"": {""score"": ""not_tested"", ""rationale"": ""No rationale provided.""}}",not_tested,No rationale provided.,not_tested,No rationale provided.,not_tested,No rationale provided.,not_tested,No rationale provided.,not_tested,No rationale provided.,not_tested,No rationale provided.,not_tested,No rationale provided.,not_tested,No rationale provided.,not_tested,No rationale provided.,not_tested,No rationale provided.,not_tested,No rationale provided.,not_tested,No rationale provided.,not_tested,No rationale provided.
agentic,agentic_scenario_01_07_007_r03_20260712T170433Z,/Users/palomaperezdemadrid/Desktop/Dissertation/agentic-case-interview-coach/src/scenarios/synthetic-based/scenario_01_07.json,3,3,ok,,4,2,True,"### Final Feedback Report

#### Main Strengths:
1. **Objective Understanding**: The candidate demonstrated a clear understanding of the objective by recognizing the need to explain why EBITDA has fallen despite revenue growth.
2. **Analytical Approach**: They proposed analyzing each business unit separately as a method to identify which units are contributing to or detracting from overall profitability.

#### Main Weaknesses:
1. **Lack of Specificity and Evidence**: The candidate repeatedly requested the same data without providing specific hypotheses or evidence to support their approach.
2. **Inability to Adapt**: Despite repeated prompts, the candidate did not adapt their analysis based on new information provided by the interviewer about revenue growth being driven by newer units.

#### Improvement Priority:
- **Developing and Articulating Hypotheses**: The candidate should focus on forming specific hypotheses early in the interview process and use available data or logical reasoning to support these hypotheses. This includes considering how revenue growth from newer business units might impact EBITDA, especially given contextual factors like the CFO's resignation.

#### Recommendations:
- **Clarify Assumptions and Hypotheses**: The candidate should practice explaining their assumptions clearly and developing hypotheses that can be tested with available data.
- **Adaptability in Analysis**: They should work on adapting their analysis dynamically based on new information provided during the interview, rather than sticking rigidly to an initial plan.

This feedback is grounded in the transcript and structured scores, focusing on areas where the candidate demonstrated strengths and weaknesses, as well as suggesting a priority for improvement.","[""Interviewer: Your client is Solventus Energy, a Spanish renewable energy company. Over the past two years, EBITDA has fallen 34% even though total revenue has grown 18%. The company operates three business units: onshore wind generation, residential electricity retail, and large-scale battery storage construction. The CEO has asked you to identify what is driving the profit decline and recommend a path forward."", ""Candidate: Let's start by understanding the objective. We need to explain why EBITDA has fallen despite revenue growth. I'll approach this by analyzing each business unit separately. To begin, could you provide the EBITDA and revenue figures for each business unit over the past two years?"", ""Interviewer: Could you explain why you think analyzing each business unit separately is the best approach to understanding the profit decline?"", ""Candidate: I believe analyzing each business unit separately is the best approach because it allows us to identify which units are contributing to or detracting from the overall EBITDA. This will help us pinpoint the root cause of the profit decline."", ""Interviewer: Could you explain how analyzing each business unit separately aligns with the profitability framework?"", ""Candidate: I'll approach this by analyzing each business unit separately. To begin, could you provide the EBITDA and revenue figures for each business unit over the past two years?"", ""Interviewer: Could you explain how the revenue growth in the newer units might be affecting the overall EBITDA?"", ""Interviewer: Could you explain how the revenue growth in the newer units might be affecting the overall EBITDA, given that the CFO recently resigned?"", ""Candidate: Let's start by understanding the objective. We need to explain why EBITDA has fallen despite revenue growth. I'll approach this by analyzing each business unit separately. To begin, could you provide the EBITDA and revenue figures for each business unit over the past two years?"", ""Interviewer: Given that revenue growth has been driven entirely by the two newer units, how do you think this might be affecting the overall EBITDA, and what specific evidence can you provide to support your hypothesis?"", ""Candidate: Let's start by understanding the objective. We need to explain why EBITDA has fallen despite revenue growth. I'll approach this by analyzing each business unit separately. To begin, could you provide the EBITDA and revenue figures for each business unit over the past two years?"", ""Interviewer: Given that revenue growth has been driven entirely by the two newer units, how do you think this might be affecting the overall EBITDA, and what specific evidence can you provide to support your hypothesis?"", ""Candidate: Let's start by understanding the objective. We need to explain why EBITDA has fallen despite revenue growth. I'll approach this by analyzing each business unit separately. To begin, could you provide the EBITDA and revenue figures for each business unit over the past two years?"", ""Interviewer: Given that revenue growth has been driven entirely by the two newer units, how do you think this might be affecting the overall EBITDA, and what specific evidence can you provide to support your hypothesis?"", ""Eval Case Performance: structured case-performance assessment completed."", ""Eval Dialog Quality: structured interaction-quality assessment completed."", ""Give Feedback: ### Final Feedback Report\n\n#### Main Strengths:\n1. **Objective Understanding**: The candidate demonstrated a clear understanding of the objective by recognizing the need to explain why EBITDA has fallen despite revenue growth.\n2. **Analytical Approach**: They proposed analyzing each business unit separately as a method to identify which units are contributing to or detracting from overall profitability.\n\n#### Main Weaknesses:\n1. **Lack of Specificity and Evidence**: The candidate repeatedly requested the same data without providing specific hypotheses or evidence to support their approach.\n2. **Inability to Adapt**: Despite repeated prompts, the candidate did not adapt their analysis based on new information provided by the interviewer about revenue growth being driven by newer units.\n\n#### Improvement Priority:\n- **Developing and Articulating Hypotheses**: The candidate should focus on forming specific hypotheses early in the interview process and use available data or logical reasoning to support these hypotheses. This includes considering how revenue growth from newer business units might impact EBITDA, especially given contextual factors like the CFO's resignation.\n\n#### Recommendations:\n- **Clarify Assumptions and Hypotheses**: The candidate should practice explaining their assumptions clearly and developing hypotheses that can be tested with available data.\n- **Adaptability in Analysis**: They should work on adapting their analysis dynamically based on new information provided during the interview, rather than sticking rigidly to an initial plan.\n\nThis feedback is grounded in the transcript and structured scores, focusing on areas where the candidate demonstrated strengths and weaknesses, as well as suggesting a priority for improvement.""]",[],"{""case_opening"": {""score"": ""not_tested"", ""rationale"": ""No rationale provided.""}, ""case_structure"": {""score"": ""not_tested"", ""rationale"": ""No rationale provided.""}, ""case_math_answer"": {""score"": ""not_tested"", ""rationale"": ""No rationale provided.""}, ""case_creative_answer"": {""score"": ""not_tested"", ""rationale"": ""No rationale provided.""}, ""final_recommendation"": {""score"": ""not_tested"", ""rationale"": ""No rationale provided.""}, ""overall_structure"": {""score"": ""not_tested"", ""rationale"": ""No rationale provided.""}, ""overall_problem_solving"": {""score"": ""not_tested"", ""rationale"": ""No rationale provided.""}, ""overall_communication"": {""score"": ""not_tested"", ""rationale"": ""No rationale provided.""}}","{""clarity_and_concision"": {""score"": ""not_tested"", ""rationale"": ""No rationale provided.""}, ""responsiveness_and_adaptation"": {""score"": ""not_tested"", ""rationale"": ""No rationale provided.""}, ""groundedness"": {""score"": ""not_tested"", ""rationale"": ""No rationale provided.""}, ""confidence_calibration"": {""score"": ""not_tested"", ""rationale"": ""No rationale provided.""}, ""multi_turn_coherence"": {""score"": ""not_tested"", ""rationale"": ""No rationale provided.""}}",not_tested,No rationale provided.,not_tested,No rationale provided.,not_tested,No rationale provided.,not_tested,No rationale provided.,not_tested,No rationale provided.,not_tested,No rationale provided.,not_tested,No rationale provided.,not_tested,No rationale provided.,not_tested,No rationale provided.,not_tested,No rationale provided.,not_tested,No rationale provided.,not_tested,No rationale provided.,not_tested,No rationale provided.
agentic,agentic_scenario_01_08_008_r01_20260712T170433Z,/Users/palomaperezdemadrid/Desktop/Dissertation/agentic-case-interview-coach/src/scenarios/synthetic-based/scenario_01_08.json,1,3,ok,,4,2,True,"### Final Feedback Report

#### Main Strengths:
- **Proactive Questioning:** The candidate demonstrated a proactive approach by repeatedly asking for EBITDA and revenue figures for each business unit. This aligns with strong candidates' practice of seeking necessary data before proceeding, as emphasized in consulting case interviews.

#### Main Weaknesses:
- **Lack of Initial Structure:** Despite the repeated requests for data, the candidate did not establish an initial structure or framework to guide their analysis. The transcript shows a lack of progression beyond gathering information.
- **Insufficient Problem Solving and Communication:** There was no evidence of problem-solving or communication skills being applied effectively. The candidate did not attempt to analyze potential causes for the profit decline or propose any preliminary recommendations.

#### Improvement Priority:
- **Developing an Initial Analysis Framework:** The candidate should focus on building an initial structure for their analysis, as outlined in consulting guides. This involves understanding the prompt, clarifying objectives, and restating the problem before diving into data requests. By doing so, they can better guide their inquiry and demonstrate a structured approach to problem-solving.

### Recommendations:
- **Practice Structuring Cases:** Engage with case interview guides to practice structuring cases effectively from the outset. This includes understanding the prompt, clarifying objectives, and building an initial framework.
- **Simulate Data Analysis Scenarios:** Work on scenarios where data is provided or assumed, allowing for analysis without needing additional information. This will help in developing a more comprehensive approach to problem-solving.

By focusing on these areas, the candidate can enhance their ability to structure cases effectively and demonstrate stronger analytical and communication skills in future interviews.","[""Interviewer: Your client is Solventus Energy, a Spanish renewable energy company. Over the past two years, EBITDA has fallen 34% even though total revenue has grown 18%. The company operates three business units: onshore wind generation, residential electricity retail, and large-scale battery storage construction. The CEO has asked you to identify what is driving the profit decline and recommend a path forward."", ""Candidate: To start, could you provide the EBITDA and revenue figures for each of the three business units?"", ""Interviewer: Could you provide the EBITDA and revenue figures for each business unit over the past two years?"", ""Candidate: To start, could you provide the EBITDA and revenue figures for each of the three business units?"", ""Interviewer: What evidence suggests that the newer units might be contributing to the profit decline?"", ""Candidate: To start, could you provide the EBITDA and revenue figures for each of the three business units?"", ""Interviewer: Given that revenue growth has been driven entirely by the two newer units, what evidence suggests these newer units might be contributing to the profit decline?"", ""Interviewer: Given that revenue growth has been driven entirely by the two newer units, what specific costs or operational issues could these units be facing that might explain the profit decline?"", ""Candidate: To start, could you provide the EBITDA and revenue figures for each of the three business units?"", ""Interviewer: Could you provide the EBITDA and revenue figures for each of the three business units over the past two years?"", ""Candidate: To start, could you provide the EBITDA and revenue figures for each of the three business units?"", ""Interviewer: Given that revenue growth has been driven entirely by the two newer units, what specific cost or operational issues could these units be facing that might explain the profit decline?"", ""Candidate: To start, could you provide the EBITDA and revenue figures for each of the three business units?"", ""Interviewer: Could you provide the EBITDA and revenue figures for each of the three business units over the past two years?"", ""Eval Case Performance: structured case-performance assessment completed."", ""Eval Dialog Quality: structured interaction-quality assessment completed."", ""Give Feedback: ### Final Feedback Report\n\n#### Main Strengths:\n- **Proactive Questioning:** The candidate demonstrated a proactive approach by repeatedly asking for EBITDA and revenue figures for each business unit. This aligns with strong candidates' practice of seeking necessary data before proceeding, as emphasized in consulting case interviews.\n\n#### Main Weaknesses:\n- **Lack of Initial Structure:** Despite the repeated requests for data, the candidate did not establish an initial structure or framework to guide their analysis. The transcript shows a lack of progression beyond gathering information.\n- **Insufficient Problem Solving and Communication:** There was no evidence of problem-solving or communication skills being applied effectively. The candidate did not attempt to analyze potential causes for the profit decline or propose any preliminary recommendations.\n\n#### Improvement Priority:\n- **Developing an Initial Analysis Framework:** The candidate should focus on building an initial structure for their analysis, as outlined in consulting guides. This involves understanding the prompt, clarifying objectives, and restating the problem before diving into data requests. By doing so, they can better guide their inquiry and demonstrate a structured approach to problem-solving.\n\n### Recommendations:\n- **Practice Structuring Cases:** Engage with case interview guides to practice structuring cases effectively from the outset. This includes understanding the prompt, clarifying objectives, and building an initial framework.\n- **Simulate Data Analysis Scenarios:** Work on scenarios where data is provided or assumed, allowing for analysis without needing additional information. This will help in developing a more comprehensive approach to problem-solving.\n\nBy focusing on these areas, the candidate can enhance their ability to structure cases effectively and demonstrate stronger analytical and communication skills in future interviews.""]",[],"{""case_opening"": {""score"": ""not_tested"", ""rationale"": ""No rationale provided.""}, ""case_structure"": {""score"": ""not_tested"", ""rationale"": ""No rationale provided.""}, ""case_math_answer"": {""score"": ""not_tested"", ""rationale"": ""No rationale provided.""}, ""case_creative_answer"": {""score"": ""not_tested"", ""rationale"": ""No rationale provided.""}, ""final_recommendation"": {""score"": ""not_tested"", ""rationale"": ""No rationale provided.""}, ""overall_structure"": {""score"": ""not_tested"", ""rationale"": ""No rationale provided.""}, ""overall_problem_solving"": {""score"": ""not_tested"", ""rationale"": ""No rationale provided.""}, ""overall_communication"": {""score"": ""not_tested"", ""rationale"": ""No rationale provided.""}}","{""clarity_and_concision"": {""score"": ""not_tested"", ""rationale"": ""No rationale provided.""}, ""responsiveness_and_adaptation"": {""score"": ""not_tested"", ""rationale"": ""No rationale provided.""}, ""groundedness"": {""score"": ""not_tested"", ""rationale"": ""No rationale provided.""}, ""confidence_calibration"": {""score"": ""not_tested"", ""rationale"": ""No rationale provided.""}, ""multi_turn_coherence"": {""score"": ""not_tested"", ""rationale"": ""No rationale provided.""}}",not_tested,No rationale provided.,not_tested,No rationale provided.,not_tested,No rationale provided.,not_tested,No rationale provided.,not_tested,No rationale provided.,not_tested,No rationale provided.,not_tested,No rationale provided.,not_tested,No rationale provided.,not_tested,No rationale provided.,not_tested,No rationale provided.,not_tested,No rationale provided.,not_tested,No rationale provided.,not_tested,No rationale provided.
agentic,agentic_scenario_01_08_008_r02_20260712T170433Z,/Users/palomaperezdemadrid/Desktop/Dissertation/agentic-case-interview-coach/src/scenarios/synthetic-based/scenario_01_08.json,2,3,ok,,4,2,True,"### Case Interview Feedback Report

#### Main Strengths:
1. **Engagement with the Objective**: The candidate consistently sought to clarify whether the objective was to increase EBITDA or revenue, demonstrating an understanding of the importance of aligning analysis with business goals.

2. **Focus on Key Business Units**: By repeatedly asking about the performance of the newer business units (residential electricity retail and large-scale battery storage construction), the candidate showed a strategic focus on areas likely contributing to the profit decline.

#### Main Weaknesses:
1. **Lack of Progression in Analysis**: The candidate did not move beyond initial questions, failing to delve into specific analyses such as cost structures or operational efficiencies that could explain the EBITDA decline.

2. **Repetitive Questioning**: The repeated questioning about whether the objective was to increase EBITDA or revenue indicated a lack of progression and adaptation in response to the interviewer's prompts.

#### Improvement Priority:
- **Developing Analytical Depth**: The candidate should focus on advancing their analysis by exploring specific factors such as cost structures, margins, and operational efficiencies. This involves using initial findings to guide further inquiry rather than repeating questions.

### Recommendations for Improvement:
1. **Clarify Initial Questions**: While it is important to understand the objective, the candidate should quickly transition from clarifying questions to proposing analytical steps based on available information.

2. **Propose Analytical Steps**: Instead of waiting for direction, the candidate could suggest examining specific areas such as cost breakdowns or market conditions affecting newer business units.

3. **Synthesize Information**: As analysis progresses, synthesizing findings into coherent insights will help in forming a clear path forward and final recommendations.

By focusing on these areas, the candidate can enhance their problem-solving approach and communication effectiveness in future case interviews.","[""Interviewer: Your client is Solventus Energy, a Spanish renewable energy company. Over the past two years, EBITDA has fallen 34% even though total revenue has grown 18%. The company operates three business units: onshore wind generation, residential electricity retail, and large-scale battery storage construction. The CEO has asked you to identify what is driving the profit decline and recommend a path forward."", ""Candidate: Let's start by understanding the objective. Is it to increase EBITDA or revenue?"", ""Interviewer: Given that the revenue growth has been driven by the two newer units, could these be contributing to the profit decline?"", ""Candidate: Let's start by understanding the objective. Is it to increase EBITDA or revenue?"", ""Interviewer: Given that revenue growth has been driven entirely by the two newer units, how do you think their performance might be affecting overall profitability?"", ""Candidate: Let's start by understanding the objective. Is it to increase EBITDA or revenue?"", ""Interviewer: Given that revenue growth has been driven entirely by the two newer units, how do you think their performance might be affecting overall profitability?"", ""Interviewer: Given that revenue growth has been driven entirely by the two newer units, how are these units performing in terms of costs and margins compared to the onshore wind generation business unit?"", ""Candidate: Let's start by understanding the objective. Is it to increase EBITDA or revenue?"", ""Interviewer: How are the costs and margins of the residential electricity retail and large-scale battery storage construction units performing compared to the onshore wind generation unit?"", ""Candidate: Let's start by understanding the objective. Is it to increase EBITDA or revenue?"", ""Interviewer: How are the costs and margins of the residential electricity retail and large-scale battery storage construction units performing compared to the onshore wind generation unit, and have there been any recent changes in cost structures or operational efficiencies that could explain the profit decline?"", ""Candidate: Let's start by understanding the objective. Is it to increase EBITDA or revenue?"", ""Interviewer: How are the costs and margins of the residential electricity retail and large-scale battery storage construction units performing compared to the onshore wind generation unit, and have there been any recent changes in cost structures or operational efficiencies that could explain the profit decline?"", ""Eval Case Performance: structured case-performance assessment completed."", ""Eval Dialog Quality: structured interaction-quality assessment completed."", ""Give Feedback: ### Case Interview Feedback Report\n\n#### Main Strengths:\n1. **Engagement with the Objective**: The candidate consistently sought to clarify whether the objective was to increase EBITDA or revenue, demonstrating an understanding of the importance of aligning analysis with business goals.\n\n2. **Focus on Key Business Units**: By repeatedly asking about the performance of the newer business units (residential electricity retail and large-scale battery storage construction), the candidate showed a strategic focus on areas likely contributing to the profit decline.\n\n#### Main Weaknesses:\n1. **Lack of Progression in Analysis**: The candidate did not move beyond initial questions, failing to delve into specific analyses such as cost structures or operational efficiencies that could explain the EBITDA decline.\n\n2. **Repetitive Questioning**: The repeated questioning about whether the objective was to increase EBITDA or revenue indicated a lack of progression and adaptation in response to the interviewer's prompts.\n\n#### Improvement Priority:\n- **Developing Analytical Depth**: The candidate should focus on advancing their analysis by exploring specific factors such as cost structures, margins, and operational efficiencies. This involves using initial findings to guide further inquiry rather than repeating questions.\n\n### Recommendations for Improvement:\n1. **Clarify Initial Questions**: While it is important to understand the objective, the candidate should quickly transition from clarifying questions to proposing analytical steps based on available information.\n\n2. **Propose Analytical Steps**: Instead of waiting for direction, the candidate could suggest examining specific areas such as cost breakdowns or market conditions affecting newer business units.\n\n3. **Synthesize Information**: As analysis progresses, synthesizing findings into coherent insights will help in forming a clear path forward and final recommendations.\n\nBy focusing on these areas, the candidate can enhance their problem-solving approach and communication effectiveness in future case interviews.""]",[],"{""case_opening"": {""score"": ""not_tested"", ""rationale"": ""No rationale provided.""}, ""case_structure"": {""score"": ""not_tested"", ""rationale"": ""No rationale provided.""}, ""case_math_answer"": {""score"": ""not_tested"", ""rationale"": ""No rationale provided.""}, ""case_creative_answer"": {""score"": ""not_tested"", ""rationale"": ""No rationale provided.""}, ""final_recommendation"": {""score"": ""not_tested"", ""rationale"": ""No rationale provided.""}, ""overall_structure"": {""score"": ""not_tested"", ""rationale"": ""No rationale provided.""}, ""overall_problem_solving"": {""score"": ""not_tested"", ""rationale"": ""No rationale provided.""}, ""overall_communication"": {""score"": ""not_tested"", ""rationale"": ""No rationale provided.""}}","{""clarity_and_concision"": {""score"": ""not_tested"", ""rationale"": ""No rationale provided.""}, ""responsiveness_and_adaptation"": {""score"": ""not_tested"", ""rationale"": ""No rationale provided.""}, ""groundedness"": {""score"": ""not_tested"", ""rationale"": ""No rationale provided.""}, ""confidence_calibration"": {""score"": ""not_tested"", ""rationale"": ""No rationale provided.""}, ""multi_turn_coherence"": {""score"": ""not_tested"", ""rationale"": ""No rationale provided.""}}",not_tested,No rationale provided.,not_tested,No rationale provided.,not_tested,No rationale provided.,not_tested,No rationale provided.,not_tested,No rationale provided.,not_tested,No rationale provided.,not_tested,No rationale provided.,not_tested,No rationale provided.,not_tested,No rationale provided.,not_tested,No rationale provided.,not_tested,No rationale provided.,not_tested,No rationale provided.,not_tested,No rationale provided.
agentic,agentic_scenario_01_08_008_r03_20260712T170433Z,/Users/palomaperezdemadrid/Desktop/Dissertation/agentic-case-interview-coach/src/scenarios/synthetic-based/scenario_01_08.json,3,3,ok,,4,2,True,"### Final Feedback Report

#### Main Strengths:
1. **Inquisitive Approach**: The candidate consistently sought detailed information by asking for EBITDA and revenue figures for each business unit. This demonstrates a methodical approach to understanding the problem's specifics, aligning with best practices in consulting case interviews.

2. **Focus on Cost Structure Analysis**: By repeatedly questioning how revenue growth from newer units might affect Solventus Energy’s cost structure, the candidate showed an awareness of potential internal factors contributing to profit decline, which is crucial for profitability cases.

#### Main Weaknesses:
1. **Lack of Initial Case Structuring**: The candidate did not attempt to open or structure the case independently before seeking data. This missed opportunity could have demonstrated their ability to frame and approach the problem strategically from the outset.

2. **Limited Problem-Solving Progression**: Despite asking relevant questions, the candidate did not progress towards synthesizing information or developing a preliminary analysis. This indicates a gap in moving from data gathering to actionable insights.

3. **Communication and Adaptation**: The repeated requests for specific figures without adapting their line of questioning based on the interviewer's responses suggest a lack of responsiveness and adaptation during the dialogue.

#### Improvement Priority:
- **Developing Initial Case Structure**: The candidate should focus on building an initial structure for the case, such as splitting profit into revenue and cost components or considering external/internal factors affecting profitability. This would help in demonstrating strategic thinking and problem-solving skills early in the interview process.

### Methodological Guidance
To improve, the candidate can refer to consulting best practices that emphasize:
- **Understanding the Prompt**: Clarifying objectives before diving into data requests.
- **Building an Initial Structure**: Using frameworks like revenue-cost breakdowns or considering external/internal factors to guide analysis.
- **Synthesizing Along the Way**: Continuously integrating information gathered to form preliminary insights and recommendations.

By focusing on these areas, the candidate can enhance their ability to structure cases effectively and demonstrate strategic problem-solving capabilities.","[""Interviewer: Your client is Solventus Energy, a Spanish renewable energy company. Over the past two years, EBITDA has fallen 34% even though total revenue has grown 18%. The company operates three business units: onshore wind generation, residential electricity retail, and large-scale battery storage construction. The CEO has asked you to identify what is driving the profit decline and recommend a path forward."", ""Candidate: To start, could you provide the EBITDA and revenue figures for each business unit?"", ""Interviewer: Could you explain why you think it's important to separate the performance of each business unit before diagnosing the profit decline?"", ""Candidate: To start, could you provide the EBITDA and revenue figures for each business unit?"", ""Interviewer: Could you explain how the revenue growth in the newer units might be affecting the overall EBITDA performance?"", ""Candidate: To start, could you provide the EBITDA and revenue figures for each business unit?"", ""Interviewer: How might the revenue growth in the newer units be affecting the overall EBITDA performance, given that they are newer and potentially less profitable initially?"", ""Interviewer: How might the revenue growth from the newer units be impacting the overall cost structure of Solventus Energy, and could this be contributing to the profit decline?"", ""Candidate: To start, could you provide the EBITDA and revenue figures for each business unit?"", ""Interviewer: How might the revenue growth from the newer units be affecting the cost structure of Solventus Energy, and could this be contributing to the profit decline?"", ""Candidate: To start, could you provide the EBITDA and revenue figures for each business unit?"", ""Interviewer: How might the revenue growth from the newer units be affecting the cost structure of Solventus Energy, and could this be contributing to the profit decline?"", ""Candidate: To start, could you provide the EBITDA and revenue figures for each business unit?"", ""Interviewer: How might the revenue growth from the newer units be affecting the cost structure of Solventus Energy, and could this be contributing to the profit decline?"", ""Eval Case Performance: structured case-performance assessment completed."", ""Eval Dialog Quality: structured interaction-quality assessment completed."", ""Give Feedback: ### Final Feedback Report\n\n#### Main Strengths:\n1. **Inquisitive Approach**: The candidate consistently sought detailed information by asking for EBITDA and revenue figures for each business unit. This demonstrates a methodical approach to understanding the problem's specifics, aligning with best practices in consulting case interviews.\n\n2. **Focus on Cost Structure Analysis**: By repeatedly questioning how revenue growth from newer units might affect Solventus Energy’s cost structure, the candidate showed an awareness of potential internal factors contributing to profit decline, which is crucial for profitability cases.\n\n#### Main Weaknesses:\n1. **Lack of Initial Case Structuring**: The candidate did not attempt to open or structure the case independently before seeking data. This missed opportunity could have demonstrated their ability to frame and approach the problem strategically from the outset.\n\n2. **Limited Problem-Solving Progression**: Despite asking relevant questions, the candidate did not progress towards synthesizing information or developing a preliminary analysis. This indicates a gap in moving from data gathering to actionable insights.\n\n3. **Communication and Adaptation**: The repeated requests for specific figures without adapting their line of questioning based on the interviewer's responses suggest a lack of responsiveness and adaptation during the dialogue.\n\n#### Improvement Priority:\n- **Developing Initial Case Structure**: The candidate should focus on building an initial structure for the case, such as splitting profit into revenue and cost components or considering external/internal factors affecting profitability. This would help in demonstrating strategic thinking and problem-solving skills early in the interview process.\n\n### Methodological Guidance\nTo improve, the candidate can refer to consulting best practices that emphasize:\n- **Understanding the Prompt**: Clarifying objectives before diving into data requests.\n- **Building an Initial Structure**: Using frameworks like revenue-cost breakdowns or considering external/internal factors to guide analysis.\n- **Synthesizing Along the Way**: Continuously integrating information gathered to form preliminary insights and recommendations.\n\nBy focusing on these areas, the candidate can enhance their ability to structure cases effectively and demonstrate strategic problem-solving capabilities.""]",[],"{""case_opening"": {""score"": ""not_tested"", ""rationale"": ""No rationale provided.""}, ""case_structure"": {""score"": ""not_tested"", ""rationale"": ""No rationale provided.""}, ""case_math_answer"": {""score"": ""not_tested"", ""rationale"": ""No rationale provided.""}, ""case_creative_answer"": {""score"": ""not_tested"", ""rationale"": ""No rationale provided.""}, ""final_recommendation"": {""score"": ""not_tested"", ""rationale"": ""No rationale provided.""}, ""overall_structure"": {""score"": ""not_tested"", ""rationale"": ""No rationale provided.""}, ""overall_problem_solving"": {""score"": ""not_tested"", ""rationale"": ""No rationale provided.""}, ""overall_communication"": {""score"": ""not_tested"", ""rationale"": ""No rationale provided.""}}","{""clarity_and_concision"": {""score"": ""not_tested"", ""rationale"": ""No rationale provided.""}, ""responsiveness_and_adaptation"": {""score"": ""not_tested"", ""rationale"": ""No rationale provided.""}, ""groundedness"": {""score"": ""not_tested"", ""rationale"": ""No rationale provided.""}, ""confidence_calibration"": {""score"": ""not_tested"", ""rationale"": ""No rationale provided.""}, ""multi_turn_coherence"": {""score"": ""not_tested"", ""rationale"": ""No rationale provided.""}}",not_tested,No rationale provided.,not_tested,No rationale provided.,not_tested,No rationale provided.,not_tested,No rationale provided.,not_tested,No rationale provided.,not_tested,No rationale provided.,not_tested,No rationale provided.,not_tested,No rationale provided.,not_tested,No rationale provided.,not_tested,No rationale provided.,not_tested,No rationale provided.,not_tested,No rationale provided.,not_tested,No rationale provided.
agentic,agentic_scenario_02_01_009_r01_20260712T170433Z,/Users/palomaperezdemadrid/Desktop/Dissertation/agentic-case-interview-coach/src/scenarios/synthetic-based/scenario_02_01.json,1,3,ok,,4,2,True,"### Final Feedback Report

#### Main Strengths:
- **Engagement with Clarifying Questions:** The candidate consistently sought clarification regarding key financial metrics such as current profitability and target profitability. This indicates an awareness of the importance of understanding foundational data before proceeding with analysis.

#### Main Weaknesses:
- **Lack of Responsiveness and Adaptation:** Despite repeated opportunities, the candidate did not adapt their approach or respond to the interviewer's prompts about revenue streams affected by relegation. This resulted in a lack of progression in the case discussion.
- **Poor Communication Clarity and Concision:** The candidate’s communication was marked by repetition without providing additional context or insights, which hindered effective dialogue with the interviewer.

#### Improvement Priority:
- **Enhance Responsiveness and Adaptation:** It is crucial for the candidate to develop skills in adapting their responses based on the interviewer's prompts. This involves actively listening, processing new information, and adjusting their line of questioning or analysis accordingly. Engaging more dynamically with the case material will help build a coherent narrative and demonstrate strategic thinking.

#### Methodological Guidance:
- **Clarifying Questions:** While asking clarifying questions is important, candidates should balance this with providing initial insights based on available information. This approach can prevent stagnation in dialogue.
- **Strategic Judgment Over Financial Modeling:** In cases like these, where profitability is a concern, the focus should be more on strategic judgment and understanding underlying issues rather than solely relying on financial modeling.

By addressing these areas for improvement, the candidate can enhance their performance in future consulting case interviews.","[""Interviewer: Your client is CF Baluarte Levante, a mid-sized Spanish football club. After being promoted to La Liga in 2019, the club took on significant debt to fund player signings and was relegated back to Segunda Division in 2023. Since relegation, profitability has deteriorated sharply. The majority owner, a US private equity fund, wants to understand why and what levers are available to improve performance within the next 18 months."", ""Candidate: To clarify, what is the current profitability of the club and what is the target profitability the owner wants to achieve within the next 18 months?"", ""Interviewer: Could you elaborate on the current revenue streams and how they have been affected by the relegation?"", ""Candidate: To clarify, what is the current profitability of the club and what is the target profitability the owner wants to achieve within the next 18 months?"", ""Interviewer: How has the revenue from different streams, such as broadcasting, matchday, merchandising, transfers, and sponsorship, been affected since the club's relegation?"", ""Candidate: To clarify, what is the current profitability of the club and what is the target profitability the owner wants to achieve within the next 18 months?"", ""Interviewer: Could you explain how the revenue from different streams, such as broadcasting, matchday, merchandising, transfers, and sponsorship, has changed since the club's relegation?"", ""Interviewer: How has the revenue from different streams, such as broadcasting, matchday, merchandising, transfers, and sponsorship, changed since the club's relegation?"", ""Candidate: To clarify, what is the current profitability of the club and what is the target profitability the owner wants to achieve within the next 18 months?"", ""Interviewer: Could you explain how the revenue from different streams, such as broadcasting, matchday, merchandising, transfers, and sponsorship, has changed since the club's relegation, and how this has affected the club's profitability?"", ""Candidate: To clarify, what is the current profitability of the club and what is the target profitability the owner wants to achieve within the next 18 months?"", ""Interviewer: Could you explain how the revenue from different streams, such as broadcasting, matchday, merchandising, transfers, and sponsorship, has changed since the club's relegation, and how this has affected the club's profitability?"", ""Candidate: To clarify, what is the current profitability of the club and what is the target profitability the owner wants to achieve within the next 18 months?"", ""Interviewer: Could you explain how the revenue from different streams, such as broadcasting, matchday, merchandising, transfers, and sponsorship, has changed since the club's relegation, and how this has affected the club's profitability?"", ""Eval Case Performance: structured case-performance assessment completed."", ""Eval Dialog Quality: structured interaction-quality assessment completed."", ""Give Feedback: ### Final Feedback Report\n\n#### Main Strengths:\n- **Engagement with Clarifying Questions:** The candidate consistently sought clarification regarding key financial metrics such as current profitability and target profitability. This indicates an awareness of the importance of understanding foundational data before proceeding with analysis.\n\n#### Main Weaknesses:\n- **Lack of Responsiveness and Adaptation:** Despite repeated opportunities, the candidate did not adapt their approach or respond to the interviewer's prompts about revenue streams affected by relegation. This resulted in a lack of progression in the case discussion.\n- **Poor Communication Clarity and Concision:** The candidate’s communication was marked by repetition without providing additional context or insights, which hindered effective dialogue with the interviewer.\n\n#### Improvement Priority:\n- **Enhance Responsiveness and Adaptation:** It is crucial for the candidate to develop skills in adapting their responses based on the interviewer's prompts. This involves actively listening, processing new information, and adjusting their line of questioning or analysis accordingly. Engaging more dynamically with the case material will help build a coherent narrative and demonstrate strategic thinking.\n\n#### Methodological Guidance:\n- **Clarifying Questions:** While asking clarifying questions is important, candidates should balance this with providing initial insights based on available information. This approach can prevent stagnation in dialogue.\n- **Strategic Judgment Over Financial Modeling:** In cases like these, where profitability is a concern, the focus should be more on strategic judgment and understanding underlying issues rather than solely relying on financial modeling.\n\nBy addressing these areas for improvement, the candidate can enhance their performance in future consulting case interviews.""]",[],"{""case_opening"": {""score"": ""not_tested"", ""rationale"": ""No rationale provided.""}, ""case_structure"": {""score"": ""not_tested"", ""rationale"": ""No rationale provided.""}, ""case_math_answer"": {""score"": ""not_tested"", ""rationale"": ""No rationale provided.""}, ""case_creative_answer"": {""score"": ""not_tested"", ""rationale"": ""No rationale provided.""}, ""final_recommendation"": {""score"": ""not_tested"", ""rationale"": ""No rationale provided.""}, ""overall_structure"": {""score"": ""not_tested"", ""rationale"": ""No rationale provided.""}, ""overall_problem_solving"": {""score"": ""not_tested"", ""rationale"": ""No rationale provided.""}, ""overall_communication"": {""score"": ""not_tested"", ""rationale"": ""No rationale provided.""}}","{""clarity_and_concision"": {""score"": 1, ""rationale"": ""The candidate repeatedly asks the same clarifying question without providing any additional context or insights, indicating a lack of clarity and concision in their communication.""}, ""responsiveness_and_adaptation"": {""score"": 1, ""rationale"": ""The candidate fails to respond to the interviewer's questions and prompts, instead repeating the same clarifying question, demonstrating a lack of responsiveness and adaptation to the conversation.""}, ""groundedness"": {""score"": ""not_tested"", ""rationale"": ""The transcript does not provide enough information to assess the candidate's ability to ground their responses in data or evidence.""}, ""confidence_calibration"": {""score"": 1, ""rationale"": ""The candidate's repeated failure to provide any meaningful responses or insights suggests a lack of confidence in their abilities.""}, ""multi_turn_coherence"": {""score"": 1, ""rationale"": ""The candidate's responses lack coherence and consistency across multiple turns, as they fail to build on previous questions or provide any meaningful insights.""}}",not_tested,No rationale provided.,not_tested,No rationale provided.,not_tested,No rationale provided.,not_tested,No rationale provided.,not_tested,No rationale provided.,not_tested,No rationale provided.,not_tested,No rationale provided.,not_tested,No rationale provided.,1,"The candidate repeatedly asks the same clarifying question without providing any additional context or insights, indicating a lack of clarity and concision in their communication.",1,"The candidate fails to respond to the interviewer's questions and prompts, instead repeating the same clarifying question, demonstrating a lack of responsiveness and adaptation to the conversation.",not_tested,The transcript does not provide enough information to assess the candidate's ability to ground their responses in data or evidence.,1,The candidate's repeated failure to provide any meaningful responses or insights suggests a lack of confidence in their abilities.,1,"The candidate's responses lack coherence and consistency across multiple turns, as they fail to build on previous questions or provide any meaningful insights."
agentic,agentic_scenario_02_01_009_r02_20260712T170433Z,/Users/palomaperezdemadrid/Desktop/Dissertation/agentic-case-interview-coach/src/scenarios/synthetic-based/scenario_02_01.json,2,3,ok,,4,2,True,"### Case Interview Feedback Report

#### Main Strengths:
1. **Focus on Key Financial Aspects**: The candidate consistently emphasized analyzing changes in revenue streams and cost base following relegation, which aligns with understanding profitability deterioration.

2. **Relevant Questions**: The candidate asked pertinent questions about the current revenue breakdown and pre-relegation wage bill, indicating an awareness of critical financial metrics necessary for analysis.

#### Main Weaknesses:
1. **Lack of Initial Analysis or Hypothesis**: Despite asking relevant questions, the candidate did not provide any initial analysis or hypothesis regarding the profitability issues at CF Baluarte Levante. This suggests a missed opportunity to demonstrate early analytical thinking and problem framing.

2. **Repetition in Questioning**: The candidate repeatedly asked for the same information (current revenue breakdown and pre-relegation wage bill) without adapting their approach based on the interviewer's feedback or additional context provided during the interview.

3. **Absence of Final Recommendation**: There was no attempt to synthesize findings into a final recommendation, which is crucial in demonstrating decision-making capability and understanding of the case dynamics.

#### Improvement Priority:
- **Develop Hypothesis-Driven Reasoning**: The candidate should focus on forming an early hypothesis about the causes of profitability deterioration and test it against available evidence. This approach would demonstrate proactive problem-solving skills and a structured analytical process, as highlighted in the consulting guide's emphasis on hypothesis-driven reasoning.

By addressing these areas, the candidate can enhance their ability to structure cases effectively, engage with interviewers dynamically, and deliver insightful recommendations grounded in analysis.","[""Interviewer: Your client is CF Baluarte Levante, a mid-sized Spanish football club. After being promoted to La Liga in 2019, the club took on significant debt to fund player signings and was relegated back to Segunda Division in 2023. Since relegation, profitability has deteriorated sharply. The majority owner, a US private equity fund, wants to understand why and what levers are available to improve performance within the next 18 months."", ""Candidate: To understand the profitability deterioration at CF Baluarte Levante, we should first analyze the changes in revenue streams and cost base after relegation from La Liga to Segunda Division. Could you provide the current revenue breakdown and the pre-relegation wage bill?"", ""Interviewer: What evidence suggests that the revenue decline is primarily due to the relegation to Segunda Division, rather than other factors such as market conditions or internal management issues?"", ""Candidate: To understand the profitability deterioration at CF Baluarte Levante, we should first analyze the changes in revenue streams and cost base after relegation from La Liga to Segunda Division. Could you provide the current revenue breakdown and the pre-relegation wage bill?"", ""Interviewer: How does the ongoing stadium renovation project, which is reducing hospitality revenue, factor into your analysis of the revenue decline?"", ""Candidate: To understand the profitability deterioration at CF Baluarte Levante, we should first analyze the changes in revenue streams and cost base after relegation from La Liga to Segunda Division. Could you provide the current revenue breakdown and the pre-relegation wage bill?"", ""Interviewer: How does the current revenue breakdown compare to the pre-relegation period, and what specific factors are contributing to the decline in revenue streams such as broadcasting, matchday, merchandising, transfers, and sponsorship?"", ""Interviewer: How does the current revenue breakdown compare to the pre-relegation period, and what specific factors are contributing to the decline in revenue streams such as broadcasting, matchday, merchandising, transfers, and sponsorship?"", ""Candidate: To understand the profitability deterioration at CF Baluarte Levante, we should first analyze the changes in revenue streams and cost base after relegation from La Liga to Segunda Division. Could you provide the current revenue breakdown and the pre-relegation wage bill?"", ""Interviewer: How does the current revenue breakdown compare to the pre-relegation period, and what specific factors are contributing to the decline in revenue streams such as broadcasting, matchday, merchandising, transfers, and sponsorship?"", ""Candidate: To understand the profitability deterioration at CF Baluarte Levante, we should first analyze the changes in revenue streams and cost base after relegation from La Liga to Segunda Division. Could you provide the current revenue breakdown and the pre-relegation wage bill?"", ""Interviewer: How does the current revenue breakdown compare to the pre-relegation period, and what specific factors are contributing to the decline in revenue streams such as broadcasting, matchday, merchandising, transfers, and sponsorship?"", ""Candidate: To understand the profitability deterioration at CF Baluarte Levante, we should first analyze the changes in revenue streams and cost base after relegation from La Liga to Segunda Division. Could you provide the current revenue breakdown and the pre-relegation wage bill?"", ""Interviewer: How does the ongoing stadium renovation project, which is reducing hospitality revenue from palco and premium matchday sales, factor into your analysis of the revenue decline?"", ""Eval Case Performance: structured case-performance assessment completed."", ""Eval Dialog Quality: structured interaction-quality assessment completed."", ""Give Feedback: ### Case Interview Feedback Report\n\n#### Main Strengths:\n1. **Focus on Key Financial Aspects**: The candidate consistently emphasized analyzing changes in revenue streams and cost base following relegation, which aligns with understanding profitability deterioration.\n\n2. **Relevant Questions**: The candidate asked pertinent questions about the current revenue breakdown and pre-relegation wage bill, indicating an awareness of critical financial metrics necessary for analysis.\n\n#### Main Weaknesses:\n1. **Lack of Initial Analysis or Hypothesis**: Despite asking relevant questions, the candidate did not provide any initial analysis or hypothesis regarding the profitability issues at CF Baluarte Levante. This suggests a missed opportunity to demonstrate early analytical thinking and problem framing.\n\n2. **Repetition in Questioning**: The candidate repeatedly asked for the same information (current revenue breakdown and pre-relegation wage bill) without adapting their approach based on the interviewer's feedback or additional context provided during the interview.\n\n3. **Absence of Final Recommendation**: There was no attempt to synthesize findings into a final recommendation, which is crucial in demonstrating decision-making capability and understanding of the case dynamics.\n\n#### Improvement Priority:\n- **Develop Hypothesis-Driven Reasoning**: The candidate should focus on forming an early hypothesis about the causes of profitability deterioration and test it against available evidence. This approach would demonstrate proactive problem-solving skills and a structured analytical process, as highlighted in the consulting guide's emphasis on hypothesis-driven reasoning.\n\nBy addressing these areas, the candidate can enhance their ability to structure cases effectively, engage with interviewers dynamically, and deliver insightful recommendations grounded in analysis.""]",[],"{""case_opening"": {""score"": ""not_tested"", ""rationale"": ""No rationale provided.""}, ""case_structure"": {""score"": ""not_tested"", ""rationale"": ""No rationale provided.""}, ""case_math_answer"": {""score"": ""not_tested"", ""rationale"": ""No rationale provided.""}, ""case_creative_answer"": {""score"": ""not_tested"", ""rationale"": ""No rationale provided.""}, ""final_recommendation"": {""score"": ""not_tested"", ""rationale"": ""No rationale provided.""}, ""overall_structure"": {""score"": ""not_tested"", ""rationale"": ""No rationale provided.""}, ""overall_problem_solving"": {""score"": ""not_tested"", ""rationale"": ""No rationale provided.""}, ""overall_communication"": {""score"": ""not_tested"", ""rationale"": ""No rationale provided.""}}","{""clarity_and_concision"": {""score"": ""not_tested"", ""rationale"": ""No rationale provided.""}, ""responsiveness_and_adaptation"": {""score"": ""not_tested"", ""rationale"": ""No rationale provided.""}, ""groundedness"": {""score"": ""not_tested"", ""rationale"": ""No rationale provided.""}, ""confidence_calibration"": {""score"": ""not_tested"", ""rationale"": ""No rationale provided.""}, ""multi_turn_coherence"": {""score"": ""not_tested"", ""rationale"": ""No rationale provided.""}}",not_tested,No rationale provided.,not_tested,No rationale provided.,not_tested,No rationale provided.,not_tested,No rationale provided.,not_tested,No rationale provided.,not_tested,No rationale provided.,not_tested,No rationale provided.,not_tested,No rationale provided.,not_tested,No rationale provided.,not_tested,No rationale provided.,not_tested,No rationale provided.,not_tested,No rationale provided.,not_tested,No rationale provided.
agentic,agentic_scenario_02_01_009_r03_20260712T170433Z,/Users/palomaperezdemadrid/Desktop/Dissertation/agentic-case-interview-coach/src/scenarios/synthetic-based/scenario_02_01.json,3,3,ok,,4,2,True,"### Case Interview Feedback Report

#### Main Strengths:
1. **Clarity in Questions**: The candidate consistently sought clarification regarding key financial metrics such as current profitability and target profitability. This indicates an understanding of the importance of having precise information before proceeding with analysis.

2. **Focus on Profitability Drivers**: By repeatedly asking about revenue streams (broadcasting, matchday, merchandising, transfers, sponsorship) and cost drivers (particularly wages), the candidate demonstrated a structured approach to identifying the main factors affecting profitability.

#### Main Weaknesses:
1. **Lack of Initial Analysis or Hypothesis**: The candidate did not attempt to form an initial hypothesis about why profitability deteriorated post-relegation. This is crucial for guiding subsequent questions and analysis, as highlighted in the guide's emphasis on hypothesis-driven reasoning.

2. **Repetitive Questioning**: The candidate repeatedly asked similar questions without progressing towards deeper insights or alternative lines of inquiry. This indicates a potential lack of strategic judgment and adaptability during the interview process.

3. **Absence of Strategic Recommendations**: There was no attempt to propose any preliminary strategies or recommendations for improving performance, which is essential in consulting cases focused on profitability improvement.

#### Improvement Priority:
- **Developing Hypothesis-Driven Reasoning**: The candidate should focus on forming an initial hypothesis about the club's financial challenges and test this against available information. This approach will help guide more targeted questions and lead to a deeper understanding of the issues, as well as facilitate strategic recommendations.

### Methodological Guidance
- **Hypothesis Formation**: Strong candidates often start with a preliminary guess about the cause of a problem and refine it based on evidence gathered during questioning.
- **Strategic Judgment**: Emphasize strategic judgment over exhaustive financial modeling. Understanding why profitability changed is more critical than merely identifying where changes occurred.

By focusing on these areas, the candidate can enhance their ability to conduct effective case interviews that demonstrate both analytical rigor and strategic insight.","[""Interviewer: Your client is CF Baluarte Levante, a mid-sized Spanish football club. After being promoted to La Liga in 2019, the club took on significant debt to fund player signings and was relegated back to Segunda Division in 2023. Since relegation, profitability has deteriorated sharply. The majority owner, a US private equity fund, wants to understand why and what levers are available to improve performance within the next 18 months."", ""Candidate: To clarify, what is the current profitability of the club and what is the target profitability the owner wants to achieve within the next 18 months?"", ""Interviewer: Could you elaborate on the current revenue streams and how they have been affected by the relegation to Segunda Division?"", ""Candidate: To clarify, what is the current profitability of the club and what is the target profitability the owner wants to achieve within the next 18 months?"", ""Interviewer: How has the revenue from broadcasting, matchday, merchandising, transfers, and sponsorship changed since the club's relegation to Segunda Division?"", ""Candidate: To clarify, what is the current profitability of the club and what is the target profitability the owner wants to achieve within the next 18 months?"", ""Interviewer: How has the revenue from broadcasting, matchday, merchandising, transfers, and sponsorship changed since the club's relegation to Segunda Division?"", ""Interviewer: How has the revenue from each of the following streams—broadcasting, matchday, merchandising, transfers, and sponsorship—changed since the club's relegation to Segunda Division, and what specific questions do you have to better understand the impact on profitability?"", ""Candidate: To clarify, what is the current profitability of the club and what is the target profitability the owner wants to achieve within the next 18 months?"", ""Interviewer: Can you break down the current profitability into its main revenue and cost drivers, and how have these changed since the club's relegation to Segunda Division?"", ""Candidate: To clarify, what is the current profitability of the club and what is the target profitability the owner wants to achieve within the next 18 months?"", ""Interviewer: Can you break down the current profitability into its main revenue and cost drivers, and how have these changed since the club's relegation to Segunda Division?"", ""Candidate: To clarify, what is the current profitability of the club and what is the target profitability the owner wants to achieve within the next 18 months?"", ""Interviewer: How has the cost base, particularly the wage bill, changed since the club's relegation to Segunda Division, and what specific questions do you have to better understand the impact on profitability?"", ""Eval Case Performance: structured case-performance assessment completed."", ""Eval Dialog Quality: structured interaction-quality assessment completed."", ""Give Feedback: ### Case Interview Feedback Report\n\n#### Main Strengths:\n1. **Clarity in Questions**: The candidate consistently sought clarification regarding key financial metrics such as current profitability and target profitability. This indicates an understanding of the importance of having precise information before proceeding with analysis.\n\n2. **Focus on Profitability Drivers**: By repeatedly asking about revenue streams (broadcasting, matchday, merchandising, transfers, sponsorship) and cost drivers (particularly wages), the candidate demonstrated a structured approach to identifying the main factors affecting profitability.\n\n#### Main Weaknesses:\n1. **Lack of Initial Analysis or Hypothesis**: The candidate did not attempt to form an initial hypothesis about why profitability deteriorated post-relegation. This is crucial for guiding subsequent questions and analysis, as highlighted in the guide's emphasis on hypothesis-driven reasoning.\n\n2. **Repetitive Questioning**: The candidate repeatedly asked similar questions without progressing towards deeper insights or alternative lines of inquiry. This indicates a potential lack of strategic judgment and adaptability during the interview process.\n\n3. **Absence of Strategic Recommendations**: There was no attempt to propose any preliminary strategies or recommendations for improving performance, which is essential in consulting cases focused on profitability improvement.\n\n#### Improvement Priority:\n- **Developing Hypothesis-Driven Reasoning**: The candidate should focus on forming an initial hypothesis about the club's financial challenges and test this against available information. This approach will help guide more targeted questions and lead to a deeper understanding of the issues, as well as facilitate strategic recommendations.\n\n### Methodological Guidance\n- **Hypothesis Formation**: Strong candidates often start with a preliminary guess about the cause of a problem and refine it based on evidence gathered during questioning.\n- **Strategic Judgment**: Emphasize strategic judgment over exhaustive financial modeling. Understanding why profitability changed is more critical than merely identifying where changes occurred.\n\nBy focusing on these areas, the candidate can enhance their ability to conduct effective case interviews that demonstrate both analytical rigor and strategic insight.""]",[],"{""case_opening"": {""score"": ""not_tested"", ""rationale"": ""No rationale provided.""}, ""case_structure"": {""score"": ""not_tested"", ""rationale"": ""No rationale provided.""}, ""case_math_answer"": {""score"": ""not_tested"", ""rationale"": ""No rationale provided.""}, ""case_creative_answer"": {""score"": ""not_tested"", ""rationale"": ""No rationale provided.""}, ""final_recommendation"": {""score"": ""not_tested"", ""rationale"": ""No rationale provided.""}, ""overall_structure"": {""score"": ""not_tested"", ""rationale"": ""No rationale provided.""}, ""overall_problem_solving"": {""score"": ""not_tested"", ""rationale"": ""No rationale provided.""}, ""overall_communication"": {""score"": ""not_tested"", ""rationale"": ""No rationale provided.""}}","{""clarity_and_concision"": {""score"": ""not_tested"", ""rationale"": ""No rationale provided.""}, ""responsiveness_and_adaptation"": {""score"": ""not_tested"", ""rationale"": ""No rationale provided.""}, ""groundedness"": {""score"": ""not_tested"", ""rationale"": ""No rationale provided.""}, ""confidence_calibration"": {""score"": ""not_tested"", ""rationale"": ""No rationale provided.""}, ""multi_turn_coherence"": {""score"": ""not_tested"", ""rationale"": ""No rationale provided.""}}",not_tested,No rationale provided.,not_tested,No rationale provided.,not_tested,No rationale provided.,not_tested,No rationale provided.,not_tested,No rationale provided.,not_tested,No rationale provided.,not_tested,No rationale provided.,not_tested,No rationale provided.,not_tested,No rationale provided.,not_tested,No rationale provided.,not_tested,No rationale provided.,not_tested,No rationale provided.,not_tested,No rationale provided.
agentic,agentic_scenario_02_02_010_r01_20260712T170433Z,/Users/palomaperezdemadrid/Desktop/Dissertation/agentic-case-interview-coach/src/scenarios/synthetic-based/scenario_02_02.json,1,3,ok,,4,2,True,"### Final Feedback Report

#### Overview:
The candidate participated in a consulting case interview focused on CF Baluarte Levante, a Spanish football club facing profitability challenges after relegation. The structured performance scores and dialog quality assessments provide insights into strengths and areas for improvement.

#### Main Strengths:
1. **Focus on Revenue and Cost Structures**: The candidate consistently emphasized the importance of analyzing revenue and cost structures to understand profitability deterioration. This aligns with best practices in consulting, where understanding financial drivers is crucial.

#### Main Weaknesses:
1. **Lack of Clarity and Concision**: The candidate repeatedly asked for revenue and cost breakdowns without providing a clear plan or adapting their approach based on the interviewer's prompts. This repetition indicates a lack of clarity and concision.
2. **Poor Responsiveness and Adaptation**: The candidate did not effectively respond to the interviewer’s questions, failing to adapt their analysis or provide relevant insights.
3. **Inadequate Multi-Turn Coherence**: Responses lacked coherence across multiple turns, as evidenced by repeated phrases without additional analysis.

#### Improvement Priority:
- **Enhance Clarity and Responsiveness**: The candidate should focus on improving clarity in communication by providing concise summaries of the problem and adapting their approach based on interviewer feedback. This includes asking relevant questions that build on previous interactions rather than repeating the same request.

### Recommendations for Improvement:
1. **Practice Structured Analysis**: Develop a structured framework to analyze revenue and cost structures, incorporating elements such as price, volume, mix, fixed, and variable costs.
2. **Engage with Interviewer Prompts**: Actively listen to interviewer prompts and tailor responses accordingly, demonstrating flexibility and responsiveness in the analysis.
3. **Develop Multi-Turn Coherence**: Work on maintaining coherence across multiple turns by building upon previous insights and progressively deepening the analysis.

By focusing on these areas, the candidate can enhance their performance in future consulting case interviews.","[""Interviewer: Your client is CF Baluarte Levante, a mid-sized Spanish football club. After being promoted to La Liga in 2019, the club took on significant debt to fund player signings and was relegated back to Segunda Division in 2023. Since relegation, profitability has deteriorated sharply. The majority owner, a US private equity fund, wants to understand why and what levers are available to improve performance within the next 18 months."", ""Candidate: To understand the profitability deterioration, we should first analyze the revenue and cost structures. Could you provide the current revenue and cost breakdowns?"", ""Interviewer: Could you elaborate on how you plan to analyze the revenue and cost structures?"", ""Candidate: To understand the profitability deterioration, we should first analyze the revenue and cost structures. Could you provide the current revenue and cost breakdowns?"", ""Interviewer: Could you explain how you would map out the revenue streams and cost base for CF Baluarte Levante?"", ""Candidate: To understand the profitability deterioration, we should first analyze the revenue and cost structures. Could you provide the current revenue and cost breakdowns?"", ""Interviewer: Could you explain how you would categorize the revenue streams and cost base for CF Baluarte Levante, as suggested in the case guidance?"", ""Interviewer: Could you explain how you would categorize the revenue streams and cost base for CF Baluarte Levante, as suggested in the case guidance?"", ""Candidate: To understand the profitability deterioration, we should first analyze the revenue and cost structures. Could you provide the current revenue and cost breakdowns?"", ""Interviewer: Could you explain how you would categorize the revenue streams and cost base for CF Baluarte Levante, as suggested in the case guidance?"", ""Candidate: To understand the profitability deterioration, we should first analyze the revenue and cost structures. Could you provide the current revenue and cost breakdowns?"", ""Interviewer: Could you explain how you would categorize the revenue streams and cost base for CF Baluarte Levante, as suggested in the case guidance?"", ""Candidate: To understand the profitability deterioration, we should first analyze the revenue and cost structures. Could you provide the current revenue and cost breakdowns?"", ""Interviewer: Could you explain how you would categorize the revenue streams and cost base for CF Baluarte Levante, as suggested in the case guidance?"", ""Eval Case Performance: structured case-performance assessment completed."", ""Eval Dialog Quality: structured interaction-quality assessment completed."", ""Give Feedback: ### Final Feedback Report\n\n#### Overview:\nThe candidate participated in a consulting case interview focused on CF Baluarte Levante, a Spanish football club facing profitability challenges after relegation. The structured performance scores and dialog quality assessments provide insights into strengths and areas for improvement.\n\n#### Main Strengths:\n1. **Focus on Revenue and Cost Structures**: The candidate consistently emphasized the importance of analyzing revenue and cost structures to understand profitability deterioration. This aligns with best practices in consulting, where understanding financial drivers is crucial.\n\n#### Main Weaknesses:\n1. **Lack of Clarity and Concision**: The candidate repeatedly asked for revenue and cost breakdowns without providing a clear plan or adapting their approach based on the interviewer's prompts. This repetition indicates a lack of clarity and concision.\n2. **Poor Responsiveness and Adaptation**: The candidate did not effectively respond to the interviewer’s questions, failing to adapt their analysis or provide relevant insights.\n3. **Inadequate Multi-Turn Coherence**: Responses lacked coherence across multiple turns, as evidenced by repeated phrases without additional analysis.\n\n#### Improvement Priority:\n- **Enhance Clarity and Responsiveness**: The candidate should focus on improving clarity in communication by providing concise summaries of the problem and adapting their approach based on interviewer feedback. This includes asking relevant questions that build on previous interactions rather than repeating the same request.\n\n### Recommendations for Improvement:\n1. **Practice Structured Analysis**: Develop a structured framework to analyze revenue and cost structures, incorporating elements such as price, volume, mix, fixed, and variable costs.\n2. **Engage with Interviewer Prompts**: Actively listen to interviewer prompts and tailor responses accordingly, demonstrating flexibility and responsiveness in the analysis.\n3. **Develop Multi-Turn Coherence**: Work on maintaining coherence across multiple turns by building upon previous insights and progressively deepening the analysis.\n\nBy focusing on these areas, the candidate can enhance their performance in future consulting case interviews.""]",[],"{""case_opening"": {""score"": ""not_tested"", ""rationale"": ""No rationale provided.""}, ""case_structure"": {""score"": ""not_tested"", ""rationale"": ""No rationale provided.""}, ""case_math_answer"": {""score"": ""not_tested"", ""rationale"": ""No rationale provided.""}, ""case_creative_answer"": {""score"": ""not_tested"", ""rationale"": ""No rationale provided.""}, ""final_recommendation"": {""score"": ""not_tested"", ""rationale"": ""No rationale provided.""}, ""overall_structure"": {""score"": ""not_tested"", ""rationale"": ""No rationale provided.""}, ""overall_problem_solving"": {""score"": ""not_tested"", ""rationale"": ""No rationale provided.""}, ""overall_communication"": {""score"": ""not_tested"", ""rationale"": ""No rationale provided.""}}","{""clarity_and_concision"": {""score"": 1, ""rationale"": ""The candidate repeats the same phrase multiple times, showing a lack of clarity and concision in their communication. They fail to provide a clear and concise recap of the prompt and do not ask relevant questions to clarify the business problem.""}, ""responsiveness_and_adaptation"": {""score"": 1, ""rationale"": ""The candidate does not respond to the interviewer's questions and prompts, instead repeating the same phrase multiple times. They do not adapt to the conversation and fail to provide meaningful insights or analysis.""}, ""groundedness"": {""score"": ""not_tested"", ""rationale"": ""The transcript does not provide enough information to assess the candidate's ability to ground their analysis in data or evidence.""}, ""confidence_calibration"": {""score"": 1, ""rationale"": ""The candidate's repetition of the same phrase multiple times suggests a lack of confidence in their analysis and a failure to calibrate their confidence to the evidence.""}, ""multi_turn_coherence"": {""score"": 1, ""rationale"": ""The candidate's responses do not demonstrate coherence across multiple turns, as they repeat the same phrase multiple times without providing additional insights or analysis.""}}",not_tested,No rationale provided.,not_tested,No rationale provided.,not_tested,No rationale provided.,not_tested,No rationale provided.,not_tested,No rationale provided.,not_tested,No rationale provided.,not_tested,No rationale provided.,not_tested,No rationale provided.,1,"The candidate repeats the same phrase multiple times, showing a lack of clarity and concision in their communication. They fail to provide a clear and concise recap of the prompt and do not ask relevant questions to clarify the business problem.",1,"The candidate does not respond to the interviewer's questions and prompts, instead repeating the same phrase multiple times. They do not adapt to the conversation and fail to provide meaningful insights or analysis.",not_tested,The transcript does not provide enough information to assess the candidate's ability to ground their analysis in data or evidence.,1,The candidate's repetition of the same phrase multiple times suggests a lack of confidence in their analysis and a failure to calibrate their confidence to the evidence.,1,"The candidate's responses do not demonstrate coherence across multiple turns, as they repeat the same phrase multiple times without providing additional insights or analysis."
agentic,agentic_scenario_02_02_010_r02_20260712T170433Z,/Users/palomaperezdemadrid/Desktop/Dissertation/agentic-case-interview-coach/src/scenarios/synthetic-based/scenario_02_02.json,2,3,ok,,4,2,True,"### Case Interview Feedback Report

#### Main Strengths:
1. **Focus on Data-Driven Analysis**: The candidate consistently emphasized the need for detailed revenue and cost breakdowns before and after relegation to understand profitability deterioration. This approach aligns with best practices in consulting, where data-driven insights are crucial.

2. **Identification of Key Revenue Streams**: The candidate recognized important revenue streams such as broadcasting, matchday, merchandising, transfers, and sponsorship, which are critical for a football club's financial health.

#### Main Weaknesses:
1. **Lack of Initial Analysis or Hypothesis**: The candidate did not provide an initial analysis or hypothesis about the potential causes of profitability deterioration. This is a missed opportunity to demonstrate early analytical thinking and set a direction for further inquiry.

2. **Repetitive Questioning**: The candidate repeatedly asked for the breakdown of revenues and costs without adapting their questions based on new information provided by the interviewer, such as the impact of stadium renovation on hospitality revenue.

3. **Absence of Recommendations or Next Steps**: The candidate did not offer any recommendations or next steps, which are essential components of a consulting case interview to demonstrate problem-solving and decision-making capabilities.

#### Improvement Priority:
- **Developing Hypothesis-Driven Reasoning**: The candidate should focus on forming an initial hypothesis about the causes of profitability deterioration based on available information. This involves making educated guesses and testing them against new data, which would guide more targeted questioning and analysis.

### Structured Scores Analysis

**Case Performance:**
- All areas were scored as ""not_tested,"" indicating that the candidate did not demonstrate sufficient engagement with key aspects such as case opening, structure, creative answers, final recommendations, overall problem-solving, and communication.

**Dialog Quality:**
- Similarly, dialog quality scores were ""not_tested"" across all categories, reflecting a lack of clarity, responsiveness, groundedness, confidence calibration, and multi-turn coherence in the candidate's responses.

### Conclusion

The candidate showed an understanding of the importance of detailed financial analysis but failed to apply this effectively due to a lack of initial hypothesis-driven reasoning and adaptive questioning. To improve, the candidate should focus on forming early hypotheses and adapting their approach based on new information, which will enhance both analytical depth and communication effectiveness in future interviews.","[""Interviewer: Your client is CF Baluarte Levante, a mid-sized Spanish football club. After being promoted to La Liga in 2019, the club took on significant debt to fund player signings and was relegated back to Segunda Division in 2023. Since relegation, profitability has deteriorated sharply. The majority owner, a US private equity fund, wants to understand why and what levers are available to improve performance within the next 18 months."", ""Candidate: To understand the profitability deterioration, we should first analyze the revenue and cost structure of CF Baluarte Levante. Could you provide the breakdown of revenues and costs before and after relegation?"", ""Interviewer: Could you elaborate on how you plan to analyze the revenue streams and cost base separately?"", ""Candidate: To understand the revenue streams and cost base separately, I would like to know the breakdown of revenues and costs before and after relegation. This will help us identify any significant changes that could explain the profitability deterioration."", ""Interviewer: Could you explain how you would map out the revenue streams and cost base separately, given the information you have so far?"", ""Candidate: To understand the revenue streams and cost base separately, I would like to know the breakdown of revenues and costs before and after relegation. This will help us identify any significant changes that could explain the profitability deterioration."", ""Interviewer: Could you explain how you would categorize the revenue streams and cost base separately, particularly focusing on broadcasting, matchday, merchandising, transfers, and sponsorship?"", ""Interviewer: Could you explain how you would categorize the revenue streams and cost base separately, particularly focusing on broadcasting, matchday, merchandising, transfers, and sponsorship, and how these might have been affected by the relegation?"", ""Candidate: To understand the revenue streams and cost base separately, I would like to know the breakdown of revenues and costs before and after relegation. This will help us identify any significant changes that could explain the profitability deterioration."", ""Interviewer: Given the information about the stadium renovation reducing hospitality revenue, how might this impact the revenue streams you are planning to analyze?"", ""Candidate: To understand the revenue streams and cost base separately, I would like to know the breakdown of revenues and costs before and after relegation. This will help us identify any significant changes that could explain the profitability deterioration."", ""Interviewer: Given the information about the stadium renovation reducing hospitality revenue, how might this impact the current revenue streams and cost base analysis you are planning to conduct?"", ""Candidate: Could you provide the breakdown of revenues and costs before and after relegation?"", ""Interviewer: Given the stadium renovation reducing hospitality revenue, how do you think this might affect the club's overall revenue streams and cost base, and what specific areas should we focus on to understand the impact?"", ""Eval Case Performance: structured case-performance assessment completed."", ""Eval Dialog Quality: structured interaction-quality assessment completed."", ""Give Feedback: ### Case Interview Feedback Report\n\n#### Main Strengths:\n1. **Focus on Data-Driven Analysis**: The candidate consistently emphasized the need for detailed revenue and cost breakdowns before and after relegation to understand profitability deterioration. This approach aligns with best practices in consulting, where data-driven insights are crucial.\n\n2. **Identification of Key Revenue Streams**: The candidate recognized important revenue streams such as broadcasting, matchday, merchandising, transfers, and sponsorship, which are critical for a football club's financial health.\n\n#### Main Weaknesses:\n1. **Lack of Initial Analysis or Hypothesis**: The candidate did not provide an initial analysis or hypothesis about the potential causes of profitability deterioration. This is a missed opportunity to demonstrate early analytical thinking and set a direction for further inquiry.\n\n2. **Repetitive Questioning**: The candidate repeatedly asked for the breakdown of revenues and costs without adapting their questions based on new information provided by the interviewer, such as the impact of stadium renovation on hospitality revenue.\n\n3. **Absence of Recommendations or Next Steps**: The candidate did not offer any recommendations or next steps, which are essential components of a consulting case interview to demonstrate problem-solving and decision-making capabilities.\n\n#### Improvement Priority:\n- **Developing Hypothesis-Driven Reasoning**: The candidate should focus on forming an initial hypothesis about the causes of profitability deterioration based on available information. This involves making educated guesses and testing them against new data, which would guide more targeted questioning and analysis.\n\n### Structured Scores Analysis\n\n**Case Performance:**\n- All areas were scored as \""not_tested,\"" indicating that the candidate did not demonstrate sufficient engagement with key aspects such as case opening, structure, creative answers, final recommendations, overall problem-solving, and communication.\n\n**Dialog Quality:**\n- Similarly, dialog quality scores were \""not_tested\"" across all categories, reflecting a lack of clarity, responsiveness, groundedness, confidence calibration, and multi-turn coherence in the candidate's responses.\n\n### Conclusion\n\nThe candidate showed an understanding of the importance of detailed financial analysis but failed to apply this effectively due to a lack of initial hypothesis-driven reasoning and adaptive questioning. To improve, the candidate should focus on forming early hypotheses and adapting their approach based on new information, which will enhance both analytical depth and communication effectiveness in future interviews.""]",[],"{""case_opening"": {""score"": ""not_tested"", ""rationale"": ""No rationale provided.""}, ""case_structure"": {""score"": ""not_tested"", ""rationale"": ""No rationale provided.""}, ""case_math_answer"": {""score"": ""not_tested"", ""rationale"": ""No rationale provided.""}, ""case_creative_answer"": {""score"": ""not_tested"", ""rationale"": ""No rationale provided.""}, ""final_recommendation"": {""score"": ""not_tested"", ""rationale"": ""No rationale provided.""}, ""overall_structure"": {""score"": ""not_tested"", ""rationale"": ""No rationale provided.""}, ""overall_problem_solving"": {""score"": ""not_tested"", ""rationale"": ""No rationale provided.""}, ""overall_communication"": {""score"": ""not_tested"", ""rationale"": ""No rationale provided.""}}","{""clarity_and_concision"": {""score"": ""not_tested"", ""rationale"": ""No rationale provided.""}, ""responsiveness_and_adaptation"": {""score"": ""not_tested"", ""rationale"": ""No rationale provided.""}, ""groundedness"": {""score"": ""not_tested"", ""rationale"": ""No rationale provided.""}, ""confidence_calibration"": {""score"": ""not_tested"", ""rationale"": ""No rationale provided.""}, ""multi_turn_coherence"": {""score"": ""not_tested"", ""rationale"": ""No rationale provided.""}}",not_tested,No rationale provided.,not_tested,No rationale provided.,not_tested,No rationale provided.,not_tested,No rationale provided.,not_tested,No rationale provided.,not_tested,No rationale provided.,not_tested,No rationale provided.,not_tested,No rationale provided.,not_tested,No rationale provided.,not_tested,No rationale provided.,not_tested,No rationale provided.,not_tested,No rationale provided.,not_tested,No rationale provided.
agentic,agentic_scenario_02_02_010_r03_20260712T170433Z,/Users/palomaperezdemadrid/Desktop/Dissertation/agentic-case-interview-coach/src/scenarios/synthetic-based/scenario_02_02.json,3,3,ok,,4,2,True,"### Case Interview Feedback Report

#### Overview:
The candidate was tasked with analyzing CF Baluarte Levante's financial performance post-relegation from La Liga, focusing on understanding profitability issues and identifying potential levers for improvement within 18 months.

#### Strengths:
1. **Engagement in Dialogue**: The candidate consistently engaged the interviewer by asking relevant questions about revenue and wage bill figures, indicating an active approach to gathering necessary information.
2. **Focus on Key Financial Metrics**: By repeatedly requesting specific financial data (annual revenue and wage bill), the candidate demonstrated a clear understanding of critical metrics needed for financial analysis.

#### Weaknesses:
1. **Lack of Initial Structure**: The candidate did not provide an initial structure or framework to guide their analysis, which is crucial in consulting cases.
2. **Insufficient Hypothesis-Driven Reasoning**: There was no evidence of forming and testing hypotheses about the root causes of profitability issues.
3. **Limited Strategic Judgment**: The candidate focused heavily on data requests without offering strategic insights or potential solutions.

#### Improvement Priority:
The candidate should prioritize developing a structured approach to case analysis, such as using frameworks like Porter’s Five Forces or hypothesis-driven reasoning. This would help in forming initial guesses about the problem's causes and testing them against available evidence, leading to more insightful recommendations.

### Recommendations for Future Interviews:
- **Develop an Initial Framework**: Start with a clear structure to guide your analysis, which will help in organizing thoughts and presenting findings coherently.
- **Formulate Hypotheses Early**: Develop early hypotheses about potential issues and test these against the data provided by the interviewer.
- **Balance Data Requests with Strategic Insights**: While gathering information is important, also focus on providing strategic insights and recommendations based on available data.

By addressing these areas, the candidate can enhance their performance in future consulting case interviews.","[""Interviewer: Your client is CF Baluarte Levante, a mid-sized Spanish football club. After being promoted to La Liga in 2019, the club took on significant debt to fund player signings and was relegated back to Segunda Division in 2023. Since relegation, profitability has deteriorated sharply. The majority owner, a US private equity fund, wants to understand why and what levers are available to improve performance within the next 18 months."", ""Candidate: To understand the current state, could you please provide the current annual revenue and the current wage bill for CF Baluarte Levante?"", ""Interviewer: Could you explain how the current revenue and wage bill figures relate to the club's financial performance since relegation?"", ""Candidate: To understand the current state, could you please provide the current annual revenue and the current wage bill for CF Baluarte Levante?"", ""Interviewer: Could you explain how the current revenue and wage bill figures relate to the club's financial performance since relegation?"", ""Candidate: To understand the current state, could you please provide the current annual revenue and the current wage bill for CF Baluarte Levante?"", ""Interviewer: Could you explain how the current revenue and wage bill figures relate to the club's financial performance since relegation?"", ""Interviewer: Could you explain how the current revenue and wage bill figures relate to the club's financial performance since relegation, and what you think the root cause of the profitability issues might be?"", ""Candidate: To understand the current state, could you please provide the current annual revenue and the current wage bill for CF Baluarte Levante?"", ""Interviewer: Can you break down the current financial performance into its main revenue streams and cost components, and explain how they have changed since relegation?"", ""Candidate: To understand the current state, could you please provide the current annual revenue and the current wage bill for CF Baluarte Levante?"", ""Interviewer: Can you break down the current financial performance into its main revenue streams and cost components, and explain how they have changed since relegation?"", ""Candidate: To understand the current state, could you please provide the current annual revenue and the current wage bill for CF Baluarte Levante?"", ""Interviewer: Can you break down the current financial performance into its main revenue streams and cost components, and explain how they have changed since relegation?"", ""Eval Case Performance: structured case-performance assessment completed."", ""Eval Dialog Quality: structured interaction-quality assessment completed."", ""Give Feedback: ### Case Interview Feedback Report\n\n#### Overview:\nThe candidate was tasked with analyzing CF Baluarte Levante's financial performance post-relegation from La Liga, focusing on understanding profitability issues and identifying potential levers for improvement within 18 months.\n\n#### Strengths:\n1. **Engagement in Dialogue**: The candidate consistently engaged the interviewer by asking relevant questions about revenue and wage bill figures, indicating an active approach to gathering necessary information.\n2. **Focus on Key Financial Metrics**: By repeatedly requesting specific financial data (annual revenue and wage bill), the candidate demonstrated a clear understanding of critical metrics needed for financial analysis.\n\n#### Weaknesses:\n1. **Lack of Initial Structure**: The candidate did not provide an initial structure or framework to guide their analysis, which is crucial in consulting cases.\n2. **Insufficient Hypothesis-Driven Reasoning**: There was no evidence of forming and testing hypotheses about the root causes of profitability issues.\n3. **Limited Strategic Judgment**: The candidate focused heavily on data requests without offering strategic insights or potential solutions.\n\n#### Improvement Priority:\nThe candidate should prioritize developing a structured approach to case analysis, such as using frameworks like Porter’s Five Forces or hypothesis-driven reasoning. This would help in forming initial guesses about the problem's causes and testing them against available evidence, leading to more insightful recommendations.\n\n### Recommendations for Future Interviews:\n- **Develop an Initial Framework**: Start with a clear structure to guide your analysis, which will help in organizing thoughts and presenting findings coherently.\n- **Formulate Hypotheses Early**: Develop early hypotheses about potential issues and test these against the data provided by the interviewer.\n- **Balance Data Requests with Strategic Insights**: While gathering information is important, also focus on providing strategic insights and recommendations based on available data.\n\nBy addressing these areas, the candidate can enhance their performance in future consulting case interviews.""]",[],"{""case_opening"": {""score"": ""not_tested"", ""rationale"": ""No rationale provided.""}, ""case_structure"": {""score"": ""not_tested"", ""rationale"": ""No rationale provided.""}, ""case_math_answer"": {""score"": ""not_tested"", ""rationale"": ""No rationale provided.""}, ""case_creative_answer"": {""score"": ""not_tested"", ""rationale"": ""No rationale provided.""}, ""final_recommendation"": {""score"": ""not_tested"", ""rationale"": ""No rationale provided.""}, ""overall_structure"": {""score"": ""not_tested"", ""rationale"": ""No rationale provided.""}, ""overall_problem_solving"": {""score"": ""not_tested"", ""rationale"": ""No rationale provided.""}, ""overall_communication"": {""score"": ""not_tested"", ""rationale"": ""No rationale provided.""}}","{""clarity_and_concision"": {""score"": ""not_tested"", ""rationale"": ""No rationale provided.""}, ""responsiveness_and_adaptation"": {""score"": ""not_tested"", ""rationale"": ""No rationale provided.""}, ""groundedness"": {""score"": ""not_tested"", ""rationale"": ""No rationale provided.""}, ""confidence_calibration"": {""score"": ""not_tested"", ""rationale"": ""No rationale provided.""}, ""multi_turn_coherence"": {""score"": ""not_tested"", ""rationale"": ""No rationale provided.""}}",not_tested,No rationale provided.,not_tested,No rationale provided.,not_tested,No rationale provided.,not_tested,No rationale provided.,not_tested,No rationale provided.,not_tested,No rationale provided.,not_tested,No rationale provided.,not_tested,No rationale provided.,not_tested,No rationale provided.,not_tested,No rationale provided.,not_tested,No rationale provided.,not_tested,No rationale provided.,not_tested,No rationale provided.
agentic,agentic_scenario_02_03_011_r01_20260712T170433Z,/Users/palomaperezdemadrid/Desktop/Dissertation/agentic-case-interview-coach/src/scenarios/synthetic-based/scenario_02_03.json,1,3,ok,,4,2,True,"### Final Feedback Report

#### Strengths:
1. **Focus on Key Revenue Stream**: The candidate demonstrated an understanding of the importance of analyzing revenue streams, specifically targeting broadcasting revenue as a critical area affected by relegation.
2. **Initiation of Analysis**: By starting with broadcasting revenue, the candidate showed awareness that changes in this stream could significantly impact overall profitability.

#### Weaknesses:
1. **Lack of Depth and Progression**: The candidate repeatedly asked about broadcasting revenue without progressing to analyze or discuss its implications on the club's financial situation.
2. **Absence of Recommendations**: There was no final recommendation provided, nor were there any proposed levers for improving performance within the 18-month timeframe.

#### Improvement Priority:
- **Developing a Structured Approach**: The candidate should focus on developing a structured approach to case analysis. This includes forming hypotheses about potential issues (e.g., reduced broadcasting revenue) and testing these against available data or logical assumptions.
- **Progression in Analysis**: It is crucial to move beyond initial questions and delve into the implications of changes in revenue streams, costs, and other financial metrics.
- **Formulating Recommendations**: The candidate should work on synthesizing their analysis into actionable recommendations. This involves identifying specific levers for improvement and outlining next steps that logically follow from the identified risks.

#### Methodological Guidance:
- **Hypothesis-driven Reasoning**: Formulate early guesses about potential causes of profitability decline and test these against evidence.
- **Structured Frameworks**: Use frameworks to give initial shape to the problem, adapting them as needed rather than reciting them verbatim.
- **Recommendation Development**: Ensure recommendations are specific, actionable, and directly tied to insights gained during the analysis. Avoid generic advice that does not stem from the case discussion.

By focusing on these areas, the candidate can enhance their ability to conduct thorough analyses and provide well-founded recommendations in future consulting case interviews.","[""Interviewer: Your client is CF Baluarte Levante, a mid-sized Spanish football club. After being promoted to La Liga in 2019, the club took on significant debt to fund player signings and was relegated back to Segunda Division in 2023. Since relegation, profitability has deteriorated sharply. The majority owner, a US private equity fund, wants to understand why and what levers are available to improve performance within the next 18 months."", ""Candidate: To understand the profitability decline, we should first analyze the changes in revenue streams, cost base, and the timing of available levers. Let's start by understanding the current revenue streams and their changes since relegation."", ""Interviewer: What specific revenue streams have been affected since the club's relegation, and how have they changed?"", ""Candidate: Let's start with broadcasting revenue. How has it changed since relegation?"", ""Interviewer: How has broadcasting revenue specifically changed since the club's relegation, and what impact might this have on the overall revenue stream?"", ""Candidate: Let's start with broadcasting revenue. How has it changed since relegation?"", ""Interviewer: How has the broadcasting revenue changed since the club's relegation, and what impact might this have on the overall revenue stream?"", ""Interviewer: How has the broadcasting revenue changed since the club's relegation, and what impact might this have on the overall revenue stream?"", ""Candidate: Let's start with broadcasting revenue. How has it changed since relegation?"", ""Interviewer: How has the broadcasting revenue changed since the club's relegation, and what impact might this have on the overall revenue stream?"", ""Candidate: Let's start with broadcasting revenue. How has it changed since relegation?"", ""Interviewer: How has broadcasting revenue changed since the club's relegation, and what impact might this have on the overall revenue stream?"", ""Candidate: Let's start with broadcasting revenue. How has it changed since relegation?"", ""Interviewer: How has broadcasting revenue changed since the club's relegation, and what impact might this have on the overall revenue stream?"", ""Eval Case Performance: structured case-performance assessment completed."", ""Eval Dialog Quality: structured interaction-quality assessment completed."", ""Give Feedback: ### Final Feedback Report\n\n#### Strengths:\n1. **Focus on Key Revenue Stream**: The candidate demonstrated an understanding of the importance of analyzing revenue streams, specifically targeting broadcasting revenue as a critical area affected by relegation.\n2. **Initiation of Analysis**: By starting with broadcasting revenue, the candidate showed awareness that changes in this stream could significantly impact overall profitability.\n\n#### Weaknesses:\n1. **Lack of Depth and Progression**: The candidate repeatedly asked about broadcasting revenue without progressing to analyze or discuss its implications on the club's financial situation.\n2. **Absence of Recommendations**: There was no final recommendation provided, nor were there any proposed levers for improving performance within the 18-month timeframe.\n\n#### Improvement Priority:\n- **Developing a Structured Approach**: The candidate should focus on developing a structured approach to case analysis. This includes forming hypotheses about potential issues (e.g., reduced broadcasting revenue) and testing these against available data or logical assumptions.\n- **Progression in Analysis**: It is crucial to move beyond initial questions and delve into the implications of changes in revenue streams, costs, and other financial metrics.\n- **Formulating Recommendations**: The candidate should work on synthesizing their analysis into actionable recommendations. This involves identifying specific levers for improvement and outlining next steps that logically follow from the identified risks.\n\n#### Methodological Guidance:\n- **Hypothesis-driven Reasoning**: Formulate early guesses about potential causes of profitability decline and test these against evidence.\n- **Structured Frameworks**: Use frameworks to give initial shape to the problem, adapting them as needed rather than reciting them verbatim.\n- **Recommendation Development**: Ensure recommendations are specific, actionable, and directly tied to insights gained during the analysis. Avoid generic advice that does not stem from the case discussion.\n\nBy focusing on these areas, the candidate can enhance their ability to conduct thorough analyses and provide well-founded recommendations in future consulting case interviews.""]",[],"{""case_opening"": {""score"": ""not_tested"", ""rationale"": ""No rationale provided.""}, ""case_structure"": {""score"": ""not_tested"", ""rationale"": ""No rationale provided.""}, ""case_math_answer"": {""score"": ""not_tested"", ""rationale"": ""No rationale provided.""}, ""case_creative_answer"": {""score"": ""not_tested"", ""rationale"": ""No rationale provided.""}, ""final_recommendation"": {""score"": ""not_tested"", ""rationale"": ""No rationale provided.""}, ""overall_structure"": {""score"": ""not_tested"", ""rationale"": ""No rationale provided.""}, ""overall_problem_solving"": {""score"": ""not_tested"", ""rationale"": ""No rationale provided.""}, ""overall_communication"": {""score"": ""not_tested"", ""rationale"": ""No rationale provided.""}}","{""clarity_and_concision"": {""score"": ""not_tested"", ""rationale"": ""No rationale provided.""}, ""responsiveness_and_adaptation"": {""score"": ""not_tested"", ""rationale"": ""No rationale provided.""}, ""groundedness"": {""score"": ""not_tested"", ""rationale"": ""No rationale provided.""}, ""confidence_calibration"": {""score"": ""not_tested"", ""rationale"": ""No rationale provided.""}, ""multi_turn_coherence"": {""score"": ""not_tested"", ""rationale"": ""No rationale provided.""}}",not_tested,No rationale provided.,not_tested,No rationale provided.,not_tested,No rationale provided.,not_tested,No rationale provided.,not_tested,No rationale provided.,not_tested,No rationale provided.,not_tested,No rationale provided.,not_tested,No rationale provided.,not_tested,No rationale provided.,not_tested,No rationale provided.,not_tested,No rationale provided.,not_tested,No rationale provided.,not_tested,No rationale provided.
agentic,agentic_scenario_02_03_011_r02_20260712T170433Z,/Users/palomaperezdemadrid/Desktop/Dissertation/agentic-case-interview-coach/src/scenarios/synthetic-based/scenario_02_03.json,2,3,ok,,4,2,True,"### Final Feedback Report

#### Main Strengths:
1. **Focus on Key Revenue Streams**: The candidate demonstrated an understanding of the importance of analyzing revenue streams, specifically highlighting broadcasting revenue as a critical area to investigate.
2. **Structured Approach**: By proposing to start with identifying key revenue streams and their performance, the candidate showed an intent to structure the analysis effectively.

#### Main Weaknesses:
1. **Lack of Specific Data Utilization**: The candidate repeatedly asked for specific data on broadcasting revenue without providing any preliminary insights or assumptions based on general knowledge of football club finances.
2. **Inability to Progress Without Data**: The candidate struggled to move forward with the analysis due to a lack of available data, indicating an over-reliance on specific figures rather than using broader industry understanding or hypothetical reasoning.

#### Improvement Priority:
- **Hypothesis-Driven Reasoning**: The candidate should focus on developing and testing hypotheses even in the absence of complete data. This involves making educated guesses about potential impacts on revenue streams based on general trends in football club finances, such as the typical reduction in broadcasting revenue following relegation, and using these to guide further analysis.

#### Recommendations for Improvement:
- **Develop Hypotheses Early**: Formulate initial hypotheses about why profitability might have declined (e.g., reduced broadcasting revenue due to relegation) and test these against any available data or industry norms.
- **Use Broader Industry Knowledge**: Leverage general knowledge of football club operations to make informed assumptions, which can guide the analysis even when specific figures are not immediately available.
- **Progress with Available Information**: Continue the analysis by exploring other revenue streams or cost factors that might be affected by relegation, using logical reasoning and industry insights.

By focusing on these areas, the candidate can enhance their ability to conduct a thorough and insightful analysis under data constraints.","[""Interviewer: Your client is CF Baluarte Levante, a mid-sized Spanish football club. After being promoted to La Liga in 2019, the club took on significant debt to fund player signings and was relegated back to Segunda Division in 2023. Since relegation, profitability has deteriorated sharply. The majority owner, a US private equity fund, wants to understand why and what levers are available to improve performance within the next 18 months."", ""Candidate: To understand the profitability decline, we should first analyze the revenue streams, cost base, and the timing of levers available. Let's start by identifying the key revenue streams and their current performance."", ""Interviewer: Can you break down the current revenue streams and how they have been affected since the club's relegation?"", ""Candidate: Let's start with broadcasting revenue. How much has it decreased since relegation?"", ""Interviewer: How has broadcasting revenue specifically been affected since the club's relegation to Segunda Division?"", ""Candidate: Let's start with broadcasting revenue. How much has it decreased since relegation?"", ""Interviewer: Can you provide the current levels of broadcasting revenue before and after the club's relegation to Segunda Division?"", ""Interviewer: How has the broadcasting revenue specifically changed since the club's relegation to Segunda Division, and how does this compare to the overall revenue decline?"", ""Candidate: Let's start with broadcasting revenue. How much has it decreased since relegation?"", ""Interviewer: How has the broadcasting revenue specifically changed since the club's relegation to Segunda Division, and how does this compare to the overall revenue decline?"", ""Candidate: Let's start with broadcasting revenue. How much has it decreased since relegation?"", ""Interviewer: How has the broadcasting revenue specifically changed since the club's relegation to Segunda Division, and how does this compare to the overall revenue decline?"", ""Candidate: Let's start with broadcasting revenue. How much has it decreased since relegation?"", ""Interviewer: Can you provide the current levels of broadcasting revenue before and after the club's relegation to Segunda Division, and how does this compare to the overall revenue decline?"", ""Eval Case Performance: structured case-performance assessment completed."", ""Eval Dialog Quality: structured interaction-quality assessment completed."", ""Give Feedback: ### Final Feedback Report\n\n#### Main Strengths:\n1. **Focus on Key Revenue Streams**: The candidate demonstrated an understanding of the importance of analyzing revenue streams, specifically highlighting broadcasting revenue as a critical area to investigate.\n2. **Structured Approach**: By proposing to start with identifying key revenue streams and their performance, the candidate showed an intent to structure the analysis effectively.\n\n#### Main Weaknesses:\n1. **Lack of Specific Data Utilization**: The candidate repeatedly asked for specific data on broadcasting revenue without providing any preliminary insights or assumptions based on general knowledge of football club finances.\n2. **Inability to Progress Without Data**: The candidate struggled to move forward with the analysis due to a lack of available data, indicating an over-reliance on specific figures rather than using broader industry understanding or hypothetical reasoning.\n\n#### Improvement Priority:\n- **Hypothesis-Driven Reasoning**: The candidate should focus on developing and testing hypotheses even in the absence of complete data. This involves making educated guesses about potential impacts on revenue streams based on general trends in football club finances, such as the typical reduction in broadcasting revenue following relegation, and using these to guide further analysis.\n\n#### Recommendations for Improvement:\n- **Develop Hypotheses Early**: Formulate initial hypotheses about why profitability might have declined (e.g., reduced broadcasting revenue due to relegation) and test these against any available data or industry norms.\n- **Use Broader Industry Knowledge**: Leverage general knowledge of football club operations to make informed assumptions, which can guide the analysis even when specific figures are not immediately available.\n- **Progress with Available Information**: Continue the analysis by exploring other revenue streams or cost factors that might be affected by relegation, using logical reasoning and industry insights.\n\nBy focusing on these areas, the candidate can enhance their ability to conduct a thorough and insightful analysis under data constraints.""]",[],"{""case_opening"": {""score"": ""not_tested"", ""rationale"": ""No rationale provided.""}, ""case_structure"": {""score"": ""not_tested"", ""rationale"": ""No rationale provided.""}, ""case_math_answer"": {""score"": ""not_tested"", ""rationale"": ""No rationale provided.""}, ""case_creative_answer"": {""score"": ""not_tested"", ""rationale"": ""No rationale provided.""}, ""final_recommendation"": {""score"": ""not_tested"", ""rationale"": ""No rationale provided.""}, ""overall_structure"": {""score"": ""not_tested"", ""rationale"": ""No rationale provided.""}, ""overall_problem_solving"": {""score"": ""not_tested"", ""rationale"": ""No rationale provided.""}, ""overall_communication"": {""score"": ""not_tested"", ""rationale"": ""No rationale provided.""}}","{""clarity_and_concision"": {""score"": ""not_tested"", ""rationale"": ""No rationale provided.""}, ""responsiveness_and_adaptation"": {""score"": ""not_tested"", ""rationale"": ""No rationale provided.""}, ""groundedness"": {""score"": ""not_tested"", ""rationale"": ""No rationale provided.""}, ""confidence_calibration"": {""score"": ""not_tested"", ""rationale"": ""No rationale provided.""}, ""multi_turn_coherence"": {""score"": ""not_tested"", ""rationale"": ""No rationale provided.""}}",not_tested,No rationale provided.,not_tested,No rationale provided.,not_tested,No rationale provided.,not_tested,No rationale provided.,not_tested,No rationale provided.,not_tested,No rationale provided.,not_tested,No rationale provided.,not_tested,No rationale provided.,not_tested,No rationale provided.,not_tested,No rationale provided.,not_tested,No rationale provided.,not_tested,No rationale provided.,not_tested,No rationale provided.
agentic,agentic_scenario_02_03_011_r03_20260712T170433Z,/Users/palomaperezdemadrid/Desktop/Dissertation/agentic-case-interview-coach/src/scenarios/synthetic-based/scenario_02_03.json,3,3,ok,,4,2,True,"### Final Feedback Report

#### Main Strengths:
1. **Focus on Key Revenue Streams**: The candidate demonstrated a clear understanding that analyzing changes in revenue streams is crucial for diagnosing profitability issues. This aligns with best practices where candidates are encouraged to break down and understand each component of financial performance.

2. **Initiation of Analysis**: By starting the analysis with broadcasting revenue, the candidate showed an awareness of its potential impact on overall profitability, which is a logical first step given the club's relegation context.

#### Main Weaknesses:
1. **Lack of Specific Data and Evidence**: The candidate repeatedly asked for specific figures regarding broadcasting revenue without providing any initial estimates or insights based on general knowledge. This indicates a gap in applying hypothesis-driven reasoning, where candidates are expected to form early guesses and test them against available evidence.

2. **Inability to Progress the Analysis**: Despite recognizing the importance of understanding changes in revenue streams, the candidate did not effectively move beyond broadcasting revenue to other areas such as matchday, merchandising, transfers, or sponsorship. This lack of progression suggests a need for better structuring and prioritization within the case analysis.

#### Improvement Priority:
- **Enhance Hypothesis-Driven Reasoning**: The candidate should focus on developing initial hypotheses about potential impacts on revenue streams based on general industry knowledge and then seek specific data to test these hypotheses. This approach would allow for more dynamic interaction with the interviewer and a deeper exploration of the case.

### Methodological Guidance:
- **Hypothesis Formation**: Candidates are encouraged to form early guesses about the causes of financial issues, such as relegation impacts, and use available information to refine these hypotheses.
  
- **Strategic Judgment Over Detailed Modeling**: In growth strategy cases like this one, strategic judgment is more critical than detailed financial modeling. The candidate should prioritize understanding strategic implications over exhaustive data collection.

By focusing on these areas, the candidate can improve their ability to navigate complex consulting cases effectively.","[""Interviewer: Your client is CF Baluarte Levante, a mid-sized Spanish football club. After being promoted to La Liga in 2019, the club took on significant debt to fund player signings and was relegated back to Segunda Division in 2023. Since relegation, profitability has deteriorated sharply. The majority owner, a US private equity fund, wants to understand why and what levers are available to improve performance within the next 18 months."", ""Candidate: To understand the profitability decline, we should first analyze the changes in revenue streams, cost base, and the timing of available levers. Let's start by understanding the current revenue streams and their changes since relegation."", ""Interviewer: Can you break down the current revenue streams and how they have changed since the club's relegation?"", ""Candidate: Let's start with the broadcasting revenue. How much has it decreased since relegation and what was the pre-relegation figure?"", ""Interviewer: Could you provide the current figures for broadcasting revenue before and after relegation, and explain how these changes might impact the club's profitability?"", ""Candidate: Let's start with the broadcasting revenue. How much has it decreased since relegation and what was the pre-relegation figure?"", ""Interviewer: Could you provide the current figures for broadcasting revenue before and after relegation, and explain how these changes might impact the club's profitability?"", ""Interviewer: How has the broadcasting revenue changed since the club's relegation, and what impact might this have on the overall profitability?"", ""Candidate: Let's start with the broadcasting revenue. How much has it decreased since relegation and what was the pre-relegation figure?"", ""Interviewer: How has the broadcasting revenue changed since the club's relegation, and what impact might this have on the overall profitability?"", ""Candidate: Let's start with the broadcasting revenue. How much has it decreased since relegation and what was the pre-relegation figure?"", ""Interviewer: Can you explain how the relegation to Segunda Division has specifically impacted each of the main revenue streams, such as broadcasting, matchday, merchandising, transfers, and sponsorship?"", ""Candidate: Let's start by understanding the impact of relegation on each of the main revenue streams."", ""Interviewer: How has the relegation to Segunda Division specifically impacted each of the main revenue streams, such as broadcasting, matchday, merchandising, transfers, and sponsorship, and what evidence do you have to support these impacts?"", ""Eval Case Performance: structured case-performance assessment completed."", ""Eval Dialog Quality: structured interaction-quality assessment completed."", ""Give Feedback: ### Final Feedback Report\n\n#### Main Strengths:\n1. **Focus on Key Revenue Streams**: The candidate demonstrated a clear understanding that analyzing changes in revenue streams is crucial for diagnosing profitability issues. This aligns with best practices where candidates are encouraged to break down and understand each component of financial performance.\n\n2. **Initiation of Analysis**: By starting the analysis with broadcasting revenue, the candidate showed an awareness of its potential impact on overall profitability, which is a logical first step given the club's relegation context.\n\n#### Main Weaknesses:\n1. **Lack of Specific Data and Evidence**: The candidate repeatedly asked for specific figures regarding broadcasting revenue without providing any initial estimates or insights based on general knowledge. This indicates a gap in applying hypothesis-driven reasoning, where candidates are expected to form early guesses and test them against available evidence.\n\n2. **Inability to Progress the Analysis**: Despite recognizing the importance of understanding changes in revenue streams, the candidate did not effectively move beyond broadcasting revenue to other areas such as matchday, merchandising, transfers, or sponsorship. This lack of progression suggests a need for better structuring and prioritization within the case analysis.\n\n#### Improvement Priority:\n- **Enhance Hypothesis-Driven Reasoning**: The candidate should focus on developing initial hypotheses about potential impacts on revenue streams based on general industry knowledge and then seek specific data to test these hypotheses. This approach would allow for more dynamic interaction with the interviewer and a deeper exploration of the case.\n\n### Methodological Guidance:\n- **Hypothesis Formation**: Candidates are encouraged to form early guesses about the causes of financial issues, such as relegation impacts, and use available information to refine these hypotheses.\n  \n- **Strategic Judgment Over Detailed Modeling**: In growth strategy cases like this one, strategic judgment is more critical than detailed financial modeling. The candidate should prioritize understanding strategic implications over exhaustive data collection.\n\nBy focusing on these areas, the candidate can improve their ability to navigate complex consulting cases effectively.""]",[],"{""case_opening"": {""score"": ""not_tested"", ""rationale"": ""No rationale provided.""}, ""case_structure"": {""score"": ""not_tested"", ""rationale"": ""No rationale provided.""}, ""case_math_answer"": {""score"": ""not_tested"", ""rationale"": ""No rationale provided.""}, ""case_creative_answer"": {""score"": ""not_tested"", ""rationale"": ""No rationale provided.""}, ""final_recommendation"": {""score"": ""not_tested"", ""rationale"": ""No rationale provided.""}, ""overall_structure"": {""score"": ""not_tested"", ""rationale"": ""No rationale provided.""}, ""overall_problem_solving"": {""score"": ""not_tested"", ""rationale"": ""No rationale provided.""}, ""overall_communication"": {""score"": ""not_tested"", ""rationale"": ""No rationale provided.""}}","{""clarity_and_concision"": {""score"": ""not_tested"", ""rationale"": ""No rationale provided.""}, ""responsiveness_and_adaptation"": {""score"": ""not_tested"", ""rationale"": ""No rationale provided.""}, ""groundedness"": {""score"": ""not_tested"", ""rationale"": ""No rationale provided.""}, ""confidence_calibration"": {""score"": ""not_tested"", ""rationale"": ""No rationale provided.""}, ""multi_turn_coherence"": {""score"": ""not_tested"", ""rationale"": ""No rationale provided.""}}",not_tested,No rationale provided.,not_tested,No rationale provided.,not_tested,No rationale provided.,not_tested,No rationale provided.,not_tested,No rationale provided.,not_tested,No rationale provided.,not_tested,No rationale provided.,not_tested,No rationale provided.,not_tested,No rationale provided.,not_tested,No rationale provided.,not_tested,No rationale provided.,not_tested,No rationale provided.,not_tested,No rationale provided.
agentic,agentic_scenario_02_04_012_r01_20260712T170433Z,/Users/palomaperezdemadrid/Desktop/Dissertation/agentic-case-interview-coach/src/scenarios/synthetic-based/scenario_02_04.json,1,3,ok,,4,2,True,"### Case Interview Feedback Report

#### Main Strengths:
- **Engagement with Context**: The candidate demonstrated a willingness to engage with the context provided by asking for specific financial figures (annual revenue and wage bill) early in the interview.

#### Main Weaknesses:
- **Lack of Initiative and Structure**: The candidate did not provide a clear recap or frame the business problem effectively. There was no evidence of creating a structured approach to analyze the case, such as using frameworks like Porter’s Five Forces or hypothesis-driven reasoning.
- **Inability to Drive Analysis**: The candidate repeatedly asked for clarification on how revenue and wage bill figures relate to profitability issues without progressing towards an analysis or solution.
- **Communication Issues**: There was a lack of confidence in communication, making it difficult to follow the candidate's thought process. This also suggests potential challenges in collaboration.

#### Improvement Priority:
- **Developing Analytical Frameworks**: The candidate should focus on learning how to structure their approach using frameworks and hypothesis-driven reasoning. This involves breaking down complex problems into manageable parts and testing initial assumptions against available data.
  
### Recommendations for Improvement:
1. **Practice Structuring Cases**: Familiarize yourself with common frameworks (e.g., Porter’s Five Forces, the Three Cs) and practice applying them to different scenarios. This will help in organizing thoughts and presenting a coherent analysis.
   
2. **Enhance Communication Skills**: Work on articulating your thought process clearly and confidently. Practice explaining complex ideas succinctly and ensure that each point logically follows from the previous one.

3. **Engage with Hypothesis-Driven Reasoning**: Develop an early hypothesis about potential causes of profitability issues and test it against available data. This approach will help in narrowing down the analysis to relevant factors.

By focusing on these areas, the candidate can improve their ability to lead a case effectively, demonstrate problem-solving skills, and communicate insights clearly.","[""Interviewer: Your client is CF Baluarte Levante, a mid-sized Spanish football club. After being promoted to La Liga in 2019, the club took on significant debt to fund player signings and was relegated back to Segunda Division in 2023. Since relegation, profitability has deteriorated sharply. The majority owner, a US private equity fund, wants to understand why and what levers are available to improve performance within the next 18 months."", ""Candidate: Thank you for the context. To start, could you please provide the current annual revenue and the wage bill for CF Baluarte Levante?"", ""Interviewer: Could you explain how the current revenue and wage bill figures relate to the profitability issues CF Baluarte Levante is facing?"", ""Candidate: Could you please explain how the current revenue and wage bill figures relate to the profitability issues CF Baluarte Levante is facing?"", ""Interviewer: Could you explain how the current revenue and wage bill figures, along with the changes since relegation, relate to the profitability issues CF Baluarte Levante is facing?"", ""Candidate: Could you please explain how the current revenue and wage bill figures, along with the changes since relegation, relate to the profitability issues CF Baluarte Levante is facing?"", ""Interviewer: Could you explain how the current revenue and wage bill figures, along with the changes since relegation, relate to the profitability issues CF Baluarte Levante is facing?"", ""Interviewer: Could you explain how the current revenue and wage bill figures, along with the changes since relegation, relate to the profitability issues CF Baluarte Levante is facing?"", ""Candidate: Could you please explain how the current revenue and wage bill figures, along with the changes since relegation, relate to the profitability issues CF Baluarte Levante is facing?"", ""Interviewer: Could you explain how the current revenue and wage bill figures, along with the changes since relegation, relate to the profitability issues CF Baluarte Levante is facing?"", ""Candidate: Could you please explain how the current revenue and wage bill figures, along with the changes since relegation, relate to the profitability issues CF Baluarte Levante is facing?"", ""Interviewer: Could you explain how the current revenue and wage bill figures, along with the changes since relegation, relate to the profitability issues CF Baluarte Levante is facing?"", ""Candidate: Could you please explain how the current revenue and wage bill figures, along with the changes since relegation, relate to the profitability issues CF Baluarte Levante is facing?"", ""Interviewer: Could you explain how the current revenue and wage bill figures, along with the changes since relegation, relate to the profitability issues CF Baluarte Levante is facing?"", ""Eval Case Performance: structured case-performance assessment completed."", ""Eval Dialog Quality: structured interaction-quality assessment completed."", ""Give Feedback: ### Case Interview Feedback Report\n\n#### Main Strengths:\n- **Engagement with Context**: The candidate demonstrated a willingness to engage with the context provided by asking for specific financial figures (annual revenue and wage bill) early in the interview.\n\n#### Main Weaknesses:\n- **Lack of Initiative and Structure**: The candidate did not provide a clear recap or frame the business problem effectively. There was no evidence of creating a structured approach to analyze the case, such as using frameworks like Porter’s Five Forces or hypothesis-driven reasoning.\n- **Inability to Drive Analysis**: The candidate repeatedly asked for clarification on how revenue and wage bill figures relate to profitability issues without progressing towards an analysis or solution.\n- **Communication Issues**: There was a lack of confidence in communication, making it difficult to follow the candidate's thought process. This also suggests potential challenges in collaboration.\n\n#### Improvement Priority:\n- **Developing Analytical Frameworks**: The candidate should focus on learning how to structure their approach using frameworks and hypothesis-driven reasoning. This involves breaking down complex problems into manageable parts and testing initial assumptions against available data.\n  \n### Recommendations for Improvement:\n1. **Practice Structuring Cases**: Familiarize yourself with common frameworks (e.g., Porter’s Five Forces, the Three Cs) and practice applying them to different scenarios. This will help in organizing thoughts and presenting a coherent analysis.\n   \n2. **Enhance Communication Skills**: Work on articulating your thought process clearly and confidently. Practice explaining complex ideas succinctly and ensure that each point logically follows from the previous one.\n\n3. **Engage with Hypothesis-Driven Reasoning**: Develop an early hypothesis about potential causes of profitability issues and test it against available data. This approach will help in narrowing down the analysis to relevant factors.\n\nBy focusing on these areas, the candidate can improve their ability to lead a case effectively, demonstrate problem-solving skills, and communicate insights clearly.""]",[],"{""case_opening"": {""score"": 1, ""rationale"": ""The candidate does not provide a clear recap of the prompt and does not ask relevant questions to frame the business problem.""}, ""case_structure"": {""score"": ""not_tested"", ""rationale"": ""The transcript does not provide enough information to assess the candidate's ability to create a clear, case-specific, MECE and prioritized framework.""}, ""case_math_answer"": {""score"": ""not_tested"", ""rationale"": ""The transcript does not provide enough information to assess the candidate's quantitative setup, calculation process, accuracy, confidence, and ability to turn numbers into insights.""}, ""case_creative_answer"": {""score"": ""not_tested"", ""rationale"": ""The transcript does not provide enough information to assess the candidate's brainstorming, creativity, structure, rationale, and ability to generate additional ideas when challenged.""}, ""final_recommendation"": {""score"": ""not_tested"", ""rationale"": ""The transcript does not provide enough information to assess the candidate's ability to give a clear recommendation supported by case evidence, risks, and next steps.""}, ""overall_structure"": {""score"": 1, ""rationale"": ""The candidate does not lead the case and gets lost when asked to break big ideas into smaller pieces.""}, ""overall_problem_solving"": {""score"": 1, ""rationale"": ""The candidate does not gain a clear understanding of the business or business problem.""}, ""overall_communication"": {""score"": 1, ""rationale"": ""The candidate lacks confidence or would be difficult to work with.""}}","{""clarity_and_concision"": {""score"": ""not_tested"", ""rationale"": ""No rationale provided.""}, ""responsiveness_and_adaptation"": {""score"": ""not_tested"", ""rationale"": ""No rationale provided.""}, ""groundedness"": {""score"": ""not_tested"", ""rationale"": ""No rationale provided.""}, ""confidence_calibration"": {""score"": ""not_tested"", ""rationale"": ""No rationale provided.""}, ""multi_turn_coherence"": {""score"": ""not_tested"", ""rationale"": ""No rationale provided.""}}",1,The candidate does not provide a clear recap of the prompt and does not ask relevant questions to frame the business problem.,not_tested,"The transcript does not provide enough information to assess the candidate's ability to create a clear, case-specific, MECE and prioritized framework.",not_tested,"The transcript does not provide enough information to assess the candidate's quantitative setup, calculation process, accuracy, confidence, and ability to turn numbers into insights.",not_tested,"The transcript does not provide enough information to assess the candidate's brainstorming, creativity, structure, rationale, and ability to generate additional ideas when challenged.",not_tested,"The transcript does not provide enough information to assess the candidate's ability to give a clear recommendation supported by case evidence, risks, and next steps.",1,The candidate does not lead the case and gets lost when asked to break big ideas into smaller pieces.,1,The candidate does not gain a clear understanding of the business or business problem.,1,The candidate lacks confidence or would be difficult to work with.,not_tested,No rationale provided.,not_tested,No rationale provided.,not_tested,No rationale provided.,not_tested,No rationale provided.,not_tested,No rationale provided.
agentic,agentic_scenario_02_04_012_r02_20260712T170433Z,/Users/palomaperezdemadrid/Desktop/Dissertation/agentic-case-interview-coach/src/scenarios/synthetic-based/scenario_02_04.json,2,3,ok,,4,2,True,"### Case Interview Feedback Report

#### Main Strengths:
1. **Engagement with the Problem**: The candidate demonstrated a clear interest in understanding the financial dynamics of CF Baluarte Levante by repeatedly asking for specific figures related to revenue and wage bill.
2. **Focus on Key Financial Metrics**: By focusing on revenue, wage bill, and their impact on profitability, the candidate aligned with common practices in profitability cases.

#### Main Weaknesses:
1. **Lack of Initial Structure**: The candidate did not establish an initial framework or structure for analyzing the problem, which is crucial for guiding the analysis effectively.
2. **Repetitive Questioning**: The candidate repeatedly asked for the same information without progressing to deeper analysis or forming hypotheses based on available context.

#### Improvement Priority:
- **Develop Hypothesis-Driven Reasoning**: The candidate should focus on forming an initial hypothesis about the causes of profitability issues and test it against the provided data. This approach would help in structuring the analysis more effectively and moving beyond repetitive questioning.

### Recommendations for Improvement:
1. **Clarify Objectives Early**: Begin by clarifying the specific objectives of the case (e.g., improving profitability) to guide subsequent questions and analysis.
2. **Build an Initial Framework**: Use a structured approach, such as identifying key financial metrics or considering strategic options, to shape the problem before diving into details.
3. **Progress Analysis with Hypotheses**: Formulate hypotheses about potential causes of profitability issues (e.g., high wage bill relative to revenue) and test these against available data points.

By focusing on these areas, the candidate can enhance their ability to structure cases effectively and provide insightful recommendations.","[""Interviewer: Your client is CF Baluarte Levante, a mid-sized Spanish football club. After being promoted to La Liga in 2019, the club took on significant debt to fund player signings and was relegated back to Segunda Division in 2023. Since relegation, profitability has deteriorated sharply. The majority owner, a US private equity fund, wants to understand why and what levers are available to improve performance within the next 18 months."", ""Candidate: Thank you for the context. To start, could you please provide the current annual revenue and the wage bill for CF Baluarte Levante?"", ""Interviewer: Could you explain how the current revenue and wage bill figures relate to the profitability issues CF Baluarte Levante is facing?"", ""Candidate: Could you explain how the current revenue and wage bill figures relate to the profitability issues CF Baluarte Levante is facing?"", ""Interviewer: Could you explain how the current revenue and wage bill figures, along with the changes since relegation, relate to the profitability issues CF Baluarte Levante is facing?"", ""Candidate: Could you explain how the current revenue and wage bill figures, along with the changes since relegation, relate to the profitability issues CF Baluarte Levante is facing?"", ""Interviewer: Could you explain how the current revenue and wage bill figures, along with the changes since relegation, relate to the profitability issues CF Baluarte Levante is facing, especially considering the recent stadium renovations and the impact on hospitality revenue?"", ""Interviewer: Could you explain how the current revenue and wage bill figures, along with the changes since relegation, relate to the profitability issues CF Baluarte Levante is facing, especially considering the recent stadium renovations and the impact on hospitality revenue?"", ""Candidate: Could you please provide the current annual revenue and the wage bill for CF Baluarte Levante?"", ""Interviewer: Could you explain how the current revenue and wage bill figures, along with the changes since relegation, relate to the profitability issues CF Baluarte Levante is facing, especially considering the recent stadium renovations and the impact on hospitality revenue?"", ""Candidate: Could you please provide the current annual revenue and the wage bill for CF Baluarte Levante?"", ""Interviewer: Could you explain how the current revenue and wage bill figures, along with the changes since relegation, relate to the profitability issues CF Baluarte Levante is facing, especially considering the recent stadium renovations and the impact on hospitality revenue?"", ""Candidate: Could you please provide the current annual revenue and the wage bill for CF Baluarte Levante?"", ""Interviewer: Could you explain how the current revenue and wage bill figures, along with the changes since relegation, relate to the profitability issues CF Baluarte Levante is facing, especially considering the recent stadium renovations and the impact on hospitality revenue?"", ""Eval Case Performance: structured case-performance assessment completed."", ""Eval Dialog Quality: structured interaction-quality assessment completed."", ""Give Feedback: ### Case Interview Feedback Report\n\n#### Main Strengths:\n1. **Engagement with the Problem**: The candidate demonstrated a clear interest in understanding the financial dynamics of CF Baluarte Levante by repeatedly asking for specific figures related to revenue and wage bill.\n2. **Focus on Key Financial Metrics**: By focusing on revenue, wage bill, and their impact on profitability, the candidate aligned with common practices in profitability cases.\n\n#### Main Weaknesses:\n1. **Lack of Initial Structure**: The candidate did not establish an initial framework or structure for analyzing the problem, which is crucial for guiding the analysis effectively.\n2. **Repetitive Questioning**: The candidate repeatedly asked for the same information without progressing to deeper analysis or forming hypotheses based on available context.\n\n#### Improvement Priority:\n- **Develop Hypothesis-Driven Reasoning**: The candidate should focus on forming an initial hypothesis about the causes of profitability issues and test it against the provided data. This approach would help in structuring the analysis more effectively and moving beyond repetitive questioning.\n\n### Recommendations for Improvement:\n1. **Clarify Objectives Early**: Begin by clarifying the specific objectives of the case (e.g., improving profitability) to guide subsequent questions and analysis.\n2. **Build an Initial Framework**: Use a structured approach, such as identifying key financial metrics or considering strategic options, to shape the problem before diving into details.\n3. **Progress Analysis with Hypotheses**: Formulate hypotheses about potential causes of profitability issues (e.g., high wage bill relative to revenue) and test these against available data points.\n\nBy focusing on these areas, the candidate can enhance their ability to structure cases effectively and provide insightful recommendations.""]",[],"{""case_opening"": {""score"": ""not_tested"", ""rationale"": ""No rationale provided.""}, ""case_structure"": {""score"": ""not_tested"", ""rationale"": ""No rationale provided.""}, ""case_math_answer"": {""score"": ""not_tested"", ""rationale"": ""No rationale provided.""}, ""case_creative_answer"": {""score"": ""not_tested"", ""rationale"": ""No rationale provided.""}, ""final_recommendation"": {""score"": ""not_tested"", ""rationale"": ""No rationale provided.""}, ""overall_structure"": {""score"": ""not_tested"", ""rationale"": ""No rationale provided.""}, ""overall_problem_solving"": {""score"": ""not_tested"", ""rationale"": ""No rationale provided.""}, ""overall_communication"": {""score"": ""not_tested"", ""rationale"": ""No rationale provided.""}}","{""clarity_and_concision"": {""score"": ""not_tested"", ""rationale"": ""No rationale provided.""}, ""responsiveness_and_adaptation"": {""score"": ""not_tested"", ""rationale"": ""No rationale provided.""}, ""groundedness"": {""score"": ""not_tested"", ""rationale"": ""No rationale provided.""}, ""confidence_calibration"": {""score"": ""not_tested"", ""rationale"": ""No rationale provided.""}, ""multi_turn_coherence"": {""score"": ""not_tested"", ""rationale"": ""No rationale provided.""}}",not_tested,No rationale provided.,not_tested,No rationale provided.,not_tested,No rationale provided.,not_tested,No rationale provided.,not_tested,No rationale provided.,not_tested,No rationale provided.,not_tested,No rationale provided.,not_tested,No rationale provided.,not_tested,No rationale provided.,not_tested,No rationale provided.,not_tested,No rationale provided.,not_tested,No rationale provided.,not_tested,No rationale provided.
agentic,agentic_scenario_02_04_012_r03_20260712T170433Z,/Users/palomaperezdemadrid/Desktop/Dissertation/agentic-case-interview-coach/src/scenarios/synthetic-based/scenario_02_04.json,3,3,ok,,4,2,True,"### Case Interview Feedback Report

#### Main Strengths:
- **Objective Clarity**: The candidate consistently reiterated the objective of understanding CF Baluarte Levante's profitability issues post-relegation and identifying performance improvement levers within 18 months.

#### Main Weaknesses:
- **Lack of Responsiveness and Adaptation**: The candidate repeatedly asked for information that had already been provided by the interviewer, such as current profitability figures and target improvements. This indicates a failure to adapt to the flow of the conversation.
- **Repetitive Responses**: The candidate's responses were repetitive and lacked concision, failing to build on previous interactions or introduce new insights.
- **Poor Groundedness**: There was a lack of grounding in the provided information. The candidate did not utilize the data given by the interviewer effectively in their analysis.

#### Improvement Priority:
- **Enhance Responsiveness and Adaptation**: The candidate should focus on actively listening to the interviewer's responses and adapting their questions accordingly. This involves using the information provided to inform subsequent inquiries or analyses, rather than repeating requests for already supplied details.

### Recommendations for Future Interviews:

1. **Clarify and Utilize Provided Information**: When given data by the interviewer, use it immediately in your analysis or next question. For example, after being informed of the wage bill figures, calculate the necessary reduction to meet targets and discuss its implications on profitability.

2. **Develop Multi-Turn Coherence**: Build upon each piece of information shared during the interview to demonstrate a coherent understanding of the case as it evolves. This involves synthesizing data points into a cohesive analysis rather than treating them in isolation.

3. **Confidence Calibration**: Work on expressing your thoughts with more confidence and clarity, avoiding repetitive statements that may indicate uncertainty or lack of direction.

By focusing on these areas, the candidate can improve their performance in future case interviews, demonstrating both analytical acumen and effective communication skills.","[""Interviewer: Your client is CF Baluarte Levante, a mid-sized Spanish football club. After being promoted to La Liga in 2019, the club took on significant debt to fund player signings and was relegated back to Segunda Division in 2023. Since relegation, profitability has deteriorated sharply. The majority owner, a US private equity fund, wants to understand why and what levers are available to improve performance within the next 18 months."", ""Candidate: To clarify, the objective is to understand why CF Baluarte Levante's profitability has deteriorated after relegation and to identify levers to improve performance within the next 18 months. To start, could you provide the current profitability figures and the target improvement?"", ""Interviewer: Could you explain how the current revenue and cost structure might be mismatched after relegation?"", ""Candidate: To clarify, the objective is to understand why CF Baluarte Levante's profitability has deteriorated after relegation and to identify levers to improve performance within the next 18 months. To start, could you provide the current profitability figures and the target improvement?"", ""Interviewer: Could you explain how the current revenue and cost structure might be mismatched after relegation, particularly focusing on the wage bill?"", ""Candidate: To clarify, the objective is to understand why CF Baluarte Levante's profitability has deteriorated after relegation and to identify levers to improve performance within the next 18 months. To start, could you provide the current profitability figures and the target improvement?"", ""Interviewer: Given the current wage bill is 58.5M euros after a 10% reduction and the target is 42.25M euros to achieve a 65% wage-to-revenue ratio, how much further reduction is needed in the wage bill, and why is this the critical issue for profitability?"", ""Interviewer: Given the current wage bill is 58.5M euros after a 10% reduction and the target is 42.25M euros to achieve a 65% wage-to-revenue ratio, how much further reduction is needed in the wage bill, and why is this the critical issue for profitability?"", ""Candidate: Could you provide the current wage bill figure and the target wage bill to achieve a 65% wage-to-revenue ratio?"", ""Interviewer: Given the current wage bill is 58.5M euros after a 10% reduction and the target is 42.25M euros to achieve a 65% wage-to-revenue ratio, how much further reduction is needed in the wage bill, and why is this the critical issue for profitability?"", ""Candidate: Could you provide the current wage bill figure and the target wage bill to achieve a 65% wage-to-revenue ratio?"", ""Interviewer: Given the current wage bill is 58.5M euros after a 10% reduction and the target is 42.25M euros to achieve a 65% wage-to-revenue ratio, how much further reduction is needed in the wage bill, and why is this the critical issue for profitability?"", ""Candidate: Could you provide the current wage bill figure and the target wage bill to achieve a 65% wage-to-revenue ratio?"", ""Interviewer: Given the current wage bill is 58.5M euros after a 10% reduction and the target is 42.25M euros to achieve a 65% wage-to-revenue ratio, how much further reduction is needed in the wage bill, and why is this the critical issue for profitability?"", ""Eval Case Performance: structured case-performance assessment completed."", ""Eval Dialog Quality: structured interaction-quality assessment completed."", ""Give Feedback: ### Case Interview Feedback Report\n\n#### Main Strengths:\n- **Objective Clarity**: The candidate consistently reiterated the objective of understanding CF Baluarte Levante's profitability issues post-relegation and identifying performance improvement levers within 18 months.\n\n#### Main Weaknesses:\n- **Lack of Responsiveness and Adaptation**: The candidate repeatedly asked for information that had already been provided by the interviewer, such as current profitability figures and target improvements. This indicates a failure to adapt to the flow of the conversation.\n- **Repetitive Responses**: The candidate's responses were repetitive and lacked concision, failing to build on previous interactions or introduce new insights.\n- **Poor Groundedness**: There was a lack of grounding in the provided information. The candidate did not utilize the data given by the interviewer effectively in their analysis.\n\n#### Improvement Priority:\n- **Enhance Responsiveness and Adaptation**: The candidate should focus on actively listening to the interviewer's responses and adapting their questions accordingly. This involves using the information provided to inform subsequent inquiries or analyses, rather than repeating requests for already supplied details.\n\n### Recommendations for Future Interviews:\n\n1. **Clarify and Utilize Provided Information**: When given data by the interviewer, use it immediately in your analysis or next question. For example, after being informed of the wage bill figures, calculate the necessary reduction to meet targets and discuss its implications on profitability.\n\n2. **Develop Multi-Turn Coherence**: Build upon each piece of information shared during the interview to demonstrate a coherent understanding of the case as it evolves. This involves synthesizing data points into a cohesive analysis rather than treating them in isolation.\n\n3. **Confidence Calibration**: Work on expressing your thoughts with more confidence and clarity, avoiding repetitive statements that may indicate uncertainty or lack of direction.\n\nBy focusing on these areas, the candidate can improve their performance in future case interviews, demonstrating both analytical acumen and effective communication skills.""]",[],"{""case_opening"": {""score"": ""not_tested"", ""rationale"": ""No rationale provided.""}, ""case_structure"": {""score"": ""not_tested"", ""rationale"": ""No rationale provided.""}, ""case_math_answer"": {""score"": ""not_tested"", ""rationale"": ""No rationale provided.""}, ""case_creative_answer"": {""score"": ""not_tested"", ""rationale"": ""No rationale provided.""}, ""final_recommendation"": {""score"": ""not_tested"", ""rationale"": ""No rationale provided.""}, ""overall_structure"": {""score"": ""not_tested"", ""rationale"": ""No rationale provided.""}, ""overall_problem_solving"": {""score"": ""not_tested"", ""rationale"": ""No rationale provided.""}, ""overall_communication"": {""score"": ""not_tested"", ""rationale"": ""No rationale provided.""}}","{""clarity_and_concision"": {""score"": 2, ""rationale"": ""The candidate's responses are repetitive and lack concision. They repeat the objective multiple times without adding new insights or asking relevant questions.""}, ""responsiveness_and_adaptation"": {""score"": 1, ""rationale"": ""The candidate fails to adapt to the interviewer's questions and does not respond to the provided information. They continue to ask for the same information (current profitability figures and target improvement) despite the interviewer's attempts to provide new information.""}, ""groundedness"": {""score"": 1, ""rationale"": ""The candidate's responses are not grounded in the provided information. They do not use the data provided by the interviewer to inform their questions or analysis.""}, ""confidence_calibration"": {""score"": 2, ""rationale"": ""The candidate appears uncertain and lacks confidence in their responses. They repeat the objective multiple times, indicating a lack of clarity and confidence in their understanding of the case.""}, ""multi_turn_coherence"": {""score"": 1, ""rationale"": ""The candidate's responses lack coherence across multiple turns. They fail to build on previous information and do not demonstrate an understanding of the case that evolves over time.""}}",not_tested,No rationale provided.,not_tested,No rationale provided.,not_tested,No rationale provided.,not_tested,No rationale provided.,not_tested,No rationale provided.,not_tested,No rationale provided.,not_tested,No rationale provided.,not_tested,No rationale provided.,2,The candidate's responses are repetitive and lack concision. They repeat the objective multiple times without adding new insights or asking relevant questions.,1,The candidate fails to adapt to the interviewer's questions and does not respond to the provided information. They continue to ask for the same information (current profitability figures and target improvement) despite the interviewer's attempts to provide new information.,1,The candidate's responses are not grounded in the provided information. They do not use the data provided by the interviewer to inform their questions or analysis.,2,"The candidate appears uncertain and lacks confidence in their responses. They repeat the objective multiple times, indicating a lack of clarity and confidence in their understanding of the case.",1,The candidate's responses lack coherence across multiple turns. They fail to build on previous information and do not demonstrate an understanding of the case that evolves over time.
agentic,agentic_scenario_02_05_013_r01_20260712T170433Z,/Users/palomaperezdemadrid/Desktop/Dissertation/agentic-case-interview-coach/src/scenarios/synthetic-based/scenario_02_05.json,1,3,ok,,4,2,True,"### Feedback Report

#### Strengths:
1. **Focus on Key Financial Metric**: The candidate consistently identified and focused on the wage bill as a primary issue affecting profitability. This indicates an understanding that controlling costs is crucial for financial health, especially in sports clubs where player salaries often constitute a significant expense.

2. **Engagement with Interviewer**: The candidate actively engaged with the interviewer by asking clarifying questions about the current wage bill and its alignment with revenue targets. This demonstrates responsiveness and a willingness to gather necessary information before forming conclusions.

#### Weaknesses:
1. **Lack of Initial Analysis Framework**: The candidate did not provide an initial analysis or hypothesis-driven reasoning regarding the club's financial situation. Instead, they repeatedly asked questions about the wage bill without offering any preliminary insights or structured approach to understanding the broader financial context.

2. **Inability to Provide Recommendations**: There was no attempt to propose actionable recommendations or strategies for improving profitability within the given timeframe. The candidate focused on identifying issues but did not progress towards suggesting solutions.

3. **Limited Use of Financial Concepts**: While the wage bill was identified as a key issue, there was no exploration of other financial metrics or concepts such as fixed vs. variable costs, revenue streams, or market conditions that could provide a more comprehensive analysis.

#### Improvement Priority:
- **Developing an Initial Analysis Framework**: The candidate should focus on establishing a structured approach to analyze the club's financial situation. This includes forming hypotheses about potential causes of profitability issues and testing these against available data. By doing so, they can provide a clearer narrative and actionable insights during the interview.

### Methodological Guidance:
- **Hypothesis-driven Reasoning**: Candidates should form early guesses about the cause of a problem and test them against evidence rather than exploring every possibility equally.
- **Structured Approach**: Utilize frameworks like splitting profit into revenue and cost components to guide analysis, ensuring it follows where the evidence leads.
- **Actionable Recommendations**: Focus on providing strategic recommendations that align with the client's objectives and constraints.

By addressing these areas, the candidate can enhance their ability to deliver a comprehensive and insightful case interview performance.","[""Interviewer: Your client is CF Baluarte Levante, a mid-sized Spanish football club. After being promoted to La Liga in 2019, the club took on significant debt to fund player signings and was relegated back to Segunda Division in 2023. Since relegation, profitability has deteriorated sharply. The majority owner, a US private equity fund, wants to understand why and what levers are available to improve performance within the next 18 months."", ""Candidate: Thanks for the context. To start, could you provide the current wage bill and the target wage-to-revenue ratio the club should aim for in Segunda Division?"", ""Interviewer: Could you explain why you think the wage bill is the primary issue affecting profitability?"", ""Candidate: Could you explain why you think the wage bill is the primary issue affecting profitability?"", ""Interviewer: Could you explain how the current wage bill compares to the target wage-to-revenue ratio you mentioned?"", ""Candidate: Could you explain why you think the wage bill is the primary issue affecting profitability?"", ""Interviewer: Could you explain how the current wage bill compares to the target wage-to-revenue ratio you mentioned?"", ""Interviewer: Could you explain how the current wage bill compares to the target wage-to-revenue ratio you mentioned?"", ""Candidate: Could you explain why you think the wage bill is the primary issue affecting profitability?"", ""Interviewer: Could you explain why you think the current wage bill is not aligned with the club's current revenue and how this misalignment impacts profitability?"", ""Candidate: Could you explain why you think the wage bill is the primary issue affecting profitability?"", ""Interviewer: Could you explain how the current wage bill, which has only fallen by 10%, impacts profitability given the 35% drop in revenue?"", ""Candidate: Could you explain why you think the wage bill is the primary issue affecting profitability?"", ""Interviewer: Could you explain how the current wage bill, which has only fallen by 10%, impacts profitability given the 35% drop in revenue?"", ""Eval Case Performance: structured case-performance assessment completed."", ""Eval Dialog Quality: structured interaction-quality assessment completed."", ""Give Feedback: ### Feedback Report\n\n#### Strengths:\n1. **Focus on Key Financial Metric**: The candidate consistently identified and focused on the wage bill as a primary issue affecting profitability. This indicates an understanding that controlling costs is crucial for financial health, especially in sports clubs where player salaries often constitute a significant expense.\n\n2. **Engagement with Interviewer**: The candidate actively engaged with the interviewer by asking clarifying questions about the current wage bill and its alignment with revenue targets. This demonstrates responsiveness and a willingness to gather necessary information before forming conclusions.\n\n#### Weaknesses:\n1. **Lack of Initial Analysis Framework**: The candidate did not provide an initial analysis or hypothesis-driven reasoning regarding the club's financial situation. Instead, they repeatedly asked questions about the wage bill without offering any preliminary insights or structured approach to understanding the broader financial context.\n\n2. **Inability to Provide Recommendations**: There was no attempt to propose actionable recommendations or strategies for improving profitability within the given timeframe. The candidate focused on identifying issues but did not progress towards suggesting solutions.\n\n3. **Limited Use of Financial Concepts**: While the wage bill was identified as a key issue, there was no exploration of other financial metrics or concepts such as fixed vs. variable costs, revenue streams, or market conditions that could provide a more comprehensive analysis.\n\n#### Improvement Priority:\n- **Developing an Initial Analysis Framework**: The candidate should focus on establishing a structured approach to analyze the club's financial situation. This includes forming hypotheses about potential causes of profitability issues and testing these against available data. By doing so, they can provide a clearer narrative and actionable insights during the interview.\n\n### Methodological Guidance:\n- **Hypothesis-driven Reasoning**: Candidates should form early guesses about the cause of a problem and test them against evidence rather than exploring every possibility equally.\n- **Structured Approach**: Utilize frameworks like splitting profit into revenue and cost components to guide analysis, ensuring it follows where the evidence leads.\n- **Actionable Recommendations**: Focus on providing strategic recommendations that align with the client's objectives and constraints.\n\nBy addressing these areas, the candidate can enhance their ability to deliver a comprehensive and insightful case interview performance.""]",[],"{""case_opening"": {""score"": ""not_tested"", ""rationale"": ""No rationale provided.""}, ""case_structure"": {""score"": ""not_tested"", ""rationale"": ""No rationale provided.""}, ""case_math_answer"": {""score"": ""not_tested"", ""rationale"": ""No rationale provided.""}, ""case_creative_answer"": {""score"": ""not_tested"", ""rationale"": ""No rationale provided.""}, ""final_recommendation"": {""score"": ""not_tested"", ""rationale"": ""No rationale provided.""}, ""overall_structure"": {""score"": ""not_tested"", ""rationale"": ""No rationale provided.""}, ""overall_problem_solving"": {""score"": ""not_tested"", ""rationale"": ""No rationale provided.""}, ""overall_communication"": {""score"": ""not_tested"", ""rationale"": ""No rationale provided.""}}","{""clarity_and_concision"": {""score"": ""not_tested"", ""rationale"": ""No rationale provided.""}, ""responsiveness_and_adaptation"": {""score"": ""not_tested"", ""rationale"": ""No rationale provided.""}, ""groundedness"": {""score"": ""not_tested"", ""rationale"": ""No rationale provided.""}, ""confidence_calibration"": {""score"": ""not_tested"", ""rationale"": ""No rationale provided.""}, ""multi_turn_coherence"": {""score"": ""not_tested"", ""rationale"": ""No rationale provided.""}}",not_tested,No rationale provided.,not_tested,No rationale provided.,not_tested,No rationale provided.,not_tested,No rationale provided.,not_tested,No rationale provided.,not_tested,No rationale provided.,not_tested,No rationale provided.,not_tested,No rationale provided.,not_tested,No rationale provided.,not_tested,No rationale provided.,not_tested,No rationale provided.,not_tested,No rationale provided.,not_tested,No rationale provided.
agentic,agentic_scenario_02_05_013_r02_20260712T170433Z,/Users/palomaperezdemadrid/Desktop/Dissertation/agentic-case-interview-coach/src/scenarios/synthetic-based/scenario_02_05.json,2,3,ok,,4,2,True,"### Case Interview Feedback Report

#### Overview:
The candidate participated in a consulting case interview focused on CF Baluarte Levante, a Spanish football club facing financial challenges after relegation from La Liga. The primary objective was to understand the reasons behind deteriorating profitability and identify potential levers for improvement within 18 months.

#### Strengths:
1. **Engagement with Key Metrics**: The candidate consistently sought critical financial data (annual revenue and wage bill) necessary for analyzing the club's performance post-relegation.
2. **Focus on Financial Performance**: By repeatedly asking about revenue and wage bills, the candidate demonstrated an understanding of their importance in assessing financial health.

#### Weaknesses:
1. **Lack of Initial Structure**: The candidate did not establish a clear initial structure or framework for analysis, which is crucial for guiding subsequent discussions.
2. **Limited Problem-Solving Progression**: Despite asking relevant questions, there was no progression towards forming hypotheses or driving deeper into the problem-solving process.

#### Improvement Priority:
- **Developing an Initial Framework**: The candidate should focus on building a structured approach early in the interview. This involves restating the problem clearly and using frameworks like Porter’s Five Forces or hypothesis-driven reasoning to guide analysis. Establishing this structure would help in organizing thoughts, prioritizing questions, and moving towards actionable insights.

#### Recommendations:
- **Clarify Objectives Early**: Begin by clarifying the client's objectives (e.g., improving profitability) to tailor the analysis effectively.
- **Utilize Frameworks**: Apply a structured framework to shape the problem initially, adapting it as more information becomes available.
- **Formulate Hypotheses**: Develop early hypotheses about potential causes of financial issues and test them against available data.

By addressing these areas, the candidate can enhance their ability to conduct thorough and strategic analyses in future case interviews.","[""Interviewer: Your client is CF Baluarte Levante, a mid-sized Spanish football club. After being promoted to La Liga in 2019, the club took on significant debt to fund player signings and was relegated back to Segunda Division in 2023. Since relegation, profitability has deteriorated sharply. The majority owner, a US private equity fund, wants to understand why and what levers are available to improve performance within the next 18 months."", ""Candidate: Thanks for the context. To start, could you provide the current annual revenue and the wage bill for CF Baluarte Levante?"", ""Interviewer: Could you explain how the current revenue and wage bill figures relate to the club's financial performance after relegation?"", ""Candidate: Could you please provide the current annual revenue and the wage bill for CF Baluarte Levante?"", ""Interviewer: Could you explain how the current revenue and wage bill figures relate to the club's financial performance after relegation?"", ""Candidate: Could you please provide the current annual revenue and the wage bill for CF Baluarte Levante?"", ""Interviewer: Could you explain how the current revenue and wage bill figures relate to the club's financial performance after relegation?"", ""Interviewer: Could you explain how the current revenue and wage bill figures relate to the club's financial performance after relegation?"", ""Candidate: Could you please provide the current annual revenue and the wage bill for CF Baluarte Levante?"", ""Interviewer: Could you explain how the current revenue and wage bill figures relate to the club's financial performance after relegation?"", ""Candidate: Could you please provide the current annual revenue and the wage bill for CF Baluarte Levante?"", ""Interviewer: Could you explain how the current revenue and wage bill figures relate to the club's financial performance after relegation and why you think these are important metrics to consider?"", ""Candidate: Could you please provide the current annual revenue and the wage bill for CF Baluarte Levante?"", ""Interviewer: How do the current revenue and wage bill figures relate to the club's financial performance after relegation, and why do you think these are important metrics to consider?"", ""Eval Case Performance: structured case-performance assessment completed."", ""Eval Dialog Quality: structured interaction-quality assessment completed."", ""Give Feedback: ### Case Interview Feedback Report\n\n#### Overview:\nThe candidate participated in a consulting case interview focused on CF Baluarte Levante, a Spanish football club facing financial challenges after relegation from La Liga. The primary objective was to understand the reasons behind deteriorating profitability and identify potential levers for improvement within 18 months.\n\n#### Strengths:\n1. **Engagement with Key Metrics**: The candidate consistently sought critical financial data (annual revenue and wage bill) necessary for analyzing the club's performance post-relegation.\n2. **Focus on Financial Performance**: By repeatedly asking about revenue and wage bills, the candidate demonstrated an understanding of their importance in assessing financial health.\n\n#### Weaknesses:\n1. **Lack of Initial Structure**: The candidate did not establish a clear initial structure or framework for analysis, which is crucial for guiding subsequent discussions.\n2. **Limited Problem-Solving Progression**: Despite asking relevant questions, there was no progression towards forming hypotheses or driving deeper into the problem-solving process.\n\n#### Improvement Priority:\n- **Developing an Initial Framework**: The candidate should focus on building a structured approach early in the interview. This involves restating the problem clearly and using frameworks like Porter’s Five Forces or hypothesis-driven reasoning to guide analysis. Establishing this structure would help in organizing thoughts, prioritizing questions, and moving towards actionable insights.\n\n#### Recommendations:\n- **Clarify Objectives Early**: Begin by clarifying the client's objectives (e.g., improving profitability) to tailor the analysis effectively.\n- **Utilize Frameworks**: Apply a structured framework to shape the problem initially, adapting it as more information becomes available.\n- **Formulate Hypotheses**: Develop early hypotheses about potential causes of financial issues and test them against available data.\n\nBy addressing these areas, the candidate can enhance their ability to conduct thorough and strategic analyses in future case interviews.""]",[],"{""case_opening"": {""score"": ""not_tested"", ""rationale"": ""No rationale provided.""}, ""case_structure"": {""score"": ""not_tested"", ""rationale"": ""No rationale provided.""}, ""case_math_answer"": {""score"": ""not_tested"", ""rationale"": ""No rationale provided.""}, ""case_creative_answer"": {""score"": ""not_tested"", ""rationale"": ""No rationale provided.""}, ""final_recommendation"": {""score"": ""not_tested"", ""rationale"": ""No rationale provided.""}, ""overall_structure"": {""score"": ""not_tested"", ""rationale"": ""No rationale provided.""}, ""overall_problem_solving"": {""score"": ""not_tested"", ""rationale"": ""No rationale provided.""}, ""overall_communication"": {""score"": ""not_tested"", ""rationale"": ""No rationale provided.""}}","{""clarity_and_concision"": {""score"": ""not_tested"", ""rationale"": ""No rationale provided.""}, ""responsiveness_and_adaptation"": {""score"": ""not_tested"", ""rationale"": ""No rationale provided.""}, ""groundedness"": {""score"": ""not_tested"", ""rationale"": ""No rationale provided.""}, ""confidence_calibration"": {""score"": ""not_tested"", ""rationale"": ""No rationale provided.""}, ""multi_turn_coherence"": {""score"": ""not_tested"", ""rationale"": ""No rationale provided.""}}",not_tested,No rationale provided.,not_tested,No rationale provided.,not_tested,No rationale provided.,not_tested,No rationale provided.,not_tested,No rationale provided.,not_tested,No rationale provided.,not_tested,No rationale provided.,not_tested,No rationale provided.,not_tested,No rationale provided.,not_tested,No rationale provided.,not_tested,No rationale provided.,not_tested,No rationale provided.,not_tested,No rationale provided.
agentic,agentic_scenario_02_05_013_r03_20260712T170433Z,/Users/palomaperezdemadrid/Desktop/Dissertation/agentic-case-interview-coach/src/scenarios/synthetic-based/scenario_02_05.json,3,3,ok,,4,2,True,"### Case Interview Feedback Report

#### Main Strengths:
1. **Focus on Revenue and Cost Analysis**: The candidate demonstrated a clear understanding of the importance of analyzing revenue streams and cost structures to address profitability issues, which is crucial for this type of case.
2. **Relevance to Client's Needs**: By focusing on immediate cash levers and long-term value creation, the candidate aligned their analysis with the client’s objectives.

#### Main Weaknesses:
1. **Lack of Initial Structure**: The candidate did not provide an initial structure or framework for their analysis, which is essential in organizing thoughts and guiding the interview.
2. **Over-reliance on Interviewer for Details**: The candidate repeatedly requested specific details from the interviewer without demonstrating how they would approach the problem independently.

#### Improvement Priority:
- **Developing a Structured Approach**: The candidate should focus on building an initial structure or framework to guide their analysis, such as using business judgment frameworks (e.g., Porter’s Five Forces) to shape the problem and prioritize issues. This will help in organizing thoughts and demonstrating strategic thinking without over-relying on interviewer-provided data.

#### Additional Notes:
- **Clarity and Concision**: The candidate's responses were clear but lacked conciseness due to repeated requests for information.
- **Responsiveness and Adaptation**: While the candidate was responsive, they did not adapt their approach based on the lack of initial details provided by the interviewer.
- **Multi-turn Coherence**: The candidate maintained coherence in their focus on revenue and cost analysis across multiple turns.

By addressing these areas, particularly developing a structured approach to problem-solving, the candidate can enhance their performance in future case interviews.","[""Interviewer: Your client is CF Baluarte Levante, a mid-sized Spanish football club. After being promoted to La Liga in 2019, the club took on significant debt to fund player signings and was relegated back to Segunda Division in 2023. Since relegation, profitability has deteriorated sharply. The majority owner, a US private equity fund, wants to understand why and what levers are available to improve performance within the next 18 months."", ""Candidate: To understand the profitability deterioration, we should first analyze the revenue streams and cost base. Could you provide the current revenue breakdown and cost structure?"", ""Interviewer: Could you elaborate on how you plan to analyze the revenue streams and cost base?"", ""Candidate: To analyze the revenue streams and cost base, I'll first look at the current revenue breakdown and cost structure. Could you provide those details?"", ""Interviewer: Could you explain how you plan to distinguish between immediate cash levers and long-term value creation in your analysis of revenue streams and cost base?"", ""Candidate: To analyze the revenue streams and cost base, I'll first look at the current revenue breakdown and cost structure. Could you provide those details?"", ""Interviewer: Could you explain how you plan to map out the revenue streams and cost base, specifically how you will differentiate between broadcasting, matchday, merchandising, transfers, and sponsorship?"", ""Interviewer: Could you explain how you plan to map out the revenue streams, specifically how you will differentiate between broadcasting, matchday, merchandising, transfers, and sponsorship?"", ""Candidate: To analyze the revenue streams and cost base, I'll first look at the current revenue breakdown and cost structure. Could you provide those details?"", ""Interviewer: Could you explain how you plan to map out the cost base, specifically how you will differentiate between fixed costs like player wages and variable costs like matchday operations and transfers?"", ""Candidate: To analyze the revenue streams and cost base, I'll first look at the current revenue breakdown and cost structure. Could you provide those details?"", ""Interviewer: Could you explain how you plan to map out the cost base, specifically how you will differentiate between fixed costs like player wages and variable costs like matchday operations and transfers?"", ""Candidate: To analyze the revenue streams and cost base, I'll first look at the current revenue breakdown and cost structure. Could you provide those details?"", ""Interviewer: Could you explain how you plan to map out the cost base, specifically how you will differentiate between fixed costs like player wages and variable costs like matchday operations and transfers, and how this differentiation will help identify immediate cash levers and long-term value creation?"", ""Eval Case Performance: structured case-performance assessment completed."", ""Eval Dialog Quality: structured interaction-quality assessment completed."", ""Give Feedback: ### Case Interview Feedback Report\n\n#### Main Strengths:\n1. **Focus on Revenue and Cost Analysis**: The candidate demonstrated a clear understanding of the importance of analyzing revenue streams and cost structures to address profitability issues, which is crucial for this type of case.\n2. **Relevance to Client's Needs**: By focusing on immediate cash levers and long-term value creation, the candidate aligned their analysis with the client’s objectives.\n\n#### Main Weaknesses:\n1. **Lack of Initial Structure**: The candidate did not provide an initial structure or framework for their analysis, which is essential in organizing thoughts and guiding the interview.\n2. **Over-reliance on Interviewer for Details**: The candidate repeatedly requested specific details from the interviewer without demonstrating how they would approach the problem independently.\n\n#### Improvement Priority:\n- **Developing a Structured Approach**: The candidate should focus on building an initial structure or framework to guide their analysis, such as using business judgment frameworks (e.g., Porter’s Five Forces) to shape the problem and prioritize issues. This will help in organizing thoughts and demonstrating strategic thinking without over-relying on interviewer-provided data.\n\n#### Additional Notes:\n- **Clarity and Concision**: The candidate's responses were clear but lacked conciseness due to repeated requests for information.\n- **Responsiveness and Adaptation**: While the candidate was responsive, they did not adapt their approach based on the lack of initial details provided by the interviewer.\n- **Multi-turn Coherence**: The candidate maintained coherence in their focus on revenue and cost analysis across multiple turns.\n\nBy addressing these areas, particularly developing a structured approach to problem-solving, the candidate can enhance their performance in future case interviews.""]",[],"{""case_opening"": {""score"": ""not_tested"", ""rationale"": ""No rationale provided.""}, ""case_structure"": {""score"": ""not_tested"", ""rationale"": ""No rationale provided.""}, ""case_math_answer"": {""score"": ""not_tested"", ""rationale"": ""No rationale provided.""}, ""case_creative_answer"": {""score"": ""not_tested"", ""rationale"": ""No rationale provided.""}, ""final_recommendation"": {""score"": ""not_tested"", ""rationale"": ""No rationale provided.""}, ""overall_structure"": {""score"": ""not_tested"", ""rationale"": ""No rationale provided.""}, ""overall_problem_solving"": {""score"": ""not_tested"", ""rationale"": ""No rationale provided.""}, ""overall_communication"": {""score"": ""not_tested"", ""rationale"": ""No rationale provided.""}}","{""clarity_and_concision"": {""score"": ""not_tested"", ""rationale"": ""No rationale provided.""}, ""responsiveness_and_adaptation"": {""score"": ""not_tested"", ""rationale"": ""No rationale provided.""}, ""groundedness"": {""score"": ""not_tested"", ""rationale"": ""No rationale provided.""}, ""confidence_calibration"": {""score"": ""not_tested"", ""rationale"": ""No rationale provided.""}, ""multi_turn_coherence"": {""score"": ""not_tested"", ""rationale"": ""No rationale provided.""}}",not_tested,No rationale provided.,not_tested,No rationale provided.,not_tested,No rationale provided.,not_tested,No rationale provided.,not_tested,No rationale provided.,not_tested,No rationale provided.,not_tested,No rationale provided.,not_tested,No rationale provided.,not_tested,No rationale provided.,not_tested,No rationale provided.,not_tested,No rationale provided.,not_tested,No rationale provided.,not_tested,No rationale provided.
agentic,agentic_scenario_02_06_014_r01_20260712T170433Z,/Users/palomaperezdemadrid/Desktop/Dissertation/agentic-case-interview-coach/src/scenarios/synthetic-based/scenario_02_06.json,1,3,ok,,4,2,True,"### Case Interview Feedback Report

#### Main Strengths:
- **Initial Question Clarity**: The candidate began with a clear and relevant question about the wage bill as a percentage of revenue, indicating an understanding of financial metrics important for assessing profitability.

#### Main Weaknesses:
- **Lack of Responsiveness and Adaptation**: The candidate repeatedly asked the same question without adapting to the interviewer's requests for further explanation. This indicates a lack of responsiveness to feedback and failure to progress in their analysis.
- **Poor Multi-Turn Coherence**: Responses did not build upon each other, making it difficult to follow the candidate’s thought process or reasoning.
- **Low Confidence Calibration**: The repetition of questions without additional context suggests uncertainty in their analysis and an inability to confidently present their thoughts.

#### Improvement Priority:
The candidate should focus on improving their ability to adapt to interviewer cues and develop a coherent line of reasoning. This involves actively listening, responding appropriately to feedback, and building upon previous answers to demonstrate clear analytical thinking. Practicing how to explain assumptions and the rationale behind questions can also enhance confidence and clarity in communication.

#### Recommendations for Improvement:
1. **Practice Active Listening**: Engage with the interviewer's responses and use them to guide subsequent questions or explanations.
2. **Develop a Structured Approach**: Use frameworks (e.g., splitting profit into revenue and cost components) to structure analysis and ensure each response builds on the previous one.
3. **Enhance Explanation Skills**: Focus on explaining assumptions and reasoning behind questions, which will help in demonstrating confidence and clarity.

By addressing these areas, the candidate can improve their overall communication and problem-solving skills in case interviews.","[""Interviewer: Your client is CF Baluarte Levante, a mid-sized Spanish football club. After being promoted to La Liga in 2019, the club took on significant debt to fund player signings and was relegated back to Segunda Division in 2023. Since relegation, profitability has deteriorated sharply. The majority owner, a US private equity fund, wants to understand why and what levers are available to improve performance within the next 18 months."", ""Candidate: To start, could you provide the current wage bill and the target wage bill as a percentage of revenue?"", ""Interviewer: Could you explain why you think the wage bill is the primary issue affecting profitability?"", ""Candidate: Could you explain why you think the wage bill is the primary issue affecting profitability?"", ""Interviewer: Could you explain how the current wage bill relates to the revenue decline and why you believe it's the primary issue affecting profitability?"", ""Candidate: Could you explain how the current wage bill relates to the revenue decline and why you believe it's the primary issue affecting profitability?"", ""Interviewer: Could you explain how the current wage bill relates to the revenue decline and why you believe it's the primary issue affecting profitability?"", ""Interviewer: Could you explain how the current wage bill relates to the revenue decline and why you believe it's the primary issue affecting profitability?"", ""Candidate: Could you explain how the current wage bill relates to the revenue decline and why you believe it's the primary issue affecting profitability?"", ""Interviewer: Could you explain how the current wage bill relates to the revenue decline and why you believe it's the primary issue affecting profitability?"", ""Candidate: Could you explain how the current wage bill relates to the revenue decline and why you believe it's the primary issue affecting profitability?"", ""Interviewer: Could you explain how the current wage bill relates to the revenue decline and why you believe it's the primary issue affecting profitability?"", ""Candidate: Could you explain how the current wage bill relates to the revenue decline and why you believe it's the primary issue affecting profitability?"", ""Interviewer: How does the current wage bill relate to the revenue decline, and why do you believe it's the primary issue affecting profitability?"", ""Eval Case Performance: structured case-performance assessment completed."", ""Eval Dialog Quality: structured interaction-quality assessment completed."", ""Give Feedback: ### Case Interview Feedback Report\n\n#### Main Strengths:\n- **Initial Question Clarity**: The candidate began with a clear and relevant question about the wage bill as a percentage of revenue, indicating an understanding of financial metrics important for assessing profitability.\n\n#### Main Weaknesses:\n- **Lack of Responsiveness and Adaptation**: The candidate repeatedly asked the same question without adapting to the interviewer's requests for further explanation. This indicates a lack of responsiveness to feedback and failure to progress in their analysis.\n- **Poor Multi-Turn Coherence**: Responses did not build upon each other, making it difficult to follow the candidate’s thought process or reasoning.\n- **Low Confidence Calibration**: The repetition of questions without additional context suggests uncertainty in their analysis and an inability to confidently present their thoughts.\n\n#### Improvement Priority:\nThe candidate should focus on improving their ability to adapt to interviewer cues and develop a coherent line of reasoning. This involves actively listening, responding appropriately to feedback, and building upon previous answers to demonstrate clear analytical thinking. Practicing how to explain assumptions and the rationale behind questions can also enhance confidence and clarity in communication.\n\n#### Recommendations for Improvement:\n1. **Practice Active Listening**: Engage with the interviewer's responses and use them to guide subsequent questions or explanations.\n2. **Develop a Structured Approach**: Use frameworks (e.g., splitting profit into revenue and cost components) to structure analysis and ensure each response builds on the previous one.\n3. **Enhance Explanation Skills**: Focus on explaining assumptions and reasoning behind questions, which will help in demonstrating confidence and clarity.\n\nBy addressing these areas, the candidate can improve their overall communication and problem-solving skills in case interviews.""]",[],"{""case_opening"": {""score"": ""not_tested"", ""rationale"": ""No rationale provided.""}, ""case_structure"": {""score"": ""not_tested"", ""rationale"": ""No rationale provided.""}, ""case_math_answer"": {""score"": ""not_tested"", ""rationale"": ""No rationale provided.""}, ""case_creative_answer"": {""score"": ""not_tested"", ""rationale"": ""No rationale provided.""}, ""final_recommendation"": {""score"": ""not_tested"", ""rationale"": ""No rationale provided.""}, ""overall_structure"": {""score"": ""not_tested"", ""rationale"": ""No rationale provided.""}, ""overall_problem_solving"": {""score"": ""not_tested"", ""rationale"": ""No rationale provided.""}, ""overall_communication"": {""score"": ""not_tested"", ""rationale"": ""No rationale provided.""}}","{""clarity_and_concision"": {""score"": 2, ""rationale"": ""The candidate's initial question about the wage bill is clear, but the subsequent repetition of the same question without additional context or explanation makes the communication unclear and inefficient.""}, ""responsiveness_and_adaptation"": {""score"": 1, ""rationale"": ""The candidate does not adapt to the interviewer's repeated requests for explanation and instead continues to ask the same question, showing a lack of responsiveness to the interviewer's cues.""}, ""groundedness"": {""score"": ""not_tested"", ""rationale"": ""There is not enough information in the transcript to assess the candidate's ability to ground their analysis in data or evidence.""}, ""confidence_calibration"": {""score"": 1, ""rationale"": ""The candidate's repetition of the same question without additional context or explanation suggests a lack of confidence in their analysis and a failure to calibrate their confidence to the evidence.""}, ""multi_turn_coherence"": {""score"": 1, ""rationale"": ""The candidate's responses do not build on each other or demonstrate a clear line of reasoning, making it difficult to follow their thought process.""}}",not_tested,No rationale provided.,not_tested,No rationale provided.,not_tested,No rationale provided.,not_tested,No rationale provided.,not_tested,No rationale provided.,not_tested,No rationale provided.,not_tested,No rationale provided.,not_tested,No rationale provided.,2,"The candidate's initial question about the wage bill is clear, but the subsequent repetition of the same question without additional context or explanation makes the communication unclear and inefficient.",1,"The candidate does not adapt to the interviewer's repeated requests for explanation and instead continues to ask the same question, showing a lack of responsiveness to the interviewer's cues.",not_tested,There is not enough information in the transcript to assess the candidate's ability to ground their analysis in data or evidence.,1,The candidate's repetition of the same question without additional context or explanation suggests a lack of confidence in their analysis and a failure to calibrate their confidence to the evidence.,1,"The candidate's responses do not build on each other or demonstrate a clear line of reasoning, making it difficult to follow their thought process."
agentic,agentic_scenario_02_06_014_r02_20260712T170433Z,/Users/palomaperezdemadrid/Desktop/Dissertation/agentic-case-interview-coach/src/scenarios/synthetic-based/scenario_02_06.json,2,3,ok,,4,2,True,"### Final Feedback Report

#### Candidate Performance Overview

**Main Strengths:**
- The candidate demonstrated an understanding of the importance of analyzing revenue streams to address profitability issues. This aligns with best practices in consulting cases where identifying key drivers is crucial.

**Main Weaknesses:**
- **Lack of Initiative:** The candidate repeatedly requested detailed breakdowns of revenue streams without attempting to hypothesize or explore potential changes based on general knowledge of football club operations.
- **Inability to Progress the Case:** Despite multiple prompts from the interviewer, the candidate did not advance the analysis or propose any initial hypotheses about how relegation might have impacted different revenue streams.

**Improvement Priority:**
- **Hypothesis-Driven Reasoning:** The candidate should focus on developing and testing early hypotheses based on limited information. This involves making educated guesses about potential impacts of relegation on revenue streams (e.g., reduced broadcasting revenue, lower matchday attendance) and using these to guide further questioning.

#### Structured Case Performance Scores

All structured case performance scores were marked as ""not_tested,"" indicating that the candidate did not sufficiently progress through key stages of the case analysis. This includes:

- **Case Opening:** The candidate failed to establish a clear understanding or direction for the case.
- **Case Structure and Problem Solving:** There was no evidence of structuring the problem or solving it effectively.
- **Final Recommendation:** No recommendation was provided, reflecting an incomplete analysis.

#### Structured Dialog Quality Scores

Similarly, all dialog quality scores were ""not_tested,"" highlighting issues in:

- **Clarity and Concision:** The candidate's repeated requests for data without offering insights or hypotheses did not demonstrate clear communication of thought processes.
- **Responsiveness and Adaptation:** The candidate did not adapt their approach based on the interviewer's prompts, missing opportunities to explore potential impacts of relegation.
- **Multi-Turn Coherence:** There was a lack of coherence in the dialogue, as the candidate did not build upon previous interactions or information provided by the interviewer.

#### Recommendations for Improvement

To enhance performance in future consulting case interviews, the candidate should:

1. **Develop Hypotheses Early:** Use general knowledge to form initial hypotheses about how relegation might affect revenue streams and test these with targeted questions.
2. **Engage Actively with Provided Information:** Instead of waiting for detailed data, use available information to guide analysis and propose potential impacts or solutions.
3. **Structure the Analysis:** Apply a structured framework (e.g., SWOT analysis) to organize thoughts and ensure comprehensive coverage of key areas.

By focusing on these areas, the candidate can improve their ability to conduct thorough analyses and provide actionable recommendations in consulting case interviews.","[""Interviewer: Your client is CF Baluarte Levante, a mid-sized Spanish football club. After being promoted to La Liga in 2019, the club took on significant debt to fund player signings and was relegated back to Segunda Division in 2023. Since relegation, profitability has deteriorated sharply. The majority owner, a US private equity fund, wants to understand why and what levers are available to improve performance within the next 18 months."", ""Candidate: To improve profitability, we should first understand the key drivers of the decline. Could you provide the breakdown of revenue streams and costs before and after relegation?"", ""Interviewer: Could you elaborate on how the revenue streams have changed since the club's relegation?"", ""Candidate: Could you please provide the breakdown of revenue streams before and after relegation?"", ""Interviewer: Could you provide the breakdown of revenue streams before and after relegation, including broadcasting, matchday, merchandising, transfers, and sponsorship?"", ""Candidate: Could you provide the breakdown of revenue streams before and after relegation, including broadcasting, matchday, merchandising, transfers, and sponsorship?"", ""Interviewer: Could you explain how the changes in each of the revenue streams—broadcasting, matchday, merchandising, transfers, and sponsorship—have contributed to the overall revenue decline since the club's relegation?"", ""Interviewer: How have the broadcasting, matchday, merchandising, transfers, and sponsorship revenue streams changed since the club's relegation?"", ""Candidate: Could you provide the breakdown of revenue streams before and after relegation, including broadcasting, matchday, merchandising, transfers, and sponsorship?"", ""Interviewer: How have the broadcasting, matchday, merchandising, transfers, and sponsorship revenue streams changed since the club's relegation, and what evidence do you have to support these changes?"", ""Candidate: Could you provide the breakdown of revenue streams before and after relegation, including broadcasting, matchday, merchandising, transfers, and sponsorship?"", ""Interviewer: How have the broadcasting, matchday, merchandising, transfers, and sponsorship revenue streams changed since the club's relegation, and what evidence do you have to support these changes?"", ""Candidate: Could you provide the breakdown of revenue streams before and after relegation, including broadcasting, matchday, merchandising, transfers, and sponsorship?"", ""Interviewer: How have the broadcasting, matchday, merchandising, transfers, and sponsorship revenue streams changed since the club's relegation, and what evidence do you have to support these changes?"", ""Eval Case Performance: structured case-performance assessment completed."", ""Eval Dialog Quality: structured interaction-quality assessment completed."", ""Give Feedback: ### Final Feedback Report\n\n#### Candidate Performance Overview\n\n**Main Strengths:**\n- The candidate demonstrated an understanding of the importance of analyzing revenue streams to address profitability issues. This aligns with best practices in consulting cases where identifying key drivers is crucial.\n\n**Main Weaknesses:**\n- **Lack of Initiative:** The candidate repeatedly requested detailed breakdowns of revenue streams without attempting to hypothesize or explore potential changes based on general knowledge of football club operations.\n- **Inability to Progress the Case:** Despite multiple prompts from the interviewer, the candidate did not advance the analysis or propose any initial hypotheses about how relegation might have impacted different revenue streams.\n\n**Improvement Priority:**\n- **Hypothesis-Driven Reasoning:** The candidate should focus on developing and testing early hypotheses based on limited information. This involves making educated guesses about potential impacts of relegation on revenue streams (e.g., reduced broadcasting revenue, lower matchday attendance) and using these to guide further questioning.\n\n#### Structured Case Performance Scores\n\nAll structured case performance scores were marked as \""not_tested,\"" indicating that the candidate did not sufficiently progress through key stages of the case analysis. This includes:\n\n- **Case Opening:** The candidate failed to establish a clear understanding or direction for the case.\n- **Case Structure and Problem Solving:** There was no evidence of structuring the problem or solving it effectively.\n- **Final Recommendation:** No recommendation was provided, reflecting an incomplete analysis.\n\n#### Structured Dialog Quality Scores\n\nSimilarly, all dialog quality scores were \""not_tested,\"" highlighting issues in:\n\n- **Clarity and Concision:** The candidate's repeated requests for data without offering insights or hypotheses did not demonstrate clear communication of thought processes.\n- **Responsiveness and Adaptation:** The candidate did not adapt their approach based on the interviewer's prompts, missing opportunities to explore potential impacts of relegation.\n- **Multi-Turn Coherence:** There was a lack of coherence in the dialogue, as the candidate did not build upon previous interactions or information provided by the interviewer.\n\n#### Recommendations for Improvement\n\nTo enhance performance in future consulting case interviews, the candidate should:\n\n1. **Develop Hypotheses Early:** Use general knowledge to form initial hypotheses about how relegation might affect revenue streams and test these with targeted questions.\n2. **Engage Actively with Provided Information:** Instead of waiting for detailed data, use available information to guide analysis and propose potential impacts or solutions.\n3. **Structure the Analysis:** Apply a structured framework (e.g., SWOT analysis) to organize thoughts and ensure comprehensive coverage of key areas.\n\nBy focusing on these areas, the candidate can improve their ability to conduct thorough analyses and provide actionable recommendations in consulting case interviews.""]",[],"{""case_opening"": {""score"": ""not_tested"", ""rationale"": ""No rationale provided.""}, ""case_structure"": {""score"": ""not_tested"", ""rationale"": ""No rationale provided.""}, ""case_math_answer"": {""score"": ""not_tested"", ""rationale"": ""No rationale provided.""}, ""case_creative_answer"": {""score"": ""not_tested"", ""rationale"": ""No rationale provided.""}, ""final_recommendation"": {""score"": ""not_tested"", ""rationale"": ""No rationale provided.""}, ""overall_structure"": {""score"": ""not_tested"", ""rationale"": ""No rationale provided.""}, ""overall_problem_solving"": {""score"": ""not_tested"", ""rationale"": ""No rationale provided.""}, ""overall_communication"": {""score"": ""not_tested"", ""rationale"": ""No rationale provided.""}}","{""clarity_and_concision"": {""score"": ""not_tested"", ""rationale"": ""No rationale provided.""}, ""responsiveness_and_adaptation"": {""score"": ""not_tested"", ""rationale"": ""No rationale provided.""}, ""groundedness"": {""score"": ""not_tested"", ""rationale"": ""No rationale provided.""}, ""confidence_calibration"": {""score"": ""not_tested"", ""rationale"": ""No rationale provided.""}, ""multi_turn_coherence"": {""score"": ""not_tested"", ""rationale"": ""No rationale provided.""}}",not_tested,No rationale provided.,not_tested,No rationale provided.,not_tested,No rationale provided.,not_tested,No rationale provided.,not_tested,No rationale provided.,not_tested,No rationale provided.,not_tested,No rationale provided.,not_tested,No rationale provided.,not_tested,No rationale provided.,not_tested,No rationale provided.,not_tested,No rationale provided.,not_tested,No rationale provided.,not_tested,No rationale provided.
agentic,agentic_scenario_02_06_014_r03_20260712T170433Z,/Users/palomaperezdemadrid/Desktop/Dissertation/agentic-case-interview-coach/src/scenarios/synthetic-based/scenario_02_06.json,3,3,ok,,4,2,True,"### Case Interview Feedback Report

#### Overview:
This report evaluates the candidate's performance in a consulting case interview focused on CF Baluarte Levante, a Spanish football club facing financial challenges after relegation. The assessment is based solely on the provided transcript and structured scores.

#### Main Strengths:
1. **Engagement with Key Financial Metrics**: The candidate consistently sought to understand critical financial metrics such as the wage bill and revenue post-relegation, indicating an awareness of their importance in assessing profitability.
2. **Focus on Revenue Streams**: By repeatedly asking about how relegation affected matchday and broadcasting revenues, the candidate demonstrated a targeted approach to identifying key areas impacting the club's financial health.

#### Main Weaknesses:
1. **Lack of Initiative in Analysis**: The candidate did not propose any analysis or next steps based on the information gathered. This indicates a missed opportunity to demonstrate problem-solving skills.
2. **Repetitive Questioning**: The candidate repeatedly asked for the same information without progressing the discussion, which may suggest uncertainty about how to proceed with the case.

#### Improvement Priority:
- **Developing Analytical Frameworks and Next Steps**: The candidate should focus on using gathered data to propose specific analyses or next steps. For example, after identifying revenue impacts, they could suggest examining whether these are due to price or volume issues, as highlighted in consulting best practices.

### Recommendations for Future Interviews:
1. **Initiate Analysis Early**: After gathering initial information, the candidate should begin analyzing potential causes and effects, such as how wage bills compare to revenues.
2. **Propose Next Steps**: Based on preliminary findings, suggest logical next steps or further analyses that align with identified risks or gaps in understanding.
3. **Avoid Repetition**: Ensure questions build upon previous discussions rather than repeating the same inquiries.

By addressing these areas, the candidate can enhance their ability to demonstrate structured problem-solving and effective communication during case interviews.","[""Interviewer: Your client is CF Baluarte Levante, a mid-sized Spanish football club. After being promoted to La Liga in 2019, the club took on significant debt to fund player signings and was relegated back to Segunda Division in 2023. Since relegation, profitability has deteriorated sharply. The majority owner, a US private equity fund, wants to understand why and what levers are available to improve performance within the next 18 months."", ""Candidate: Thanks for the context. To start, can you provide the current wage bill and the revenue after relegation?"", ""Interviewer: Can you explain how the current wage bill and revenue after relegation might be impacting the club's profitability?"", ""Candidate: Can you explain how the current wage bill and revenue after relegation might be impacting the club's profitability?"", ""Interviewer: Can you explain how the current wage bill and revenue after relegation might be impacting the club's profitability?"", ""Candidate: Can you explain how the current wage bill and revenue after relegation might be impacting the club's profitability?"", ""Interviewer: Can you explain how the current revenue and wage bill figures might indicate a cost base mismatch after relegation?"", ""Interviewer: Can you explain how the relegation to Segunda Division has specifically affected the club's revenue streams, particularly matchday and broadcasting revenues?"", ""Candidate: Can you provide the current wage bill and the revenue after relegation?"", ""Interviewer: How do you think the relegation to Segunda Division has specifically affected the club's revenue streams, particularly matchday and broadcasting revenues?"", ""Candidate: Can you provide the current wage bill and the revenue after relegation?"", ""Interviewer: How has the relegation to Segunda Division specifically affected the club's broadcasting and matchday revenue streams, and what evidence do you have to support this impact?"", ""Candidate: Can you provide the current wage bill and the revenue after relegation?"", ""Interviewer: How has the relegation to Segunda Division specifically affected the club's broadcasting and matchday revenue streams, and what evidence do you have to support this impact?"", ""Eval Case Performance: structured case-performance assessment completed."", ""Eval Dialog Quality: structured interaction-quality assessment completed."", ""Give Feedback: ### Case Interview Feedback Report\n\n#### Overview:\nThis report evaluates the candidate's performance in a consulting case interview focused on CF Baluarte Levante, a Spanish football club facing financial challenges after relegation. The assessment is based solely on the provided transcript and structured scores.\n\n#### Main Strengths:\n1. **Engagement with Key Financial Metrics**: The candidate consistently sought to understand critical financial metrics such as the wage bill and revenue post-relegation, indicating an awareness of their importance in assessing profitability.\n2. **Focus on Revenue Streams**: By repeatedly asking about how relegation affected matchday and broadcasting revenues, the candidate demonstrated a targeted approach to identifying key areas impacting the club's financial health.\n\n#### Main Weaknesses:\n1. **Lack of Initiative in Analysis**: The candidate did not propose any analysis or next steps based on the information gathered. This indicates a missed opportunity to demonstrate problem-solving skills.\n2. **Repetitive Questioning**: The candidate repeatedly asked for the same information without progressing the discussion, which may suggest uncertainty about how to proceed with the case.\n\n#### Improvement Priority:\n- **Developing Analytical Frameworks and Next Steps**: The candidate should focus on using gathered data to propose specific analyses or next steps. For example, after identifying revenue impacts, they could suggest examining whether these are due to price or volume issues, as highlighted in consulting best practices.\n\n### Recommendations for Future Interviews:\n1. **Initiate Analysis Early**: After gathering initial information, the candidate should begin analyzing potential causes and effects, such as how wage bills compare to revenues.\n2. **Propose Next Steps**: Based on preliminary findings, suggest logical next steps or further analyses that align with identified risks or gaps in understanding.\n3. **Avoid Repetition**: Ensure questions build upon previous discussions rather than repeating the same inquiries.\n\nBy addressing these areas, the candidate can enhance their ability to demonstrate structured problem-solving and effective communication during case interviews.""]",[],"{""case_opening"": {""score"": ""not_tested"", ""rationale"": ""No rationale provided.""}, ""case_structure"": {""score"": ""not_tested"", ""rationale"": ""No rationale provided.""}, ""case_math_answer"": {""score"": ""not_tested"", ""rationale"": ""No rationale provided.""}, ""case_creative_answer"": {""score"": ""not_tested"", ""rationale"": ""No rationale provided.""}, ""final_recommendation"": {""score"": ""not_tested"", ""rationale"": ""No rationale provided.""}, ""overall_structure"": {""score"": ""not_tested"", ""rationale"": ""No rationale provided.""}, ""overall_problem_solving"": {""score"": ""not_tested"", ""rationale"": ""No rationale provided.""}, ""overall_communication"": {""score"": ""not_tested"", ""rationale"": ""No rationale provided.""}}","{""clarity_and_concision"": {""score"": ""not_tested"", ""rationale"": ""No rationale provided.""}, ""responsiveness_and_adaptation"": {""score"": ""not_tested"", ""rationale"": ""No rationale provided.""}, ""groundedness"": {""score"": ""not_tested"", ""rationale"": ""No rationale provided.""}, ""confidence_calibration"": {""score"": ""not_tested"", ""rationale"": ""No rationale provided.""}, ""multi_turn_coherence"": {""score"": ""not_tested"", ""rationale"": ""No rationale provided.""}}",not_tested,No rationale provided.,not_tested,No rationale provided.,not_tested,No rationale provided.,not_tested,No rationale provided.,not_tested,No rationale provided.,not_tested,No rationale provided.,not_tested,No rationale provided.,not_tested,No rationale provided.,not_tested,No rationale provided.,not_tested,No rationale provided.,not_tested,No rationale provided.,not_tested,No rationale provided.,not_tested,No rationale provided.
agentic,agentic_scenario_02_07_015_r01_20260712T170433Z,/Users/palomaperezdemadrid/Desktop/Dissertation/agentic-case-interview-coach/src/scenarios/synthetic-based/scenario_02_07.json,1,3,ok,,4,2,True,"### Case Interview Feedback Report

#### Main Strengths:
1. **Proactive Questioning**: The candidate demonstrated a proactive approach by repeatedly asking for specific financial data (current wage bill and target wage-to-revenue ratio). This aligns with best practices where candidates are encouraged to ask questions before making assumptions, as it helps clarify the problem and ensures accurate analysis.

#### Main Weaknesses:
1. **Lack of Initial Analysis**: The candidate did not provide an initial structure or hypothesis-driven reasoning. They focused on obtaining data without offering any preliminary insights or hypotheses about why profitability might have deteriorated.
2. **Repetitive Questions**: The candidate repeatedly asked the same question regarding the wage bill and target ratio, indicating a potential lack of strategic thinking or adaptability in their approach.

#### Improvement Priority:
- **Developing Initial Structure and Hypotheses**: The candidate should focus on building an initial structure for analysis early in the interview. This involves restating the problem clearly, forming hypotheses about potential causes of profitability issues (e.g., high wage bill), and testing these against available data. This approach would demonstrate a deeper understanding of the case and improve their ability to drive meaningful analysis.

#### Additional Guidance:
- **Clarifying Objectives**: Understanding the precise objective is crucial. In this case, improving profitability within 18 months should guide the candidate's analysis and recommendations.
- **Strategic Judgment**: Given that this is a profitability case, the candidate should prioritize strategic judgment over detailed financial modeling. They should consider various levers to improve performance, such as cost management or revenue enhancement strategies.

By focusing on these areas, the candidate can enhance their problem-solving approach and communication effectiveness in future interviews.","[""Interviewer: Your client is CF Baluarte Levante, a mid-sized Spanish football club. After being promoted to La Liga in 2019, the club took on significant debt to fund player signings and was relegated back to Segunda Division in 2023. Since relegation, profitability has deteriorated sharply. The majority owner, a US private equity fund, wants to understand why and what levers are available to improve performance within the next 18 months."", ""Candidate: To start, could you provide the current wage bill and the target wage-to-revenue ratio for the club?"", ""Interviewer: Could you explain why you think the wage bill is the primary issue affecting profitability?"", ""Candidate: Could you please explain why you think the wage bill is the primary issue affecting profitability?"", ""Interviewer: Could you explain how the current wage bill compares to the target wage-to-revenue ratio and what that discrepancy might indicate?"", ""Candidate: To start, could you provide the current wage bill and the target wage-to-revenue ratio for the club?"", ""Interviewer: Could you explain how the current wage bill compares to the target wage-to-revenue ratio and what that discrepancy might indicate?"", ""Interviewer: Could you explain how the current wage bill compares to the target wage-to-revenue ratio and what that discrepancy might indicate?"", ""Candidate: To start, could you provide the current wage bill and the target wage-to-revenue ratio for the club?"", ""Interviewer: Could you explain how the current wage bill compares to the target wage-to-revenue ratio and what that discrepancy might indicate?"", ""Candidate: To start, could you provide the current wage bill and the target wage-to-revenue ratio for the club?"", ""Interviewer: Could you explain how the current wage bill compares to the target wage-to-revenue ratio and what that discrepancy might indicate?"", ""Candidate: To start, could you provide the current wage bill and the target wage-to-revenue ratio for the club?"", ""Interviewer: Could you explain how the current wage bill compares to the target wage-to-revenue ratio and what that discrepancy might indicate?"", ""Eval Case Performance: structured case-performance assessment completed."", ""Eval Dialog Quality: structured interaction-quality assessment completed."", ""Give Feedback: ### Case Interview Feedback Report\n\n#### Main Strengths:\n1. **Proactive Questioning**: The candidate demonstrated a proactive approach by repeatedly asking for specific financial data (current wage bill and target wage-to-revenue ratio). This aligns with best practices where candidates are encouraged to ask questions before making assumptions, as it helps clarify the problem and ensures accurate analysis.\n\n#### Main Weaknesses:\n1. **Lack of Initial Analysis**: The candidate did not provide an initial structure or hypothesis-driven reasoning. They focused on obtaining data without offering any preliminary insights or hypotheses about why profitability might have deteriorated.\n2. **Repetitive Questions**: The candidate repeatedly asked the same question regarding the wage bill and target ratio, indicating a potential lack of strategic thinking or adaptability in their approach.\n\n#### Improvement Priority:\n- **Developing Initial Structure and Hypotheses**: The candidate should focus on building an initial structure for analysis early in the interview. This involves restating the problem clearly, forming hypotheses about potential causes of profitability issues (e.g., high wage bill), and testing these against available data. This approach would demonstrate a deeper understanding of the case and improve their ability to drive meaningful analysis.\n\n#### Additional Guidance:\n- **Clarifying Objectives**: Understanding the precise objective is crucial. In this case, improving profitability within 18 months should guide the candidate's analysis and recommendations.\n- **Strategic Judgment**: Given that this is a profitability case, the candidate should prioritize strategic judgment over detailed financial modeling. They should consider various levers to improve performance, such as cost management or revenue enhancement strategies.\n\nBy focusing on these areas, the candidate can enhance their problem-solving approach and communication effectiveness in future interviews.""]",[],"{""case_opening"": {""score"": ""not_tested"", ""rationale"": ""No rationale provided.""}, ""case_structure"": {""score"": ""not_tested"", ""rationale"": ""No rationale provided.""}, ""case_math_answer"": {""score"": ""not_tested"", ""rationale"": ""No rationale provided.""}, ""case_creative_answer"": {""score"": ""not_tested"", ""rationale"": ""No rationale provided.""}, ""final_recommendation"": {""score"": ""not_tested"", ""rationale"": ""No rationale provided.""}, ""overall_structure"": {""score"": ""not_tested"", ""rationale"": ""No rationale provided.""}, ""overall_problem_solving"": {""score"": ""not_tested"", ""rationale"": ""No rationale provided.""}, ""overall_communication"": {""score"": ""not_tested"", ""rationale"": ""No rationale provided.""}}","{""clarity_and_concision"": {""score"": ""not_tested"", ""rationale"": ""No rationale provided.""}, ""responsiveness_and_adaptation"": {""score"": ""not_tested"", ""rationale"": ""No rationale provided.""}, ""groundedness"": {""score"": ""not_tested"", ""rationale"": ""No rationale provided.""}, ""confidence_calibration"": {""score"": ""not_tested"", ""rationale"": ""No rationale provided.""}, ""multi_turn_coherence"": {""score"": ""not_tested"", ""rationale"": ""No rationale provided.""}}",not_tested,No rationale provided.,not_tested,No rationale provided.,not_tested,No rationale provided.,not_tested,No rationale provided.,not_tested,No rationale provided.,not_tested,No rationale provided.,not_tested,No rationale provided.,not_tested,No rationale provided.,not_tested,No rationale provided.,not_tested,No rationale provided.,not_tested,No rationale provided.,not_tested,No rationale provided.,not_tested,No rationale provided.
agentic,agentic_scenario_02_07_015_r02_20260712T170433Z,/Users/palomaperezdemadrid/Desktop/Dissertation/agentic-case-interview-coach/src/scenarios/synthetic-based/scenario_02_07.json,2,3,ok,,4,2,True,"**Consulting Case Interview Feedback Report**

**Candidate's Performance Overview:**

The candidate participated in an interview focused on analyzing the financial challenges faced by CF Baluarte Levante after relegation from La Liga. The primary objective was to understand why profitability deteriorated and identify potential levers for improvement.

**Main Strengths:**
- **Engagement with Key Financial Metrics:** The candidate consistently sought information about critical financial metrics, such as the wage bill and revenue figures post-relegation, indicating an understanding of their importance in assessing profitability.
  
**Main Weaknesses:**
- **Lack of Clarity and Concision:** Responses were repetitive and lacked clear explanations. The candidate repeatedly asked for the same data without effectively connecting it to the profitability issues or demonstrating a deeper analysis.
- **Poor Responsiveness and Adaptation:** Despite being provided with specific figures (10% reduction in wage bill and 35% reduction in revenue), the candidate did not adapt their line of questioning or integrate this information into their analysis.
- **Inadequate Multi-Turn Coherence:** The candidate's responses failed to build on previous interactions, showing a lack of progression in understanding or addressing the business problem.

**Improvement Priority:**
- **Enhance Responsiveness and Adaptation:** The candidate should focus on adapting their questions based on new information provided during the interview. This involves integrating given data into their analysis promptly and using it to explore deeper insights into the profitability issues, such as examining how changes in revenue and wage bill specifically impact financial health.

**Recommendations for Improvement:**
- **Develop a Structured Approach:** Utilize frameworks like hypothesis-driven reasoning to form initial guesses about the causes of profitability deterioration and test these against available data.
- **Improve Communication Skills:** Practice articulating thoughts clearly and concisely, ensuring each question or statement builds on previous ones and contributes to a coherent analysis.
- **Engage with Provided Data:** When specific figures are given, immediately incorporate them into the discussion to demonstrate understanding and analytical capability.

By focusing on these areas, the candidate can enhance their ability to conduct effective case interviews, demonstrating both analytical skills and adaptability in dynamic interview settings.","[""Interviewer: Your client is CF Baluarte Levante, a mid-sized Spanish football club. After being promoted to La Liga in 2019, the club took on significant debt to fund player signings and was relegated back to Segunda Division in 2023. Since relegation, profitability has deteriorated sharply. The majority owner, a US private equity fund, wants to understand why and what levers are available to improve performance within the next 18 months."", ""Candidate: Thanks for the context. To start, can you provide the current wage bill and the revenue after relegation?"", ""Interviewer: Can you explain why you think the wage bill is the primary issue affecting profitability after relegation?"", ""Candidate: I'd like to understand the current wage bill and revenue after relegation to better assess the profitability deterioration."", ""Interviewer: Can you explain how the current wage bill and revenue figures relate to the profitability deterioration after relegation?"", ""Candidate: I'd like to understand the current wage bill and revenue after relegation to better assess the profitability deterioration."", ""Interviewer: Can you explain how the current revenue and wage bill figures, especially the 10% reduction in the wage bill, relate to the profitability deterioration after relegation?"", ""Interviewer: Can you explain how the 10% reduction in the wage bill and the 35% reduction in revenue relate to the current profitability issues after relegation?"", ""Candidate: I'd like to understand the current wage bill and revenue after relegation to better assess the profitability deterioration."", ""Interviewer: Can you explain how the current revenue and wage bill figures, especially the 10% reduction in the wage bill, relate to the profitability deterioration after relegation?"", ""Candidate: I'd like to understand the current wage bill and revenue after relegation to better assess the profitability deterioration."", ""Interviewer: Can you explain how the current revenue and wage bill figures, especially the 10% reduction in the wage bill and the 35% reduction in revenue, relate to the profitability deterioration after relegation?"", ""Candidate: I'd like to understand the current wage bill and revenue after relegation to better assess the profitability deterioration."", ""Interviewer: Can you explain how the current revenue and wage bill figures, especially the 10% reduction in the wage bill and the 35% reduction in revenue, relate to the profitability deterioration after relegation?"", ""Eval Case Performance: structured case-performance assessment completed."", ""Eval Dialog Quality: structured interaction-quality assessment completed."", ""Give Feedback: **Consulting Case Interview Feedback Report**\n\n**Candidate's Performance Overview:**\n\nThe candidate participated in an interview focused on analyzing the financial challenges faced by CF Baluarte Levante after relegation from La Liga. The primary objective was to understand why profitability deteriorated and identify potential levers for improvement.\n\n**Main Strengths:**\n- **Engagement with Key Financial Metrics:** The candidate consistently sought information about critical financial metrics, such as the wage bill and revenue figures post-relegation, indicating an understanding of their importance in assessing profitability.\n  \n**Main Weaknesses:**\n- **Lack of Clarity and Concision:** Responses were repetitive and lacked clear explanations. The candidate repeatedly asked for the same data without effectively connecting it to the profitability issues or demonstrating a deeper analysis.\n- **Poor Responsiveness and Adaptation:** Despite being provided with specific figures (10% reduction in wage bill and 35% reduction in revenue), the candidate did not adapt their line of questioning or integrate this information into their analysis.\n- **Inadequate Multi-Turn Coherence:** The candidate's responses failed to build on previous interactions, showing a lack of progression in understanding or addressing the business problem.\n\n**Improvement Priority:**\n- **Enhance Responsiveness and Adaptation:** The candidate should focus on adapting their questions based on new information provided during the interview. This involves integrating given data into their analysis promptly and using it to explore deeper insights into the profitability issues, such as examining how changes in revenue and wage bill specifically impact financial health.\n\n**Recommendations for Improvement:**\n- **Develop a Structured Approach:** Utilize frameworks like hypothesis-driven reasoning to form initial guesses about the causes of profitability deterioration and test these against available data.\n- **Improve Communication Skills:** Practice articulating thoughts clearly and concisely, ensuring each question or statement builds on previous ones and contributes to a coherent analysis.\n- **Engage with Provided Data:** When specific figures are given, immediately incorporate them into the discussion to demonstrate understanding and analytical capability.\n\nBy focusing on these areas, the candidate can enhance their ability to conduct effective case interviews, demonstrating both analytical skills and adaptability in dynamic interview settings.""]",[],"{""case_opening"": {""score"": ""not_tested"", ""rationale"": ""No rationale provided.""}, ""case_structure"": {""score"": ""not_tested"", ""rationale"": ""No rationale provided.""}, ""case_math_answer"": {""score"": ""not_tested"", ""rationale"": ""No rationale provided.""}, ""case_creative_answer"": {""score"": ""not_tested"", ""rationale"": ""No rationale provided.""}, ""final_recommendation"": {""score"": ""not_tested"", ""rationale"": ""No rationale provided.""}, ""overall_structure"": {""score"": ""not_tested"", ""rationale"": ""No rationale provided.""}, ""overall_problem_solving"": {""score"": ""not_tested"", ""rationale"": ""No rationale provided.""}, ""overall_communication"": {""score"": ""not_tested"", ""rationale"": ""No rationale provided.""}}","{""clarity_and_concision"": {""score"": 2, ""rationale"": ""The candidate's responses are repetitive and lack clear explanation. They repeatedly ask for the current wage bill and revenue after relegation without providing a clear rationale or connecting it to the profitability deterioration.""}, ""responsiveness_and_adaptation"": {""score"": 1, ""rationale"": ""The candidate does not adapt to the interviewer's responses and continues to ask the same question despite being provided with relevant information (e.g., the 10% reduction in the wage bill and the 35% reduction in revenue).""}, ""groundedness"": {""score"": ""not_tested"", ""rationale"": ""The transcript does not provide enough information to assess the candidate's ability to ground their responses in data or evidence.""}, ""confidence_calibration"": {""score"": 2, ""rationale"": ""The candidate's responses lack confidence and clarity, and they do not demonstrate a clear understanding of the business problem or the data provided.""}, ""multi_turn_coherence"": {""score"": 1, ""rationale"": ""The candidate's responses are repetitive and do not demonstrate a clear understanding of the business problem or the data provided. They do not build on previous responses or adapt to new information.""}}",not_tested,No rationale provided.,not_tested,No rationale provided.,not_tested,No rationale provided.,not_tested,No rationale provided.,not_tested,No rationale provided.,not_tested,No rationale provided.,not_tested,No rationale provided.,not_tested,No rationale provided.,2,The candidate's responses are repetitive and lack clear explanation. They repeatedly ask for the current wage bill and revenue after relegation without providing a clear rationale or connecting it to the profitability deterioration.,1,"The candidate does not adapt to the interviewer's responses and continues to ask the same question despite being provided with relevant information (e.g., the 10% reduction in the wage bill and the 35% reduction in revenue).",not_tested,The transcript does not provide enough information to assess the candidate's ability to ground their responses in data or evidence.,2,"The candidate's responses lack confidence and clarity, and they do not demonstrate a clear understanding of the business problem or the data provided.",1,The candidate's responses are repetitive and do not demonstrate a clear understanding of the business problem or the data provided. They do not build on previous responses or adapt to new information.
agentic,agentic_scenario_02_07_015_r03_20260712T170433Z,/Users/palomaperezdemadrid/Desktop/Dissertation/agentic-case-interview-coach/src/scenarios/synthetic-based/scenario_02_07.json,3,3,ok,,4,2,True,"### Final Feedback Report

#### Overview:
The candidate participated in a consulting case interview focused on CF Baluarte Levante, a Spanish football club facing financial challenges after relegation from La Liga. The primary objective was to understand why profitability has deteriorated and identify levers for improvement within 18 months.

#### Strengths:
- **Engagement with the Interviewer:** The candidate consistently engaged with the interviewer by asking clarifying questions about key metrics, such as the current wage bill and target wage-to-revenue ratio. This indicates an understanding of the importance of these figures in financial analysis.
  
#### Weaknesses:
- **Lack of Initiative in Case Opening:** The candidate did not independently open the case or propose initial hypotheses regarding the club's financial issues. This is a critical step to demonstrate proactive problem-solving and strategic thinking.
- **Limited Analysis and Recommendations:** There was no evidence of structured analysis or development of recommendations. The candidate repeatedly asked for specific data without progressing towards forming a hypothesis-driven reasoning or suggesting potential solutions.

#### Improvement Priority:
- **Developing Hypothesis-Driven Reasoning:** The candidate should focus on forming early hypotheses about the club's financial challenges and testing these against available information. This approach would help in structuring the analysis and guiding subsequent questions more effectively.
  
#### Methodological Guidance:
- **Case Opening and Structure:** Strong candidates typically begin by restating the problem, clarifying objectives, and building an initial structure to guide their analysis. The candidate should practice opening cases with a clear understanding of the client's situation and potential strategic options.
- **Strategic Judgment Over Financial Modeling:** Given the nature of growth strategy cases, emphasis should be placed on evaluating strategic options rather than solely focusing on financial metrics.

By addressing these areas, the candidate can enhance their performance in future consulting case interviews.","[""Interviewer: Your client is CF Baluarte Levante, a mid-sized Spanish football club. After being promoted to La Liga in 2019, the club took on significant debt to fund player signings and was relegated back to Segunda Division in 2023. Since relegation, profitability has deteriorated sharply. The majority owner, a US private equity fund, wants to understand why and what levers are available to improve performance within the next 18 months."", ""Candidate: To start, could you provide the current wage bill and the target wage-to-revenue ratio for the club?"", ""Interviewer: Could you explain how the current wage bill compares to the target wage-to-revenue ratio and what steps the club might take to achieve this target?"", ""Candidate: Could you provide the current wage bill and the target wage-to-revenue ratio for the club?"", ""Interviewer: Could you explain how the current wage bill compares to the target wage-to-revenue ratio and what steps the club might take to achieve this target?"", ""Candidate: Could you provide the current wage bill and the target wage-to-revenue ratio for the club?"", ""Interviewer: Could you explain how the current wage bill compares to the target wage-to-revenue ratio and what steps the club might take to achieve this target?"", ""Interviewer: Could you explain how the current wage bill compares to the target wage-to-revenue ratio and what steps the club might take to achieve this target?"", ""Candidate: Could you provide the current wage bill and the target wage-to-revenue ratio for the club?"", ""Interviewer: Could you explain how the current wage bill compares to the target wage-to-revenue ratio and what steps the club might take to achieve this target?"", ""Candidate: Could you provide the current wage bill and the target wage-to-revenue ratio for the club?"", ""Interviewer: Could you explain how the current wage bill compares to the target wage-to-revenue ratio and what steps the club might take to achieve this target?"", ""Candidate: Could you provide the current wage bill and the target wage-to-revenue ratio for the club?"", ""Interviewer: Could you explain how the current wage bill compares to the target wage-to-revenue ratio and what steps the club might take to achieve this target?"", ""Eval Case Performance: structured case-performance assessment completed."", ""Eval Dialog Quality: structured interaction-quality assessment completed."", ""Give Feedback: ### Final Feedback Report\n\n#### Overview:\nThe candidate participated in a consulting case interview focused on CF Baluarte Levante, a Spanish football club facing financial challenges after relegation from La Liga. The primary objective was to understand why profitability has deteriorated and identify levers for improvement within 18 months.\n\n#### Strengths:\n- **Engagement with the Interviewer:** The candidate consistently engaged with the interviewer by asking clarifying questions about key metrics, such as the current wage bill and target wage-to-revenue ratio. This indicates an understanding of the importance of these figures in financial analysis.\n  \n#### Weaknesses:\n- **Lack of Initiative in Case Opening:** The candidate did not independently open the case or propose initial hypotheses regarding the club's financial issues. This is a critical step to demonstrate proactive problem-solving and strategic thinking.\n- **Limited Analysis and Recommendations:** There was no evidence of structured analysis or development of recommendations. The candidate repeatedly asked for specific data without progressing towards forming a hypothesis-driven reasoning or suggesting potential solutions.\n\n#### Improvement Priority:\n- **Developing Hypothesis-Driven Reasoning:** The candidate should focus on forming early hypotheses about the club's financial challenges and testing these against available information. This approach would help in structuring the analysis and guiding subsequent questions more effectively.\n  \n#### Methodological Guidance:\n- **Case Opening and Structure:** Strong candidates typically begin by restating the problem, clarifying objectives, and building an initial structure to guide their analysis. The candidate should practice opening cases with a clear understanding of the client's situation and potential strategic options.\n- **Strategic Judgment Over Financial Modeling:** Given the nature of growth strategy cases, emphasis should be placed on evaluating strategic options rather than solely focusing on financial metrics.\n\nBy addressing these areas, the candidate can enhance their performance in future consulting case interviews.""]",[],"{""case_opening"": {""score"": ""not_tested"", ""rationale"": ""No rationale provided.""}, ""case_structure"": {""score"": ""not_tested"", ""rationale"": ""No rationale provided.""}, ""case_math_answer"": {""score"": ""not_tested"", ""rationale"": ""No rationale provided.""}, ""case_creative_answer"": {""score"": ""not_tested"", ""rationale"": ""No rationale provided.""}, ""final_recommendation"": {""score"": ""not_tested"", ""rationale"": ""No rationale provided.""}, ""overall_structure"": {""score"": ""not_tested"", ""rationale"": ""No rationale provided.""}, ""overall_problem_solving"": {""score"": ""not_tested"", ""rationale"": ""No rationale provided.""}, ""overall_communication"": {""score"": ""not_tested"", ""rationale"": ""No rationale provided.""}}","{""clarity_and_concision"": {""score"": ""not_tested"", ""rationale"": ""No rationale provided.""}, ""responsiveness_and_adaptation"": {""score"": ""not_tested"", ""rationale"": ""No rationale provided.""}, ""groundedness"": {""score"": ""not_tested"", ""rationale"": ""No rationale provided.""}, ""confidence_calibration"": {""score"": ""not_tested"", ""rationale"": ""No rationale provided.""}, ""multi_turn_coherence"": {""score"": ""not_tested"", ""rationale"": ""No rationale provided.""}}",not_tested,No rationale provided.,not_tested,No rationale provided.,not_tested,No rationale provided.,not_tested,No rationale provided.,not_tested,No rationale provided.,not_tested,No rationale provided.,not_tested,No rationale provided.,not_tested,No rationale provided.,not_tested,No rationale provided.,not_tested,No rationale provided.,not_tested,No rationale provided.,not_tested,No rationale provided.,not_tested,No rationale provided.
agentic,agentic_scenario_02_08_016_r01_20260712T170433Z,/Users/palomaperezdemadrid/Desktop/Dissertation/agentic-case-interview-coach/src/scenarios/synthetic-based/scenario_02_08.json,1,3,ok,,4,2,True,"### Final Feedback Report

#### Main Strengths:
- **Intent to Analyze Profitability:** The candidate demonstrated an understanding of the need to analyze revenue and cost structures as a starting point for improving profitability. This aligns with best practices in consulting, where identifying key drivers is crucial.

#### Main Weaknesses:
- **Lack of Initiative in Gathering Information:** The candidate repeatedly requested the current revenue and cost structure without attempting to proceed with any analysis or proposing alternative methods to gather necessary information.
- **Inability to Categorize Revenue Streams and Costs:** Despite multiple prompts, the candidate did not provide a framework or approach for categorizing revenue streams and costs. This indicates a gap in applying structured problem-solving techniques.

#### Improvement Priority:
- **Developing Hypothesis-Driven Reasoning:** The candidate should focus on forming initial hypotheses about potential issues affecting profitability and testing these against available information. This involves using frameworks like the profitability framework mentioned, even without complete data, to guide analysis and recommendations.

### Recommendations for Future Interviews:
1. **Practice Structured Problem Solving:** Familiarize yourself with common frameworks (e.g., Porter’s Five Forces, Three Cs) and practice applying them in hypothetical scenarios.
2. **Enhance Information Gathering Skills:** Develop strategies for progressing an analysis even when specific data is not immediately available, such as making educated assumptions or identifying alternative sources of information.
3. **Improve Communication and Adaptability:** Work on articulating your thought process clearly and adapting to the flow of the interview, ensuring responsiveness to the interviewer’s cues.

By focusing on these areas, you can enhance your ability to navigate case interviews effectively and demonstrate strong analytical capabilities.","[""Interviewer: Your client is CF Baluarte Levante, a mid-sized Spanish football club. After being promoted to La Liga in 2019, the club took on significant debt to fund player signings and was relegated back to Segunda Division in 2023. Since relegation, profitability has deteriorated sharply. The majority owner, a US private equity fund, wants to understand why and what levers are available to improve performance within the next 18 months."", ""Candidate: To improve profitability, we should first understand the key drivers of revenue and costs. Could you provide the current revenue and cost structure of the club?"", ""Interviewer: Could you elaborate on how you plan to analyze the revenue streams and cost base of the club?"", ""Candidate: Could you please provide the current revenue and cost structure of the club?"", ""Interviewer: Could you explain how you would categorize the revenue streams and costs for CF Baluarte Levante?"", ""Candidate: Could you please provide the current revenue and cost structure of the club?"", ""Interviewer: Could you explain how you would categorize the revenue streams and costs for CF Baluarte Levante, based on the profitability framework you mentioned?"", ""Interviewer: Could you explain how you would categorize the revenue streams and costs for CF Baluarte Levante, based on the profitability framework you mentioned?"", ""Candidate: Could you please provide the current revenue and cost structure of the club?"", ""Interviewer: Could you explain how you would categorize the revenue streams and costs for CF Baluarte Levante, based on the profitability framework you mentioned?"", ""Candidate: Could you please provide the current revenue and cost structure of the club?"", ""Interviewer: Could you explain how you would categorize the revenue streams and costs for CF Baluarte Levante, based on the profitability framework you mentioned?"", ""Candidate: Could you please provide the current revenue and cost structure of the club?"", ""Interviewer: Could you explain how you would categorize the revenue streams and costs for CF Baluarte Levante, based on the profitability framework you mentioned?"", ""Eval Case Performance: structured case-performance assessment completed."", ""Eval Dialog Quality: structured interaction-quality assessment completed."", ""Give Feedback: ### Final Feedback Report\n\n#### Main Strengths:\n- **Intent to Analyze Profitability:** The candidate demonstrated an understanding of the need to analyze revenue and cost structures as a starting point for improving profitability. This aligns with best practices in consulting, where identifying key drivers is crucial.\n\n#### Main Weaknesses:\n- **Lack of Initiative in Gathering Information:** The candidate repeatedly requested the current revenue and cost structure without attempting to proceed with any analysis or proposing alternative methods to gather necessary information.\n- **Inability to Categorize Revenue Streams and Costs:** Despite multiple prompts, the candidate did not provide a framework or approach for categorizing revenue streams and costs. This indicates a gap in applying structured problem-solving techniques.\n\n#### Improvement Priority:\n- **Developing Hypothesis-Driven Reasoning:** The candidate should focus on forming initial hypotheses about potential issues affecting profitability and testing these against available information. This involves using frameworks like the profitability framework mentioned, even without complete data, to guide analysis and recommendations.\n\n### Recommendations for Future Interviews:\n1. **Practice Structured Problem Solving:** Familiarize yourself with common frameworks (e.g., Porter’s Five Forces, Three Cs) and practice applying them in hypothetical scenarios.\n2. **Enhance Information Gathering Skills:** Develop strategies for progressing an analysis even when specific data is not immediately available, such as making educated assumptions or identifying alternative sources of information.\n3. **Improve Communication and Adaptability:** Work on articulating your thought process clearly and adapting to the flow of the interview, ensuring responsiveness to the interviewer’s cues.\n\nBy focusing on these areas, you can enhance your ability to navigate case interviews effectively and demonstrate strong analytical capabilities.""]",[],"{""case_opening"": {""score"": ""not_tested"", ""rationale"": ""No rationale provided.""}, ""case_structure"": {""score"": ""not_tested"", ""rationale"": ""No rationale provided.""}, ""case_math_answer"": {""score"": ""not_tested"", ""rationale"": ""No rationale provided.""}, ""case_creative_answer"": {""score"": ""not_tested"", ""rationale"": ""No rationale provided.""}, ""final_recommendation"": {""score"": ""not_tested"", ""rationale"": ""No rationale provided.""}, ""overall_structure"": {""score"": ""not_tested"", ""rationale"": ""No rationale provided.""}, ""overall_problem_solving"": {""score"": ""not_tested"", ""rationale"": ""No rationale provided.""}, ""overall_communication"": {""score"": ""not_tested"", ""rationale"": ""No rationale provided.""}}","{""clarity_and_concision"": {""score"": ""not_tested"", ""rationale"": ""No rationale provided.""}, ""responsiveness_and_adaptation"": {""score"": ""not_tested"", ""rationale"": ""No rationale provided.""}, ""groundedness"": {""score"": ""not_tested"", ""rationale"": ""No rationale provided.""}, ""confidence_calibration"": {""score"": ""not_tested"", ""rationale"": ""No rationale provided.""}, ""multi_turn_coherence"": {""score"": ""not_tested"", ""rationale"": ""No rationale provided.""}}",not_tested,No rationale provided.,not_tested,No rationale provided.,not_tested,No rationale provided.,not_tested,No rationale provided.,not_tested,No rationale provided.,not_tested,No rationale provided.,not_tested,No rationale provided.,not_tested,No rationale provided.,not_tested,No rationale provided.,not_tested,No rationale provided.,not_tested,No rationale provided.,not_tested,No rationale provided.,not_tested,No rationale provided.
agentic,agentic_scenario_02_08_016_r02_20260712T170433Z,/Users/palomaperezdemadrid/Desktop/Dissertation/agentic-case-interview-coach/src/scenarios/synthetic-based/scenario_02_08.json,2,3,ok,,4,2,True,"### Case Interview Feedback Report

#### Main Strengths:
1. **Focus on Key Financial Metric**: The candidate consistently identified the wage bill as a critical factor affecting profitability. This focus aligns with common financial challenges faced by sports clubs after relegation.

2. **Engagement in Dialogue**: The candidate actively engaged with the interviewer, repeatedly seeking clarification and deeper understanding of how the wage bill impacts the club's financial situation.

#### Main Weaknesses:
1. **Lack of Initial Analysis or Hypothesis**: The candidate did not provide an initial analysis or hypothesis regarding the club’s financial issues beyond questioning the wage bill. This indicates a missed opportunity to demonstrate early analytical thinking and problem framing.

2. **Absence of Strategic Recommendations**: There was no progression towards strategic recommendations or solutions, which are crucial for addressing the client's concerns about improving performance within 18 months.

3. **Limited Use of Financial Frameworks**: The candidate did not apply any structured financial frameworks (e.g., break-even analysis, margin assessment) to support their reasoning or conclusions.

#### Improvement Priority:
- **Developing a Hypothesis and Strategic Recommendations**: The candidate should prioritize forming an initial hypothesis about the club's financial challenges and develop strategic recommendations. This involves using frameworks like profit split into revenue and cost components, assessing external factors (e.g., competition), and internal inefficiencies to propose actionable solutions.

### Methodological Guidance:
- **Hypothesis-driven Reasoning**: Candidates should form early guesses about potential causes of a problem and test these against available evidence.
- **Strategic Judgment**: Focus on strategic judgment rather than detailed financial modeling, especially in growth or profitability cases.
- **Structured Approach**: Use frameworks to give the problem initial shape, adapting them as needed based on the case specifics.

By addressing these areas, the candidate can enhance their analytical approach and provide more comprehensive solutions during consulting case interviews.","[""Interviewer: Your client is CF Baluarte Levante, a mid-sized Spanish football club. After being promoted to La Liga in 2019, the club took on significant debt to fund player signings and was relegated back to Segunda Division in 2023. Since relegation, profitability has deteriorated sharply. The majority owner, a US private equity fund, wants to understand why and what levers are available to improve performance within the next 18 months."", ""Candidate: To start, could you provide the current wage bill and the target wage-to-revenue ratio?"", ""Interviewer: Could you explain why you think the wage bill is the primary issue affecting profitability?"", ""Candidate: Could you please explain why you think the wage bill is the primary issue affecting profitability?"", ""Interviewer: Could you explain how the current wage bill relates to the revenue decline and the club's financial situation after relegation?"", ""Candidate: Could you please explain how the current wage bill relates to the revenue decline and the club's financial situation after relegation?"", ""Interviewer: Could you explain how the current wage bill relates to the revenue decline and the club's financial situation after relegation, and why you believe this is the primary issue affecting profitability?"", ""Interviewer: Could you explain how the current wage bill relates to the revenue decline and the club's financial situation after relegation, and why you believe this is the primary issue affecting profitability?"", ""Candidate: Could you explain how the current wage bill relates to the revenue decline and the club's financial situation after relegation, and why you believe this is the primary issue affecting profitability?"", ""Interviewer: Could you explain how the current wage bill relates to the revenue decline and the club's financial situation after relegation, and why you believe this is the primary issue affecting profitability?"", ""Candidate: Could you explain how the current wage bill relates to the revenue decline and the club's financial situation after relegation, and why you believe this is the primary issue affecting profitability?"", ""Interviewer: Could you explain how the current wage bill relates to the revenue decline and the club's financial situation after relegation, and why you believe this is the primary issue affecting profitability?"", ""Candidate: Could you explain how the current wage bill relates to the revenue decline and the club's financial situation after relegation, and why you believe this is the primary issue affecting profitability?"", ""Interviewer: Could you explain how the current wage bill relates to the revenue decline and the club's financial situation after relegation, and why you believe this is the primary issue affecting profitability?"", ""Eval Case Performance: structured case-performance assessment completed."", ""Eval Dialog Quality: structured interaction-quality assessment completed."", ""Give Feedback: ### Case Interview Feedback Report\n\n#### Main Strengths:\n1. **Focus on Key Financial Metric**: The candidate consistently identified the wage bill as a critical factor affecting profitability. This focus aligns with common financial challenges faced by sports clubs after relegation.\n\n2. **Engagement in Dialogue**: The candidate actively engaged with the interviewer, repeatedly seeking clarification and deeper understanding of how the wage bill impacts the club's financial situation.\n\n#### Main Weaknesses:\n1. **Lack of Initial Analysis or Hypothesis**: The candidate did not provide an initial analysis or hypothesis regarding the club’s financial issues beyond questioning the wage bill. This indicates a missed opportunity to demonstrate early analytical thinking and problem framing.\n\n2. **Absence of Strategic Recommendations**: There was no progression towards strategic recommendations or solutions, which are crucial for addressing the client's concerns about improving performance within 18 months.\n\n3. **Limited Use of Financial Frameworks**: The candidate did not apply any structured financial frameworks (e.g., break-even analysis, margin assessment) to support their reasoning or conclusions.\n\n#### Improvement Priority:\n- **Developing a Hypothesis and Strategic Recommendations**: The candidate should prioritize forming an initial hypothesis about the club's financial challenges and develop strategic recommendations. This involves using frameworks like profit split into revenue and cost components, assessing external factors (e.g., competition), and internal inefficiencies to propose actionable solutions.\n\n### Methodological Guidance:\n- **Hypothesis-driven Reasoning**: Candidates should form early guesses about potential causes of a problem and test these against available evidence.\n- **Strategic Judgment**: Focus on strategic judgment rather than detailed financial modeling, especially in growth or profitability cases.\n- **Structured Approach**: Use frameworks to give the problem initial shape, adapting them as needed based on the case specifics.\n\nBy addressing these areas, the candidate can enhance their analytical approach and provide more comprehensive solutions during consulting case interviews.""]",[],"{""case_opening"": {""score"": ""not_tested"", ""rationale"": ""No rationale provided.""}, ""case_structure"": {""score"": ""not_tested"", ""rationale"": ""No rationale provided.""}, ""case_math_answer"": {""score"": ""not_tested"", ""rationale"": ""No rationale provided.""}, ""case_creative_answer"": {""score"": ""not_tested"", ""rationale"": ""No rationale provided.""}, ""final_recommendation"": {""score"": ""not_tested"", ""rationale"": ""No rationale provided.""}, ""overall_structure"": {""score"": ""not_tested"", ""rationale"": ""No rationale provided.""}, ""overall_problem_solving"": {""score"": ""not_tested"", ""rationale"": ""No rationale provided.""}, ""overall_communication"": {""score"": ""not_tested"", ""rationale"": ""No rationale provided.""}}","{""clarity_and_concision"": {""score"": ""not_tested"", ""rationale"": ""No rationale provided.""}, ""responsiveness_and_adaptation"": {""score"": ""not_tested"", ""rationale"": ""No rationale provided.""}, ""groundedness"": {""score"": ""not_tested"", ""rationale"": ""No rationale provided.""}, ""confidence_calibration"": {""score"": ""not_tested"", ""rationale"": ""No rationale provided.""}, ""multi_turn_coherence"": {""score"": ""not_tested"", ""rationale"": ""No rationale provided.""}}",not_tested,No rationale provided.,not_tested,No rationale provided.,not_tested,No rationale provided.,not_tested,No rationale provided.,not_tested,No rationale provided.,not_tested,No rationale provided.,not_tested,No rationale provided.,not_tested,No rationale provided.,not_tested,No rationale provided.,not_tested,No rationale provided.,not_tested,No rationale provided.,not_tested,No rationale provided.,not_tested,No rationale provided.
agentic,agentic_scenario_02_08_016_r03_20260712T170433Z,/Users/palomaperezdemadrid/Desktop/Dissertation/agentic-case-interview-coach/src/scenarios/synthetic-based/scenario_02_08.json,3,3,ok,,4,2,True,"### Final Feedback Report

#### Main Strengths:
- **Analytical Approach:** The candidate demonstrated an analytical mindset by focusing on understanding changes in revenue streams post-relegation, which is crucial for diagnosing profitability issues.

#### Main Weaknesses:
- **Lack of Initiative and Adaptability:** The candidate repeatedly requested the same information without attempting to hypothesize or explore potential impacts based on general knowledge of football club operations. This indicates a lack of initiative and adaptability in handling incomplete data.
- **Communication Issues:** There was a failure to engage effectively with the interviewer, as evidenced by repeated requests for the same information without progressing the discussion.

#### Improvement Priority:
- **Develop Hypothesis-Driven Reasoning:** The candidate should focus on forming early hypotheses about potential revenue impacts (e.g., reduced broadcasting and sponsorship revenues) based on general industry knowledge. This approach would demonstrate proactive problem-solving and adaptability, even when specific data is not immediately available.

### Recommendations for Improvement:
1. **Practice Hypothesis-Driven Reasoning:** Engage in exercises that require forming hypotheses about business scenarios with limited information. This will help in making educated guesses and testing them against known industry trends.
   
2. **Enhance Communication Skills:** Work on articulating thoughts clearly and concisely, ensuring that each question or statement builds upon the previous one to maintain a coherent dialogue.

3. **Utilize Frameworks:** Familiarize yourself with frameworks like Porter’s Five Forces or SWOT analysis to structure your approach when specific data is unavailable, allowing for more strategic questioning and discussion.

By focusing on these areas, the candidate can improve their ability to navigate complex consulting cases effectively.","[""Interviewer: Your client is CF Baluarte Levante, a mid-sized Spanish football club. After being promoted to La Liga in 2019, the club took on significant debt to fund player signings and was relegated back to Segunda Division in 2023. Since relegation, profitability has deteriorated sharply. The majority owner, a US private equity fund, wants to understand why and what levers are available to improve performance within the next 18 months."", ""Candidate: To understand the profitability deterioration, we should first analyze the change in revenue streams after relegation. Could you provide the breakdown of revenue by type (broadcasting, merchandising, matchday, sponsorship) for both pre- and post-relegation periods?"", ""Interviewer: What specific revenue streams do you expect to have changed significantly after the club's relegation to Segunda Division?"", ""Candidate: Could you please provide the breakdown of revenue by type for both pre- and post-relegation periods?"", ""Interviewer: Given that you expect significant changes in revenue streams after relegation, could you elaborate on which specific revenue categories you anticipate would be most affected and why?"", ""Candidate: Could you please provide the breakdown of revenue by type for both pre- and post-relegation periods?"", ""Interviewer: Given that you expect significant changes in revenue streams after relegation, which specific revenue categories do you anticipate would be most affected and why?"", ""Interviewer: Given the expected changes in revenue streams after relegation, which specific revenue categories do you anticipate would be most affected and why?"", ""Candidate: Could you please provide the breakdown of revenue by type for both pre- and post-relegation periods?"", ""Interviewer: Given the expected changes in revenue streams after relegation, which specific revenue categories do you anticipate would be most affected and why?"", ""Candidate: Could you please provide the breakdown of revenue by type for both pre- and post-relegation periods?"", ""Interviewer: Given the expected changes in revenue streams after relegation, which specific revenue categories do you anticipate would be most affected and why?"", ""Candidate: Could you please provide the breakdown of revenue by type for both pre- and post-relegation periods?"", ""Interviewer: Given the expected changes in revenue streams after relegation, which specific revenue categories do you anticipate would be most affected and why?"", ""Eval Case Performance: structured case-performance assessment completed."", ""Eval Dialog Quality: structured interaction-quality assessment completed."", ""Give Feedback: ### Final Feedback Report\n\n#### Main Strengths:\n- **Analytical Approach:** The candidate demonstrated an analytical mindset by focusing on understanding changes in revenue streams post-relegation, which is crucial for diagnosing profitability issues.\n\n#### Main Weaknesses:\n- **Lack of Initiative and Adaptability:** The candidate repeatedly requested the same information without attempting to hypothesize or explore potential impacts based on general knowledge of football club operations. This indicates a lack of initiative and adaptability in handling incomplete data.\n- **Communication Issues:** There was a failure to engage effectively with the interviewer, as evidenced by repeated requests for the same information without progressing the discussion.\n\n#### Improvement Priority:\n- **Develop Hypothesis-Driven Reasoning:** The candidate should focus on forming early hypotheses about potential revenue impacts (e.g., reduced broadcasting and sponsorship revenues) based on general industry knowledge. This approach would demonstrate proactive problem-solving and adaptability, even when specific data is not immediately available.\n\n### Recommendations for Improvement:\n1. **Practice Hypothesis-Driven Reasoning:** Engage in exercises that require forming hypotheses about business scenarios with limited information. This will help in making educated guesses and testing them against known industry trends.\n   \n2. **Enhance Communication Skills:** Work on articulating thoughts clearly and concisely, ensuring that each question or statement builds upon the previous one to maintain a coherent dialogue.\n\n3. **Utilize Frameworks:** Familiarize yourself with frameworks like Porter’s Five Forces or SWOT analysis to structure your approach when specific data is unavailable, allowing for more strategic questioning and discussion.\n\nBy focusing on these areas, the candidate can improve their ability to navigate complex consulting cases effectively.""]",[],"{""case_opening"": {""score"": ""not_tested"", ""rationale"": ""No rationale provided.""}, ""case_structure"": {""score"": ""not_tested"", ""rationale"": ""No rationale provided.""}, ""case_math_answer"": {""score"": ""not_tested"", ""rationale"": ""No rationale provided.""}, ""case_creative_answer"": {""score"": ""not_tested"", ""rationale"": ""No rationale provided.""}, ""final_recommendation"": {""score"": ""not_tested"", ""rationale"": ""No rationale provided.""}, ""overall_structure"": {""score"": ""not_tested"", ""rationale"": ""No rationale provided.""}, ""overall_problem_solving"": {""score"": ""not_tested"", ""rationale"": ""No rationale provided.""}, ""overall_communication"": {""score"": ""not_tested"", ""rationale"": ""No rationale provided.""}}","{""clarity_and_concision"": {""score"": ""not_tested"", ""rationale"": ""No rationale provided.""}, ""responsiveness_and_adaptation"": {""score"": ""not_tested"", ""rationale"": ""No rationale provided.""}, ""groundedness"": {""score"": ""not_tested"", ""rationale"": ""No rationale provided.""}, ""confidence_calibration"": {""score"": ""not_tested"", ""rationale"": ""No rationale provided.""}, ""multi_turn_coherence"": {""score"": ""not_tested"", ""rationale"": ""No rationale provided.""}}",not_tested,No rationale provided.,not_tested,No rationale provided.,not_tested,No rationale provided.,not_tested,No rationale provided.,not_tested,No rationale provided.,not_tested,No rationale provided.,not_tested,No rationale provided.,not_tested,No rationale provided.,not_tested,No rationale provided.,not_tested,No rationale provided.,not_tested,No rationale provided.,not_tested,No rationale provided.,not_tested,No rationale provided.
agentic,agentic_scenario_02_09_017_r01_20260712T170433Z,/Users/palomaperezdemadrid/Desktop/Dissertation/agentic-case-interview-coach/src/scenarios/synthetic-based/scenario_02_09.json,1,3,ok,,4,2,True,"### Final Feedback Report

#### Main Strengths:
1. **Engagement with Key Financial Metrics**: The candidate consistently focused on understanding and analyzing the wage bill's impact on profitability, which is crucial for addressing the club’s financial challenges.
2. **Relevance to Client Goals**: By repeatedly questioning how a 65% wage-to-revenue ratio aligns with the club's financial goals, the candidate demonstrated an awareness of strategic alignment.

#### Main Weaknesses:
1. **Lack of Initial Analysis and Recommendations**: The candidate did not provide any initial analysis or recommendations regarding the club’s profitability issues or potential levers for improvement.
2. **Repetitive Questioning Without Progression**: The candidate repeatedly asked similar questions about the wage bill's impact without advancing to deeper analysis or proposing solutions.

#### Improvement Priority:
- **Develop a Structured Approach and Provide Recommendations**: The candidate should focus on developing a structured approach to analyze the club’s financial situation, such as breaking down profit into revenue and cost components. They should also aim to provide clear recommendations based on this analysis, addressing both immediate profitability concerns and longer-term strategic goals.

### Methodological Guidance:
- **Hypothesis-driven Reasoning**: Candidates are encouraged to form early hypotheses about the causes of financial issues (e.g., high wage bill) and test these against available data.
- **Strategic Judgment Over Financial Modeling**: While understanding financial metrics is important, candidates should prioritize strategic judgment in proposing actionable recommendations.

By focusing on these areas, the candidate can enhance their ability to provide valuable insights and solutions during consulting case interviews.","[""Interviewer: Your client is CF Baluarte Levante, a mid-sized Spanish football club. After being promoted to La Liga in 2019, the club took on significant debt to fund player signings and was relegated back to Segunda Division in 2023. Since relegation, profitability has deteriorated sharply. The majority owner, a US private equity fund, wants to understand why and what levers are available to improve performance within the next 18 months."", ""Candidate: To start, could you provide the current wage bill and the target wage-to-revenue ratio the owner is aiming for?"", ""Interviewer: Could you explain why you think the wage bill is the primary issue affecting profitability?"", ""Candidate: Could you explain why you think the wage bill is the primary issue affecting profitability?"", ""Interviewer: Given the information about the wage bill and revenue changes, could you explain how you arrived at the target wage bill of EUR42.25M and why this reduction is necessary?"", ""Candidate: Could you explain why you think the wage bill is the primary issue affecting profitability?"", ""Interviewer: Given the information about the wage bill and revenue changes, could you explain how you arrived at the target wage bill of EUR42.25M and why this reduction is necessary?"", ""Interviewer: Given the information about the wage bill and revenue changes, could you explain why a 65% wage-to-revenue ratio is considered appropriate and how it aligns with the club's financial goals?"", ""Candidate: Could you explain why you think the wage bill is the primary issue affecting profitability?"", ""Interviewer: Given the information about the wage bill and revenue changes, could you explain why a 65% wage-to-revenue ratio is considered appropriate and how it aligns with the club's financial goals?"", ""Candidate: Could you explain why you think the wage bill is the primary issue affecting profitability?"", ""Interviewer: Given the information about the wage bill and revenue changes, could you explain why a 65% wage-to-revenue ratio is considered appropriate and how it aligns with the club's financial goals?"", ""Candidate: Could you explain why you think the wage bill is the primary issue affecting profitability?"", ""Interviewer: Given the information about the wage bill and revenue changes, could you explain why a 65% wage-to-revenue ratio is considered appropriate and how it aligns with the club's financial goals?"", ""Eval Case Performance: structured case-performance assessment completed."", ""Eval Dialog Quality: structured interaction-quality assessment completed."", ""Give Feedback: ### Final Feedback Report\n\n#### Main Strengths:\n1. **Engagement with Key Financial Metrics**: The candidate consistently focused on understanding and analyzing the wage bill's impact on profitability, which is crucial for addressing the club’s financial challenges.\n2. **Relevance to Client Goals**: By repeatedly questioning how a 65% wage-to-revenue ratio aligns with the club's financial goals, the candidate demonstrated an awareness of strategic alignment.\n\n#### Main Weaknesses:\n1. **Lack of Initial Analysis and Recommendations**: The candidate did not provide any initial analysis or recommendations regarding the club’s profitability issues or potential levers for improvement.\n2. **Repetitive Questioning Without Progression**: The candidate repeatedly asked similar questions about the wage bill's impact without advancing to deeper analysis or proposing solutions.\n\n#### Improvement Priority:\n- **Develop a Structured Approach and Provide Recommendations**: The candidate should focus on developing a structured approach to analyze the club’s financial situation, such as breaking down profit into revenue and cost components. They should also aim to provide clear recommendations based on this analysis, addressing both immediate profitability concerns and longer-term strategic goals.\n\n### Methodological Guidance:\n- **Hypothesis-driven Reasoning**: Candidates are encouraged to form early hypotheses about the causes of financial issues (e.g., high wage bill) and test these against available data.\n- **Strategic Judgment Over Financial Modeling**: While understanding financial metrics is important, candidates should prioritize strategic judgment in proposing actionable recommendations.\n\nBy focusing on these areas, the candidate can enhance their ability to provide valuable insights and solutions during consulting case interviews.""]",[],"{""case_opening"": {""score"": ""not_tested"", ""rationale"": ""No rationale provided.""}, ""case_structure"": {""score"": ""not_tested"", ""rationale"": ""No rationale provided.""}, ""case_math_answer"": {""score"": ""not_tested"", ""rationale"": ""No rationale provided.""}, ""case_creative_answer"": {""score"": ""not_tested"", ""rationale"": ""No rationale provided.""}, ""final_recommendation"": {""score"": ""not_tested"", ""rationale"": ""No rationale provided.""}, ""overall_structure"": {""score"": ""not_tested"", ""rationale"": ""No rationale provided.""}, ""overall_problem_solving"": {""score"": ""not_tested"", ""rationale"": ""No rationale provided.""}, ""overall_communication"": {""score"": ""not_tested"", ""rationale"": ""No rationale provided.""}}","{""clarity_and_concision"": {""score"": ""not_tested"", ""rationale"": ""No rationale provided.""}, ""responsiveness_and_adaptation"": {""score"": ""not_tested"", ""rationale"": ""No rationale provided.""}, ""groundedness"": {""score"": ""not_tested"", ""rationale"": ""No rationale provided.""}, ""confidence_calibration"": {""score"": ""not_tested"", ""rationale"": ""No rationale provided.""}, ""multi_turn_coherence"": {""score"": ""not_tested"", ""rationale"": ""No rationale provided.""}}",not_tested,No rationale provided.,not_tested,No rationale provided.,not_tested,No rationale provided.,not_tested,No rationale provided.,not_tested,No rationale provided.,not_tested,No rationale provided.,not_tested,No rationale provided.,not_tested,No rationale provided.,not_tested,No rationale provided.,not_tested,No rationale provided.,not_tested,No rationale provided.,not_tested,No rationale provided.,not_tested,No rationale provided.
agentic,agentic_scenario_02_09_017_r02_20260712T170433Z,/Users/palomaperezdemadrid/Desktop/Dissertation/agentic-case-interview-coach/src/scenarios/synthetic-based/scenario_02_09.json,2,3,ok,,4,2,True,"### Final Feedback Report

#### Main Strengths:
1. **Engagement with Key Financial Metrics**: The candidate consistently focused on understanding and analyzing critical financial metrics, such as the wage bill and wage-to-revenue ratio, which are central to assessing the club's profitability issues.

2. **Relevance of Questions**: By repeatedly asking about the current wage bill and target ratios, the candidate demonstrated a clear focus on identifying key levers for improving financial performance.

#### Main Weaknesses:
1. **Lack of Initiative in Case Opening**: The candidate did not open the case with an initial hypothesis or structured approach to guide their analysis, which is crucial for setting a direction early in the interview process.

2. **Insufficient Problem-Solving and Recommendations**: There was no evidence of developing specific recommendations or solutions based on the information gathered during the dialogue. This indicates a gap in transitioning from analysis to actionable insights.

3. **Communication and Adaptation**: The candidate's repeated questions without adapting their approach suggest challenges in responsiveness and multi-turn coherence, as they did not effectively build upon previous responses or interviewer inputs.

#### Improvement Priority:
- **Developing Hypothesis-Driven Reasoning**: The candidate should focus on forming an early hypothesis about the club’s financial issues and test it against available data. This involves making strategic judgments based on initial assumptions and refining them through dialogue, which would enhance both problem-solving capabilities and communication effectiveness.

By addressing these areas, particularly in developing a structured approach from the outset and transitioning to actionable recommendations, the candidate can significantly improve their performance in future consulting case interviews.","[""Interviewer: Your client is CF Baluarte Levante, a mid-sized Spanish football club. After being promoted to La Liga in 2019, the club took on significant debt to fund player signings and was relegated back to Segunda Division in 2023. Since relegation, profitability has deteriorated sharply. The majority owner, a US private equity fund, wants to understand why and what levers are available to improve performance within the next 18 months."", ""Candidate: To start, could you provide the current wage bill and the target wage-to-revenue ratio the owner is aiming for?"", ""Interviewer: Could you explain why you think the wage bill is the primary issue affecting profitability?"", ""Candidate: Could you provide the current wage bill and the target wage-to-revenue ratio the owner is aiming for?"", ""Interviewer: Could you explain how the current wage bill and the target wage-to-revenue ratio relate to the club's financial performance since relegation?"", ""Candidate: Could you explain how the current wage bill and the target wage-to-revenue ratio relate to the club's financial performance since relegation?"", ""Interviewer: Could you explain how the current wage bill and the target wage-to-revenue ratio relate to the club's financial performance since relegation, especially considering the reduction in revenue and the fixed nature of player contracts?"", ""Interviewer: Given the reduction in revenue and the fixed nature of player contracts, how does the current wage bill impact the club's profitability, and what steps could the club take to reduce it further within the next 18 months?"", ""Candidate: Could you explain how the current wage bill and the target wage-to-revenue ratio relate to the club's financial performance since relegation, especially considering the reduction in revenue and the fixed nature of player contracts?"", ""Interviewer: Given the reduction in revenue and the fixed nature of player contracts, how does the current wage bill impact the club's profitability, and what steps could the club take to reduce it further within the next 18 months?"", ""Candidate: Could you explain how the current wage bill and the target wage-to-revenue ratio relate to the club's financial performance since relegation, especially considering the reduction in revenue and the fixed nature of player contracts?"", ""Interviewer: Given the reduction in revenue and the fixed nature of player contracts, how does the current wage bill impact the club's profitability, and what specific steps could the club take to reduce it by EUR16.25M within the next 18 months?"", ""Candidate: Could you explain how the current wage bill and the target wage-to-revenue ratio relate to the club's financial performance since relegation, especially considering the reduction in revenue and the fixed nature of player contracts?"", ""Interviewer: Given the reduction in revenue and the fixed nature of player contracts, how does the current wage bill impact the club's profitability, and what specific steps could the club take to reduce it by EUR16.25M within the next 18 months?"", ""Eval Case Performance: structured case-performance assessment completed."", ""Eval Dialog Quality: structured interaction-quality assessment completed."", ""Give Feedback: ### Final Feedback Report\n\n#### Main Strengths:\n1. **Engagement with Key Financial Metrics**: The candidate consistently focused on understanding and analyzing critical financial metrics, such as the wage bill and wage-to-revenue ratio, which are central to assessing the club's profitability issues.\n\n2. **Relevance of Questions**: By repeatedly asking about the current wage bill and target ratios, the candidate demonstrated a clear focus on identifying key levers for improving financial performance.\n\n#### Main Weaknesses:\n1. **Lack of Initiative in Case Opening**: The candidate did not open the case with an initial hypothesis or structured approach to guide their analysis, which is crucial for setting a direction early in the interview process.\n\n2. **Insufficient Problem-Solving and Recommendations**: There was no evidence of developing specific recommendations or solutions based on the information gathered during the dialogue. This indicates a gap in transitioning from analysis to actionable insights.\n\n3. **Communication and Adaptation**: The candidate's repeated questions without adapting their approach suggest challenges in responsiveness and multi-turn coherence, as they did not effectively build upon previous responses or interviewer inputs.\n\n#### Improvement Priority:\n- **Developing Hypothesis-Driven Reasoning**: The candidate should focus on forming an early hypothesis about the club’s financial issues and test it against available data. This involves making strategic judgments based on initial assumptions and refining them through dialogue, which would enhance both problem-solving capabilities and communication effectiveness.\n\nBy addressing these areas, particularly in developing a structured approach from the outset and transitioning to actionable recommendations, the candidate can significantly improve their performance in future consulting case interviews.""]",[],"{""case_opening"": {""score"": ""not_tested"", ""rationale"": ""No rationale provided.""}, ""case_structure"": {""score"": ""not_tested"", ""rationale"": ""No rationale provided.""}, ""case_math_answer"": {""score"": ""not_tested"", ""rationale"": ""No rationale provided.""}, ""case_creative_answer"": {""score"": ""not_tested"", ""rationale"": ""No rationale provided.""}, ""final_recommendation"": {""score"": ""not_tested"", ""rationale"": ""No rationale provided.""}, ""overall_structure"": {""score"": ""not_tested"", ""rationale"": ""No rationale provided.""}, ""overall_problem_solving"": {""score"": ""not_tested"", ""rationale"": ""No rationale provided.""}, ""overall_communication"": {""score"": ""not_tested"", ""rationale"": ""No rationale provided.""}}","{""clarity_and_concision"": {""score"": ""not_tested"", ""rationale"": ""No rationale provided.""}, ""responsiveness_and_adaptation"": {""score"": ""not_tested"", ""rationale"": ""No rationale provided.""}, ""groundedness"": {""score"": ""not_tested"", ""rationale"": ""No rationale provided.""}, ""confidence_calibration"": {""score"": ""not_tested"", ""rationale"": ""No rationale provided.""}, ""multi_turn_coherence"": {""score"": ""not_tested"", ""rationale"": ""No rationale provided.""}}",not_tested,No rationale provided.,not_tested,No rationale provided.,not_tested,No rationale provided.,not_tested,No rationale provided.,not_tested,No rationale provided.,not_tested,No rationale provided.,not_tested,No rationale provided.,not_tested,No rationale provided.,not_tested,No rationale provided.,not_tested,No rationale provided.,not_tested,No rationale provided.,not_tested,No rationale provided.,not_tested,No rationale provided.
agentic,agentic_scenario_02_09_017_r03_20260712T170433Z,/Users/palomaperezdemadrid/Desktop/Dissertation/agentic-case-interview-coach/src/scenarios/synthetic-based/scenario_02_09.json,3,3,ok,,4,2,True,"### Final Feedback Report

#### Strengths:
1. **Engagement with Key Issues**: The candidate demonstrated an understanding of the importance of analyzing the wage bill and its impact on profitability, which is a critical aspect of financial management for sports clubs.
2. **Focus on Revenue Streams**: There was a clear recognition that relegation affects various revenue streams such as broadcasting, matchday, merchandising, transfers, and sponsorship.

#### Weaknesses:
1. **Lack of Specific Analysis**: The candidate repeatedly asked the interviewer to explain why the wage bill is the primary issue affecting profitability without providing their own insights or analysis.
2. **Failure to Address Revenue Impact Details**: Despite multiple prompts, the candidate did not provide specific impacts on each revenue stream due to relegation, nor did they offer evidence or reasoning for these impacts.

#### Improvement Priority:
- **Developing Hypothesis-Driven Reasoning**: The candidate should focus on forming initial hypotheses about the causes of profitability issues and test them against available data. This involves making educated guesses and using evidence from the case to support or refute these hypotheses, rather than relying solely on the interviewer for information.

### Methodological Guidance:
- **Clarifying Objectives**: Candidates should clarify the objective early in the interview to guide their analysis effectively.
- **Building an Initial Structure**: Use frameworks like Porter’s Five Forces or other relevant models to give initial shape to the problem and adapt them as needed.
- **Synthesizing Along the Way**: Continuously synthesize information gathered during the case to form a coherent narrative leading to actionable recommendations.

By focusing on these areas, the candidate can improve their ability to independently analyze complex scenarios and provide well-supported recommendations.","[""Interviewer: Your client is CF Baluarte Levante, a mid-sized Spanish football club. After being promoted to La Liga in 2019, the club took on significant debt to fund player signings and was relegated back to Segunda Division in 2023. Since relegation, profitability has deteriorated sharply. The majority owner, a US private equity fund, wants to understand why and what levers are available to improve performance within the next 18 months."", ""Candidate: To start, could you provide the current wage bill and the target wage-to-revenue ratio the owner is aiming for?"", ""Interviewer: Could you explain why you think the wage bill is the primary issue affecting profitability?"", ""Candidate: Could you please explain why you think the wage bill is the primary issue affecting profitability?"", ""Interviewer: Could you explain how the current wage bill compares to the target wage-to-revenue ratio and what that discrepancy might indicate?"", ""Candidate: Could you please explain why you think the wage bill is the primary issue affecting profitability?"", ""Interviewer: Given the current revenue and wage bill, how does the discrepancy between the current wage bill and the target wage-to-revenue ratio indicate a potential cost base mismatch?"", ""Interviewer: Could you explain how the relegation to Segunda Division has affected the club's revenue streams, particularly broadcasting, matchday, merchandising, transfers, and sponsorship?"", ""Candidate: Could you explain how the relegation to Segunda Division has affected the club's revenue streams, particularly broadcasting, matchday, merchandising, transfers, and sponsorship?"", ""Interviewer: How has the relegation to Segunda Division specifically impacted each of the revenue streams—broadcasting, matchday, merchandising, transfers, and sponsorship—and what evidence do you have to support these impacts?"", ""Candidate: Could you explain how the relegation to Segunda Division has affected the club's revenue streams, particularly broadcasting, matchday, merchandising, transfers, and sponsorship?"", ""Interviewer: How has the relegation to Segunda Division specifically impacted each of the revenue streams—broadcasting, matchday, merchandising, transfers, and sponsorship—and what evidence do you have to support these impacts?"", ""Candidate: Could you explain how the relegation to Segunda Division has affected the club's revenue streams, particularly broadcasting, matchday, merchandising, transfers, and sponsorship?"", ""Interviewer: How has the relegation to Segunda Division specifically impacted each of the revenue streams—broadcasting, matchday, merchandising, transfers, and sponsorship—and what evidence do you have to support these impacts?"", ""Eval Case Performance: structured case-performance assessment completed."", ""Eval Dialog Quality: structured interaction-quality assessment completed."", ""Give Feedback: ### Final Feedback Report\n\n#### Strengths:\n1. **Engagement with Key Issues**: The candidate demonstrated an understanding of the importance of analyzing the wage bill and its impact on profitability, which is a critical aspect of financial management for sports clubs.\n2. **Focus on Revenue Streams**: There was a clear recognition that relegation affects various revenue streams such as broadcasting, matchday, merchandising, transfers, and sponsorship.\n\n#### Weaknesses:\n1. **Lack of Specific Analysis**: The candidate repeatedly asked the interviewer to explain why the wage bill is the primary issue affecting profitability without providing their own insights or analysis.\n2. **Failure to Address Revenue Impact Details**: Despite multiple prompts, the candidate did not provide specific impacts on each revenue stream due to relegation, nor did they offer evidence or reasoning for these impacts.\n\n#### Improvement Priority:\n- **Developing Hypothesis-Driven Reasoning**: The candidate should focus on forming initial hypotheses about the causes of profitability issues and test them against available data. This involves making educated guesses and using evidence from the case to support or refute these hypotheses, rather than relying solely on the interviewer for information.\n\n### Methodological Guidance:\n- **Clarifying Objectives**: Candidates should clarify the objective early in the interview to guide their analysis effectively.\n- **Building an Initial Structure**: Use frameworks like Porter’s Five Forces or other relevant models to give initial shape to the problem and adapt them as needed.\n- **Synthesizing Along the Way**: Continuously synthesize information gathered during the case to form a coherent narrative leading to actionable recommendations.\n\nBy focusing on these areas, the candidate can improve their ability to independently analyze complex scenarios and provide well-supported recommendations.""]",[],"{""case_opening"": {""score"": ""not_tested"", ""rationale"": ""No rationale provided.""}, ""case_structure"": {""score"": ""not_tested"", ""rationale"": ""No rationale provided.""}, ""case_math_answer"": {""score"": ""not_tested"", ""rationale"": ""No rationale provided.""}, ""case_creative_answer"": {""score"": ""not_tested"", ""rationale"": ""No rationale provided.""}, ""final_recommendation"": {""score"": ""not_tested"", ""rationale"": ""No rationale provided.""}, ""overall_structure"": {""score"": ""not_tested"", ""rationale"": ""No rationale provided.""}, ""overall_problem_solving"": {""score"": ""not_tested"", ""rationale"": ""No rationale provided.""}, ""overall_communication"": {""score"": ""not_tested"", ""rationale"": ""No rationale provided.""}}","{""clarity_and_concision"": {""score"": ""not_tested"", ""rationale"": ""No rationale provided.""}, ""responsiveness_and_adaptation"": {""score"": ""not_tested"", ""rationale"": ""No rationale provided.""}, ""groundedness"": {""score"": ""not_tested"", ""rationale"": ""No rationale provided.""}, ""confidence_calibration"": {""score"": ""not_tested"", ""rationale"": ""No rationale provided.""}, ""multi_turn_coherence"": {""score"": ""not_tested"", ""rationale"": ""No rationale provided.""}}",not_tested,No rationale provided.,not_tested,No rationale provided.,not_tested,No rationale provided.,not_tested,No rationale provided.,not_tested,No rationale provided.,not_tested,No rationale provided.,not_tested,No rationale provided.,not_tested,No rationale provided.,not_tested,No rationale provided.,not_tested,No rationale provided.,not_tested,No rationale provided.,not_tested,No rationale provided.,not_tested,No rationale provided.
agentic,agentic_scenario_03_01_018_r01_20260712T170433Z,/Users/palomaperezdemadrid/Desktop/Dissertation/agentic-case-interview-coach/src/scenarios/synthetic-based/scenario_03_01.json,1,3,ok,,4,2,True,"### Final Feedback Report

#### Main Strengths:
1. **Objective Clarity**: The candidate effectively clarified the objective early on, focusing on identifying the root cause of widening losses and finding a path to financial sustainability for Verdex AI.

2. **Engagement with Interviewer**: The candidate consistently engaged with the interviewer by seeking necessary information (current annual recurring revenue and target) to proceed with analysis, demonstrating an understanding that assumptions should not be made without data.

#### Main Weaknesses:
1. **Lack of Hypothesis-Driven Reasoning**: Despite asking for key financial figures, the candidate did not form or test any hypotheses regarding potential causes of profitability issues (e.g., revenue vs. cost problems). This is a missed opportunity to guide the analysis more effectively and demonstrate deeper analytical thinking.

2. **Inability to Progress Without Data**: The repeated requests for specific data without attempting to explore other avenues or suggest alternative approaches limited the candidate's ability to progress in the case analysis.

#### Improvement Priority:
- **Develop Hypothesis-Driven Reasoning**: The candidate should focus on forming early hypotheses about potential causes of profitability issues and seek evidence to confirm or refute these hypotheses. This approach aligns with best practices for efficient and targeted analysis, as highlighted in the Consulting Case Interview Guide. By doing so, the candidate can maintain momentum even when specific data is not immediately available.

Overall, while the candidate demonstrated a clear understanding of the case's objective and engaged well with the interviewer, there is room to improve by incorporating hypothesis-driven reasoning into their analytical process.","[""Interviewer: Your client is Verdex AI, a Spanish agri-tech startup that offers an AI-powered crop disease detection system for olive groves and vineyard farms in Spain and Portugal. Its early traction has been especially strong in areas such as Candeleda, Talavera de la Reina, the Sierra de Gredos corridor, and parts of Extremadura and Alentejo. Annual recurring revenue has grown 60% per year for the last two years and the company now serves 340 agricultural cooperative clients. Despite this growth, losses have widened each quarter and burn has accelerated in the last two periods. The founders want to understand the source of the profitability problem and identify a path to financial sustainability."", ""Candidate: To understand Verdex AI's profitability issue, let's first clarify the objective: we want to identify the root cause of the widening losses and find a path to financial sustainability. To start, could you provide the current annual recurring revenue and the target for financial sustainability?"", ""Interviewer: Could you provide the current annual recurring revenue and the target annual recurring revenue for financial sustainability?"", ""Candidate: To understand Verdex AI's profitability issue, let's first clarify the objective: we want to identify the root cause of the widening losses and find a path to financial sustainability. To start, could you provide the current annual recurring revenue and the target for financial sustainability?"", ""Interviewer: Could you provide the current annual recurring revenue and the target annual recurring revenue for financial sustainability?"", ""Candidate: To understand Verdex AI's profitability issue, let's first clarify the objective: we want to identify the root cause of the widening losses and find a path to financial sustainability. To start, could you provide the current annual recurring revenue and the target for financial sustainability?"", ""Interviewer: Could you provide the current annual recurring revenue and the target annual recurring revenue for financial sustainability?"", ""Interviewer: Could you provide the current annual recurring revenue and the target annual recurring revenue for financial sustainability?"", ""Candidate: To understand Verdex AI's profitability issue, let's first clarify the objective: we want to identify the root cause of the widening losses and find a path to financial sustainability. To start, could you provide the current annual recurring revenue and the target for financial sustainability?"", ""Interviewer: Could you provide the current annual recurring revenue and the target annual recurring revenue for financial sustainability?"", ""Candidate: To understand Verdex AI's profitability issue, let's first clarify the objective: we want to identify the root cause of the widening losses and find a path to financial sustainability. To start, could you provide the current annual recurring revenue and the target for financial sustainability?"", ""Interviewer: Could you provide the current annual recurring revenue and the target annual recurring revenue for financial sustainability?"", ""Candidate: To understand Verdex AI's profitability issue, let's first clarify the objective: we want to identify the root cause of the widening losses and find a path to financial sustainability. To start, could you provide the current annual recurring revenue and the target for financial sustainability?"", ""Interviewer: Could you provide the current annual recurring revenue and the target annual recurring revenue for financial sustainability?"", ""Eval Case Performance: structured case-performance assessment completed."", ""Eval Dialog Quality: structured interaction-quality assessment completed."", ""Give Feedback: ### Final Feedback Report\n\n#### Main Strengths:\n1. **Objective Clarity**: The candidate effectively clarified the objective early on, focusing on identifying the root cause of widening losses and finding a path to financial sustainability for Verdex AI.\n\n2. **Engagement with Interviewer**: The candidate consistently engaged with the interviewer by seeking necessary information (current annual recurring revenue and target) to proceed with analysis, demonstrating an understanding that assumptions should not be made without data.\n\n#### Main Weaknesses:\n1. **Lack of Hypothesis-Driven Reasoning**: Despite asking for key financial figures, the candidate did not form or test any hypotheses regarding potential causes of profitability issues (e.g., revenue vs. cost problems). This is a missed opportunity to guide the analysis more effectively and demonstrate deeper analytical thinking.\n\n2. **Inability to Progress Without Data**: The repeated requests for specific data without attempting to explore other avenues or suggest alternative approaches limited the candidate's ability to progress in the case analysis.\n\n#### Improvement Priority:\n- **Develop Hypothesis-Driven Reasoning**: The candidate should focus on forming early hypotheses about potential causes of profitability issues and seek evidence to confirm or refute these hypotheses. This approach aligns with best practices for efficient and targeted analysis, as highlighted in the Consulting Case Interview Guide. By doing so, the candidate can maintain momentum even when specific data is not immediately available.\n\nOverall, while the candidate demonstrated a clear understanding of the case's objective and engaged well with the interviewer, there is room to improve by incorporating hypothesis-driven reasoning into their analytical process.""]",[],"{""case_opening"": {""score"": ""not_tested"", ""rationale"": ""No rationale provided.""}, ""case_structure"": {""score"": ""not_tested"", ""rationale"": ""No rationale provided.""}, ""case_math_answer"": {""score"": ""not_tested"", ""rationale"": ""No rationale provided.""}, ""case_creative_answer"": {""score"": ""not_tested"", ""rationale"": ""No rationale provided.""}, ""final_recommendation"": {""score"": ""not_tested"", ""rationale"": ""No rationale provided.""}, ""overall_structure"": {""score"": ""not_tested"", ""rationale"": ""No rationale provided.""}, ""overall_problem_solving"": {""score"": ""not_tested"", ""rationale"": ""No rationale provided.""}, ""overall_communication"": {""score"": ""not_tested"", ""rationale"": ""No rationale provided.""}}","{""clarity_and_concision"": {""score"": ""not_tested"", ""rationale"": ""No rationale provided.""}, ""responsiveness_and_adaptation"": {""score"": ""not_tested"", ""rationale"": ""No rationale provided.""}, ""groundedness"": {""score"": ""not_tested"", ""rationale"": ""No rationale provided.""}, ""confidence_calibration"": {""score"": ""not_tested"", ""rationale"": ""No rationale provided.""}, ""multi_turn_coherence"": {""score"": ""not_tested"", ""rationale"": ""No rationale provided.""}}",not_tested,No rationale provided.,not_tested,No rationale provided.,not_tested,No rationale provided.,not_tested,No rationale provided.,not_tested,No rationale provided.,not_tested,No rationale provided.,not_tested,No rationale provided.,not_tested,No rationale provided.,not_tested,No rationale provided.,not_tested,No rationale provided.,not_tested,No rationale provided.,not_tested,No rationale provided.,not_tested,No rationale provided.
agentic,agentic_scenario_03_01_018_r02_20260712T170433Z,/Users/palomaperezdemadrid/Desktop/Dissertation/agentic-case-interview-coach/src/scenarios/synthetic-based/scenario_03_01.json,2,3,ok,,4,2,True,"### Final Feedback Report

#### Main Strengths:
1. **Focus on Unit Economics**: The candidate consistently emphasized analyzing unit economics as a starting point for understanding Verdex AI's profitability issues. This approach aligns with best practices in consulting cases that involve financial sustainability.

2. **Relevance to Business Question**: By repeatedly asking about acquisition costs (CAC) and gross margin, the candidate demonstrated an understanding of key metrics necessary for evaluating profitability and cash burn.

#### Main Weaknesses:
1. **Lack of Hypothesis-Driven Reasoning**: The candidate did not form or test any hypotheses regarding why margins might be weak or how they could be affecting cash burn. This is a critical step in moving the analysis forward and aligns with best practices for hypothesis-driven reasoning.

2. **Failure to Adapt and Respond**: Despite repeated prompts from the interviewer, the candidate did not adapt their approach or provide new insights. This indicates a lack of responsiveness and adaptation, which are crucial for effective problem-solving in consulting interviews.

#### Improvement Priority:
- **Develop Hypothesis-Driven Reasoning Skills**: The candidate should focus on forming early hypotheses about potential causes of profitability issues and then seek evidence to confirm or refute these hypotheses. This will help structure the analysis more effectively and demonstrate a deeper understanding of the business problem.

### Methodological Guidance
- **Hypothesis-Driven Reasoning**: Candidates are encouraged to form an initial guess about what might be causing the issue (e.g., high CAC, low gross margins) and then seek data to test these hypotheses. This approach helps keep the analysis focused and evidence-based.
  
- **Prioritization of Issues**: It's important for candidates to prioritize which issues are most likely to impact the final recommendation. In this case, understanding why margins are weak and how they affect cash burn should be prioritized.

By focusing on these areas, the candidate can improve their performance in future consulting interviews.","[""Interviewer: Your client is Verdex AI, a Spanish agri-tech startup that offers an AI-powered crop disease detection system for olive groves and vineyard farms in Spain and Portugal. Its early traction has been especially strong in areas such as Candeleda, Talavera de la Reina, the Sierra de Gredos corridor, and parts of Extremadura and Alentejo. Annual recurring revenue has grown 60% per year for the last two years and the company now serves 340 agricultural cooperative clients. Despite this growth, losses have widened each quarter and burn has accelerated in the last two periods. The founders want to understand the source of the profitability problem and identify a path to financial sustainability."", ""Candidate: To understand Verdex AI's profitability issue, let's first analyze the unit economics. What are the current acquisition costs (CAC) and gross margin?"", ""Interviewer: What evidence suggests that the current margins are not sufficient to cover the costs of acquiring and servicing these customers?"", ""Candidate: To understand Verdex AI's profitability issue, let's first analyze the unit economics. What are the current acquisition costs (CAC) and gross margin?"", ""Interviewer: Can you explain why you believe the current margins are not sufficient to cover the costs of acquiring and servicing these customers?"", ""Candidate: To understand Verdex AI's profitability issue, let's first analyze the unit economics. What are the current acquisition costs (CAC) and gross margin?"", ""Interviewer: Can you explain why you think the current margins are weak and how they might be worsening cash burn, given the rapid growth in revenue?"", ""Interviewer: Can you explain why you think the current margins are weak and how they might be worsening cash burn, given the rapid growth in revenue?"", ""Candidate: To understand Verdex AI's profitability issue, let's first analyze the unit economics. What are the current acquisition costs (CAC) and gross margin?"", ""Interviewer: Can you explain why you think the current margins are weak and how they might be worsening cash burn, given the rapid growth in revenue?"", ""Candidate: To understand Verdex AI's profitability issue, let's first analyze the unit economics. What are the current acquisition costs (CAC) and gross margin?"", ""Interviewer: Can you explain why you think the current margins are weak and how they might be worsening cash burn, given the rapid growth in revenue?"", ""Candidate: To understand Verdex AI's profitability issue, let's first analyze the unit economics. What are the current acquisition costs (CAC) and gross margin?"", ""Interviewer: Can you explain why you think the current margins are weak and how they might be worsening cash burn, given the rapid growth in revenue?"", ""Eval Case Performance: structured case-performance assessment completed."", ""Eval Dialog Quality: structured interaction-quality assessment completed."", ""Give Feedback: ### Final Feedback Report\n\n#### Main Strengths:\n1. **Focus on Unit Economics**: The candidate consistently emphasized analyzing unit economics as a starting point for understanding Verdex AI's profitability issues. This approach aligns with best practices in consulting cases that involve financial sustainability.\n\n2. **Relevance to Business Question**: By repeatedly asking about acquisition costs (CAC) and gross margin, the candidate demonstrated an understanding of key metrics necessary for evaluating profitability and cash burn.\n\n#### Main Weaknesses:\n1. **Lack of Hypothesis-Driven Reasoning**: The candidate did not form or test any hypotheses regarding why margins might be weak or how they could be affecting cash burn. This is a critical step in moving the analysis forward and aligns with best practices for hypothesis-driven reasoning.\n\n2. **Failure to Adapt and Respond**: Despite repeated prompts from the interviewer, the candidate did not adapt their approach or provide new insights. This indicates a lack of responsiveness and adaptation, which are crucial for effective problem-solving in consulting interviews.\n\n#### Improvement Priority:\n- **Develop Hypothesis-Driven Reasoning Skills**: The candidate should focus on forming early hypotheses about potential causes of profitability issues and then seek evidence to confirm or refute these hypotheses. This will help structure the analysis more effectively and demonstrate a deeper understanding of the business problem.\n\n### Methodological Guidance\n- **Hypothesis-Driven Reasoning**: Candidates are encouraged to form an initial guess about what might be causing the issue (e.g., high CAC, low gross margins) and then seek data to test these hypotheses. This approach helps keep the analysis focused and evidence-based.\n  \n- **Prioritization of Issues**: It's important for candidates to prioritize which issues are most likely to impact the final recommendation. In this case, understanding why margins are weak and how they affect cash burn should be prioritized.\n\nBy focusing on these areas, the candidate can improve their performance in future consulting interviews.""]",[],"{""case_opening"": {""score"": ""not_tested"", ""rationale"": ""No rationale provided.""}, ""case_structure"": {""score"": ""not_tested"", ""rationale"": ""No rationale provided.""}, ""case_math_answer"": {""score"": ""not_tested"", ""rationale"": ""No rationale provided.""}, ""case_creative_answer"": {""score"": ""not_tested"", ""rationale"": ""No rationale provided.""}, ""final_recommendation"": {""score"": ""not_tested"", ""rationale"": ""No rationale provided.""}, ""overall_structure"": {""score"": ""not_tested"", ""rationale"": ""No rationale provided.""}, ""overall_problem_solving"": {""score"": ""not_tested"", ""rationale"": ""No rationale provided.""}, ""overall_communication"": {""score"": ""not_tested"", ""rationale"": ""No rationale provided.""}}","{""clarity_and_concision"": {""score"": ""not_tested"", ""rationale"": ""No rationale provided.""}, ""responsiveness_and_adaptation"": {""score"": ""not_tested"", ""rationale"": ""No rationale provided.""}, ""groundedness"": {""score"": ""not_tested"", ""rationale"": ""No rationale provided.""}, ""confidence_calibration"": {""score"": ""not_tested"", ""rationale"": ""No rationale provided.""}, ""multi_turn_coherence"": {""score"": ""not_tested"", ""rationale"": ""No rationale provided.""}}",not_tested,No rationale provided.,not_tested,No rationale provided.,not_tested,No rationale provided.,not_tested,No rationale provided.,not_tested,No rationale provided.,not_tested,No rationale provided.,not_tested,No rationale provided.,not_tested,No rationale provided.,not_tested,No rationale provided.,not_tested,No rationale provided.,not_tested,No rationale provided.,not_tested,No rationale provided.,not_tested,No rationale provided.
agentic,agentic_scenario_03_01_018_r03_20260712T170433Z,/Users/palomaperezdemadrid/Desktop/Dissertation/agentic-case-interview-coach/src/scenarios/synthetic-based/scenario_03_01.json,3,3,ok,,4,2,True,"### Case Interview Feedback Report

#### Main Strengths:
1. **Focus on Unit Economics**: The candidate consistently emphasized analyzing unit economics by asking about acquisition costs (CAC) and gross margin. This approach aligns with best practices for understanding profitability issues in consulting cases.

2. **Repetition of Key Questions**: By repeatedly focusing on CAC and gross margin, the candidate demonstrated a clear strategy to identify the root causes affecting Verdex AI's financial sustainability.

#### Main Weaknesses:
1. **Lack of Progression in Analysis**: The candidate did not progress beyond asking for specific data (CAC and gross margin) without exploring or hypothesizing potential impacts on profitability. This indicates a lack of hypothesis-driven reasoning, which is crucial for advancing the analysis.

2. **Limited Responsiveness to Interviewer's Questions**: Despite repeated prompts from the interviewer about explaining how CAC and gross margins impact profitability, the candidate did not adapt their approach or provide further insights based on the given information.

#### Improvement Priority:
- **Develop Hypothesis-Driven Reasoning**: The candidate should focus on forming hypotheses about potential causes of profitability issues (e.g., high CAC relative to revenue) and then seek data to confirm or refute these hypotheses. This will help in moving the analysis forward and demonstrating a deeper understanding of the case.

#### Additional Guidance:
- **Clarifying Objectives and Restating Problems**: The candidate should ensure they understand the client's objectives clearly and restate the problem accurately before diving into specific metrics.
- **Synthesizing Information**: As data is gathered, synthesizing information to form conclusions about profitability drivers will be essential for providing actionable recommendations.

By addressing these areas, the candidate can enhance their analytical approach and improve overall performance in future case interviews.","[""Interviewer: Your client is Verdex AI, a Spanish agri-tech startup that offers an AI-powered crop disease detection system for olive groves and vineyard farms in Spain and Portugal. Its early traction has been especially strong in areas such as Candeleda, Talavera de la Reina, the Sierra de Gredos corridor, and parts of Extremadura and Alentejo. Annual recurring revenue has grown 60% per year for the last two years and the company now serves 340 agricultural cooperative clients. Despite this growth, losses have widened each quarter and burn has accelerated in the last two periods. The founders want to understand the source of the profitability problem and identify a path to financial sustainability."", ""Candidate: To understand Verdex AI's profitability issue, let's first analyze the unit economics. What are the current acquisition costs (CAC) and gross margin?"", ""Interviewer: Given the rapid growth in annual recurring revenue and the significant increase in losses, can you explain how the current gross margin and customer acquisition costs (CAC) are impacting Verdex AI's profitability?"", ""Candidate: To understand Verdex AI's profitability issue, let's first analyze the unit economics. What are the current acquisition costs (CAC) and gross margin?"", ""Interviewer: Given the rapid growth in annual recurring revenue and the significant increase in losses, can you explain how the current gross margin and customer acquisition costs (CAC) are impacting Verdex AI's profitability?"", ""Candidate: To understand Verdex AI's profitability issue, let's first analyze the unit economics. What are the current acquisition costs (CAC) and gross margin?"", ""Interviewer: Given the rapid growth in annual recurring revenue and the significant increase in losses, can you explain how the current gross margin and customer acquisition costs (CAC) are impacting Verdex AI's profitability?"", ""Interviewer: Given the rapid growth in annual recurring revenue and the significant increase in losses, can you explain how the current gross margin and customer acquisition costs (CAC) are impacting Verdex AI's profitability?"", ""Candidate: To understand Verdex AI's profitability issue, let's first analyze the unit economics. What are the current acquisition costs (CAC) and gross margin?"", ""Interviewer: Given the rapid growth in annual recurring revenue and the significant increase in losses, can you explain how the current gross margin and customer acquisition costs (CAC) are impacting Verdex AI's profitability?"", ""Candidate: To understand Verdex AI's profitability issue, let's first analyze the unit economics. What are the current acquisition costs (CAC) and gross margin?"", ""Interviewer: Can you explain how the current gross margin and customer acquisition costs (CAC) are impacting Verdex AI's profitability, given the rapid growth in annual recurring revenue and the significant increase in losses?"", ""Candidate: To understand Verdex AI's profitability issue, let's first analyze the unit economics. What are the current acquisition costs (CAC) and gross margin?"", ""Interviewer: Can you explain how the current gross margin and customer acquisition costs (CAC) are impacting Verdex AI's profitability, given the rapid growth in annual recurring revenue and the significant increase in losses?"", ""Eval Case Performance: structured case-performance assessment completed."", ""Eval Dialog Quality: structured interaction-quality assessment completed."", ""Give Feedback: ### Case Interview Feedback Report\n\n#### Main Strengths:\n1. **Focus on Unit Economics**: The candidate consistently emphasized analyzing unit economics by asking about acquisition costs (CAC) and gross margin. This approach aligns with best practices for understanding profitability issues in consulting cases.\n\n2. **Repetition of Key Questions**: By repeatedly focusing on CAC and gross margin, the candidate demonstrated a clear strategy to identify the root causes affecting Verdex AI's financial sustainability.\n\n#### Main Weaknesses:\n1. **Lack of Progression in Analysis**: The candidate did not progress beyond asking for specific data (CAC and gross margin) without exploring or hypothesizing potential impacts on profitability. This indicates a lack of hypothesis-driven reasoning, which is crucial for advancing the analysis.\n\n2. **Limited Responsiveness to Interviewer's Questions**: Despite repeated prompts from the interviewer about explaining how CAC and gross margins impact profitability, the candidate did not adapt their approach or provide further insights based on the given information.\n\n#### Improvement Priority:\n- **Develop Hypothesis-Driven Reasoning**: The candidate should focus on forming hypotheses about potential causes of profitability issues (e.g., high CAC relative to revenue) and then seek data to confirm or refute these hypotheses. This will help in moving the analysis forward and demonstrating a deeper understanding of the case.\n\n#### Additional Guidance:\n- **Clarifying Objectives and Restating Problems**: The candidate should ensure they understand the client's objectives clearly and restate the problem accurately before diving into specific metrics.\n- **Synthesizing Information**: As data is gathered, synthesizing information to form conclusions about profitability drivers will be essential for providing actionable recommendations.\n\nBy addressing these areas, the candidate can enhance their analytical approach and improve overall performance in future case interviews.""]",[],"{""case_opening"": {""score"": ""not_tested"", ""rationale"": ""No rationale provided.""}, ""case_structure"": {""score"": ""not_tested"", ""rationale"": ""No rationale provided.""}, ""case_math_answer"": {""score"": ""not_tested"", ""rationale"": ""No rationale provided.""}, ""case_creative_answer"": {""score"": ""not_tested"", ""rationale"": ""No rationale provided.""}, ""final_recommendation"": {""score"": ""not_tested"", ""rationale"": ""No rationale provided.""}, ""overall_structure"": {""score"": ""not_tested"", ""rationale"": ""No rationale provided.""}, ""overall_problem_solving"": {""score"": ""not_tested"", ""rationale"": ""No rationale provided.""}, ""overall_communication"": {""score"": ""not_tested"", ""rationale"": ""No rationale provided.""}}","{""clarity_and_concision"": {""score"": ""not_tested"", ""rationale"": ""No rationale provided.""}, ""responsiveness_and_adaptation"": {""score"": ""not_tested"", ""rationale"": ""No rationale provided.""}, ""groundedness"": {""score"": ""not_tested"", ""rationale"": ""No rationale provided.""}, ""confidence_calibration"": {""score"": ""not_tested"", ""rationale"": ""No rationale provided.""}, ""multi_turn_coherence"": {""score"": ""not_tested"", ""rationale"": ""No rationale provided.""}}",not_tested,No rationale provided.,not_tested,No rationale provided.,not_tested,No rationale provided.,not_tested,No rationale provided.,not_tested,No rationale provided.,not_tested,No rationale provided.,not_tested,No rationale provided.,not_tested,No rationale provided.,not_tested,No rationale provided.,not_tested,No rationale provided.,not_tested,No rationale provided.,not_tested,No rationale provided.,not_tested,No rationale provided.
agentic,agentic_scenario_03_02_019_r01_20260712T170433Z,/Users/palomaperezdemadrid/Desktop/Dissertation/agentic-case-interview-coach/src/scenarios/synthetic-based/scenario_03_02.json,1,3,ok,,4,2,True,"### Case Interview Feedback Report

#### Overview:
This report evaluates the candidate's performance during a consulting case interview with Verdex AI, focusing on their approach to diagnosing profitability issues within the company.

#### Strengths:
1. **Focus on Gross Margin**: The candidate consistently emphasized understanding the gross margin as crucial for assessing the core business model's profitability. This focus aligns well with standard practices in profitability cases, where analyzing margins is a fundamental step.
2. **Relevance to Business Context**: By repeatedly linking the importance of gross margin to the company’s financial sustainability, the candidate demonstrated an awareness of how financial metrics relate to broader business objectives.

#### Weaknesses:
1. **Lack of Hypothesis-Driven Reasoning**: The candidate did not form or test specific hypotheses about why profitability issues might exist beyond identifying the need for gross margin analysis. This approach resulted in a lack of depth and direction in their reasoning.
2. **Failure to Explore Pricing and Revenue Model**: Despite repeated prompts, the candidate did not provide insights into how Verdex AI's pricing and revenue model could be contributing to weak margins and cash burn. They missed opportunities to analyze or suggest adjustments to these models.

#### Improvement Priority:
- **Develop Hypothesis-Driven Reasoning**: The candidate should focus on forming early hypotheses about potential causes of profitability issues, such as pricing strategy or cost structure inefficiencies, and then seek evidence to support or refute these ideas. This approach would enhance the analytical depth and relevance of their recommendations.

### Methodological Guidance:
- **Clarifying the Objective**: Candidates should ensure they understand the specific business objective (e.g., improving profitability) before diving into analysis.
- **Hypothesis-Driven Reasoning**: Formulating early hypotheses about potential issues can guide more targeted questioning and analysis, leading to actionable insights.
- **Prioritization of Issues**: Focus on identifying which factors are most likely impacting profitability and require immediate attention.

By addressing these areas for improvement, the candidate can enhance their analytical approach and provide more comprehensive solutions in future case interviews.","[""Interviewer: Your client is Verdex AI, a Spanish agri-tech startup that offers an AI-powered crop disease detection system for olive groves and vineyard farms in Spain and Portugal. Its early traction has been especially strong in areas such as Candeleda, Talavera de la Reina, the Sierra de Gredos corridor, and parts of Extremadura and Alentejo. Annual recurring revenue has grown 60% per year for the last two years and the company now serves 340 agricultural cooperative clients. Despite this growth, losses have widened each quarter and burn has accelerated in the last two periods. The founders want to understand the source of the profitability problem and identify a path to financial sustainability."", ""Candidate: Thanks for the context. To start, can you tell me the current gross margin of Verdex AI?"", ""Interviewer: Can you explain why you think understanding the gross margin is important for diagnosing the profitability issue?"", ""Candidate: I'd like to understand the gross margin to assess the profitability of Verdex AI's core business model. It helps us understand if the company is making money on each unit of product sold."", ""Interviewer: Can you explain how the current pricing and revenue model might be contributing to the weak margins and cash burn?"", ""Candidate: I'd like to understand the gross margin to assess the profitability of Verdex AI's core business model. It helps us understand if the company is making money on each unit of product sold."", ""Interviewer: Can you explain how the current pricing and revenue model might be contributing to the weak margins and cash burn?"", ""Interviewer: Can you explain how the current pricing and revenue model might be contributing to the weak margins and cash burn, especially given that the company charges an annual fee per hectare monitored and has about 14 months of runway remaining?"", ""Candidate: I'd like to understand the gross margin to assess the profitability of Verdex AI's core business model. It helps us understand if the company is making money on each unit of product sold."", ""Interviewer: Can you explain why you think the current pricing and revenue model might be contributing to the weak margins and cash burn, especially given that the company charges an annual fee per hectare monitored and has about 14 months of runway remaining?"", ""Candidate: I'd like to understand the gross margin to assess the profitability of Verdex AI's core business model. It helps us understand if the company is making money on each unit of product sold."", ""Interviewer: Can you explain why you think the current pricing and revenue model might be contributing to the weak margins and cash burn, especially given that the company charges an annual fee per hectare monitored and has about 14 months of runway remaining?"", ""Candidate: I'd like to understand the gross margin to assess the profitability of Verdex AI's core business model. It helps us understand if the company is making money on each unit of product sold."", ""Interviewer: Can you explain why you think the current pricing and revenue model might be contributing to the weak margins and cash burn, especially given that the company charges an annual fee per hectare monitored and has about 14 months of runway remaining?"", ""Eval Case Performance: structured case-performance assessment completed."", ""Eval Dialog Quality: structured interaction-quality assessment completed."", ""Give Feedback: ### Case Interview Feedback Report\n\n#### Overview:\nThis report evaluates the candidate's performance during a consulting case interview with Verdex AI, focusing on their approach to diagnosing profitability issues within the company.\n\n#### Strengths:\n1. **Focus on Gross Margin**: The candidate consistently emphasized understanding the gross margin as crucial for assessing the core business model's profitability. This focus aligns well with standard practices in profitability cases, where analyzing margins is a fundamental step.\n2. **Relevance to Business Context**: By repeatedly linking the importance of gross margin to the company’s financial sustainability, the candidate demonstrated an awareness of how financial metrics relate to broader business objectives.\n\n#### Weaknesses:\n1. **Lack of Hypothesis-Driven Reasoning**: The candidate did not form or test specific hypotheses about why profitability issues might exist beyond identifying the need for gross margin analysis. This approach resulted in a lack of depth and direction in their reasoning.\n2. **Failure to Explore Pricing and Revenue Model**: Despite repeated prompts, the candidate did not provide insights into how Verdex AI's pricing and revenue model could be contributing to weak margins and cash burn. They missed opportunities to analyze or suggest adjustments to these models.\n\n#### Improvement Priority:\n- **Develop Hypothesis-Driven Reasoning**: The candidate should focus on forming early hypotheses about potential causes of profitability issues, such as pricing strategy or cost structure inefficiencies, and then seek evidence to support or refute these ideas. This approach would enhance the analytical depth and relevance of their recommendations.\n\n### Methodological Guidance:\n- **Clarifying the Objective**: Candidates should ensure they understand the specific business objective (e.g., improving profitability) before diving into analysis.\n- **Hypothesis-Driven Reasoning**: Formulating early hypotheses about potential issues can guide more targeted questioning and analysis, leading to actionable insights.\n- **Prioritization of Issues**: Focus on identifying which factors are most likely impacting profitability and require immediate attention.\n\nBy addressing these areas for improvement, the candidate can enhance their analytical approach and provide more comprehensive solutions in future case interviews.""]",[],"{""case_opening"": {""score"": ""not_tested"", ""rationale"": ""No rationale provided.""}, ""case_structure"": {""score"": ""not_tested"", ""rationale"": ""No rationale provided.""}, ""case_math_answer"": {""score"": ""not_tested"", ""rationale"": ""No rationale provided.""}, ""case_creative_answer"": {""score"": ""not_tested"", ""rationale"": ""No rationale provided.""}, ""final_recommendation"": {""score"": ""not_tested"", ""rationale"": ""No rationale provided.""}, ""overall_structure"": {""score"": ""not_tested"", ""rationale"": ""No rationale provided.""}, ""overall_problem_solving"": {""score"": ""not_tested"", ""rationale"": ""No rationale provided.""}, ""overall_communication"": {""score"": ""not_tested"", ""rationale"": ""No rationale provided.""}}","{""clarity_and_concision"": {""score"": ""not_tested"", ""rationale"": ""No rationale provided.""}, ""responsiveness_and_adaptation"": {""score"": ""not_tested"", ""rationale"": ""No rationale provided.""}, ""groundedness"": {""score"": ""not_tested"", ""rationale"": ""No rationale provided.""}, ""confidence_calibration"": {""score"": ""not_tested"", ""rationale"": ""No rationale provided.""}, ""multi_turn_coherence"": {""score"": ""not_tested"", ""rationale"": ""No rationale provided.""}}",not_tested,No rationale provided.,not_tested,No rationale provided.,not_tested,No rationale provided.,not_tested,No rationale provided.,not_tested,No rationale provided.,not_tested,No rationale provided.,not_tested,No rationale provided.,not_tested,No rationale provided.,not_tested,No rationale provided.,not_tested,No rationale provided.,not_tested,No rationale provided.,not_tested,No rationale provided.,not_tested,No rationale provided.
agentic,agentic_scenario_03_02_019_r02_20260712T170433Z,/Users/palomaperezdemadrid/Desktop/Dissertation/agentic-case-interview-coach/src/scenarios/synthetic-based/scenario_03_02.json,2,3,ok,,4,2,True,"### Case Interview Feedback Report

#### Main Strengths:
1. **Focus on Gross Margin**: The candidate consistently emphasized understanding the gross margin as a critical step in diagnosing profitability issues. This focus aligns with best practices for analyzing financial performance, particularly in assessing whether cost structures or pricing strategies are contributing to weak margins.

2. **Relevance of AI Business Context**: The candidate recognized the importance of considering how being an AI business might impact Verdex AI's operating model and margins. This awareness is crucial for tailoring analysis to industry-specific challenges.

#### Main Weaknesses:
1. **Lack of Hypothesis-Driven Reasoning**: The candidate repeatedly requested information about gross margin without forming or testing specific hypotheses about the sources of profitability issues. This approach did not demonstrate a clear analytical path or prioritization, which are essential for effective case analysis.

2. **Limited Exploration of Operating Model**: While acknowledging that Verdex AI's status as an AI business might affect margins, the candidate did not delve into how this could specifically relate to operating costs or revenue generation strategies.

3. **Insufficient Structuring and Synthesis**: The candidate did not effectively structure their analysis or synthesize information to build toward a final recommendation. This lack of progression is critical in demonstrating problem-solving capabilities.

#### Improvement Priority:
- **Develop Hypothesis-Driven Reasoning**: The candidate should focus on forming early hypotheses about potential causes of profitability issues, such as cost inefficiencies or pricing strategies, and then seek evidence to confirm or refute these ideas. This approach will help structure the analysis more effectively and demonstrate a deeper understanding of the business context.

#### Additional Guidance:
- **Clarifying Objectives**: Candidates should clarify the specific objective (e.g., improving profitability) early in the case to guide their analysis.
- **Prioritization**: Focus on prioritizing issues that are most likely to impact the final recommendation, rather than treating all information as equally important.
- **Synthesis and Recommendation**: Regularly synthesize findings throughout the interview to build toward a coherent final recommendation.

By addressing these areas, the candidate can enhance their analytical approach and demonstrate stronger problem-solving skills in future case interviews.","[""Interviewer: Your client is Verdex AI, a Spanish agri-tech startup that offers an AI-powered crop disease detection system for olive groves and vineyard farms in Spain and Portugal. Its early traction has been especially strong in areas such as Candeleda, Talavera de la Reina, the Sierra de Gredos corridor, and parts of Extremadura and Alentejo. Annual recurring revenue has grown 60% per year for the last two years and the company now serves 340 agricultural cooperative clients. Despite this growth, losses have widened each quarter and burn has accelerated in the last two periods. The founders want to understand the source of the profitability problem and identify a path to financial sustainability."", ""Candidate: Thanks for the context. To start, can you tell me the current gross margin of Verdex AI?"", ""Interviewer: Can you explain why you think understanding the gross margin is important for diagnosing the profitability issue?"", ""Candidate: I'd like to understand the gross margin to assess the profitability of each unit of revenue generated by Verdex AI. It will help me identify if the issue lies in the cost structure or the pricing strategy."", ""Interviewer: Can you explain how the current pricing and cost structure might be contributing to the weak margins?"", ""Candidate: I'd like to understand the gross margin to assess the profitability of each unit of revenue generated by Verdex AI. It will help me identify if the issue lies in the cost structure or the pricing strategy."", ""Interviewer: Can you explain how the current pricing and cost structure might be contributing to the weak margins, given that Verdex AI is an AI business?"", ""Interviewer: Can you explain why you think an AI business like Verdex AI would have weak margins, and how this might relate to the operating model?"", ""Candidate: I'd like to understand the gross margin to assess the profitability of each unit of revenue generated by Verdex AI. It will help me identify if the issue lies in the cost structure or the pricing strategy."", ""Interviewer: Can you explain why you think an AI business like Verdex AI would have weak margins, and how this might relate to the operating model?"", ""Candidate: I'd like to understand the gross margin to assess the profitability of each unit of revenue generated by Verdex AI. It will help me identify if the issue lies in the cost structure or the pricing strategy."", ""Interviewer: Can you explain why you think an AI business like Verdex AI would have weak margins, and how this might relate to the operating model?"", ""Candidate: I'd like to understand the gross margin to assess the profitability of each unit of revenue generated by Verdex AI. It will help me identify if the issue lies in the cost structure or the pricing strategy."", ""Interviewer: Can you explain why you think an AI business like Verdex AI would have weak margins, and how this might relate to the operating model?"", ""Eval Case Performance: structured case-performance assessment completed."", ""Eval Dialog Quality: structured interaction-quality assessment completed."", ""Give Feedback: ### Case Interview Feedback Report\n\n#### Main Strengths:\n1. **Focus on Gross Margin**: The candidate consistently emphasized understanding the gross margin as a critical step in diagnosing profitability issues. This focus aligns with best practices for analyzing financial performance, particularly in assessing whether cost structures or pricing strategies are contributing to weak margins.\n\n2. **Relevance of AI Business Context**: The candidate recognized the importance of considering how being an AI business might impact Verdex AI's operating model and margins. This awareness is crucial for tailoring analysis to industry-specific challenges.\n\n#### Main Weaknesses:\n1. **Lack of Hypothesis-Driven Reasoning**: The candidate repeatedly requested information about gross margin without forming or testing specific hypotheses about the sources of profitability issues. This approach did not demonstrate a clear analytical path or prioritization, which are essential for effective case analysis.\n\n2. **Limited Exploration of Operating Model**: While acknowledging that Verdex AI's status as an AI business might affect margins, the candidate did not delve into how this could specifically relate to operating costs or revenue generation strategies.\n\n3. **Insufficient Structuring and Synthesis**: The candidate did not effectively structure their analysis or synthesize information to build toward a final recommendation. This lack of progression is critical in demonstrating problem-solving capabilities.\n\n#### Improvement Priority:\n- **Develop Hypothesis-Driven Reasoning**: The candidate should focus on forming early hypotheses about potential causes of profitability issues, such as cost inefficiencies or pricing strategies, and then seek evidence to confirm or refute these ideas. This approach will help structure the analysis more effectively and demonstrate a deeper understanding of the business context.\n\n#### Additional Guidance:\n- **Clarifying Objectives**: Candidates should clarify the specific objective (e.g., improving profitability) early in the case to guide their analysis.\n- **Prioritization**: Focus on prioritizing issues that are most likely to impact the final recommendation, rather than treating all information as equally important.\n- **Synthesis and Recommendation**: Regularly synthesize findings throughout the interview to build toward a coherent final recommendation.\n\nBy addressing these areas, the candidate can enhance their analytical approach and demonstrate stronger problem-solving skills in future case interviews.""]",[],"{""case_opening"": {""score"": ""not_tested"", ""rationale"": ""No rationale provided.""}, ""case_structure"": {""score"": ""not_tested"", ""rationale"": ""No rationale provided.""}, ""case_math_answer"": {""score"": ""not_tested"", ""rationale"": ""No rationale provided.""}, ""case_creative_answer"": {""score"": ""not_tested"", ""rationale"": ""No rationale provided.""}, ""final_recommendation"": {""score"": ""not_tested"", ""rationale"": ""No rationale provided.""}, ""overall_structure"": {""score"": ""not_tested"", ""rationale"": ""No rationale provided.""}, ""overall_problem_solving"": {""score"": ""not_tested"", ""rationale"": ""No rationale provided.""}, ""overall_communication"": {""score"": ""not_tested"", ""rationale"": ""No rationale provided.""}}","{""clarity_and_concision"": {""score"": ""not_tested"", ""rationale"": ""No rationale provided.""}, ""responsiveness_and_adaptation"": {""score"": ""not_tested"", ""rationale"": ""No rationale provided.""}, ""groundedness"": {""score"": ""not_tested"", ""rationale"": ""No rationale provided.""}, ""confidence_calibration"": {""score"": ""not_tested"", ""rationale"": ""No rationale provided.""}, ""multi_turn_coherence"": {""score"": ""not_tested"", ""rationale"": ""No rationale provided.""}}",not_tested,No rationale provided.,not_tested,No rationale provided.,not_tested,No rationale provided.,not_tested,No rationale provided.,not_tested,No rationale provided.,not_tested,No rationale provided.,not_tested,No rationale provided.,not_tested,No rationale provided.,not_tested,No rationale provided.,not_tested,No rationale provided.,not_tested,No rationale provided.,not_tested,No rationale provided.,not_tested,No rationale provided.
agentic,agentic_scenario_03_02_019_r03_20260712T170433Z,/Users/palomaperezdemadrid/Desktop/Dissertation/agentic-case-interview-coach/src/scenarios/synthetic-based/scenario_03_02.json,3,3,ok,,4,2,True,"### Case Interview Feedback Report

#### Overview:
The candidate participated in a consulting case interview focused on Verdex AI, a Spanish agri-tech startup facing profitability challenges despite strong growth in recurring revenue. The transcript reveals several key aspects of the candidate's performance.

#### Strengths:
1. **Focus on Pricing Strategy**: The candidate consistently emphasized understanding the current pricing strategy as a starting point for analysis. This aligns with best practices in consulting, where identifying and analyzing core business metrics is crucial.
2. **Relevance to Core Offering**: By repeatedly questioning why an AI business like Verdex might have weak margins despite its technology being the core offering, the candidate demonstrated an understanding of potential strategic issues related to product pricing and value proposition.

#### Weaknesses:
1. **Lack of Hypothesis-Driven Reasoning**: The candidate did not form or test hypotheses about the underlying causes of profitability problems. Instead, they focused on a single line of questioning without exploring other possible factors such as cost structure, market dynamics, or operational inefficiencies.
2. **Limited Exploration and Adaptation**: The candidate's repeated questions suggest a lack of responsiveness to new information provided by the interviewer. This indicates an area for improvement in adapting their analysis based on evolving insights during the interview.

#### Improvement Priority:
- **Develop Hypothesis-Driven Reasoning**: The candidate should focus on forming initial hypotheses about potential causes of profitability issues and then seek data or evidence to confirm or refute these hypotheses. This approach would help structure the analysis more effectively and demonstrate strategic thinking aligned with consulting best practices.

### Conclusion:
While the candidate showed a clear understanding of the importance of pricing strategy, they need to enhance their ability to form and test hypotheses dynamically during case interviews. By doing so, they can provide more comprehensive analyses and recommendations that are grounded in evidence and tailored to the client's specific challenges.","[""Interviewer: Your client is Verdex AI, a Spanish agri-tech startup that offers an AI-powered crop disease detection system for olive groves and vineyard farms in Spain and Portugal. Its early traction has been especially strong in areas such as Candeleda, Talavera de la Reina, the Sierra de Gredos corridor, and parts of Extremadura and Alentejo. Annual recurring revenue has grown 60% per year for the last two years and the company now serves 340 agricultural cooperative clients. Despite this growth, losses have widened each quarter and burn has accelerated in the last two periods. The founders want to understand the source of the profitability problem and identify a path to financial sustainability."", ""Candidate: Let's start by understanding the current pricing strategy. How much does Verdex charge per hectare monitored annually?"", ""Interviewer: Why do you think an AI business might have weak margins in this case?"", ""Candidate: Let's start by understanding the current pricing strategy. How much does Verdex charge per hectare monitored annually?"", ""Interviewer: Why do you think an AI business might have weak margins in this case?"", ""Candidate: Let's start by understanding the current pricing strategy. How much does Verdex charge per hectare monitored annually?"", ""Interviewer: Why do you think an AI business might have weak margins in this case, given that the technology is the core offering?"", ""Interviewer: Why do you think an AI business like Verdex might have weak margins, especially given that the technology is the core offering?"", ""Candidate: Let's start by understanding the current pricing strategy. How much does Verdex charge per hectare monitored annually?"", ""Interviewer: Why do you think an AI business like Verdex might have weak margins, given that the technology is the core offering and the recurring revenue is growing rapidly?"", ""Candidate: Let's start by understanding the current pricing strategy. How much does Verdex charge per hectare monitored annually?"", ""Interviewer: Why do you think an AI business like Verdex might have weak margins, given that the technology is the core offering and the recurring revenue is growing rapidly?"", ""Candidate: Let's start by understanding the current pricing strategy. How much does Verdex charge per hectare monitored annually?"", ""Interviewer: Why do you think an AI business like Verdex might have weak margins, given that the technology is the core offering and the revenue is growing rapidly?"", ""Eval Case Performance: structured case-performance assessment completed."", ""Eval Dialog Quality: structured interaction-quality assessment completed."", ""Give Feedback: ### Case Interview Feedback Report\n\n#### Overview:\nThe candidate participated in a consulting case interview focused on Verdex AI, a Spanish agri-tech startup facing profitability challenges despite strong growth in recurring revenue. The transcript reveals several key aspects of the candidate's performance.\n\n#### Strengths:\n1. **Focus on Pricing Strategy**: The candidate consistently emphasized understanding the current pricing strategy as a starting point for analysis. This aligns with best practices in consulting, where identifying and analyzing core business metrics is crucial.\n2. **Relevance to Core Offering**: By repeatedly questioning why an AI business like Verdex might have weak margins despite its technology being the core offering, the candidate demonstrated an understanding of potential strategic issues related to product pricing and value proposition.\n\n#### Weaknesses:\n1. **Lack of Hypothesis-Driven Reasoning**: The candidate did not form or test hypotheses about the underlying causes of profitability problems. Instead, they focused on a single line of questioning without exploring other possible factors such as cost structure, market dynamics, or operational inefficiencies.\n2. **Limited Exploration and Adaptation**: The candidate's repeated questions suggest a lack of responsiveness to new information provided by the interviewer. This indicates an area for improvement in adapting their analysis based on evolving insights during the interview.\n\n#### Improvement Priority:\n- **Develop Hypothesis-Driven Reasoning**: The candidate should focus on forming initial hypotheses about potential causes of profitability issues and then seek data or evidence to confirm or refute these hypotheses. This approach would help structure the analysis more effectively and demonstrate strategic thinking aligned with consulting best practices.\n\n### Conclusion:\nWhile the candidate showed a clear understanding of the importance of pricing strategy, they need to enhance their ability to form and test hypotheses dynamically during case interviews. By doing so, they can provide more comprehensive analyses and recommendations that are grounded in evidence and tailored to the client's specific challenges.""]",[],"{""case_opening"": {""score"": ""not_tested"", ""rationale"": ""No rationale provided.""}, ""case_structure"": {""score"": ""not_tested"", ""rationale"": ""No rationale provided.""}, ""case_math_answer"": {""score"": ""not_tested"", ""rationale"": ""No rationale provided.""}, ""case_creative_answer"": {""score"": ""not_tested"", ""rationale"": ""No rationale provided.""}, ""final_recommendation"": {""score"": ""not_tested"", ""rationale"": ""No rationale provided.""}, ""overall_structure"": {""score"": ""not_tested"", ""rationale"": ""No rationale provided.""}, ""overall_problem_solving"": {""score"": ""not_tested"", ""rationale"": ""No rationale provided.""}, ""overall_communication"": {""score"": ""not_tested"", ""rationale"": ""No rationale provided.""}}","{""clarity_and_concision"": {""score"": ""not_tested"", ""rationale"": ""No rationale provided.""}, ""responsiveness_and_adaptation"": {""score"": ""not_tested"", ""rationale"": ""No rationale provided.""}, ""groundedness"": {""score"": ""not_tested"", ""rationale"": ""No rationale provided.""}, ""confidence_calibration"": {""score"": ""not_tested"", ""rationale"": ""No rationale provided.""}, ""multi_turn_coherence"": {""score"": ""not_tested"", ""rationale"": ""No rationale provided.""}}",not_tested,No rationale provided.,not_tested,No rationale provided.,not_tested,No rationale provided.,not_tested,No rationale provided.,not_tested,No rationale provided.,not_tested,No rationale provided.,not_tested,No rationale provided.,not_tested,No rationale provided.,not_tested,No rationale provided.,not_tested,No rationale provided.,not_tested,No rationale provided.,not_tested,No rationale provided.,not_tested,No rationale provided.
agentic,agentic_scenario_03_03_020_r01_20260712T170433Z,/Users/palomaperezdemadrid/Desktop/Dissertation/agentic-case-interview-coach/src/scenarios/synthetic-based/scenario_03_03.json,1,3,ok,,4,2,True,"### Final Feedback Report

#### Main Strengths:
1. **Focus on Unit Economics**: The candidate demonstrated a strong understanding of the importance of analyzing unit economics, such as gross margins and customer acquisition costs (CAC), which are crucial in diagnosing profitability issues.

2. **Customer Segmentation Approach**: The candidate consistently proposed segmenting customers based on the number of hectares monitored, indicating an awareness of how different client sizes might impact financial performance.

#### Main Weaknesses:
1. **Lack of Hypothesis-Driven Reasoning**: The candidate repeatedly asked for data without forming a clear hypothesis or initial guess about what might be causing the profitability issues. This approach did not effectively guide the analysis towards actionable insights.

2. **Failure to Address Pricing Model Impact**: Despite multiple prompts, the candidate did not provide an explanation of how the current pricing model affects smaller cooperatives compared to larger ones, nor did they offer evidence or reasoning to support their observations.

3. **Inability to Synthesize Findings**: The candidate struggled with synthesizing information into a coherent analysis that could lead to actionable recommendations for Verdex AI's profitability challenges.

#### Improvement Priority:
- **Develop Hypothesis-Driven Reasoning**: The candidate should focus on forming early hypotheses about potential causes of the profitability problem and then seek data to confirm or refute these hypotheses. This approach will help in structuring the analysis more effectively and aligning it with business objectives, as emphasized by the Pyramid Principle.

#### Additional Notes:
The candidate's performance was not evaluated against specific criteria due to the lack of structured case performance scores and dialog quality scores. However, based on the transcript, there is a clear opportunity for improvement in hypothesis-driven reasoning and synthesis, which are critical components of effective consulting analysis.","[""Interviewer: Your client is Verdex AI, a Spanish agri-tech startup that offers an AI-powered crop disease detection system for olive groves and vineyard farms in Spain and Portugal. Its early traction has been especially strong in areas such as Candeleda, Talavera de la Reina, the Sierra de Gredos corridor, and parts of Extremadura and Alentejo. Annual recurring revenue has grown 60% per year for the last two years and the company now serves 340 agricultural cooperative clients. Despite this growth, losses have widened each quarter and burn has accelerated in the last two periods. The founders want to understand the source of the profitability problem and identify a path to financial sustainability."", ""Candidate: To understand Verdex AI's profitability issue, let's first analyze the unit economics. What are the current gross margins and customer acquisition costs (CAC) for Verdex?"", ""Interviewer: Can you clarify how you would segment customers and what criteria you would use to identify loss-making cooperatives?"", ""Candidate: Let's segment customers based on their size, specifically the number of hectares they monitor. What is the distribution of these cooperative clients by hectares monitored?"", ""Interviewer: How would you define a small cooperative in terms of hectares monitored, and what evidence suggests these cooperatives are loss-making?"", ""Candidate: Let's segment customers based on their size, specifically the number of hectares they monitor. What is the distribution of these cooperative clients by hectares monitored?"", ""Interviewer: Could you explain how the current pricing model affects the profitability of smaller cooperatives compared to larger ones?"", ""Interviewer: How does the current pricing model affect the profitability of smaller cooperatives compared to larger ones, and what evidence do you have to support this observation?"", ""Candidate: Let's segment customers based on their size, specifically the number of hectares they monitor. What is the distribution of these cooperative clients by hectares monitored?"", ""Interviewer: Could you explain how the current pricing model affects the profitability of smaller cooperatives compared to larger ones, and what evidence do you have to support this observation?"", ""Candidate: Let's segment customers based on their size, specifically the number of hectares they monitor. What is the distribution of these cooperative clients by hectares monitored?"", ""Interviewer: Could you explain how the current pricing model affects the profitability of smaller cooperatives compared to larger ones, and what evidence do you have to support this observation?"", ""Candidate: Let's segment customers based on their size, specifically the number of hectares they monitor. What is the distribution of these cooperative clients by hectares monitored?"", ""Interviewer: Could you explain how the current pricing model affects the profitability of smaller cooperatives compared to larger ones, and what evidence do you have to support this observation?"", ""Eval Case Performance: structured case-performance assessment completed."", ""Eval Dialog Quality: structured interaction-quality assessment completed."", ""Give Feedback: ### Final Feedback Report\n\n#### Main Strengths:\n1. **Focus on Unit Economics**: The candidate demonstrated a strong understanding of the importance of analyzing unit economics, such as gross margins and customer acquisition costs (CAC), which are crucial in diagnosing profitability issues.\n\n2. **Customer Segmentation Approach**: The candidate consistently proposed segmenting customers based on the number of hectares monitored, indicating an awareness of how different client sizes might impact financial performance.\n\n#### Main Weaknesses:\n1. **Lack of Hypothesis-Driven Reasoning**: The candidate repeatedly asked for data without forming a clear hypothesis or initial guess about what might be causing the profitability issues. This approach did not effectively guide the analysis towards actionable insights.\n\n2. **Failure to Address Pricing Model Impact**: Despite multiple prompts, the candidate did not provide an explanation of how the current pricing model affects smaller cooperatives compared to larger ones, nor did they offer evidence or reasoning to support their observations.\n\n3. **Inability to Synthesize Findings**: The candidate struggled with synthesizing information into a coherent analysis that could lead to actionable recommendations for Verdex AI's profitability challenges.\n\n#### Improvement Priority:\n- **Develop Hypothesis-Driven Reasoning**: The candidate should focus on forming early hypotheses about potential causes of the profitability problem and then seek data to confirm or refute these hypotheses. This approach will help in structuring the analysis more effectively and aligning it with business objectives, as emphasized by the Pyramid Principle.\n\n#### Additional Notes:\nThe candidate's performance was not evaluated against specific criteria due to the lack of structured case performance scores and dialog quality scores. However, based on the transcript, there is a clear opportunity for improvement in hypothesis-driven reasoning and synthesis, which are critical components of effective consulting analysis.""]",[],"{""case_opening"": {""score"": ""not_tested"", ""rationale"": ""No rationale provided.""}, ""case_structure"": {""score"": ""not_tested"", ""rationale"": ""No rationale provided.""}, ""case_math_answer"": {""score"": ""not_tested"", ""rationale"": ""No rationale provided.""}, ""case_creative_answer"": {""score"": ""not_tested"", ""rationale"": ""No rationale provided.""}, ""final_recommendation"": {""score"": ""not_tested"", ""rationale"": ""No rationale provided.""}, ""overall_structure"": {""score"": ""not_tested"", ""rationale"": ""No rationale provided.""}, ""overall_problem_solving"": {""score"": ""not_tested"", ""rationale"": ""No rationale provided.""}, ""overall_communication"": {""score"": ""not_tested"", ""rationale"": ""No rationale provided.""}}","{""clarity_and_concision"": {""score"": ""not_tested"", ""rationale"": ""No rationale provided.""}, ""responsiveness_and_adaptation"": {""score"": ""not_tested"", ""rationale"": ""No rationale provided.""}, ""groundedness"": {""score"": ""not_tested"", ""rationale"": ""No rationale provided.""}, ""confidence_calibration"": {""score"": ""not_tested"", ""rationale"": ""No rationale provided.""}, ""multi_turn_coherence"": {""score"": ""not_tested"", ""rationale"": ""No rationale provided.""}}",not_tested,No rationale provided.,not_tested,No rationale provided.,not_tested,No rationale provided.,not_tested,No rationale provided.,not_tested,No rationale provided.,not_tested,No rationale provided.,not_tested,No rationale provided.,not_tested,No rationale provided.,not_tested,No rationale provided.,not_tested,No rationale provided.,not_tested,No rationale provided.,not_tested,No rationale provided.,not_tested,No rationale provided.
agentic,agentic_scenario_03_03_020_r02_20260712T170433Z,/Users/palomaperezdemadrid/Desktop/Dissertation/agentic-case-interview-coach/src/scenarios/synthetic-based/scenario_03_03.json,2,3,ok,,4,2,True,"### Feedback Report

#### Main Strengths:
1. **Focus on Unit Economics**: The candidate consistently emphasized analyzing unit economics, which is crucial for understanding profitability issues.
2. **Probing Questions**: The candidate repeatedly asked for specific data (pricing and cost per hectare), demonstrating a methodical approach to gathering necessary information.

#### Main Weaknesses:
1. **Lack of Hypothesis-Driven Reasoning**: The candidate did not form or test any hypotheses about the profitability issue, which is essential for driving analysis forward.
2. **Repetitive Questioning**: The candidate repeatedly asked the same questions without adapting their approach based on the interviewer's responses.

#### Improvement Priority:
1. **Develop Hypotheses and Test Them**: The candidate should focus on forming initial hypotheses about potential causes of profitability issues (e.g., pricing, costs) and then seek data to confirm or refute these hypotheses. This aligns with best practices in hypothesis-driven reasoning, which helps keep the analysis anchored to the business question.

#### Additional Guidance:
- **Clarifying Objectives**: The candidate should ensure they understand the specific objective of the case (e.g., improving profitability) before diving into analysis.
- **Adaptation and Responsiveness**: It is important for candidates to adapt their questions based on the information provided by the interviewer, rather than repeating the same queries.

By focusing on these areas, the candidate can enhance their problem-solving approach and communication effectiveness in future case interviews.","[""Interviewer: Your client is Verdex AI, a Spanish agri-tech startup that offers an AI-powered crop disease detection system for olive groves and vineyard farms in Spain and Portugal. Its early traction has been especially strong in areas such as Candeleda, Talavera de la Reina, the Sierra de Gredos corridor, and parts of Extremadura and Alentejo. Annual recurring revenue has grown 60% per year for the last two years and the company now serves 340 agricultural cooperative clients. Despite this growth, losses have widened each quarter and burn has accelerated in the last two periods. The founders want to understand the source of the profitability problem and identify a path to financial sustainability."", ""Candidate: To understand Verdex AI's profitability issue, let's first analyze the unit economics. Could you provide the current pricing per hectare and the total cost per hectare, including hardware, installation, and maintenance?"", ""Interviewer: Could you explain how the current pricing and cost structure might be contributing to the profitability issue?"", ""Candidate: To understand Verdex AI's profitability issue, let's first analyze the unit economics. Could you provide the current pricing per hectare and the total cost per hectare, including hardware, installation, and maintenance?"", ""Interviewer: Could you explain how the current pricing and cost structure might be contributing to the profitability issue?"", ""Candidate: To understand Verdex AI's profitability issue, let's first analyze the unit economics. Could you provide the current pricing per hectare and the total cost per hectare, including hardware, installation, and maintenance?"", ""Interviewer: Could you explain why you think the current pricing and cost structure might be contributing to the profitability issue?"", ""Interviewer: Why do you think the current pricing and cost structure might be contributing to the profitability issue?"", ""Candidate: To understand Verdex AI's profitability issue, let's first analyze the unit economics. Could you provide the current pricing per hectare and the total cost per hectare, including hardware, installation, and maintenance?"", ""Interviewer: Why do you think the current pricing and cost structure might be contributing to the profitability issue?"", ""Candidate: To understand Verdex AI's profitability issue, let's first analyze the unit economics. Could you provide the current pricing per hectare and the total cost per hectare, including hardware, installation, and maintenance?"", ""Interviewer: Why do you think the current pricing and cost structure might be contributing to the profitability issue?"", ""Candidate: To understand Verdex AI's profitability issue, let's first analyze the unit economics. Could you provide the current pricing per hectare and the total cost per hectare, including hardware, installation, and maintenance?"", ""Interviewer: Why do you think the current pricing and cost structure might be contributing to the profitability issue?"", ""Eval Case Performance: structured case-performance assessment completed."", ""Eval Dialog Quality: structured interaction-quality assessment completed."", ""Give Feedback: ### Feedback Report\n\n#### Main Strengths:\n1. **Focus on Unit Economics**: The candidate consistently emphasized analyzing unit economics, which is crucial for understanding profitability issues.\n2. **Probing Questions**: The candidate repeatedly asked for specific data (pricing and cost per hectare), demonstrating a methodical approach to gathering necessary information.\n\n#### Main Weaknesses:\n1. **Lack of Hypothesis-Driven Reasoning**: The candidate did not form or test any hypotheses about the profitability issue, which is essential for driving analysis forward.\n2. **Repetitive Questioning**: The candidate repeatedly asked the same questions without adapting their approach based on the interviewer's responses.\n\n#### Improvement Priority:\n1. **Develop Hypotheses and Test Them**: The candidate should focus on forming initial hypotheses about potential causes of profitability issues (e.g., pricing, costs) and then seek data to confirm or refute these hypotheses. This aligns with best practices in hypothesis-driven reasoning, which helps keep the analysis anchored to the business question.\n\n#### Additional Guidance:\n- **Clarifying Objectives**: The candidate should ensure they understand the specific objective of the case (e.g., improving profitability) before diving into analysis.\n- **Adaptation and Responsiveness**: It is important for candidates to adapt their questions based on the information provided by the interviewer, rather than repeating the same queries.\n\nBy focusing on these areas, the candidate can enhance their problem-solving approach and communication effectiveness in future case interviews.""]",[],"{""case_opening"": {""score"": ""not_tested"", ""rationale"": ""No rationale provided.""}, ""case_structure"": {""score"": ""not_tested"", ""rationale"": ""No rationale provided.""}, ""case_math_answer"": {""score"": ""not_tested"", ""rationale"": ""No rationale provided.""}, ""case_creative_answer"": {""score"": ""not_tested"", ""rationale"": ""No rationale provided.""}, ""final_recommendation"": {""score"": ""not_tested"", ""rationale"": ""No rationale provided.""}, ""overall_structure"": {""score"": ""not_tested"", ""rationale"": ""No rationale provided.""}, ""overall_problem_solving"": {""score"": ""not_tested"", ""rationale"": ""No rationale provided.""}, ""overall_communication"": {""score"": ""not_tested"", ""rationale"": ""No rationale provided.""}}","{""clarity_and_concision"": {""score"": ""not_tested"", ""rationale"": ""No rationale provided.""}, ""responsiveness_and_adaptation"": {""score"": ""not_tested"", ""rationale"": ""No rationale provided.""}, ""groundedness"": {""score"": ""not_tested"", ""rationale"": ""No rationale provided.""}, ""confidence_calibration"": {""score"": ""not_tested"", ""rationale"": ""No rationale provided.""}, ""multi_turn_coherence"": {""score"": ""not_tested"", ""rationale"": ""No rationale provided.""}}",not_tested,No rationale provided.,not_tested,No rationale provided.,not_tested,No rationale provided.,not_tested,No rationale provided.,not_tested,No rationale provided.,not_tested,No rationale provided.,not_tested,No rationale provided.,not_tested,No rationale provided.,not_tested,No rationale provided.,not_tested,No rationale provided.,not_tested,No rationale provided.,not_tested,No rationale provided.,not_tested,No rationale provided.
agentic,agentic_scenario_03_03_020_r03_20260712T170433Z,/Users/palomaperezdemadrid/Desktop/Dissertation/agentic-case-interview-coach/src/scenarios/synthetic-based/scenario_03_03.json,3,3,ok,,4,2,True,"### Final Feedback Report

#### Main Strengths:
1. **Focus on Key Metrics**: The candidate demonstrated an understanding of the importance of analyzing unit economics, specifically targeting gross margins and customer acquisition costs as critical factors for profitability analysis.
2. **Relevance to Business Question**: By focusing on these metrics, the candidate aligned their approach with the core business question regarding Verdex AI's profitability issues.

#### Main Weaknesses:
1. **Lack of Hypothesis-Driven Reasoning**: The candidate repeatedly requested specific data (gross margins and customer acquisition costs) without forming or testing a hypothesis about potential causes for the profitability problem.
2. **Inability to Drive Analysis Forward**: Despite multiple prompts from the interviewer, the candidate did not progress in analyzing how the annual fee per hectare impacts gross margins and customer acquisition costs.

#### Improvement Priority:
- **Develop Hypothesis-Driven Reasoning**: The candidate should practice forming initial hypotheses about potential causes of profitability issues and use available information to test these hypotheses. This approach would help move the analysis forward more effectively and demonstrate a deeper understanding of the business problem.

### Methodological Guidance
- **Hypothesis-Driven Reasoning**: Candidates are encouraged to form early guesses about what might be causing the issue (e.g., revenue vs. costs) and then seek data to confirm or refute these hypotheses.
- **Prioritization**: Focus on issues that are most likely to impact the final recommendation, using frameworks as guides rather than scripts.

By addressing these areas, the candidate can enhance their problem-solving approach and communication during case interviews.","[""Interviewer: Your client is Verdex AI, a Spanish agri-tech startup that offers an AI-powered crop disease detection system for olive groves and vineyard farms in Spain and Portugal. Its early traction has been especially strong in areas such as Candeleda, Talavera de la Reina, the Sierra de Gredos corridor, and parts of Extremadura and Alentejo. Annual recurring revenue has grown 60% per year for the last two years and the company now serves 340 agricultural cooperative clients. Despite this growth, losses have widened each quarter and burn has accelerated in the last two periods. The founders want to understand the source of the profitability problem and identify a path to financial sustainability."", ""Candidate: To understand Verdex AI's profitability issue, let's first analyze the unit economics. What are the current gross margins and customer acquisition costs?"", ""Interviewer: Can you explain how the current gross margins and customer acquisition costs are calculated, and what they are?"", ""Candidate: Could you please provide the current gross margins and customer acquisition costs for Verdex AI?"", ""Interviewer: Could you explain how the annual fee per hectare is calculated and what it covers?"", ""Candidate: Could you please provide the current gross margins and customer acquisition costs for Verdex AI?"", ""Interviewer: Could you explain how the annual fee per hectare is calculated and what it covers, and how that might impact the gross margins and customer acquisition costs?"", ""Interviewer: Could you explain how the annual fee per hectare is calculated and what it covers, and how that might impact the gross margins and customer acquisition costs?"", ""Candidate: Could you please provide the current gross margins and customer acquisition costs for Verdex AI?"", ""Interviewer: Could you explain how the annual fee per hectare is calculated and what it covers, and how that might impact the gross margins and customer acquisition costs?"", ""Candidate: Could you please provide the current gross margins and customer acquisition costs for Verdex AI?"", ""Interviewer: Could you explain how the annual fee per hectare is calculated and what it covers, and how that might impact the gross margins and customer acquisition costs?"", ""Candidate: Could you please provide the current gross margins and customer acquisition costs for Verdex AI?"", ""Interviewer: Could you explain how the annual fee per hectare is calculated and what it covers, and how that might impact the gross margins and customer acquisition costs?"", ""Eval Case Performance: structured case-performance assessment completed."", ""Eval Dialog Quality: structured interaction-quality assessment completed."", ""Give Feedback: ### Final Feedback Report\n\n#### Main Strengths:\n1. **Focus on Key Metrics**: The candidate demonstrated an understanding of the importance of analyzing unit economics, specifically targeting gross margins and customer acquisition costs as critical factors for profitability analysis.\n2. **Relevance to Business Question**: By focusing on these metrics, the candidate aligned their approach with the core business question regarding Verdex AI's profitability issues.\n\n#### Main Weaknesses:\n1. **Lack of Hypothesis-Driven Reasoning**: The candidate repeatedly requested specific data (gross margins and customer acquisition costs) without forming or testing a hypothesis about potential causes for the profitability problem.\n2. **Inability to Drive Analysis Forward**: Despite multiple prompts from the interviewer, the candidate did not progress in analyzing how the annual fee per hectare impacts gross margins and customer acquisition costs.\n\n#### Improvement Priority:\n- **Develop Hypothesis-Driven Reasoning**: The candidate should practice forming initial hypotheses about potential causes of profitability issues and use available information to test these hypotheses. This approach would help move the analysis forward more effectively and demonstrate a deeper understanding of the business problem.\n\n### Methodological Guidance\n- **Hypothesis-Driven Reasoning**: Candidates are encouraged to form early guesses about what might be causing the issue (e.g., revenue vs. costs) and then seek data to confirm or refute these hypotheses.\n- **Prioritization**: Focus on issues that are most likely to impact the final recommendation, using frameworks as guides rather than scripts.\n\nBy addressing these areas, the candidate can enhance their problem-solving approach and communication during case interviews.""]",[],"{""case_opening"": {""score"": ""not_tested"", ""rationale"": ""No rationale provided.""}, ""case_structure"": {""score"": ""not_tested"", ""rationale"": ""No rationale provided.""}, ""case_math_answer"": {""score"": ""not_tested"", ""rationale"": ""No rationale provided.""}, ""case_creative_answer"": {""score"": ""not_tested"", ""rationale"": ""No rationale provided.""}, ""final_recommendation"": {""score"": ""not_tested"", ""rationale"": ""No rationale provided.""}, ""overall_structure"": {""score"": ""not_tested"", ""rationale"": ""No rationale provided.""}, ""overall_problem_solving"": {""score"": ""not_tested"", ""rationale"": ""No rationale provided.""}, ""overall_communication"": {""score"": ""not_tested"", ""rationale"": ""No rationale provided.""}}","{""clarity_and_concision"": {""score"": ""not_tested"", ""rationale"": ""No rationale provided.""}, ""responsiveness_and_adaptation"": {""score"": ""not_tested"", ""rationale"": ""No rationale provided.""}, ""groundedness"": {""score"": ""not_tested"", ""rationale"": ""No rationale provided.""}, ""confidence_calibration"": {""score"": ""not_tested"", ""rationale"": ""No rationale provided.""}, ""multi_turn_coherence"": {""score"": ""not_tested"", ""rationale"": ""No rationale provided.""}}",not_tested,No rationale provided.,not_tested,No rationale provided.,not_tested,No rationale provided.,not_tested,No rationale provided.,not_tested,No rationale provided.,not_tested,No rationale provided.,not_tested,No rationale provided.,not_tested,No rationale provided.,not_tested,No rationale provided.,not_tested,No rationale provided.,not_tested,No rationale provided.,not_tested,No rationale provided.,not_tested,No rationale provided.
agentic,agentic_scenario_03_04_021_r01_20260712T170433Z,/Users/palomaperezdemadrid/Desktop/Dissertation/agentic-case-interview-coach/src/scenarios/synthetic-based/scenario_03_04.json,1,3,ok,,4,2,True,"### Final Feedback Report

#### Overview
This report evaluates the candidate's performance during a consulting case interview with Verdex AI, focusing on their approach to understanding and addressing the company's profitability challenges.

#### Main Strengths
- **Engagement in Clarification**: The candidate demonstrated an active engagement by repeatedly seeking clarification on key financial metrics such as annual recurring revenue (ARR) and targets for financial sustainability. This aligns with best practices where candidates are encouraged to ask questions before making assumptions, ensuring a clear understanding of the problem.

#### Main Weaknesses
- **Lack of Initial Structure**: The candidate did not establish an initial structure or framework for analyzing the case. They focused on obtaining specific data points without outlining how these would fit into a broader analysis.
- **Absence of Hypothesis-Driven Reasoning**: There was no evidence of forming and testing hypotheses to guide the analysis. Instead, the candidate's repeated requests for information suggested a lack of direction in exploring potential causes of profitability issues.

#### Improvement Priority
- **Developing an Initial Analysis Framework**: The candidate should prioritize building an initial structure or framework at the beginning of the case. This involves restating the problem, clarifying objectives, and setting up a logical sequence to explore potential solutions. By doing so, they can ensure their analysis is coherent and aligned with the business question.

#### Recommendations
- **Clarify Objectives Early**: The candidate should focus on understanding and stating the client's objectives clearly at the outset. This will guide the subsequent analysis and help in prioritizing which data points are most critical.
- **Formulate Hypotheses**: Encourage the practice of forming early hypotheses about potential causes of profitability issues, such as revenue growth versus cost management, and use these to direct the inquiry for relevant data.

By addressing these areas, the candidate can enhance their problem-solving approach and improve their performance in future consulting case interviews.","[""Interviewer: Your client is Verdex AI, a Spanish agri-tech startup that offers an AI-powered crop disease detection system for olive groves and vineyard farms in Spain and Portugal. Its early traction has been especially strong in areas such as Candeleda, Talavera de la Reina, the Sierra de Gredos corridor, and parts of Extremadura and Alentejo. Annual recurring revenue has grown 60% per year for the last two years and the company now serves 340 agricultural cooperative clients. Despite this growth, losses have widened each quarter and burn has accelerated in the last two periods. The founders want to understand the source of the profitability problem and identify a path to financial sustainability."", ""Candidate: Thanks for the context. To start, could you provide the current annual recurring revenue and the target for financial sustainability?"", ""Interviewer: Could you clarify what you mean by 'target for financial sustainability'?"", ""Candidate: Could you clarify what you mean by 'target for financial sustainability'?"", ""Interviewer: Could you provide the current annual recurring revenue and the target for financial sustainability you mentioned earlier?"", ""Candidate: Thanks for the context. To start, could you provide the current annual recurring revenue and the target for financial sustainability?"", ""Interviewer: Could you provide the current annual recurring revenue and the target for financial sustainability you mentioned earlier?"", ""Interviewer: Could you provide the current annual recurring revenue and the target for financial sustainability you mentioned earlier?"", ""Candidate: Thanks for the context. To start, could you provide the current annual recurring revenue and the target for financial sustainability?"", ""Interviewer: Could you provide the current annual recurring revenue and the target for financial sustainability you mentioned earlier?"", ""Candidate: Thanks for the context. To start, could you provide the current annual recurring revenue and the target for financial sustainability?"", ""Interviewer: Could you provide the current annual recurring revenue and the target for financial sustainability you mentioned earlier?"", ""Candidate: Thanks for the context. To start, could you provide the current annual recurring revenue and the target for financial sustainability?"", ""Interviewer: Could you provide the current annual recurring revenue and the target for financial sustainability you mentioned earlier?"", ""Eval Case Performance: structured case-performance assessment completed."", ""Eval Dialog Quality: structured interaction-quality assessment completed."", ""Give Feedback: ### Final Feedback Report\n\n#### Overview\nThis report evaluates the candidate's performance during a consulting case interview with Verdex AI, focusing on their approach to understanding and addressing the company's profitability challenges.\n\n#### Main Strengths\n- **Engagement in Clarification**: The candidate demonstrated an active engagement by repeatedly seeking clarification on key financial metrics such as annual recurring revenue (ARR) and targets for financial sustainability. This aligns with best practices where candidates are encouraged to ask questions before making assumptions, ensuring a clear understanding of the problem.\n\n#### Main Weaknesses\n- **Lack of Initial Structure**: The candidate did not establish an initial structure or framework for analyzing the case. They focused on obtaining specific data points without outlining how these would fit into a broader analysis.\n- **Absence of Hypothesis-Driven Reasoning**: There was no evidence of forming and testing hypotheses to guide the analysis. Instead, the candidate's repeated requests for information suggested a lack of direction in exploring potential causes of profitability issues.\n\n#### Improvement Priority\n- **Developing an Initial Analysis Framework**: The candidate should prioritize building an initial structure or framework at the beginning of the case. This involves restating the problem, clarifying objectives, and setting up a logical sequence to explore potential solutions. By doing so, they can ensure their analysis is coherent and aligned with the business question.\n\n#### Recommendations\n- **Clarify Objectives Early**: The candidate should focus on understanding and stating the client's objectives clearly at the outset. This will guide the subsequent analysis and help in prioritizing which data points are most critical.\n- **Formulate Hypotheses**: Encourage the practice of forming early hypotheses about potential causes of profitability issues, such as revenue growth versus cost management, and use these to direct the inquiry for relevant data.\n\nBy addressing these areas, the candidate can enhance their problem-solving approach and improve their performance in future consulting case interviews.""]",[],"{""case_opening"": {""score"": ""not_tested"", ""rationale"": ""No rationale provided.""}, ""case_structure"": {""score"": ""not_tested"", ""rationale"": ""No rationale provided.""}, ""case_math_answer"": {""score"": ""not_tested"", ""rationale"": ""No rationale provided.""}, ""case_creative_answer"": {""score"": ""not_tested"", ""rationale"": ""No rationale provided.""}, ""final_recommendation"": {""score"": ""not_tested"", ""rationale"": ""No rationale provided.""}, ""overall_structure"": {""score"": ""not_tested"", ""rationale"": ""No rationale provided.""}, ""overall_problem_solving"": {""score"": ""not_tested"", ""rationale"": ""No rationale provided.""}, ""overall_communication"": {""score"": ""not_tested"", ""rationale"": ""No rationale provided.""}}","{""clarity_and_concision"": {""score"": ""not_tested"", ""rationale"": ""No rationale provided.""}, ""responsiveness_and_adaptation"": {""score"": ""not_tested"", ""rationale"": ""No rationale provided.""}, ""groundedness"": {""score"": ""not_tested"", ""rationale"": ""No rationale provided.""}, ""confidence_calibration"": {""score"": ""not_tested"", ""rationale"": ""No rationale provided.""}, ""multi_turn_coherence"": {""score"": ""not_tested"", ""rationale"": ""No rationale provided.""}}",not_tested,No rationale provided.,not_tested,No rationale provided.,not_tested,No rationale provided.,not_tested,No rationale provided.,not_tested,No rationale provided.,not_tested,No rationale provided.,not_tested,No rationale provided.,not_tested,No rationale provided.,not_tested,No rationale provided.,not_tested,No rationale provided.,not_tested,No rationale provided.,not_tested,No rationale provided.,not_tested,No rationale provided.
agentic,agentic_scenario_03_04_021_r02_20260712T170433Z,/Users/palomaperezdemadrid/Desktop/Dissertation/agentic-case-interview-coach/src/scenarios/synthetic-based/scenario_03_04.json,2,3,ok,,4,2,True,"### Case Interview Feedback Report

#### Main Strengths:
1. **Focus on Unit Economics**: The candidate consistently emphasized analyzing unit economics as a starting point for understanding Verdex AI's profitability issues. This approach aligns with best practices in consulting cases that involve financial sustainability.

2. **Relevance to Business Question**: By focusing on customer acquisition costs (CAC) and gross margin, the candidate targeted key metrics that directly impact profitability, demonstrating an understanding of critical business drivers.

#### Main Weaknesses:
1. **Lack of Customer Segmentation Strategy**: The candidate repeatedly asked about CAC and gross margin without providing a clear strategy for segmenting customers or identifying small, loss-making cooperatives. This indicates a gap in developing a comprehensive analysis framework.

2. **Repetitive Questioning**: The candidate's repeated questions to the interviewer suggest a lack of progression in their thought process and an inability to adapt their approach based on available information.

#### Improvement Priority:
- **Develop a Hypothesis-Driven Reasoning Approach**: The candidate should focus on forming hypotheses about potential profitability issues (e.g., high CAC or low gross margins) and then seek data to confirm or refute these hypotheses. This would help in structuring the analysis more effectively and moving beyond repetitive questioning.

#### Additional Guidance:
- **Clarifying Objectives and Structuring Analysis**: The candidate should work on clarifying the case's objectives early on and building an initial structure that guides their analysis, as outlined in the consulting guide.
  
- **Prioritization of Issues**: It would be beneficial for the candidate to prioritize which aspects of unit economics (e.g., CAC vs. gross margin) are most likely to impact profitability and focus their analysis accordingly.

By addressing these areas, the candidate can enhance their ability to conduct a thorough and structured case analysis, ultimately leading to more insightful recommendations.","[""Interviewer: Your client is Verdex AI, a Spanish agri-tech startup that offers an AI-powered crop disease detection system for olive groves and vineyard farms in Spain and Portugal. Its early traction has been especially strong in areas such as Candeleda, Talavera de la Reina, the Sierra de Gredos corridor, and parts of Extremadura and Alentejo. Annual recurring revenue has grown 60% per year for the last two years and the company now serves 340 agricultural cooperative clients. Despite this growth, losses have widened each quarter and burn has accelerated in the last two periods. The founders want to understand the source of the profitability problem and identify a path to financial sustainability."", ""Candidate: To understand Verdex AI's profitability issue, let's first analyze the unit economics. What are the current customer acquisition costs (CAC) and the gross margin?"", ""Interviewer: Can you clarify how you would segment customers and what criteria you would use to identify small, loss-making cooperatives?"", ""Candidate: To understand Verdex AI's profitability issue, let's first analyze the unit economics. What are the current customer acquisition costs (CAC) and the gross margin?"", ""Interviewer: Could you explain how you would segment customers and what criteria you would use to identify small, loss-making cooperatives?"", ""Candidate: To understand Verdex AI's profitability issue, let's first analyze the unit economics. What are the current customer acquisition costs (CAC) and the gross margin?"", ""Interviewer: Could you explain how you would segment customers and what criteria you would use to identify small, loss-making cooperatives?"", ""Interviewer: Could you explain how you would segment customers and what criteria you would use to identify small, loss-making cooperatives?"", ""Candidate: To understand Verdex AI's profitability issue, let's first analyze the unit economics. What are the current customer acquisition costs (CAC) and the gross margin?"", ""Interviewer: Could you explain how you would segment customers and what criteria you would use to identify small, loss-making cooperatives?"", ""Candidate: To understand Verdex AI's profitability issue, let's first analyze the unit economics. What are the current customer acquisition costs (CAC) and the gross margin?"", ""Interviewer: Could you explain how you would segment customers and what criteria you would use to identify small, loss-making cooperatives?"", ""Candidate: To understand Verdex AI's profitability issue, let's first analyze the unit economics. What are the current customer acquisition costs (CAC) and the gross margin?"", ""Interviewer: Could you explain how you would segment customers and what criteria you would use to identify small, loss-making cooperatives?"", ""Eval Case Performance: structured case-performance assessment completed."", ""Eval Dialog Quality: structured interaction-quality assessment completed."", ""Give Feedback: ### Case Interview Feedback Report\n\n#### Main Strengths:\n1. **Focus on Unit Economics**: The candidate consistently emphasized analyzing unit economics as a starting point for understanding Verdex AI's profitability issues. This approach aligns with best practices in consulting cases that involve financial sustainability.\n\n2. **Relevance to Business Question**: By focusing on customer acquisition costs (CAC) and gross margin, the candidate targeted key metrics that directly impact profitability, demonstrating an understanding of critical business drivers.\n\n#### Main Weaknesses:\n1. **Lack of Customer Segmentation Strategy**: The candidate repeatedly asked about CAC and gross margin without providing a clear strategy for segmenting customers or identifying small, loss-making cooperatives. This indicates a gap in developing a comprehensive analysis framework.\n\n2. **Repetitive Questioning**: The candidate's repeated questions to the interviewer suggest a lack of progression in their thought process and an inability to adapt their approach based on available information.\n\n#### Improvement Priority:\n- **Develop a Hypothesis-Driven Reasoning Approach**: The candidate should focus on forming hypotheses about potential profitability issues (e.g., high CAC or low gross margins) and then seek data to confirm or refute these hypotheses. This would help in structuring the analysis more effectively and moving beyond repetitive questioning.\n\n#### Additional Guidance:\n- **Clarifying Objectives and Structuring Analysis**: The candidate should work on clarifying the case's objectives early on and building an initial structure that guides their analysis, as outlined in the consulting guide.\n  \n- **Prioritization of Issues**: It would be beneficial for the candidate to prioritize which aspects of unit economics (e.g., CAC vs. gross margin) are most likely to impact profitability and focus their analysis accordingly.\n\nBy addressing these areas, the candidate can enhance their ability to conduct a thorough and structured case analysis, ultimately leading to more insightful recommendations.""]",[],"{""case_opening"": {""score"": ""not_tested"", ""rationale"": ""No rationale provided.""}, ""case_structure"": {""score"": ""not_tested"", ""rationale"": ""No rationale provided.""}, ""case_math_answer"": {""score"": ""not_tested"", ""rationale"": ""No rationale provided.""}, ""case_creative_answer"": {""score"": ""not_tested"", ""rationale"": ""No rationale provided.""}, ""final_recommendation"": {""score"": ""not_tested"", ""rationale"": ""No rationale provided.""}, ""overall_structure"": {""score"": ""not_tested"", ""rationale"": ""No rationale provided.""}, ""overall_problem_solving"": {""score"": ""not_tested"", ""rationale"": ""No rationale provided.""}, ""overall_communication"": {""score"": ""not_tested"", ""rationale"": ""No rationale provided.""}}","{""clarity_and_concision"": {""score"": ""not_tested"", ""rationale"": ""No rationale provided.""}, ""responsiveness_and_adaptation"": {""score"": ""not_tested"", ""rationale"": ""No rationale provided.""}, ""groundedness"": {""score"": ""not_tested"", ""rationale"": ""No rationale provided.""}, ""confidence_calibration"": {""score"": ""not_tested"", ""rationale"": ""No rationale provided.""}, ""multi_turn_coherence"": {""score"": ""not_tested"", ""rationale"": ""No rationale provided.""}}",not_tested,No rationale provided.,not_tested,No rationale provided.,not_tested,No rationale provided.,not_tested,No rationale provided.,not_tested,No rationale provided.,not_tested,No rationale provided.,not_tested,No rationale provided.,not_tested,No rationale provided.,not_tested,No rationale provided.,not_tested,No rationale provided.,not_tested,No rationale provided.,not_tested,No rationale provided.,not_tested,No rationale provided.
agentic,agentic_scenario_03_04_021_r03_20260712T170433Z,/Users/palomaperezdemadrid/Desktop/Dissertation/agentic-case-interview-coach/src/scenarios/synthetic-based/scenario_03_04.json,3,3,ok,,4,2,True,"### Final Feedback Report

#### Main Strengths:
1. **Objective Clarification**: The candidate effectively clarified the objective of identifying the root cause of Verdex AI's widening losses and accelerating financial sustainability.
2. **Focus on Unit Economics**: Demonstrated a strong understanding of the importance of analyzing unit economics by separating acquisition and servicing costs.

#### Main Weaknesses:
1. **Lack of Progression in Dialogue**: The candidate repeatedly asked for the same information without adapting their approach or progressing the analysis based on the interviewer's responses.
2. **Absence of Hypothesis-Driven Reasoning**: There was no evidence of forming hypotheses about potential causes of profitability issues and testing them against available data.

#### Improvement Priority:
1. **Enhance Responsiveness and Adaptation**: The candidate should focus on adapting their questions and analysis based on the information provided by the interviewer, demonstrating responsiveness to new insights or guidance.
2. **Develop Hypothesis-Driven Reasoning**: Formulate early hypotheses about potential causes of profitability issues and seek data to confirm or refute these hypotheses, aligning with best practices in consulting case interviews.

### Methodological Guidance:
- **Clarifying the Objective**: Strong candidates should ensure they understand the client's objective before proceeding. Asking clarifying questions is encouraged.
- **Hypothesis-Driven Reasoning**: Formulate early guesses about potential issues and test them against evidence, rather than exploring every possible cause equally.
- **Prioritization**: Focus on issues that are likely to impact the final recommendation, using available information effectively.

By addressing these areas, the candidate can improve their performance in future consulting case interviews.","[""Interviewer: Your client is Verdex AI, a Spanish agri-tech startup that offers an AI-powered crop disease detection system for olive groves and vineyard farms in Spain and Portugal. Its early traction has been especially strong in areas such as Candeleda, Talavera de la Reina, the Sierra de Gredos corridor, and parts of Extremadura and Alentejo. Annual recurring revenue has grown 60% per year for the last two years and the company now serves 340 agricultural cooperative clients. Despite this growth, losses have widened each quarter and burn has accelerated in the last two periods. The founders want to understand the source of the profitability problem and identify a path to financial sustainability."", ""Candidate: To understand Verdex AI's profitability issue, let's first clarify the objective: we need to identify the root cause of the widening losses and accelerate the path to financial sustainability. To do this, we'll analyze the unit economics, separating acquisition and servicing costs. Could you provide the current pricing per hectare and the average size of the cooperatives Verdex serves?"", ""Interviewer: Could you provide the current pricing per hectare and the average size of the cooperatives Verdex serves?"", ""Candidate: To understand Verdex AI's profitability issue, let's first clarify the objective: we need to identify the root cause of the widening losses and accelerate the path to financial sustainability. To do this, we'll analyze the unit economics, separating acquisition and servicing costs. Could you provide the current pricing per hectare and the average size of the cooperatives Verdex serves?"", ""Interviewer: Could you provide the current pricing per hectare and the average size of the cooperatives Verdex serves?"", ""Candidate: To understand Verdex AI's profitability issue, let's first clarify the objective: we need to identify the root cause of the widening losses and accelerate the path to financial sustainability. To do this, we'll analyze the unit economics, separating acquisition and servicing costs. Could you provide the current pricing per hectare and the average size of the cooperatives Verdex serves?"", ""Interviewer: Could you provide the current pricing per hectare and the average size of the cooperatives Verdex serves?"", ""Interviewer: Could you provide the current pricing per hectare and the average size of the cooperatives Verdex serves, and also clarify if the pricing is the same for all cooperatives or if it varies based on the size or type of farm?"", ""Candidate: To understand Verdex AI's profitability issue, let's first clarify the objective: we need to identify the root cause of the widening losses and accelerate the path to financial sustainability. To do this, we'll analyze the unit economics, separating acquisition and servicing costs. Could you provide the current pricing per hectare and the average size of the cooperatives Verdex serves, and also clarify if the pricing is the same for all cooperatives or if it varies based on the size or type of farm?"", ""Interviewer: Could you provide the current pricing per hectare and the average size of the cooperatives Verdex serves, and also clarify if the pricing is the same for all cooperatives or if it varies based on the size or type of farm?"", ""Candidate: To understand Verdex AI's profitability issue, let's first clarify the objective: we need to identify the root cause of the widening losses and accelerate the path to financial sustainability. To do this, we'll analyze the unit economics, separating acquisition and servicing costs. Could you provide the current pricing per hectare and the average size of the cooperatives Verdex serves, and also clarify if the pricing is the same for all cooperatives or if it varies based on the size or type of farm?"", ""Interviewer: Could you provide the current pricing per hectare and the average size of the cooperatives Verdex serves, and also clarify if the pricing is the same for all cooperatives or if it varies based on the size or type of farm? This will help us understand the revenue side of the unit economics."", ""Candidate: To understand Verdex AI's profitability issue, let's first clarify the objective: we need to identify the root cause of the widening losses and accelerate the path to financial sustainability. To do this, we'll analyze the unit economics, separating acquisition and servicing costs. Could you provide the current pricing per hectare and the average size of the cooperatives Verdex serves, and also clarify if the pricing is the same for all cooperatives or if it varies based on the size or type of farm?"", ""Interviewer: Could you provide the current pricing per hectare and the average size of the cooperatives Verdex serves, and also clarify if the pricing is the same for all cooperatives or if it varies based on the size or type of farm? This will help us understand the revenue side of the unit economics and identify any potential pricing strategies that could be impacting profitability."", ""Eval Case Performance: structured case-performance assessment completed."", ""Eval Dialog Quality: structured interaction-quality assessment completed."", ""Give Feedback: ### Final Feedback Report\n\n#### Main Strengths:\n1. **Objective Clarification**: The candidate effectively clarified the objective of identifying the root cause of Verdex AI's widening losses and accelerating financial sustainability.\n2. **Focus on Unit Economics**: Demonstrated a strong understanding of the importance of analyzing unit economics by separating acquisition and servicing costs.\n\n#### Main Weaknesses:\n1. **Lack of Progression in Dialogue**: The candidate repeatedly asked for the same information without adapting their approach or progressing the analysis based on the interviewer's responses.\n2. **Absence of Hypothesis-Driven Reasoning**: There was no evidence of forming hypotheses about potential causes of profitability issues and testing them against available data.\n\n#### Improvement Priority:\n1. **Enhance Responsiveness and Adaptation**: The candidate should focus on adapting their questions and analysis based on the information provided by the interviewer, demonstrating responsiveness to new insights or guidance.\n2. **Develop Hypothesis-Driven Reasoning**: Formulate early hypotheses about potential causes of profitability issues and seek data to confirm or refute these hypotheses, aligning with best practices in consulting case interviews.\n\n### Methodological Guidance:\n- **Clarifying the Objective**: Strong candidates should ensure they understand the client's objective before proceeding. Asking clarifying questions is encouraged.\n- **Hypothesis-Driven Reasoning**: Formulate early guesses about potential issues and test them against evidence, rather than exploring every possible cause equally.\n- **Prioritization**: Focus on issues that are likely to impact the final recommendation, using available information effectively.\n\nBy addressing these areas, the candidate can improve their performance in future consulting case interviews.""]",[],"{""case_opening"": {""score"": ""not_tested"", ""rationale"": ""No rationale provided.""}, ""case_structure"": {""score"": ""not_tested"", ""rationale"": ""No rationale provided.""}, ""case_math_answer"": {""score"": ""not_tested"", ""rationale"": ""No rationale provided.""}, ""case_creative_answer"": {""score"": ""not_tested"", ""rationale"": ""No rationale provided.""}, ""final_recommendation"": {""score"": ""not_tested"", ""rationale"": ""No rationale provided.""}, ""overall_structure"": {""score"": ""not_tested"", ""rationale"": ""No rationale provided.""}, ""overall_problem_solving"": {""score"": ""not_tested"", ""rationale"": ""No rationale provided.""}, ""overall_communication"": {""score"": ""not_tested"", ""rationale"": ""No rationale provided.""}}","{""clarity_and_concision"": {""score"": ""not_tested"", ""rationale"": ""No rationale provided.""}, ""responsiveness_and_adaptation"": {""score"": ""not_tested"", ""rationale"": ""No rationale provided.""}, ""groundedness"": {""score"": ""not_tested"", ""rationale"": ""No rationale provided.""}, ""confidence_calibration"": {""score"": ""not_tested"", ""rationale"": ""No rationale provided.""}, ""multi_turn_coherence"": {""score"": ""not_tested"", ""rationale"": ""No rationale provided.""}}",not_tested,No rationale provided.,not_tested,No rationale provided.,not_tested,No rationale provided.,not_tested,No rationale provided.,not_tested,No rationale provided.,not_tested,No rationale provided.,not_tested,No rationale provided.,not_tested,No rationale provided.,not_tested,No rationale provided.,not_tested,No rationale provided.,not_tested,No rationale provided.,not_tested,No rationale provided.,not_tested,No rationale provided.
agentic,agentic_scenario_03_05_022_r01_20260712T170433Z,/Users/palomaperezdemadrid/Desktop/Dissertation/agentic-case-interview-coach/src/scenarios/synthetic-based/scenario_03_05.json,1,3,ok,,4,2,True,"### Case Interview Feedback Report

#### Overview:
The candidate participated in a consulting case interview focused on Verdex AI, a Spanish agri-tech startup facing profitability challenges despite strong growth. The structured performance scores were not tested, and dialog quality was also not evaluated.

#### Main Strengths:
1. **Focus on Pricing Structure**: The candidate consistently sought to understand the pricing structure of Verdex AI's services, which is crucial for analyzing profitability issues.
2. **Relevance to Profitability Analysis**: By focusing on pricing, the candidate aligned with a key aspect of profitability cases, where understanding revenue streams and cost structures are essential.

#### Main Weaknesses:
1. **Lack of Hypothesis-Driven Reasoning**: The candidate did not form or test any hypotheses regarding potential causes for Verdex AI's widening losses.
2. **Limited Exploration Beyond Pricing**: While the focus on pricing is relevant, the candidate did not explore other potential factors affecting profitability, such as cost structures or operational inefficiencies.

#### Improvement Priority:
- **Develop Hypothesis-Driven Reasoning**: The candidate should practice forming early hypotheses about potential issues (e.g., revenue vs. costs) and seek evidence to confirm or refute these ideas. This approach would help in structuring the analysis more effectively and align with best practices for profitability cases.

#### Methodological Guidance:
- **Clarifying the Objective**: Candidates should ensure they understand the specific objective of the case, such as improving profitability, before diving into analysis.
- **Building an Initial Structure**: Developing a structured approach to analyze different aspects of the business (e.g., revenue, costs) can help in systematically addressing the problem.
- **Synthesizing Along the Way**: Regularly synthesizing findings and aligning them with the case objective ensures that the analysis remains focused and actionable.

By focusing on these areas, the candidate can enhance their ability to conduct thorough and effective case analyses.","[""Interviewer: Your client is Verdex AI, a Spanish agri-tech startup that offers an AI-powered crop disease detection system for olive groves and vineyard farms in Spain and Portugal. Its early traction has been especially strong in areas such as Candeleda, Talavera de la Reina, the Sierra de Gredos corridor, and parts of Extremadura and Alentejo. Annual recurring revenue has grown 60% per year for the last two years and the company now serves 340 agricultural cooperative clients. Despite this growth, losses have widened each quarter and burn has accelerated in the last two periods. The founders want to understand the source of the profitability problem and identify a path to financial sustainability."", ""Candidate: Let's start by understanding the current pricing structure. How much does Verdex charge per hectare monitored annually?"", ""Interviewer: Why do you think an AI business might have weak margins in this case?"", ""Candidate: Let's start by understanding the current pricing structure. How much does Verdex charge per hectare monitored annually?"", ""Interviewer: Why do you think an AI business might have weak margins in this case?"", ""Candidate: Let's start by understanding the current pricing structure. How much does Verdex charge per hectare monitored annually?"", ""Interviewer: Why do you think an AI business might have weak margins in this case, given that Verdex offers a digital service?"", ""Interviewer: Why do you think an AI business like Verdex might have weak margins, especially given that it offers a digital service?"", ""Candidate: Let's start by understanding the current pricing structure. How much does Verdex charge per hectare monitored annually?"", ""Interviewer: Why do you think an AI business like Verdex might have weak margins, especially given that it offers a digital service?"", ""Candidate: Let's start by understanding the current pricing structure. How much does Verdex charge per hectare monitored annually?"", ""Interviewer: Why do you think an AI business like Verdex might have weak margins, especially given that it offers a digital service?"", ""Candidate: Let's start by understanding the current pricing structure. How much does Verdex charge per hectare monitored annually?"", ""Interviewer: Why do you think an AI business like Verdex might have weak margins, especially given that it offers a digital service?"", ""Eval Case Performance: structured case-performance assessment completed."", ""Eval Dialog Quality: structured interaction-quality assessment completed."", ""Give Feedback: ### Case Interview Feedback Report\n\n#### Overview:\nThe candidate participated in a consulting case interview focused on Verdex AI, a Spanish agri-tech startup facing profitability challenges despite strong growth. The structured performance scores were not tested, and dialog quality was also not evaluated.\n\n#### Main Strengths:\n1. **Focus on Pricing Structure**: The candidate consistently sought to understand the pricing structure of Verdex AI's services, which is crucial for analyzing profitability issues.\n2. **Relevance to Profitability Analysis**: By focusing on pricing, the candidate aligned with a key aspect of profitability cases, where understanding revenue streams and cost structures are essential.\n\n#### Main Weaknesses:\n1. **Lack of Hypothesis-Driven Reasoning**: The candidate did not form or test any hypotheses regarding potential causes for Verdex AI's widening losses.\n2. **Limited Exploration Beyond Pricing**: While the focus on pricing is relevant, the candidate did not explore other potential factors affecting profitability, such as cost structures or operational inefficiencies.\n\n#### Improvement Priority:\n- **Develop Hypothesis-Driven Reasoning**: The candidate should practice forming early hypotheses about potential issues (e.g., revenue vs. costs) and seek evidence to confirm or refute these ideas. This approach would help in structuring the analysis more effectively and align with best practices for profitability cases.\n\n#### Methodological Guidance:\n- **Clarifying the Objective**: Candidates should ensure they understand the specific objective of the case, such as improving profitability, before diving into analysis.\n- **Building an Initial Structure**: Developing a structured approach to analyze different aspects of the business (e.g., revenue, costs) can help in systematically addressing the problem.\n- **Synthesizing Along the Way**: Regularly synthesizing findings and aligning them with the case objective ensures that the analysis remains focused and actionable.\n\nBy focusing on these areas, the candidate can enhance their ability to conduct thorough and effective case analyses.""]",[],"{""case_opening"": {""score"": ""not_tested"", ""rationale"": ""No rationale provided.""}, ""case_structure"": {""score"": ""not_tested"", ""rationale"": ""No rationale provided.""}, ""case_math_answer"": {""score"": ""not_tested"", ""rationale"": ""No rationale provided.""}, ""case_creative_answer"": {""score"": ""not_tested"", ""rationale"": ""No rationale provided.""}, ""final_recommendation"": {""score"": ""not_tested"", ""rationale"": ""No rationale provided.""}, ""overall_structure"": {""score"": ""not_tested"", ""rationale"": ""No rationale provided.""}, ""overall_problem_solving"": {""score"": ""not_tested"", ""rationale"": ""No rationale provided.""}, ""overall_communication"": {""score"": ""not_tested"", ""rationale"": ""No rationale provided.""}}","{""clarity_and_concision"": {""score"": ""not_tested"", ""rationale"": ""No rationale provided.""}, ""responsiveness_and_adaptation"": {""score"": ""not_tested"", ""rationale"": ""No rationale provided.""}, ""groundedness"": {""score"": ""not_tested"", ""rationale"": ""No rationale provided.""}, ""confidence_calibration"": {""score"": ""not_tested"", ""rationale"": ""No rationale provided.""}, ""multi_turn_coherence"": {""score"": ""not_tested"", ""rationale"": ""No rationale provided.""}}",not_tested,No rationale provided.,not_tested,No rationale provided.,not_tested,No rationale provided.,not_tested,No rationale provided.,not_tested,No rationale provided.,not_tested,No rationale provided.,not_tested,No rationale provided.,not_tested,No rationale provided.,not_tested,No rationale provided.,not_tested,No rationale provided.,not_tested,No rationale provided.,not_tested,No rationale provided.,not_tested,No rationale provided.
agentic,agentic_scenario_03_05_022_r02_20260712T170433Z,/Users/palomaperezdemadrid/Desktop/Dissertation/agentic-case-interview-coach/src/scenarios/synthetic-based/scenario_03_05.json,2,3,ok,,4,2,True,"### Feedback Report

#### Main Strengths:
1. **Curiosity in Pricing Structure**: The candidate consistently sought to understand Verdex AI's pricing structure by asking how much is charged per hectare monitored annually. This indicates a focus on understanding revenue streams, which is crucial for analyzing profitability issues.

2. **Focus on Core Issue**: By repeatedly questioning the interviewer about why an AI business like Verdex might have weak margins despite rapid revenue growth, the candidate demonstrated an awareness of the core issue at hand—profitability challenges amidst growth.

#### Main Weaknesses:
1. **Lack of Hypothesis-Driven Reasoning**: The candidate did not form or test any hypotheses regarding potential causes for the profitability issues. Instead, they focused on gathering information without progressing to analyze or interpret it in relation to Verdex's situation.

2. **Absence of Structured Analysis**: There was no evidence of building an initial structure or driving a deeper analysis into the financials or operational aspects that could explain widening losses and increased burn rate.

3. **No Final Recommendation**: The candidate did not provide any final recommendation or synthesis, which is essential for demonstrating problem-solving capabilities in consulting case interviews.

#### Improvement Priority:
- **Develop Hypothesis-Driven Reasoning**: The candidate should focus on forming early hypotheses about potential causes of profitability issues and then seek data to confirm or refute these hypotheses. This approach aligns with best practices in consulting cases, where analysis is anchored to the business question and builds toward a position backed by evidence.

By addressing this priority, the candidate can enhance their ability to conduct structured analyses and provide actionable recommendations, which are critical skills for success in consulting case interviews.","[""Interviewer: Your client is Verdex AI, a Spanish agri-tech startup that offers an AI-powered crop disease detection system for olive groves and vineyard farms in Spain and Portugal. Its early traction has been especially strong in areas such as Candeleda, Talavera de la Reina, the Sierra de Gredos corridor, and parts of Extremadura and Alentejo. Annual recurring revenue has grown 60% per year for the last two years and the company now serves 340 agricultural cooperative clients. Despite this growth, losses have widened each quarter and burn has accelerated in the last two periods. The founders want to understand the source of the profitability problem and identify a path to financial sustainability."", ""Candidate: Let's start by understanding the current pricing structure. How much does Verdex charge per hectare monitored annually?"", ""Interviewer: Why do you think an AI business like Verdex might have weak margins despite rapid revenue growth?"", ""Candidate: Let's start by understanding the current pricing structure. How much does Verdex charge per hectare monitored annually?"", ""Interviewer: Why do you think an AI business like Verdex might have weak margins despite rapid revenue growth?"", ""Candidate: Let's start by understanding the current pricing structure. How much does Verdex charge per hectare monitored annually?"", ""Interviewer: Why do you think an AI business like Verdex might have weak margins despite rapid revenue growth?"", ""Interviewer: Why do you think an AI business like Verdex might have weak margins despite rapid revenue growth?"", ""Candidate: Let's start by understanding the current pricing structure. How much does Verdex charge per hectare monitored annually?"", ""Interviewer: Why do you think an AI business like Verdex might have weak margins despite rapid revenue growth?"", ""Candidate: Let's start by understanding the current pricing structure. How much does Verdex charge per hectare monitored annually?"", ""Interviewer: Why do you think an AI business like Verdex might have weak margins despite rapid revenue growth?"", ""Candidate: Let's start by understanding the current pricing structure. How much does Verdex charge per hectare monitored annually?"", ""Interviewer: Why do you think an AI business like Verdex might have weak margins despite rapid revenue growth?"", ""Eval Case Performance: structured case-performance assessment completed."", ""Eval Dialog Quality: structured interaction-quality assessment completed."", ""Give Feedback: ### Feedback Report\n\n#### Main Strengths:\n1. **Curiosity in Pricing Structure**: The candidate consistently sought to understand Verdex AI's pricing structure by asking how much is charged per hectare monitored annually. This indicates a focus on understanding revenue streams, which is crucial for analyzing profitability issues.\n\n2. **Focus on Core Issue**: By repeatedly questioning the interviewer about why an AI business like Verdex might have weak margins despite rapid revenue growth, the candidate demonstrated an awareness of the core issue at hand—profitability challenges amidst growth.\n\n#### Main Weaknesses:\n1. **Lack of Hypothesis-Driven Reasoning**: The candidate did not form or test any hypotheses regarding potential causes for the profitability issues. Instead, they focused on gathering information without progressing to analyze or interpret it in relation to Verdex's situation.\n\n2. **Absence of Structured Analysis**: There was no evidence of building an initial structure or driving a deeper analysis into the financials or operational aspects that could explain widening losses and increased burn rate.\n\n3. **No Final Recommendation**: The candidate did not provide any final recommendation or synthesis, which is essential for demonstrating problem-solving capabilities in consulting case interviews.\n\n#### Improvement Priority:\n- **Develop Hypothesis-Driven Reasoning**: The candidate should focus on forming early hypotheses about potential causes of profitability issues and then seek data to confirm or refute these hypotheses. This approach aligns with best practices in consulting cases, where analysis is anchored to the business question and builds toward a position backed by evidence.\n\nBy addressing this priority, the candidate can enhance their ability to conduct structured analyses and provide actionable recommendations, which are critical skills for success in consulting case interviews.""]",[],"{""case_opening"": {""score"": ""not_tested"", ""rationale"": ""No rationale provided.""}, ""case_structure"": {""score"": ""not_tested"", ""rationale"": ""No rationale provided.""}, ""case_math_answer"": {""score"": ""not_tested"", ""rationale"": ""No rationale provided.""}, ""case_creative_answer"": {""score"": ""not_tested"", ""rationale"": ""No rationale provided.""}, ""final_recommendation"": {""score"": ""not_tested"", ""rationale"": ""No rationale provided.""}, ""overall_structure"": {""score"": ""not_tested"", ""rationale"": ""No rationale provided.""}, ""overall_problem_solving"": {""score"": ""not_tested"", ""rationale"": ""No rationale provided.""}, ""overall_communication"": {""score"": ""not_tested"", ""rationale"": ""No rationale provided.""}}","{""clarity_and_concision"": {""score"": ""not_tested"", ""rationale"": ""No rationale provided.""}, ""responsiveness_and_adaptation"": {""score"": ""not_tested"", ""rationale"": ""No rationale provided.""}, ""groundedness"": {""score"": ""not_tested"", ""rationale"": ""No rationale provided.""}, ""confidence_calibration"": {""score"": ""not_tested"", ""rationale"": ""No rationale provided.""}, ""multi_turn_coherence"": {""score"": ""not_tested"", ""rationale"": ""No rationale provided.""}}",not_tested,No rationale provided.,not_tested,No rationale provided.,not_tested,No rationale provided.,not_tested,No rationale provided.,not_tested,No rationale provided.,not_tested,No rationale provided.,not_tested,No rationale provided.,not_tested,No rationale provided.,not_tested,No rationale provided.,not_tested,No rationale provided.,not_tested,No rationale provided.,not_tested,No rationale provided.,not_tested,No rationale provided.
agentic,agentic_scenario_03_05_022_r03_20260712T170433Z,/Users/palomaperezdemadrid/Desktop/Dissertation/agentic-case-interview-coach/src/scenarios/synthetic-based/scenario_03_05.json,3,3,ok,,4,2,True,"### Case Interview Feedback Report

#### Main Strengths:
1. **Focus on Key Metrics**: The candidate demonstrated an understanding of the importance of gross margin and customer acquisition cost payback period, which are crucial for diagnosing profitability issues.
2. **Relevance to Business Model**: They correctly identified that these metrics directly impact the sustainability of Verdex AI's business model.

#### Main Weaknesses:
1. **Lack of Hypothesis-Driven Reasoning**: The candidate did not form or test a hypothesis about why profitability might be an issue, which is essential for moving the analysis forward.
2. **Insufficient Engagement with Data**: They repeatedly requested data without proposing potential insights or implications based on available information.

#### Improvement Priority:
1. **Develop Hypothesis-Driven Reasoning**: The candidate should focus on forming early hypotheses about potential causes of profitability issues and use available data to test these hypotheses. This approach will help in structuring the analysis more effectively and aligning it with business objectives.

### Recommendations for Future Interviews:
- **Clarify Objectives Early**: Ensure a clear understanding of the case's objective, such as improving profitability, before diving into specific metrics.
- **Engage with Data Proactively**: Use available information to propose potential insights or implications rather than solely requesting additional data.
- **Prioritize Issues**: Focus on issues that are most likely to impact the final recommendation, using frameworks as guides rather than scripts.

By addressing these areas, the candidate can enhance their case interview performance and demonstrate a more structured and insightful analysis.","[""Interviewer: Your client is Verdex AI, a Spanish agri-tech startup that offers an AI-powered crop disease detection system for olive groves and vineyard farms in Spain and Portugal. Its early traction has been especially strong in areas such as Candeleda, Talavera de la Reina, the Sierra de Gredos corridor, and parts of Extremadura and Alentejo. Annual recurring revenue has grown 60% per year for the last two years and the company now serves 340 agricultural cooperative clients. Despite this growth, losses have widened each quarter and burn has accelerated in the last two periods. The founders want to understand the source of the profitability problem and identify a path to financial sustainability."", ""Candidate: Thanks for the context. To start, can you tell me the current gross margin and customer acquisition cost payback period for Verdex AI?"", ""Interviewer: Can you explain why you think understanding the gross margin and customer acquisition cost payback period is important for diagnosing the profitability issue?"", ""Candidate: I believe understanding the gross margin and customer acquisition cost payback period is crucial because they directly impact the profitability of each customer and the overall business. Gross margin tells us how much revenue is left after the cost of goods sold, while customer acquisition cost payback period indicates how long it takes to recover the initial investment in acquiring a customer. These metrics will help us identify if Verdex AI's current business model is sustainable."", ""Interviewer: Can you explain how the current gross margin and customer acquisition cost payback period might be affecting the profitability of Verdex AI's larger versus smaller cooperative clients?"", ""Candidate: I believe understanding the gross margin and customer acquisition cost payback period is crucial because they directly impact the profitability of each customer and the overall business. Gross margin tells us how much revenue is left after the cost of goods sold, while customer acquisition cost payback period indicates how long it takes to recover the initial investment in acquiring a customer. These metrics will help us identify if Verdex AI's current business model is sustainable."", ""Interviewer: Can you explain how the gross margin and customer acquisition cost payback period might differ between larger and smaller cooperative clients, and how that could be impacting Verdex AI's profitability?"", ""Interviewer: Can you explain how the gross margin and customer acquisition cost payback period might differ between larger and smaller cooperative clients, and how that could be impacting Verdex AI's profitability?"", ""Candidate: I believe understanding the gross margin and customer acquisition cost payback period is crucial because they directly impact the profitability of each customer and the overall business. Gross margin tells us how much revenue is left after the cost of goods sold, while customer acquisition cost payback period indicates how long it takes to recover the initial investment in acquiring a customer. These metrics will help us identify if Verdex AI's current business model is sustainable."", ""Interviewer: Can you explain how the gross margin and customer acquisition cost payback period might differ between larger and smaller cooperative clients, and how that could be impacting Verdex AI's profitability?"", ""Candidate: I understand that understanding the gross margin and customer acquisition cost payback period is crucial for diagnosing the profitability issue. Could you please provide me with the current gross margin and customer acquisition cost payback period for Verdex AI?"", ""Interviewer: Can you explain how the gross margin and customer acquisition cost payback period might differ between larger and smaller cooperative clients, and how that could be impacting Verdex AI's profitability?"", ""Candidate: Could you please provide me with the current gross margin and customer acquisition cost payback period for Verdex AI?"", ""Interviewer: Could you explain how the gross margin and customer acquisition cost payback period might differ between larger and smaller cooperative clients, and how that could be impacting Verdex AI's profitability?"", ""Eval Case Performance: structured case-performance assessment completed."", ""Eval Dialog Quality: structured interaction-quality assessment completed."", ""Give Feedback: ### Case Interview Feedback Report\n\n#### Main Strengths:\n1. **Focus on Key Metrics**: The candidate demonstrated an understanding of the importance of gross margin and customer acquisition cost payback period, which are crucial for diagnosing profitability issues.\n2. **Relevance to Business Model**: They correctly identified that these metrics directly impact the sustainability of Verdex AI's business model.\n\n#### Main Weaknesses:\n1. **Lack of Hypothesis-Driven Reasoning**: The candidate did not form or test a hypothesis about why profitability might be an issue, which is essential for moving the analysis forward.\n2. **Insufficient Engagement with Data**: They repeatedly requested data without proposing potential insights or implications based on available information.\n\n#### Improvement Priority:\n1. **Develop Hypothesis-Driven Reasoning**: The candidate should focus on forming early hypotheses about potential causes of profitability issues and use available data to test these hypotheses. This approach will help in structuring the analysis more effectively and aligning it with business objectives.\n\n### Recommendations for Future Interviews:\n- **Clarify Objectives Early**: Ensure a clear understanding of the case's objective, such as improving profitability, before diving into specific metrics.\n- **Engage with Data Proactively**: Use available information to propose potential insights or implications rather than solely requesting additional data.\n- **Prioritize Issues**: Focus on issues that are most likely to impact the final recommendation, using frameworks as guides rather than scripts.\n\nBy addressing these areas, the candidate can enhance their case interview performance and demonstrate a more structured and insightful analysis.""]",[],"{""case_opening"": {""score"": ""not_tested"", ""rationale"": ""No rationale provided.""}, ""case_structure"": {""score"": ""not_tested"", ""rationale"": ""No rationale provided.""}, ""case_math_answer"": {""score"": ""not_tested"", ""rationale"": ""No rationale provided.""}, ""case_creative_answer"": {""score"": ""not_tested"", ""rationale"": ""No rationale provided.""}, ""final_recommendation"": {""score"": ""not_tested"", ""rationale"": ""No rationale provided.""}, ""overall_structure"": {""score"": ""not_tested"", ""rationale"": ""No rationale provided.""}, ""overall_problem_solving"": {""score"": ""not_tested"", ""rationale"": ""No rationale provided.""}, ""overall_communication"": {""score"": ""not_tested"", ""rationale"": ""No rationale provided.""}}","{""clarity_and_concision"": {""score"": ""not_tested"", ""rationale"": ""No rationale provided.""}, ""responsiveness_and_adaptation"": {""score"": ""not_tested"", ""rationale"": ""No rationale provided.""}, ""groundedness"": {""score"": ""not_tested"", ""rationale"": ""No rationale provided.""}, ""confidence_calibration"": {""score"": ""not_tested"", ""rationale"": ""No rationale provided.""}, ""multi_turn_coherence"": {""score"": ""not_tested"", ""rationale"": ""No rationale provided.""}}",not_tested,No rationale provided.,not_tested,No rationale provided.,not_tested,No rationale provided.,not_tested,No rationale provided.,not_tested,No rationale provided.,not_tested,No rationale provided.,not_tested,No rationale provided.,not_tested,No rationale provided.,not_tested,No rationale provided.,not_tested,No rationale provided.,not_tested,No rationale provided.,not_tested,No rationale provided.,not_tested,No rationale provided.
agentic,agentic_scenario_03_06_023_r01_20260712T170433Z,/Users/palomaperezdemadrid/Desktop/Dissertation/agentic-case-interview-coach/src/scenarios/synthetic-based/scenario_03_06.json,1,3,ok,,4,2,True,"### Case Interview Feedback Report

#### Main Strengths:
- **Inquisitive Approach**: The candidate demonstrated a proactive approach by seeking to understand the pricing structure of Verdex AI's services. This is an important step in analyzing profitability issues.

#### Main Weaknesses:
- **Lack of Responsiveness and Adaptation**: The candidate repeatedly asked the same question without adapting their line of inquiry based on the interviewer’s prompts, indicating a lack of responsiveness.
- **Poor Multi-Turn Coherence**: There was no progression or development in the candidate's responses across multiple turns. Each response did not build upon previous ones, leading to a disjointed conversation.

#### Improvement Priority:
- **Enhance Responsiveness and Adaptation**: The candidate should focus on responding directly to the interviewer’s questions and adapting their approach based on new information provided during the dialogue. This involves actively listening and adjusting their line of questioning or analysis as needed.

### Methodological Guidance:

1. **Clarifying the Objective**:
   - Candidates should ensure they understand the core objective, which in this case is identifying the source of profitability issues for Verdex AI. Clarifying objectives early can guide more targeted questions and analyses.

2. **Hypothesis-Driven Reasoning**:
   - Formulating an initial hypothesis about why margins might be weak (e.g., pricing structure, cost management) and then seeking evidence to support or refute it could have made the analysis more structured and insightful.

3. **Prioritization**:
   - The candidate should prioritize which aspects of the business model to explore first based on their potential impact on profitability. For instance, understanding the pricing strategy in detail might reveal insights into revenue versus cost dynamics.

4. **Multi-Turn Coherence**:
   - Building a coherent line of reasoning across multiple turns is crucial. Candidates should aim to develop their analysis progressively, using each turn to add depth or new perspectives based on prior exchanges.

By focusing on these areas, the candidate can improve their ability to engage effectively in case interviews and provide more structured and insightful analyses.","[""Interviewer: Your client is Verdex AI, a Spanish agri-tech startup that offers an AI-powered crop disease detection system for olive groves and vineyard farms in Spain and Portugal. Its early traction has been especially strong in areas such as Candeleda, Talavera de la Reina, the Sierra de Gredos corridor, and parts of Extremadura and Alentejo. Annual recurring revenue has grown 60% per year for the last two years and the company now serves 340 agricultural cooperative clients. Despite this growth, losses have widened each quarter and burn has accelerated in the last two periods. The founders want to understand the source of the profitability problem and identify a path to financial sustainability."", ""Candidate: Let's start by understanding the current pricing structure. How much does Verdex charge per hectare monitored annually?"", ""Interviewer: Why do you think an AI business might have weak margins in this case?"", ""Candidate: Let's start by understanding the current pricing structure. How much does Verdex charge per hectare monitored annually?"", ""Interviewer: Can you explain why you think an AI business might have weak margins in this case?"", ""Candidate: Let's start by understanding the current pricing structure. How much does Verdex charge per hectare monitored annually?"", ""Interviewer: Can you explain why you think an AI business might have weak margins in this case, especially given the recurring nature of the revenue and the rapid growth?"", ""Interviewer: Can you explain why you think an AI business might have weak margins, especially given the recurring nature of the revenue and the rapid growth?"", ""Candidate: Let's start by understanding the current pricing structure. How much does Verdex charge per hectare monitored annually?"", ""Interviewer: Can you explain why you think an AI business might have weak margins, especially given the recurring nature of the revenue and the rapid growth?"", ""Candidate: Let's start by understanding the current pricing structure. How much does Verdex charge per hectare monitored annually?"", ""Interviewer: Can you explain why you think an AI business might have weak margins, especially given the recurring nature of the revenue and the rapid growth?"", ""Candidate: Let's start by understanding the current pricing structure. How much does Verdex charge per hectare monitored annually?"", ""Interviewer: Can you explain why you think an AI business might have weak margins, especially given the recurring nature of the revenue and the rapid growth?"", ""Eval Case Performance: structured case-performance assessment completed."", ""Eval Dialog Quality: structured interaction-quality assessment completed."", ""Give Feedback: ### Case Interview Feedback Report\n\n#### Main Strengths:\n- **Inquisitive Approach**: The candidate demonstrated a proactive approach by seeking to understand the pricing structure of Verdex AI's services. This is an important step in analyzing profitability issues.\n\n#### Main Weaknesses:\n- **Lack of Responsiveness and Adaptation**: The candidate repeatedly asked the same question without adapting their line of inquiry based on the interviewer’s prompts, indicating a lack of responsiveness.\n- **Poor Multi-Turn Coherence**: There was no progression or development in the candidate's responses across multiple turns. Each response did not build upon previous ones, leading to a disjointed conversation.\n\n#### Improvement Priority:\n- **Enhance Responsiveness and Adaptation**: The candidate should focus on responding directly to the interviewer’s questions and adapting their approach based on new information provided during the dialogue. This involves actively listening and adjusting their line of questioning or analysis as needed.\n\n### Methodological Guidance:\n\n1. **Clarifying the Objective**:\n   - Candidates should ensure they understand the core objective, which in this case is identifying the source of profitability issues for Verdex AI. Clarifying objectives early can guide more targeted questions and analyses.\n\n2. **Hypothesis-Driven Reasoning**:\n   - Formulating an initial hypothesis about why margins might be weak (e.g., pricing structure, cost management) and then seeking evidence to support or refute it could have made the analysis more structured and insightful.\n\n3. **Prioritization**:\n   - The candidate should prioritize which aspects of the business model to explore first based on their potential impact on profitability. For instance, understanding the pricing strategy in detail might reveal insights into revenue versus cost dynamics.\n\n4. **Multi-Turn Coherence**:\n   - Building a coherent line of reasoning across multiple turns is crucial. Candidates should aim to develop their analysis progressively, using each turn to add depth or new perspectives based on prior exchanges.\n\nBy focusing on these areas, the candidate can improve their ability to engage effectively in case interviews and provide more structured and insightful analyses.""]",[],"{""case_opening"": {""score"": ""not_tested"", ""rationale"": ""No rationale provided.""}, ""case_structure"": {""score"": ""not_tested"", ""rationale"": ""No rationale provided.""}, ""case_math_answer"": {""score"": ""not_tested"", ""rationale"": ""No rationale provided.""}, ""case_creative_answer"": {""score"": ""not_tested"", ""rationale"": ""No rationale provided.""}, ""final_recommendation"": {""score"": ""not_tested"", ""rationale"": ""No rationale provided.""}, ""overall_structure"": {""score"": ""not_tested"", ""rationale"": ""No rationale provided.""}, ""overall_problem_solving"": {""score"": ""not_tested"", ""rationale"": ""No rationale provided.""}, ""overall_communication"": {""score"": ""not_tested"", ""rationale"": ""No rationale provided.""}}","{""clarity_and_concision"": {""score"": 2, ""rationale"": ""The candidate repeats the same question multiple times without providing any additional context or insights, indicating a lack of clarity and concision in their communication.""}, ""responsiveness_and_adaptation"": {""score"": 1, ""rationale"": ""The candidate fails to respond to the interviewer's questions and prompts, instead repeating the same question, showing a lack of responsiveness and adaptation to the conversation.""}, ""groundedness"": {""score"": ""not_tested"", ""rationale"": ""There is not enough information in the transcript to assess the candidate's ability to ground their answers in data or evidence.""}, ""confidence_calibration"": {""score"": 2, ""rationale"": ""The candidate's repetition of the same question suggests a lack of confidence in their understanding of the case and a failure to calibrate their confidence to the situation.""}, ""multi_turn_coherence"": {""score"": 1, ""rationale"": ""The candidate's responses do not build on each other or demonstrate a coherent line of thinking across multiple turns, indicating a lack of multi-turn coherence.""}}",not_tested,No rationale provided.,not_tested,No rationale provided.,not_tested,No rationale provided.,not_tested,No rationale provided.,not_tested,No rationale provided.,not_tested,No rationale provided.,not_tested,No rationale provided.,not_tested,No rationale provided.,2,"The candidate repeats the same question multiple times without providing any additional context or insights, indicating a lack of clarity and concision in their communication.",1,"The candidate fails to respond to the interviewer's questions and prompts, instead repeating the same question, showing a lack of responsiveness and adaptation to the conversation.",not_tested,There is not enough information in the transcript to assess the candidate's ability to ground their answers in data or evidence.,2,The candidate's repetition of the same question suggests a lack of confidence in their understanding of the case and a failure to calibrate their confidence to the situation.,1,"The candidate's responses do not build on each other or demonstrate a coherent line of thinking across multiple turns, indicating a lack of multi-turn coherence."
agentic,agentic_scenario_03_06_023_r02_20260712T170433Z,/Users/palomaperezdemadrid/Desktop/Dissertation/agentic-case-interview-coach/src/scenarios/synthetic-based/scenario_03_06.json,2,3,ok,,4,2,True,"### Final Feedback Report

#### Main Strengths:
1. **Focus on Pricing Structure**: The candidate consistently aimed to understand Verdex AI's pricing structure as a starting point for analyzing profitability issues. This aligns with best practices in consulting cases where understanding revenue drivers is crucial.

2. **Repetition of Key Questions**: By repeatedly asking about the pricing per hectare, the candidate demonstrated persistence and an attempt to gather essential data needed for further analysis.

#### Main Weaknesses:
1. **Lack of Hypothesis-Driven Reasoning**: The candidate did not form or test any hypotheses regarding potential revenue or cost drivers contributing to weak margins. This is a missed opportunity to anchor the analysis in specific, evidence-backed scenarios.

2. **Failure to Break Down Profitability Issues**: Despite multiple prompts from the interviewer, the candidate did not attempt to break down profitability issues into potential revenue and cost drivers. This indicates a gap in applying structured problem-solving techniques.

3. **Limited Responsiveness and Adaptation**: The candidate's repeated focus on pricing without adapting their approach based on the interviewer’s feedback suggests limited responsiveness to the evolving discussion.

#### Improvement Priority:
- **Develop Hypothesis-Driven Reasoning Skills**: The candidate should prioritize forming early hypotheses about potential causes of profitability issues (e.g., high operational costs, low pricing strategy) and seek data to confirm or refute these. This approach would help in structuring a more dynamic and evidence-based analysis.

#### Additional Guidance:
- **Clarifying the Objective**: Candidates should ensure they understand the specific objective of the case—here, identifying sources of profitability problems—and tailor their questions accordingly.
  
- **Building an Initial Structure**: It is important to break down complex issues into manageable components (e.g., revenue vs. cost drivers) early in the analysis to guide a more focused discussion.

- **Synthesizing Along the Way**: Regularly synthesizing information gathered during the interview can help in forming coherent recommendations and adapting strategies based on new insights.

By focusing on these areas, the candidate can enhance their ability to conduct thorough and adaptive case analyses.","[""Interviewer: Your client is Verdex AI, a Spanish agri-tech startup that offers an AI-powered crop disease detection system for olive groves and vineyard farms in Spain and Portugal. Its early traction has been especially strong in areas such as Candeleda, Talavera de la Reina, the Sierra de Gredos corridor, and parts of Extremadura and Alentejo. Annual recurring revenue has grown 60% per year for the last two years and the company now serves 340 agricultural cooperative clients. Despite this growth, losses have widened each quarter and burn has accelerated in the last two periods. The founders want to understand the source of the profitability problem and identify a path to financial sustainability."", ""Candidate: Let's start by understanding the current pricing structure. How much does Verdex charge per hectare monitored annually?"", ""Interviewer: Why do you think an AI business like Verdex might be facing weak margins despite rapid revenue growth?"", ""Candidate: Let's start by understanding the current pricing structure. How much does Verdex charge per hectare monitored annually?"", ""Interviewer: Can you explain why you think an AI business like Verdex might have weak margins despite rapid revenue growth?"", ""Candidate: Let's start by understanding the current pricing structure. How much does Verdex charge per hectare monitored annually?"", ""Interviewer: Why do you think an AI business like Verdex might have weak margins despite rapid revenue growth?"", ""Interviewer: Can you break down the profitability issue into potential revenue and cost drivers to help us understand where the weak margins might be coming from?"", ""Candidate: Let's start by understanding the current pricing structure. How much does Verdex charge per hectare monitored annually?"", ""Interviewer: Can you break down the profitability issue into potential revenue and cost drivers to help us understand where the weak margins might be coming from?"", ""Candidate: Let's start by understanding the current pricing structure. How much does Verdex charge per hectare monitored annually?"", ""Interviewer: Can you break down the profitability issue into potential revenue and cost drivers to help us understand where the weak margins might be coming from?"", ""Candidate: Let's start by understanding the current pricing structure. How much does Verdex charge per hectare monitored annually?"", ""Interviewer: Can you break down the profitability issue into potential revenue and cost drivers to help us understand where the weak margins might be coming from?"", ""Eval Case Performance: structured case-performance assessment completed."", ""Eval Dialog Quality: structured interaction-quality assessment completed."", ""Give Feedback: ### Final Feedback Report\n\n#### Main Strengths:\n1. **Focus on Pricing Structure**: The candidate consistently aimed to understand Verdex AI's pricing structure as a starting point for analyzing profitability issues. This aligns with best practices in consulting cases where understanding revenue drivers is crucial.\n\n2. **Repetition of Key Questions**: By repeatedly asking about the pricing per hectare, the candidate demonstrated persistence and an attempt to gather essential data needed for further analysis.\n\n#### Main Weaknesses:\n1. **Lack of Hypothesis-Driven Reasoning**: The candidate did not form or test any hypotheses regarding potential revenue or cost drivers contributing to weak margins. This is a missed opportunity to anchor the analysis in specific, evidence-backed scenarios.\n\n2. **Failure to Break Down Profitability Issues**: Despite multiple prompts from the interviewer, the candidate did not attempt to break down profitability issues into potential revenue and cost drivers. This indicates a gap in applying structured problem-solving techniques.\n\n3. **Limited Responsiveness and Adaptation**: The candidate's repeated focus on pricing without adapting their approach based on the interviewer’s feedback suggests limited responsiveness to the evolving discussion.\n\n#### Improvement Priority:\n- **Develop Hypothesis-Driven Reasoning Skills**: The candidate should prioritize forming early hypotheses about potential causes of profitability issues (e.g., high operational costs, low pricing strategy) and seek data to confirm or refute these. This approach would help in structuring a more dynamic and evidence-based analysis.\n\n#### Additional Guidance:\n- **Clarifying the Objective**: Candidates should ensure they understand the specific objective of the case—here, identifying sources of profitability problems—and tailor their questions accordingly.\n  \n- **Building an Initial Structure**: It is important to break down complex issues into manageable components (e.g., revenue vs. cost drivers) early in the analysis to guide a more focused discussion.\n\n- **Synthesizing Along the Way**: Regularly synthesizing information gathered during the interview can help in forming coherent recommendations and adapting strategies based on new insights.\n\nBy focusing on these areas, the candidate can enhance their ability to conduct thorough and adaptive case analyses.""]",[],"{""case_opening"": {""score"": ""not_tested"", ""rationale"": ""No rationale provided.""}, ""case_structure"": {""score"": ""not_tested"", ""rationale"": ""No rationale provided.""}, ""case_math_answer"": {""score"": ""not_tested"", ""rationale"": ""No rationale provided.""}, ""case_creative_answer"": {""score"": ""not_tested"", ""rationale"": ""No rationale provided.""}, ""final_recommendation"": {""score"": ""not_tested"", ""rationale"": ""No rationale provided.""}, ""overall_structure"": {""score"": ""not_tested"", ""rationale"": ""No rationale provided.""}, ""overall_problem_solving"": {""score"": ""not_tested"", ""rationale"": ""No rationale provided.""}, ""overall_communication"": {""score"": ""not_tested"", ""rationale"": ""No rationale provided.""}}","{""clarity_and_concision"": {""score"": ""not_tested"", ""rationale"": ""No rationale provided.""}, ""responsiveness_and_adaptation"": {""score"": ""not_tested"", ""rationale"": ""No rationale provided.""}, ""groundedness"": {""score"": ""not_tested"", ""rationale"": ""No rationale provided.""}, ""confidence_calibration"": {""score"": ""not_tested"", ""rationale"": ""No rationale provided.""}, ""multi_turn_coherence"": {""score"": ""not_tested"", ""rationale"": ""No rationale provided.""}}",not_tested,No rationale provided.,not_tested,No rationale provided.,not_tested,No rationale provided.,not_tested,No rationale provided.,not_tested,No rationale provided.,not_tested,No rationale provided.,not_tested,No rationale provided.,not_tested,No rationale provided.,not_tested,No rationale provided.,not_tested,No rationale provided.,not_tested,No rationale provided.,not_tested,No rationale provided.,not_tested,No rationale provided.
agentic,agentic_scenario_03_06_023_r03_20260712T170433Z,/Users/palomaperezdemadrid/Desktop/Dissertation/agentic-case-interview-coach/src/scenarios/synthetic-based/scenario_03_06.json,3,3,ok,,4,2,True,"### Case Interview Feedback Report

#### Strengths:
1. **Focus on Pricing Structure**: The candidate consistently sought to understand Verdex AI's pricing structure, which is a critical component in analyzing profitability issues.
2. **Recurring Revenue Recognition**: Acknowledged the importance of recurring revenue and its implications for financial sustainability.

#### Weaknesses:
1. **Lack of Hypothesis-Driven Reasoning**: The candidate repeatedly asked about the pricing structure without forming or testing any hypotheses regarding potential causes of weak margins, such as cost structures or market dynamics.
2. **Insufficient Problem Structuring**: There was no clear attempt to build an initial problem structure or prioritize issues that could lead to a final recommendation.

#### Improvement Priority:
- **Develop Hypothesis-Driven Reasoning**: The candidate should focus on forming early hypotheses about potential causes of profitability problems and test these against available data. This approach would help in structuring the analysis more effectively and moving towards actionable insights.

### Recommendations for Future Interviews:
1. **Clarify Objectives Early**: Begin by clarifying the client's objectives, such as improving profitability or exploring new markets.
2. **Formulate Hypotheses**: Develop initial hypotheses about potential issues (e.g., cost inefficiencies, pricing strategy) and seek data to confirm or refute these.
3. **Prioritize Key Issues**: Identify which factors are most likely to impact the final recommendation and focus on those areas.

By addressing these areas, the candidate can enhance their problem-solving approach and communication effectiveness in future case interviews.","[""Interviewer: Your client is Verdex AI, a Spanish agri-tech startup that offers an AI-powered crop disease detection system for olive groves and vineyard farms in Spain and Portugal. Its early traction has been especially strong in areas such as Candeleda, Talavera de la Reina, the Sierra de Gredos corridor, and parts of Extremadura and Alentejo. Annual recurring revenue has grown 60% per year for the last two years and the company now serves 340 agricultural cooperative clients. Despite this growth, losses have widened each quarter and burn has accelerated in the last two periods. The founders want to understand the source of the profitability problem and identify a path to financial sustainability."", ""Candidate: Let's start by understanding the current pricing structure. How much does Verdex charge per hectare monitored annually?"", ""Interviewer: Why do you think an AI business might have weak margins in this case?"", ""Candidate: Let's start by understanding the current pricing structure. How much does Verdex charge per hectare monitored annually?"", ""Interviewer: Can you explain why you think an AI business might have weak margins in this case?"", ""Candidate: Let's start by understanding the current pricing structure. How much does Verdex charge per hectare monitored annually?"", ""Interviewer: Can you explain why you think an AI business might have weak margins in this case, especially given the recurring nature of the revenue and the rapid growth?"", ""Interviewer: Can you explain why you think an AI business might have weak margins, especially given the recurring nature of the revenue and the rapid growth?"", ""Candidate: Let's start by understanding the current pricing structure. How much does Verdex charge per hectare monitored annually?"", ""Interviewer: Can you explain why you think an AI business might have weak margins, especially given the recurring nature of the revenue and the rapid growth?"", ""Candidate: Let's start by understanding the current pricing structure. How much does Verdex charge per hectare monitored annually?"", ""Interviewer: Can you explain why you think an AI business might have weak margins, especially given the recurring nature of the revenue and the rapid growth?"", ""Candidate: Let's start by understanding the current pricing structure. How much does Verdex charge per hectare monitored annually?"", ""Interviewer: Can you explain why you think an AI business might have weak margins, especially given the recurring nature of the revenue and the rapid growth?"", ""Eval Case Performance: structured case-performance assessment completed."", ""Eval Dialog Quality: structured interaction-quality assessment completed."", ""Give Feedback: ### Case Interview Feedback Report\n\n#### Strengths:\n1. **Focus on Pricing Structure**: The candidate consistently sought to understand Verdex AI's pricing structure, which is a critical component in analyzing profitability issues.\n2. **Recurring Revenue Recognition**: Acknowledged the importance of recurring revenue and its implications for financial sustainability.\n\n#### Weaknesses:\n1. **Lack of Hypothesis-Driven Reasoning**: The candidate repeatedly asked about the pricing structure without forming or testing any hypotheses regarding potential causes of weak margins, such as cost structures or market dynamics.\n2. **Insufficient Problem Structuring**: There was no clear attempt to build an initial problem structure or prioritize issues that could lead to a final recommendation.\n\n#### Improvement Priority:\n- **Develop Hypothesis-Driven Reasoning**: The candidate should focus on forming early hypotheses about potential causes of profitability problems and test these against available data. This approach would help in structuring the analysis more effectively and moving towards actionable insights.\n\n### Recommendations for Future Interviews:\n1. **Clarify Objectives Early**: Begin by clarifying the client's objectives, such as improving profitability or exploring new markets.\n2. **Formulate Hypotheses**: Develop initial hypotheses about potential issues (e.g., cost inefficiencies, pricing strategy) and seek data to confirm or refute these.\n3. **Prioritize Key Issues**: Identify which factors are most likely to impact the final recommendation and focus on those areas.\n\nBy addressing these areas, the candidate can enhance their problem-solving approach and communication effectiveness in future case interviews.""]",[],"{""case_opening"": {""score"": ""not_tested"", ""rationale"": ""No rationale provided.""}, ""case_structure"": {""score"": ""not_tested"", ""rationale"": ""No rationale provided.""}, ""case_math_answer"": {""score"": ""not_tested"", ""rationale"": ""No rationale provided.""}, ""case_creative_answer"": {""score"": ""not_tested"", ""rationale"": ""No rationale provided.""}, ""final_recommendation"": {""score"": ""not_tested"", ""rationale"": ""No rationale provided.""}, ""overall_structure"": {""score"": ""not_tested"", ""rationale"": ""No rationale provided.""}, ""overall_problem_solving"": {""score"": ""not_tested"", ""rationale"": ""No rationale provided.""}, ""overall_communication"": {""score"": ""not_tested"", ""rationale"": ""No rationale provided.""}}","{""clarity_and_concision"": {""score"": ""not_tested"", ""rationale"": ""No rationale provided.""}, ""responsiveness_and_adaptation"": {""score"": ""not_tested"", ""rationale"": ""No rationale provided.""}, ""groundedness"": {""score"": ""not_tested"", ""rationale"": ""No rationale provided.""}, ""confidence_calibration"": {""score"": ""not_tested"", ""rationale"": ""No rationale provided.""}, ""multi_turn_coherence"": {""score"": ""not_tested"", ""rationale"": ""No rationale provided.""}}",not_tested,No rationale provided.,not_tested,No rationale provided.,not_tested,No rationale provided.,not_tested,No rationale provided.,not_tested,No rationale provided.,not_tested,No rationale provided.,not_tested,No rationale provided.,not_tested,No rationale provided.,not_tested,No rationale provided.,not_tested,No rationale provided.,not_tested,No rationale provided.,not_tested,No rationale provided.,not_tested,No rationale provided.
agentic,agentic_scenario_03_07_024_r01_20260712T170433Z,/Users/palomaperezdemadrid/Desktop/Dissertation/agentic-case-interview-coach/src/scenarios/synthetic-based/scenario_03_07.json,1,3,ok,,4,2,True,"### Case Interview Feedback Report

#### Main Strengths:
1. **Focus on Unit Economics**: The candidate consistently emphasized analyzing unit economics, which is crucial for understanding profitability issues.
2. **Relevant Questions**: By asking about pricing per hectare and farm size, the candidate demonstrated an awareness of key factors that could impact Verdex AI's financial performance.

#### Main Weaknesses:
1. **Lack of Hypothesis-Driven Reasoning**: The candidate repeatedly asked for specific data without forming or testing a hypothesis about potential causes of profitability issues.
2. **Limited Exploration of Operating Model**: There was minimal exploration into how the operating model might contribute to weak margins, despite repeated prompts from the interviewer.

#### Improvement Priority:
1. **Develop Hypothesis-Driven Reasoning**: The candidate should focus on forming initial hypotheses about the profitability problem and then seek data to confirm or refute these ideas. This approach would help in structuring the analysis more effectively and aligning it with business objectives, as highlighted in the Consulting Case Interview Guide.

#### Additional Notes:
- **Engagement with Interviewer**: While the candidate asked relevant questions, there was a lack of responsiveness to the interviewer's prompts about weak margins and operating model implications.
- **Overall Structure and Problem Solving**: The case performance scores indicate that these areas were not tested due to the transcript's focus on specific data requests rather than broader analysis or recommendations.

By addressing these areas, particularly by incorporating hypothesis-driven reasoning, the candidate can enhance their analytical approach in future interviews.","[""Interviewer: Your client is Verdex AI, a Spanish agri-tech startup that offers an AI-powered crop disease detection system for olive groves and vineyard farms in Spain and Portugal. Its early traction has been especially strong in areas such as Candeleda, Talavera de la Reina, the Sierra de Gredos corridor, and parts of Extremadura and Alentejo. Annual recurring revenue has grown 60% per year for the last two years and the company now serves 340 agricultural cooperative clients. Despite this growth, losses have widened each quarter and burn has accelerated in the last two periods. The founders want to understand the source of the profitability problem and identify a path to financial sustainability."", ""Candidate: To understand Verdex AI's profitability issue, let's first analyze their unit economics. Could you provide the current pricing per hectare and the average size of the farms they serve?"", ""Interviewer: Could you explain how the current pricing per hectare and the average farm size might be impacting Verdex AI's profitability?"", ""Candidate: To understand Verdex AI's profitability issue, let's first analyze their unit economics. Could you provide the current pricing per hectare and the average size of the farms they serve?"", ""Interviewer: Why do you think an AI business might have weak margins in this case, and how does that relate to Verdex AI's operating model?"", ""Candidate: To understand Verdex AI's profitability issue, let's first analyze their unit economics. Could you provide the current pricing per hectare and the average size of the farms they serve?"", ""Interviewer: Why do you think an AI business might have weak margins in this case, and how does that relate to Verdex AI's operating model?"", ""Interviewer: Why do you think an AI business might have weak margins in this case, and how does that relate to Verdex AI's operating model?"", ""Candidate: To understand Verdex AI's profitability issue, let's first analyze their unit economics. Could you provide the current pricing per hectare and the average size of the farms they serve?"", ""Interviewer: Why do you think an AI business might have weak margins in this case, and how does that relate to Verdex AI's operating model?"", ""Candidate: To understand Verdex AI's profitability issue, let's first analyze their unit economics. Could you provide the current pricing per hectare and the average size of the farms they serve?"", ""Interviewer: Why do you think an AI business might have weak margins in this case, and how does that relate to Verdex AI's operating model?"", ""Candidate: To understand Verdex AI's profitability issue, let's first analyze their unit economics. Could you provide the current pricing per hectare and the average size of the farms they serve?"", ""Interviewer: Why do you think an AI business might have weak margins in this case, and how does that relate to Verdex AI's operating model?"", ""Eval Case Performance: structured case-performance assessment completed."", ""Eval Dialog Quality: structured interaction-quality assessment completed."", ""Give Feedback: ### Case Interview Feedback Report\n\n#### Main Strengths:\n1. **Focus on Unit Economics**: The candidate consistently emphasized analyzing unit economics, which is crucial for understanding profitability issues.\n2. **Relevant Questions**: By asking about pricing per hectare and farm size, the candidate demonstrated an awareness of key factors that could impact Verdex AI's financial performance.\n\n#### Main Weaknesses:\n1. **Lack of Hypothesis-Driven Reasoning**: The candidate repeatedly asked for specific data without forming or testing a hypothesis about potential causes of profitability issues.\n2. **Limited Exploration of Operating Model**: There was minimal exploration into how the operating model might contribute to weak margins, despite repeated prompts from the interviewer.\n\n#### Improvement Priority:\n1. **Develop Hypothesis-Driven Reasoning**: The candidate should focus on forming initial hypotheses about the profitability problem and then seek data to confirm or refute these ideas. This approach would help in structuring the analysis more effectively and aligning it with business objectives, as highlighted in the Consulting Case Interview Guide.\n\n#### Additional Notes:\n- **Engagement with Interviewer**: While the candidate asked relevant questions, there was a lack of responsiveness to the interviewer's prompts about weak margins and operating model implications.\n- **Overall Structure and Problem Solving**: The case performance scores indicate that these areas were not tested due to the transcript's focus on specific data requests rather than broader analysis or recommendations.\n\nBy addressing these areas, particularly by incorporating hypothesis-driven reasoning, the candidate can enhance their analytical approach in future interviews.""]",[],"{""case_opening"": {""score"": ""not_tested"", ""rationale"": ""No rationale provided.""}, ""case_structure"": {""score"": ""not_tested"", ""rationale"": ""No rationale provided.""}, ""case_math_answer"": {""score"": ""not_tested"", ""rationale"": ""No rationale provided.""}, ""case_creative_answer"": {""score"": ""not_tested"", ""rationale"": ""No rationale provided.""}, ""final_recommendation"": {""score"": ""not_tested"", ""rationale"": ""No rationale provided.""}, ""overall_structure"": {""score"": ""not_tested"", ""rationale"": ""No rationale provided.""}, ""overall_problem_solving"": {""score"": ""not_tested"", ""rationale"": ""No rationale provided.""}, ""overall_communication"": {""score"": ""not_tested"", ""rationale"": ""No rationale provided.""}}","{""clarity_and_concision"": {""score"": ""not_tested"", ""rationale"": ""No rationale provided.""}, ""responsiveness_and_adaptation"": {""score"": ""not_tested"", ""rationale"": ""No rationale provided.""}, ""groundedness"": {""score"": ""not_tested"", ""rationale"": ""No rationale provided.""}, ""confidence_calibration"": {""score"": ""not_tested"", ""rationale"": ""No rationale provided.""}, ""multi_turn_coherence"": {""score"": ""not_tested"", ""rationale"": ""No rationale provided.""}}",not_tested,No rationale provided.,not_tested,No rationale provided.,not_tested,No rationale provided.,not_tested,No rationale provided.,not_tested,No rationale provided.,not_tested,No rationale provided.,not_tested,No rationale provided.,not_tested,No rationale provided.,not_tested,No rationale provided.,not_tested,No rationale provided.,not_tested,No rationale provided.,not_tested,No rationale provided.,not_tested,No rationale provided.
agentic,agentic_scenario_03_07_024_r02_20260712T170433Z,/Users/palomaperezdemadrid/Desktop/Dissertation/agentic-case-interview-coach/src/scenarios/synthetic-based/scenario_03_07.json,2,3,ok,,4,2,True,"### Final Feedback Report

#### Strengths:
1. **Inquisitive Approach**: The candidate consistently sought to understand the pricing structure, which is a critical component in analyzing profitability issues.
2. **Focus on Business Model**: By repeatedly asking about the pricing model, the candidate demonstrated an understanding that business models can significantly impact margins.

#### Weaknesses:
1. **Lack of Hypothesis-Driven Reasoning**: The candidate did not form or test any hypotheses regarding why Verdex might be facing weak margins despite rapid revenue growth.
2. **Insufficient Analysis and Synthesis**: There was no progression in the analysis beyond questioning the pricing structure, nor was there a synthesis of information to propose potential solutions.

#### Improvement Priority:
- **Develop Hypothesis-Driven Reasoning**: The candidate should practice forming initial hypotheses about potential causes for profitability issues (e.g., costs vs. revenue) and then seek evidence to confirm or refute these hypotheses. This approach would help in structuring the analysis more effectively and moving towards a final recommendation.

### Methodological Guidance:
- **Clarifying the Objective**: It is crucial to understand whether the focus should be on improving profitability, increasing market share, or another objective.
- **Building an Initial Structure**: Start by forming a hypothesis about potential issues (e.g., pricing strategy, cost structure) and then gather data to test these hypotheses.
- **Prioritization**: Focus on the most impactful areas that could influence the final recommendation, such as understanding both revenue streams and cost drivers.

By addressing these areas, the candidate can enhance their ability to conduct a more structured and insightful analysis in future case interviews.","[""Interviewer: Your client is Verdex AI, a Spanish agri-tech startup that offers an AI-powered crop disease detection system for olive groves and vineyard farms in Spain and Portugal. Its early traction has been especially strong in areas such as Candeleda, Talavera de la Reina, the Sierra de Gredos corridor, and parts of Extremadura and Alentejo. Annual recurring revenue has grown 60% per year for the last two years and the company now serves 340 agricultural cooperative clients. Despite this growth, losses have widened each quarter and burn has accelerated in the last two periods. The founders want to understand the source of the profitability problem and identify a path to financial sustainability."", ""Candidate: Let's start by understanding the current pricing structure. How much does Verdex charge per hectare monitored annually?"", ""Interviewer: Why do you think an AI business like Verdex might be facing such weak margins despite rapid revenue growth?"", ""Candidate: Let's start by understanding the current pricing structure. How much does Verdex charge per hectare monitored annually?"", ""Interviewer: Can you explain why you think an AI business like Verdex might be facing weak margins despite rapid revenue growth?"", ""Candidate: Let's start by understanding the current pricing structure. How much does Verdex charge per hectare monitored annually?"", ""Interviewer: Why do you think an AI business like Verdex might be facing weak margins despite rapid revenue growth?"", ""Interviewer: Can you explain why you think an AI business like Verdex might be facing weak margins despite rapid revenue growth, and how the business model could be contributing to this issue?"", ""Candidate: Let's start by understanding the current pricing structure. How much does Verdex charge per hectare monitored annually?"", ""Interviewer: Can you explain why you think an AI business like Verdex might be facing weak margins despite rapid revenue growth, and how the business model could be contributing to this issue?"", ""Candidate: Let's start by understanding the current pricing structure. How much does Verdex charge per hectare monitored annually?"", ""Interviewer: Can you explain why you think an AI business like Verdex might be facing weak margins despite rapid revenue growth, and how the business model could be contributing to this issue?"", ""Candidate: Let's start by understanding the current pricing structure. How much does Verdex charge per hectare monitored annually?"", ""Interviewer: Can you explain why you think an AI business like Verdex might be facing weak margins despite rapid revenue growth, and how the business model could be contributing to this issue?"", ""Eval Case Performance: structured case-performance assessment completed."", ""Eval Dialog Quality: structured interaction-quality assessment completed."", ""Give Feedback: ### Final Feedback Report\n\n#### Strengths:\n1. **Inquisitive Approach**: The candidate consistently sought to understand the pricing structure, which is a critical component in analyzing profitability issues.\n2. **Focus on Business Model**: By repeatedly asking about the pricing model, the candidate demonstrated an understanding that business models can significantly impact margins.\n\n#### Weaknesses:\n1. **Lack of Hypothesis-Driven Reasoning**: The candidate did not form or test any hypotheses regarding why Verdex might be facing weak margins despite rapid revenue growth.\n2. **Insufficient Analysis and Synthesis**: There was no progression in the analysis beyond questioning the pricing structure, nor was there a synthesis of information to propose potential solutions.\n\n#### Improvement Priority:\n- **Develop Hypothesis-Driven Reasoning**: The candidate should practice forming initial hypotheses about potential causes for profitability issues (e.g., costs vs. revenue) and then seek evidence to confirm or refute these hypotheses. This approach would help in structuring the analysis more effectively and moving towards a final recommendation.\n\n### Methodological Guidance:\n- **Clarifying the Objective**: It is crucial to understand whether the focus should be on improving profitability, increasing market share, or another objective.\n- **Building an Initial Structure**: Start by forming a hypothesis about potential issues (e.g., pricing strategy, cost structure) and then gather data to test these hypotheses.\n- **Prioritization**: Focus on the most impactful areas that could influence the final recommendation, such as understanding both revenue streams and cost drivers.\n\nBy addressing these areas, the candidate can enhance their ability to conduct a more structured and insightful analysis in future case interviews.""]",[],"{""case_opening"": {""score"": ""not_tested"", ""rationale"": ""No rationale provided.""}, ""case_structure"": {""score"": ""not_tested"", ""rationale"": ""No rationale provided.""}, ""case_math_answer"": {""score"": ""not_tested"", ""rationale"": ""No rationale provided.""}, ""case_creative_answer"": {""score"": ""not_tested"", ""rationale"": ""No rationale provided.""}, ""final_recommendation"": {""score"": ""not_tested"", ""rationale"": ""No rationale provided.""}, ""overall_structure"": {""score"": ""not_tested"", ""rationale"": ""No rationale provided.""}, ""overall_problem_solving"": {""score"": ""not_tested"", ""rationale"": ""No rationale provided.""}, ""overall_communication"": {""score"": ""not_tested"", ""rationale"": ""No rationale provided.""}}","{""clarity_and_concision"": {""score"": ""not_tested"", ""rationale"": ""No rationale provided.""}, ""responsiveness_and_adaptation"": {""score"": ""not_tested"", ""rationale"": ""No rationale provided.""}, ""groundedness"": {""score"": ""not_tested"", ""rationale"": ""No rationale provided.""}, ""confidence_calibration"": {""score"": ""not_tested"", ""rationale"": ""No rationale provided.""}, ""multi_turn_coherence"": {""score"": ""not_tested"", ""rationale"": ""No rationale provided.""}}",not_tested,No rationale provided.,not_tested,No rationale provided.,not_tested,No rationale provided.,not_tested,No rationale provided.,not_tested,No rationale provided.,not_tested,No rationale provided.,not_tested,No rationale provided.,not_tested,No rationale provided.,not_tested,No rationale provided.,not_tested,No rationale provided.,not_tested,No rationale provided.,not_tested,No rationale provided.,not_tested,No rationale provided.
agentic,agentic_scenario_03_07_024_r03_20260712T170433Z,/Users/palomaperezdemadrid/Desktop/Dissertation/agentic-case-interview-coach/src/scenarios/synthetic-based/scenario_03_07.json,3,3,ok,,4,2,True,"### Final Feedback Report

#### Main Strengths:
1. **Focus on Pricing Structure**: The candidate consistently sought to understand Verdex AI's pricing structure, which is a critical component in analyzing profitability issues.
2. **Recurring Revenue Recognition**: Acknowledged the recurring nature of revenue and rapid growth as key factors in the case.

#### Main Weaknesses:
1. **Lack of Hypothesis-Driven Reasoning**: The candidate did not form or test any hypotheses regarding why Verdex AI might have weak margins, despite multiple prompts from the interviewer.
2. **Failure to Progress Beyond Initial Question**: The candidate repeatedly asked about the pricing structure without advancing the analysis or exploring other potential causes for profitability issues.

#### Improvement Priority:
- **Develop Hypothesis-Driven Reasoning**: The candidate should focus on forming initial hypotheses about potential sources of weak margins (e.g., high costs, low pricing) and seek evidence to confirm or refute these ideas. This approach aligns with best practices in consulting case interviews, where moving the analysis forward is crucial.

#### Additional Observations:
- **Responsiveness and Adaptation**: The candidate did not adapt their line of questioning based on feedback from the interviewer, indicating a need for improvement in responsiveness.
- **Multi-Turn Coherence**: The repeated focus on pricing without progression suggests a lack of coherence in multi-turn dialogue, which is essential for effective case analysis.

By addressing these areas, particularly by incorporating hypothesis-driven reasoning and adapting to the interview flow, the candidate can enhance their performance in future consulting case interviews.","[""Interviewer: Your client is Verdex AI, a Spanish agri-tech startup that offers an AI-powered crop disease detection system for olive groves and vineyard farms in Spain and Portugal. Its early traction has been especially strong in areas such as Candeleda, Talavera de la Reina, the Sierra de Gredos corridor, and parts of Extremadura and Alentejo. Annual recurring revenue has grown 60% per year for the last two years and the company now serves 340 agricultural cooperative clients. Despite this growth, losses have widened each quarter and burn has accelerated in the last two periods. The founders want to understand the source of the profitability problem and identify a path to financial sustainability."", ""Candidate: Let's start by understanding the current pricing structure. How much does Verdex charge per hectare monitored annually?"", ""Interviewer: Why do you think an AI business might have weak margins in this case?"", ""Candidate: Let's start by understanding the current pricing structure. How much does Verdex charge per hectare monitored annually?"", ""Interviewer: Can you explain why you think an AI business might have weak margins in this case?"", ""Candidate: Let's start by understanding the current pricing structure. How much does Verdex charge per hectare monitored annually?"", ""Interviewer: Can you explain why you think an AI business might have weak margins in this case, especially given the recurring nature of the revenue and the rapid growth?"", ""Interviewer: Can you explain why you think an AI business might have weak margins, especially given the recurring nature of the revenue and the rapid growth?"", ""Candidate: Let's start by understanding the current pricing structure. How much does Verdex charge per hectare monitored annually?"", ""Interviewer: Can you explain why you think an AI business might have weak margins, especially given the recurring nature of the revenue and the rapid growth?"", ""Candidate: Let's start by understanding the current pricing structure. How much does Verdex charge per hectare monitored annually?"", ""Interviewer: Can you explain why you think an AI business might have weak margins, especially given the recurring nature of the revenue and the rapid growth?"", ""Candidate: Let's start by understanding the current pricing structure. How much does Verdex charge per hectare monitored annually?"", ""Interviewer: Can you explain why you think an AI business might have weak margins, especially given the recurring nature of the revenue and the rapid growth?"", ""Eval Case Performance: structured case-performance assessment completed."", ""Eval Dialog Quality: structured interaction-quality assessment completed."", ""Give Feedback: ### Final Feedback Report\n\n#### Main Strengths:\n1. **Focus on Pricing Structure**: The candidate consistently sought to understand Verdex AI's pricing structure, which is a critical component in analyzing profitability issues.\n2. **Recurring Revenue Recognition**: Acknowledged the recurring nature of revenue and rapid growth as key factors in the case.\n\n#### Main Weaknesses:\n1. **Lack of Hypothesis-Driven Reasoning**: The candidate did not form or test any hypotheses regarding why Verdex AI might have weak margins, despite multiple prompts from the interviewer.\n2. **Failure to Progress Beyond Initial Question**: The candidate repeatedly asked about the pricing structure without advancing the analysis or exploring other potential causes for profitability issues.\n\n#### Improvement Priority:\n- **Develop Hypothesis-Driven Reasoning**: The candidate should focus on forming initial hypotheses about potential sources of weak margins (e.g., high costs, low pricing) and seek evidence to confirm or refute these ideas. This approach aligns with best practices in consulting case interviews, where moving the analysis forward is crucial.\n\n#### Additional Observations:\n- **Responsiveness and Adaptation**: The candidate did not adapt their line of questioning based on feedback from the interviewer, indicating a need for improvement in responsiveness.\n- **Multi-Turn Coherence**: The repeated focus on pricing without progression suggests a lack of coherence in multi-turn dialogue, which is essential for effective case analysis.\n\nBy addressing these areas, particularly by incorporating hypothesis-driven reasoning and adapting to the interview flow, the candidate can enhance their performance in future consulting case interviews.""]",[],"{""case_opening"": {""score"": ""not_tested"", ""rationale"": ""No rationale provided.""}, ""case_structure"": {""score"": ""not_tested"", ""rationale"": ""No rationale provided.""}, ""case_math_answer"": {""score"": ""not_tested"", ""rationale"": ""No rationale provided.""}, ""case_creative_answer"": {""score"": ""not_tested"", ""rationale"": ""No rationale provided.""}, ""final_recommendation"": {""score"": ""not_tested"", ""rationale"": ""No rationale provided.""}, ""overall_structure"": {""score"": ""not_tested"", ""rationale"": ""No rationale provided.""}, ""overall_problem_solving"": {""score"": ""not_tested"", ""rationale"": ""No rationale provided.""}, ""overall_communication"": {""score"": ""not_tested"", ""rationale"": ""No rationale provided.""}}","{""clarity_and_concision"": {""score"": ""not_tested"", ""rationale"": ""No rationale provided.""}, ""responsiveness_and_adaptation"": {""score"": ""not_tested"", ""rationale"": ""No rationale provided.""}, ""groundedness"": {""score"": ""not_tested"", ""rationale"": ""No rationale provided.""}, ""confidence_calibration"": {""score"": ""not_tested"", ""rationale"": ""No rationale provided.""}, ""multi_turn_coherence"": {""score"": ""not_tested"", ""rationale"": ""No rationale provided.""}}",not_tested,No rationale provided.,not_tested,No rationale provided.,not_tested,No rationale provided.,not_tested,No rationale provided.,not_tested,No rationale provided.,not_tested,No rationale provided.,not_tested,No rationale provided.,not_tested,No rationale provided.,not_tested,No rationale provided.,not_tested,No rationale provided.,not_tested,No rationale provided.,not_tested,No rationale provided.,not_tested,No rationale provided.
agentic,agentic_scenario_03_08_025_r01_20260712T170433Z,/Users/palomaperezdemadrid/Desktop/Dissertation/agentic-case-interview-coach/src/scenarios/synthetic-based/scenario_03_08.json,1,3,ok,,4,2,True,"### Case Interview Feedback Report

#### Main Strengths:
1. **Focus on Pricing Structure**: The candidate consistently sought to understand Verdex AI's pricing structure by asking how much they charge per hectare monitored annually. This indicates an awareness of the importance of pricing in analyzing profitability issues.

2. **Recurring Revenue Recognition**: The candidate acknowledged the recurring nature of revenue, which is a positive step towards understanding the business model and its implications for financial sustainability.

#### Main Weaknesses:
1. **Lack of Hypothesis-Driven Reasoning**: The candidate did not form or test any hypotheses regarding why Verdex AI might have weak margins despite strong growth in recurring revenue. This missed opportunity to anchor the analysis with a specific direction or focus.

2. **Repetitive Questioning**: The repeated questioning about pricing without progressing towards deeper analysis or exploring other potential factors contributing to profitability issues indicates a lack of strategic depth and adaptability in the approach.

3. **Absence of Strategic Analysis**: There was no exploration of growth strategies, market entry considerations, or alternative business models that could address the profitability problem, which are crucial elements in such cases.

#### Improvement Priority:
- **Develop Hypothesis-Driven Reasoning**: The candidate should focus on forming early hypotheses about potential causes of weak margins (e.g., cost structure issues, pricing strategy) and then seek evidence to confirm or refute these hypotheses. This approach would help streamline the analysis and provide a more structured path towards identifying solutions.

#### Additional Guidance:
- **Clarifying Objectives**: It is important for candidates to clarify the specific objective of the case early on (e.g., improving profitability) and align their questions and analysis accordingly.
  
- **Strategic Judgment**: In growth strategy cases, prioritize strategic judgment over detailed financial modeling. Consider various paths such as new markets or business models that could enhance profitability.

- **Prioritization**: Focus on issues most likely to impact the final recommendation, ensuring a targeted and efficient analysis process.

By addressing these areas, the candidate can improve their case interview performance by demonstrating a more structured, strategic approach to problem-solving.","[""Interviewer: Your client is Verdex AI, a Spanish agri-tech startup that offers an AI-powered crop disease detection system for olive groves and vineyard farms in Spain and Portugal. Its early traction has been especially strong in areas such as Candeleda, Talavera de la Reina, the Sierra de Gredos corridor, and parts of Extremadura and Alentejo. Annual recurring revenue has grown 60% per year for the last two years and the company now serves 340 agricultural cooperative clients. Despite this growth, losses have widened each quarter and burn has accelerated in the last two periods. The founders want to understand the source of the profitability problem and identify a path to financial sustainability."", ""Candidate: Let's start by understanding the current pricing structure. How much does Verdex charge per hectare monitored annually?"", ""Interviewer: Why do you think an AI business might have weak margins in this case?"", ""Candidate: Let's start by understanding the current pricing structure. How much does Verdex charge per hectare monitored annually?"", ""Interviewer: Why do you think an AI business might have weak margins in this case?"", ""Candidate: Let's start by understanding the current pricing structure. How much does Verdex charge per hectare monitored annually?"", ""Interviewer: Why do you think an AI business might have weak margins in this case?"", ""Interviewer: Why do you think an AI business might have weak margins in this case, especially given the recurring nature of the revenue and the rapid growth?"", ""Candidate: Let's start by understanding the current pricing structure. How much does Verdex charge per hectare monitored annually?"", ""Interviewer: Why do you think an AI business might have weak margins, especially given the recurring nature of the revenue and the rapid growth?"", ""Candidate: Let's start by understanding the current pricing structure. How much does Verdex charge per hectare monitored annually?"", ""Interviewer: Why do you think an AI business might have weak margins, especially given the recurring nature of the revenue and the rapid growth?"", ""Candidate: Let's start by understanding the current pricing structure. How much does Verdex charge per hectare monitored annually?"", ""Interviewer: Why do you think an AI business might have weak margins, especially given the recurring nature of the revenue and the rapid growth?"", ""Eval Case Performance: structured case-performance assessment completed."", ""Eval Dialog Quality: structured interaction-quality assessment completed."", ""Give Feedback: ### Case Interview Feedback Report\n\n#### Main Strengths:\n1. **Focus on Pricing Structure**: The candidate consistently sought to understand Verdex AI's pricing structure by asking how much they charge per hectare monitored annually. This indicates an awareness of the importance of pricing in analyzing profitability issues.\n\n2. **Recurring Revenue Recognition**: The candidate acknowledged the recurring nature of revenue, which is a positive step towards understanding the business model and its implications for financial sustainability.\n\n#### Main Weaknesses:\n1. **Lack of Hypothesis-Driven Reasoning**: The candidate did not form or test any hypotheses regarding why Verdex AI might have weak margins despite strong growth in recurring revenue. This missed opportunity to anchor the analysis with a specific direction or focus.\n\n2. **Repetitive Questioning**: The repeated questioning about pricing without progressing towards deeper analysis or exploring other potential factors contributing to profitability issues indicates a lack of strategic depth and adaptability in the approach.\n\n3. **Absence of Strategic Analysis**: There was no exploration of growth strategies, market entry considerations, or alternative business models that could address the profitability problem, which are crucial elements in such cases.\n\n#### Improvement Priority:\n- **Develop Hypothesis-Driven Reasoning**: The candidate should focus on forming early hypotheses about potential causes of weak margins (e.g., cost structure issues, pricing strategy) and then seek evidence to confirm or refute these hypotheses. This approach would help streamline the analysis and provide a more structured path towards identifying solutions.\n\n#### Additional Guidance:\n- **Clarifying Objectives**: It is important for candidates to clarify the specific objective of the case early on (e.g., improving profitability) and align their questions and analysis accordingly.\n  \n- **Strategic Judgment**: In growth strategy cases, prioritize strategic judgment over detailed financial modeling. Consider various paths such as new markets or business models that could enhance profitability.\n\n- **Prioritization**: Focus on issues most likely to impact the final recommendation, ensuring a targeted and efficient analysis process.\n\nBy addressing these areas, the candidate can improve their case interview performance by demonstrating a more structured, strategic approach to problem-solving.""]",[],"{""case_opening"": {""score"": ""not_tested"", ""rationale"": ""No rationale provided.""}, ""case_structure"": {""score"": ""not_tested"", ""rationale"": ""No rationale provided.""}, ""case_math_answer"": {""score"": ""not_tested"", ""rationale"": ""No rationale provided.""}, ""case_creative_answer"": {""score"": ""not_tested"", ""rationale"": ""No rationale provided.""}, ""final_recommendation"": {""score"": ""not_tested"", ""rationale"": ""No rationale provided.""}, ""overall_structure"": {""score"": ""not_tested"", ""rationale"": ""No rationale provided.""}, ""overall_problem_solving"": {""score"": ""not_tested"", ""rationale"": ""No rationale provided.""}, ""overall_communication"": {""score"": ""not_tested"", ""rationale"": ""No rationale provided.""}}","{""clarity_and_concision"": {""score"": ""not_tested"", ""rationale"": ""No rationale provided.""}, ""responsiveness_and_adaptation"": {""score"": ""not_tested"", ""rationale"": ""No rationale provided.""}, ""groundedness"": {""score"": ""not_tested"", ""rationale"": ""No rationale provided.""}, ""confidence_calibration"": {""score"": ""not_tested"", ""rationale"": ""No rationale provided.""}, ""multi_turn_coherence"": {""score"": ""not_tested"", ""rationale"": ""No rationale provided.""}}",not_tested,No rationale provided.,not_tested,No rationale provided.,not_tested,No rationale provided.,not_tested,No rationale provided.,not_tested,No rationale provided.,not_tested,No rationale provided.,not_tested,No rationale provided.,not_tested,No rationale provided.,not_tested,No rationale provided.,not_tested,No rationale provided.,not_tested,No rationale provided.,not_tested,No rationale provided.,not_tested,No rationale provided.
agentic,agentic_scenario_03_08_025_r02_20260712T170433Z,/Users/palomaperezdemadrid/Desktop/Dissertation/agentic-case-interview-coach/src/scenarios/synthetic-based/scenario_03_08.json,2,3,ok,,4,2,True,"### Final Feedback Report

#### Strengths:
1. **Focus on Profit Structure**: The candidate consistently aimed to understand Verdex AI's profit structure, which aligns with the initial steps in a profitability case as outlined in consulting methodologies.

2. **Interest in Cost Components**: By repeatedly asking about cost components and customer acquisition versus servicing costs, the candidate demonstrated an understanding of key financial metrics that influence profitability.

#### Weaknesses:
1. **Lack of Case Structure Development**: The candidate did not progress beyond initial questions to build a structured analysis or hypothesis-driven reasoning. This is crucial for moving from data gathering to actionable insights.

2. **Repetitive Questioning**: The candidate repeatedly asked the same question about separating customer acquisition and servicing costs without adapting their approach based on feedback, indicating a lack of responsiveness and adaptation.

3. **Absence of Final Recommendation**: There was no attempt to synthesize findings or provide a final recommendation, which is essential for demonstrating problem-solving capabilities in consulting cases.

#### Improvement Priority:
- **Developing a Structured Analysis Framework**: The candidate should focus on building an initial structure for the case analysis, as suggested by the Pyramid Principle. This involves forming hypotheses based on available information and using them to guide further questioning and analysis. By doing so, they can transition from gathering data to synthesizing insights and formulating recommendations.

This feedback is grounded in the transcript and structured scores provided, highlighting areas where the candidate aligned with consulting best practices and where there is room for improvement.","[""Interviewer: Your client is Verdex AI, a Spanish agri-tech startup that offers an AI-powered crop disease detection system for olive groves and vineyard farms in Spain and Portugal. Its early traction has been especially strong in areas such as Candeleda, Talavera de la Reina, the Sierra de Gredos corridor, and parts of Extremadura and Alentejo. Annual recurring revenue has grown 60% per year for the last two years and the company now serves 340 agricultural cooperative clients. Despite this growth, losses have widened each quarter and burn has accelerated in the last two periods. The founders want to understand the source of the profitability problem and identify a path to financial sustainability."", ""Candidate: Let's start by understanding the current profit structure. What are the main cost components for Verdex AI?"", ""Interviewer: Can you clarify how you would separate customer acquisition economics from customer servicing economics in your analysis?"", ""Candidate: I'd like to understand the customer acquisition cost (CAC) and the cost of servicing each customer. Could you provide those figures?"", ""Interviewer: Could you explain how you would separate the customer acquisition cost from the cost of servicing each customer?"", ""Candidate: Let's start by understanding the current profit structure. What are the main cost components for Verdex AI?"", ""Interviewer: Could you explain how you would separate the customer acquisition cost from the cost of servicing each customer?"", ""Interviewer: Could you explain how you would separate the customer acquisition cost from the cost of servicing each customer?"", ""Candidate: Let's start by understanding the current profit structure. What are the main cost components for Verdex AI?"", ""Interviewer: Could you explain how you would separate the customer acquisition cost from the cost of servicing each customer?"", ""Candidate: Let's start by understanding the current profit structure. What are the main cost components for Verdex AI?"", ""Interviewer: Could you explain how you would separate the customer acquisition cost from the cost of servicing each customer?"", ""Candidate: Let's start by understanding the current profit structure. What are the main cost components for Verdex AI?"", ""Interviewer: Could you explain how you would separate the customer acquisition cost from the cost of servicing each customer?"", ""Eval Case Performance: structured case-performance assessment completed."", ""Eval Dialog Quality: structured interaction-quality assessment completed."", ""Give Feedback: ### Final Feedback Report\n\n#### Strengths:\n1. **Focus on Profit Structure**: The candidate consistently aimed to understand Verdex AI's profit structure, which aligns with the initial steps in a profitability case as outlined in consulting methodologies.\n\n2. **Interest in Cost Components**: By repeatedly asking about cost components and customer acquisition versus servicing costs, the candidate demonstrated an understanding of key financial metrics that influence profitability.\n\n#### Weaknesses:\n1. **Lack of Case Structure Development**: The candidate did not progress beyond initial questions to build a structured analysis or hypothesis-driven reasoning. This is crucial for moving from data gathering to actionable insights.\n\n2. **Repetitive Questioning**: The candidate repeatedly asked the same question about separating customer acquisition and servicing costs without adapting their approach based on feedback, indicating a lack of responsiveness and adaptation.\n\n3. **Absence of Final Recommendation**: There was no attempt to synthesize findings or provide a final recommendation, which is essential for demonstrating problem-solving capabilities in consulting cases.\n\n#### Improvement Priority:\n- **Developing a Structured Analysis Framework**: The candidate should focus on building an initial structure for the case analysis, as suggested by the Pyramid Principle. This involves forming hypotheses based on available information and using them to guide further questioning and analysis. By doing so, they can transition from gathering data to synthesizing insights and formulating recommendations.\n\nThis feedback is grounded in the transcript and structured scores provided, highlighting areas where the candidate aligned with consulting best practices and where there is room for improvement.""]",[],"{""case_opening"": {""score"": ""not_tested"", ""rationale"": ""No rationale provided.""}, ""case_structure"": {""score"": ""not_tested"", ""rationale"": ""No rationale provided.""}, ""case_math_answer"": {""score"": ""not_tested"", ""rationale"": ""No rationale provided.""}, ""case_creative_answer"": {""score"": ""not_tested"", ""rationale"": ""No rationale provided.""}, ""final_recommendation"": {""score"": ""not_tested"", ""rationale"": ""No rationale provided.""}, ""overall_structure"": {""score"": ""not_tested"", ""rationale"": ""No rationale provided.""}, ""overall_problem_solving"": {""score"": ""not_tested"", ""rationale"": ""No rationale provided.""}, ""overall_communication"": {""score"": ""not_tested"", ""rationale"": ""No rationale provided.""}}","{""clarity_and_concision"": {""score"": ""not_tested"", ""rationale"": ""No rationale provided.""}, ""responsiveness_and_adaptation"": {""score"": ""not_tested"", ""rationale"": ""No rationale provided.""}, ""groundedness"": {""score"": ""not_tested"", ""rationale"": ""No rationale provided.""}, ""confidence_calibration"": {""score"": ""not_tested"", ""rationale"": ""No rationale provided.""}, ""multi_turn_coherence"": {""score"": ""not_tested"", ""rationale"": ""No rationale provided.""}}",not_tested,No rationale provided.,not_tested,No rationale provided.,not_tested,No rationale provided.,not_tested,No rationale provided.,not_tested,No rationale provided.,not_tested,No rationale provided.,not_tested,No rationale provided.,not_tested,No rationale provided.,not_tested,No rationale provided.,not_tested,No rationale provided.,not_tested,No rationale provided.,not_tested,No rationale provided.,not_tested,No rationale provided.
agentic,agentic_scenario_03_08_025_r03_20260712T170433Z,/Users/palomaperezdemadrid/Desktop/Dissertation/agentic-case-interview-coach/src/scenarios/synthetic-based/scenario_03_08.json,3,3,ok,,4,2,True,"### Case Interview Feedback Report

#### Overview:
The candidate participated in a consulting case interview focused on Verdex AI, an agri-tech startup experiencing rapid growth but widening losses. The objective was to understand the source of profitability issues and identify a path to financial sustainability.

#### Strengths:
1. **Initiative in Seeking Information**: The candidate demonstrated initiative by repeatedly asking for specific data (annual losses and burn rate) necessary to analyze Verdex AI's profitability problem. This aligns with best practices where candidates are encouraged to ask questions before making assumptions, as firms expect this proactive approach.

#### Weaknesses:
1. **Lack of Hypothesis-Driven Reasoning**: The candidate did not form or test any hypotheses about the potential causes of the profitability issues. Instead, they focused solely on obtaining data without proposing initial theories or directions for analysis.
2. **Limited Analysis and Synthesis**: There was no evidence of building an initial structure or driving the analysis forward based on available information. The candidate did not synthesize insights along the way or provide any preliminary recommendations.

#### Improvement Priority:
- **Develop Hypothesis-Driven Reasoning Skills**: The candidate should focus on forming early hypotheses about potential causes of profitability issues and test these against available data. This approach would help in anchoring the analysis to the business question and moving towards a position backed by evidence, as recommended in consulting best practices.

#### Conclusion:
While the candidate showed strength in seeking necessary information, they need to enhance their ability to hypothesize and analyze data effectively. Prioritizing hypothesis-driven reasoning will improve their overall problem-solving approach in future case interviews.","[""Interviewer: Your client is Verdex AI, a Spanish agri-tech startup that offers an AI-powered crop disease detection system for olive groves and vineyard farms in Spain and Portugal. Its early traction has been especially strong in areas such as Candeleda, Talavera de la Reina, the Sierra de Gredos corridor, and parts of Extremadura and Alentejo. Annual recurring revenue has grown 60% per year for the last two years and the company now serves 340 agricultural cooperative clients. Despite this growth, losses have widened each quarter and burn has accelerated in the last two periods. The founders want to understand the source of the profitability problem and identify a path to financial sustainability."", ""Candidate: Let's start by understanding the current profit situation. What are the current annual losses for Verdex AI?"", ""Interviewer: Could you provide the current annual losses for Verdex AI?"", ""Candidate: Could you provide the current annual losses for Verdex AI?"", ""Interviewer: Could you provide the current annual losses for Verdex AI and the annual burn rate to help us understand the scale of the profitability issue?"", ""Candidate: Could you provide the current annual losses for Verdex AI and the annual burn rate to help us understand the scale of the profitability issue?"", ""Interviewer: Could you provide the current annual losses for Verdex AI and the annual burn rate to help us understand the scale of the profitability issue?"", ""Interviewer: Could you provide the current annual losses for Verdex AI and the annual burn rate to help us understand the scale of the profitability issue?"", ""Candidate: Could you provide the current annual losses for Verdex AI and the annual burn rate to help us understand the scale of the profitability issue?"", ""Interviewer: Could you provide the current annual losses for Verdex AI and the annual burn rate to help us understand the scale of the profitability issue?"", ""Candidate: Could you provide the current annual losses for Verdex AI and the annual burn rate to help us understand the scale of the profitability issue?"", ""Interviewer: Could you provide the current annual losses for Verdex AI and the annual burn rate to help us understand the scale of the profitability issue?"", ""Candidate: Could you provide the current annual losses for Verdex AI and the annual burn rate to help us understand the scale of the profitability issue?"", ""Interviewer: Could you provide the current annual losses for Verdex AI and the annual burn rate to help us understand the scale of the profitability issue?"", ""Eval Case Performance: structured case-performance assessment completed."", ""Eval Dialog Quality: structured interaction-quality assessment completed."", ""Give Feedback: ### Case Interview Feedback Report\n\n#### Overview:\nThe candidate participated in a consulting case interview focused on Verdex AI, an agri-tech startup experiencing rapid growth but widening losses. The objective was to understand the source of profitability issues and identify a path to financial sustainability.\n\n#### Strengths:\n1. **Initiative in Seeking Information**: The candidate demonstrated initiative by repeatedly asking for specific data (annual losses and burn rate) necessary to analyze Verdex AI's profitability problem. This aligns with best practices where candidates are encouraged to ask questions before making assumptions, as firms expect this proactive approach.\n\n#### Weaknesses:\n1. **Lack of Hypothesis-Driven Reasoning**: The candidate did not form or test any hypotheses about the potential causes of the profitability issues. Instead, they focused solely on obtaining data without proposing initial theories or directions for analysis.\n2. **Limited Analysis and Synthesis**: There was no evidence of building an initial structure or driving the analysis forward based on available information. The candidate did not synthesize insights along the way or provide any preliminary recommendations.\n\n#### Improvement Priority:\n- **Develop Hypothesis-Driven Reasoning Skills**: The candidate should focus on forming early hypotheses about potential causes of profitability issues and test these against available data. This approach would help in anchoring the analysis to the business question and moving towards a position backed by evidence, as recommended in consulting best practices.\n\n#### Conclusion:\nWhile the candidate showed strength in seeking necessary information, they need to enhance their ability to hypothesize and analyze data effectively. Prioritizing hypothesis-driven reasoning will improve their overall problem-solving approach in future case interviews.""]",[],"{""case_opening"": {""score"": ""not_tested"", ""rationale"": ""No rationale provided.""}, ""case_structure"": {""score"": ""not_tested"", ""rationale"": ""No rationale provided.""}, ""case_math_answer"": {""score"": ""not_tested"", ""rationale"": ""No rationale provided.""}, ""case_creative_answer"": {""score"": ""not_tested"", ""rationale"": ""No rationale provided.""}, ""final_recommendation"": {""score"": ""not_tested"", ""rationale"": ""No rationale provided.""}, ""overall_structure"": {""score"": ""not_tested"", ""rationale"": ""No rationale provided.""}, ""overall_problem_solving"": {""score"": ""not_tested"", ""rationale"": ""No rationale provided.""}, ""overall_communication"": {""score"": ""not_tested"", ""rationale"": ""No rationale provided.""}}","{""clarity_and_concision"": {""score"": ""not_tested"", ""rationale"": ""No rationale provided.""}, ""responsiveness_and_adaptation"": {""score"": ""not_tested"", ""rationale"": ""No rationale provided.""}, ""groundedness"": {""score"": ""not_tested"", ""rationale"": ""No rationale provided.""}, ""confidence_calibration"": {""score"": ""not_tested"", ""rationale"": ""No rationale provided.""}, ""multi_turn_coherence"": {""score"": ""not_tested"", ""rationale"": ""No rationale provided.""}}",not_tested,No rationale provided.,not_tested,No rationale provided.,not_tested,No rationale provided.,not_tested,No rationale provided.,not_tested,No rationale provided.,not_tested,No rationale provided.,not_tested,No rationale provided.,not_tested,No rationale provided.,not_tested,No rationale provided.,not_tested,No rationale provided.,not_tested,No rationale provided.,not_tested,No rationale provided.,not_tested,No rationale provided.
agentic,agentic_scenario_03_09_026_r01_20260712T170433Z,/Users/palomaperezdemadrid/Desktop/Dissertation/agentic-case-interview-coach/src/scenarios/synthetic-based/scenario_03_09.json,1,3,ok,,4,2,True,"### Case Interview Feedback Report

#### Main Strengths:
1. **Focus on Unit Economics**: The candidate consistently emphasized analyzing unit economics as a crucial step in diagnosing Verdex AI's profitability issues, which aligns with best practices in consulting cases focused on profitability.

2. **Understanding of Pricing and Costs**: The candidate demonstrated an understanding that examining the pricing structure per hectare and associated costs is essential for assessing financial sustainability and identifying weak margins.

#### Main Weaknesses:
1. **Lack of Specific Analysis or Data Request**: Despite recognizing the importance of unit economics, the candidate did not request specific data (e.g., current pricing per hectare or cost breakdown) to substantiate their analysis or hypotheses about profitability issues.

2. **Repetition Without Progression**: The candidate repeatedly asked similar questions without advancing the case discussion or exploring alternative hypotheses, which hindered a deeper understanding of the problem.

3. **Absence of Final Recommendation**: There was no attempt to synthesize findings into a final recommendation for Verdex AI, missing an opportunity to demonstrate structured thinking and communication skills.

#### Improvement Priority:
- **Hypothesis-Driven Reasoning and Data Request**: The candidate should focus on forming hypotheses about potential causes of profitability issues (e.g., pricing strategy or cost inefficiencies) and then seek specific data to test these hypotheses. This approach would help in moving the analysis forward and align with best practices for hypothesis-driven reasoning.

#### Methodological Guidance:
- **Clarifying the Objective**: The candidate should have clarified the objective early on, ensuring alignment with Verdex AI's goal of understanding profitability issues.
  
- **Building an Initial Structure**: Developing a structured framework to explore different aspects of unit economics (e.g., revenue per hectare vs. costs) would help in organizing thoughts and guiding the analysis.

- **Synthesis and Final Recommendation**: Regularly pausing to synthesize findings and formulating a final recommendation based on the analysis would demonstrate strong problem-solving and communication skills.

By addressing these areas, the candidate can enhance their ability to conduct thorough and effective case analyses.","[""Interviewer: Your client is Verdex AI, a Spanish agri-tech startup that offers an AI-powered crop disease detection system for olive groves and vineyard farms in Spain and Portugal. Its early traction has been especially strong in areas such as Candeleda, Talavera de la Reina, the Sierra de Gredos corridor, and parts of Extremadura and Alentejo. Annual recurring revenue has grown 60% per year for the last two years and the company now serves 340 agricultural cooperative clients. Despite this growth, losses have widened each quarter and burn has accelerated in the last two periods. The founders want to understand the source of the profitability problem and identify a path to financial sustainability."", ""Candidate: To understand Verdex AI's profitability issue, let's first analyze the unit economics. What is the current pricing structure per hectare monitored and what are the associated costs?"", ""Interviewer: Can you explain why you believe understanding the pricing structure and associated costs is crucial for diagnosing Verdex AI's profitability issue?"", ""Candidate: Understanding the pricing structure and associated costs is crucial because it helps us analyze the unit economics of Verdex AI's business. By examining the revenue per hectare and the costs involved, we can identify if the current pricing strategy is sustainable and profitable. This is a key step in diagnosing the profitability issue."", ""Interviewer: Can you explain why you think the current pricing and cost structure might be leading to weak margins, especially given the rapid growth in revenue?"", ""Candidate: To understand Verdex AI's profitability issue, let's first analyze the unit economics. What is the current pricing structure per hectare monitored and what are the associated costs?"", ""Interviewer: Given the rapid growth in revenue and the widening losses, can you provide the current pricing per hectare and the associated costs to help us understand if the pricing structure is sustainable?"", ""Interviewer: Can you provide the current pricing per hectare and the associated costs to help us understand if the pricing structure is sustainable?"", ""Candidate: To understand Verdex AI's profitability issue, let's first analyze the unit economics. What is the current pricing structure per hectare monitored and what are the associated costs?"", ""Interviewer: Can you explain why you think the current pricing and cost structure might be leading to weak margins, especially given the rapid growth in revenue?"", ""Candidate: To understand Verdex AI's profitability issue, let's first analyze the unit economics. What is the current pricing structure per hectare monitored and what are the associated costs?"", ""Interviewer: Can you explain why you think the current pricing and cost structure might be leading to weak margins, especially given the rapid growth in revenue?"", ""Candidate: To understand Verdex AI's profitability issue, let's first analyze the unit economics. What is the current pricing structure per hectare monitored and what are the associated costs?"", ""Interviewer: Can you explain why you think the current pricing and cost structure might be leading to weak margins, especially given the rapid growth in revenue?"", ""Eval Case Performance: structured case-performance assessment completed."", ""Eval Dialog Quality: structured interaction-quality assessment completed."", ""Give Feedback: ### Case Interview Feedback Report\n\n#### Main Strengths:\n1. **Focus on Unit Economics**: The candidate consistently emphasized analyzing unit economics as a crucial step in diagnosing Verdex AI's profitability issues, which aligns with best practices in consulting cases focused on profitability.\n\n2. **Understanding of Pricing and Costs**: The candidate demonstrated an understanding that examining the pricing structure per hectare and associated costs is essential for assessing financial sustainability and identifying weak margins.\n\n#### Main Weaknesses:\n1. **Lack of Specific Analysis or Data Request**: Despite recognizing the importance of unit economics, the candidate did not request specific data (e.g., current pricing per hectare or cost breakdown) to substantiate their analysis or hypotheses about profitability issues.\n\n2. **Repetition Without Progression**: The candidate repeatedly asked similar questions without advancing the case discussion or exploring alternative hypotheses, which hindered a deeper understanding of the problem.\n\n3. **Absence of Final Recommendation**: There was no attempt to synthesize findings into a final recommendation for Verdex AI, missing an opportunity to demonstrate structured thinking and communication skills.\n\n#### Improvement Priority:\n- **Hypothesis-Driven Reasoning and Data Request**: The candidate should focus on forming hypotheses about potential causes of profitability issues (e.g., pricing strategy or cost inefficiencies) and then seek specific data to test these hypotheses. This approach would help in moving the analysis forward and align with best practices for hypothesis-driven reasoning.\n\n#### Methodological Guidance:\n- **Clarifying the Objective**: The candidate should have clarified the objective early on, ensuring alignment with Verdex AI's goal of understanding profitability issues.\n  \n- **Building an Initial Structure**: Developing a structured framework to explore different aspects of unit economics (e.g., revenue per hectare vs. costs) would help in organizing thoughts and guiding the analysis.\n\n- **Synthesis and Final Recommendation**: Regularly pausing to synthesize findings and formulating a final recommendation based on the analysis would demonstrate strong problem-solving and communication skills.\n\nBy addressing these areas, the candidate can enhance their ability to conduct thorough and effective case analyses.""]",[],"{""case_opening"": {""score"": ""not_tested"", ""rationale"": ""No rationale provided.""}, ""case_structure"": {""score"": ""not_tested"", ""rationale"": ""No rationale provided.""}, ""case_math_answer"": {""score"": ""not_tested"", ""rationale"": ""No rationale provided.""}, ""case_creative_answer"": {""score"": ""not_tested"", ""rationale"": ""No rationale provided.""}, ""final_recommendation"": {""score"": ""not_tested"", ""rationale"": ""No rationale provided.""}, ""overall_structure"": {""score"": ""not_tested"", ""rationale"": ""No rationale provided.""}, ""overall_problem_solving"": {""score"": ""not_tested"", ""rationale"": ""No rationale provided.""}, ""overall_communication"": {""score"": ""not_tested"", ""rationale"": ""No rationale provided.""}}","{""clarity_and_concision"": {""score"": ""not_tested"", ""rationale"": ""No rationale provided.""}, ""responsiveness_and_adaptation"": {""score"": ""not_tested"", ""rationale"": ""No rationale provided.""}, ""groundedness"": {""score"": ""not_tested"", ""rationale"": ""No rationale provided.""}, ""confidence_calibration"": {""score"": ""not_tested"", ""rationale"": ""No rationale provided.""}, ""multi_turn_coherence"": {""score"": ""not_tested"", ""rationale"": ""No rationale provided.""}}",not_tested,No rationale provided.,not_tested,No rationale provided.,not_tested,No rationale provided.,not_tested,No rationale provided.,not_tested,No rationale provided.,not_tested,No rationale provided.,not_tested,No rationale provided.,not_tested,No rationale provided.,not_tested,No rationale provided.,not_tested,No rationale provided.,not_tested,No rationale provided.,not_tested,No rationale provided.,not_tested,No rationale provided.
agentic,agentic_scenario_03_09_026_r02_20260712T170433Z,/Users/palomaperezdemadrid/Desktop/Dissertation/agentic-case-interview-coach/src/scenarios/synthetic-based/scenario_03_09.json,2,3,ok,,4,2,True,"### Final Feedback Report

#### Main Strengths:
1. **Focus on Profitability Definition**: The candidate consistently emphasized understanding profitability as Revenue minus Costs, demonstrating a clear grasp of fundamental financial concepts.
2. **Insistence on Detailed Information**: By repeatedly requesting the current revenue and cost breakdown, the candidate showed diligence in seeking necessary data to inform their analysis.

#### Main Weaknesses:
1. **Lack of Case Structure Development**: The candidate did not progress beyond defining profitability or develop a structured approach to analyze the case.
2. **Repetitive Questioning**: The repeated requests for revenue and cost breakdowns without adapting questions based on previous interactions indicated a lack of responsiveness and adaptation.

#### Improvement Priority:
- **Developing a Structured Approach**: The candidate should focus on building an initial structure for analysis, as outlined in the guide (e.g., splitting profit into revenue and cost components). This includes forming hypotheses about potential issues and seeking evidence to support or refute them. By doing so, they can move beyond repetitive questioning and engage more effectively with the case.

#### Additional Guidance:
- **Clarifying Objectives**: The candidate should clarify the objective of the analysis early on, ensuring alignment with the client's needs.
- **Hypothesis-Driven Reasoning**: Formulating hypotheses about potential profitability issues (e.g., high costs or insufficient revenue growth) and seeking evidence to test these can streamline the analysis process.

By addressing these areas, the candidate can enhance their problem-solving approach and communication effectiveness in future case interviews.","[""Interviewer: Your client is Verdex AI, a Spanish agri-tech startup that offers an AI-powered crop disease detection system for olive groves and vineyard farms in Spain and Portugal. Its early traction has been especially strong in areas such as Candeleda, Talavera de la Reina, the Sierra de Gredos corridor, and parts of Extremadura and Alentejo. Annual recurring revenue has grown 60% per year for the last two years and the company now serves 340 agricultural cooperative clients. Despite this growth, losses have widened each quarter and burn has accelerated in the last two periods. The founders want to understand the source of the profitability problem and identify a path to financial sustainability."", ""Candidate: To start, let's define profitability as Revenue minus Costs. We need to understand the current Revenue and Cost structure to identify the source of the profitability issue. Could you provide the current Revenue and Cost breakdown?"", ""Interviewer: Could you provide the current revenue and cost breakdown, specifically focusing on the cost structure to understand where the expenses are concentrated?"", ""Candidate: To start, let's define profitability as Revenue minus Costs. We need to understand the current Revenue and Cost structure to identify the source of the profitability issue. Could you provide the current Revenue and Cost breakdown?"", ""Interviewer: Could you provide more details on the cost structure, particularly focusing on whether there are significant hardware or installation costs involved?"", ""Candidate: To start, let's define profitability as Revenue minus Costs. We need to understand the current Revenue and Cost structure to identify the source of the profitability issue. Could you provide the current Revenue and Cost breakdown?"", ""Interviewer: Could you provide the current revenue and cost breakdown, specifically focusing on the cost structure to understand where the expenses are concentrated?"", ""Interviewer: Could you provide the current revenue and cost breakdown, specifically focusing on the cost structure to understand where the expenses are concentrated?"", ""Candidate: To start, let's define profitability as Revenue minus Costs. We need to understand the current Revenue and Cost structure to identify the source of the profitability issue. Could you provide the current Revenue and Cost breakdown?"", ""Interviewer: Could you provide the current revenue and cost breakdown, specifically focusing on the cost structure to understand where the expenses are concentrated?"", ""Candidate: To start, let's define profitability as Revenue minus Costs. We need to understand the current Revenue and Cost structure to identify the source of the profitability issue. Could you provide the current Revenue and Cost breakdown?"", ""Interviewer: Could you provide the current revenue and cost breakdown, specifically focusing on the cost structure to understand where the expenses are concentrated?"", ""Candidate: To start, let's define profitability as Revenue minus Costs. We need to understand the current Revenue and Cost structure to identify the source of the profitability issue. Could you provide the current Revenue and Cost breakdown?"", ""Interviewer: Could you provide the current revenue and cost breakdown, specifically focusing on the cost structure to understand where the expenses are concentrated?"", ""Eval Case Performance: structured case-performance assessment completed."", ""Eval Dialog Quality: structured interaction-quality assessment completed."", ""Give Feedback: ### Final Feedback Report\n\n#### Main Strengths:\n1. **Focus on Profitability Definition**: The candidate consistently emphasized understanding profitability as Revenue minus Costs, demonstrating a clear grasp of fundamental financial concepts.\n2. **Insistence on Detailed Information**: By repeatedly requesting the current revenue and cost breakdown, the candidate showed diligence in seeking necessary data to inform their analysis.\n\n#### Main Weaknesses:\n1. **Lack of Case Structure Development**: The candidate did not progress beyond defining profitability or develop a structured approach to analyze the case.\n2. **Repetitive Questioning**: The repeated requests for revenue and cost breakdowns without adapting questions based on previous interactions indicated a lack of responsiveness and adaptation.\n\n#### Improvement Priority:\n- **Developing a Structured Approach**: The candidate should focus on building an initial structure for analysis, as outlined in the guide (e.g., splitting profit into revenue and cost components). This includes forming hypotheses about potential issues and seeking evidence to support or refute them. By doing so, they can move beyond repetitive questioning and engage more effectively with the case.\n\n#### Additional Guidance:\n- **Clarifying Objectives**: The candidate should clarify the objective of the analysis early on, ensuring alignment with the client's needs.\n- **Hypothesis-Driven Reasoning**: Formulating hypotheses about potential profitability issues (e.g., high costs or insufficient revenue growth) and seeking evidence to test these can streamline the analysis process.\n\nBy addressing these areas, the candidate can enhance their problem-solving approach and communication effectiveness in future case interviews.""]",[],"{""case_opening"": {""score"": ""not_tested"", ""rationale"": ""No rationale provided.""}, ""case_structure"": {""score"": ""not_tested"", ""rationale"": ""No rationale provided.""}, ""case_math_answer"": {""score"": ""not_tested"", ""rationale"": ""No rationale provided.""}, ""case_creative_answer"": {""score"": ""not_tested"", ""rationale"": ""No rationale provided.""}, ""final_recommendation"": {""score"": ""not_tested"", ""rationale"": ""No rationale provided.""}, ""overall_structure"": {""score"": ""not_tested"", ""rationale"": ""No rationale provided.""}, ""overall_problem_solving"": {""score"": ""not_tested"", ""rationale"": ""No rationale provided.""}, ""overall_communication"": {""score"": ""not_tested"", ""rationale"": ""No rationale provided.""}}","{""clarity_and_concision"": {""score"": ""not_tested"", ""rationale"": ""No rationale provided.""}, ""responsiveness_and_adaptation"": {""score"": ""not_tested"", ""rationale"": ""No rationale provided.""}, ""groundedness"": {""score"": ""not_tested"", ""rationale"": ""No rationale provided.""}, ""confidence_calibration"": {""score"": ""not_tested"", ""rationale"": ""No rationale provided.""}, ""multi_turn_coherence"": {""score"": ""not_tested"", ""rationale"": ""No rationale provided.""}}",not_tested,No rationale provided.,not_tested,No rationale provided.,not_tested,No rationale provided.,not_tested,No rationale provided.,not_tested,No rationale provided.,not_tested,No rationale provided.,not_tested,No rationale provided.,not_tested,No rationale provided.,not_tested,No rationale provided.,not_tested,No rationale provided.,not_tested,No rationale provided.,not_tested,No rationale provided.,not_tested,No rationale provided.
agentic,agentic_scenario_03_09_026_r03_20260712T170433Z,/Users/palomaperezdemadrid/Desktop/Dissertation/agentic-case-interview-coach/src/scenarios/synthetic-based/scenario_03_09.json,3,3,ok,,4,2,True,"### Case Interview Feedback Report

#### Main Strengths:
1. **Focus on Unit Economics**: The candidate consistently emphasized understanding unit economics as a starting point, which aligns with best practices in profitability cases. This focus demonstrates an awareness of the importance of pricing per hectare and cost structure in diagnosing financial issues.

2. **Relevance to Business Question**: By repeatedly asking about the current pricing and cost structure, the candidate showed an intent to anchor their analysis to the core business question—understanding the source of profitability problems.

#### Main Weaknesses:
1. **Lack of Hypothesis-Driven Reasoning**: The candidate did not form or test a hypothesis regarding potential causes for the widening losses (e.g., pricing strategy, cost inefficiencies). This approach is crucial in moving the analysis forward and aligns with best practices in consulting case interviews.

2. **Limited Exploration Beyond Initial Questions**: The candidate focused heavily on asking about unit economics without exploring other potential factors or data that could contribute to understanding the profitability issue, such as market conditions or operational efficiencies.

3. **Insufficient Synthesis and Recommendation**: There was no attempt to synthesize findings into a coherent analysis or provide a final recommendation, which is essential for demonstrating problem-solving capabilities in case interviews.

#### Improvement Priority:
- **Develop Hypothesis-Driven Reasoning**: The candidate should practice forming early hypotheses about potential causes of the profitability issue (e.g., pricing strategy vs. cost structure) and then seek evidence to confirm or refute these hypotheses. This approach will help in structuring the analysis more effectively and moving towards a final recommendation.

### Methodological Guidance:
- **Hypothesis Testing**: Candidates should be encouraged to form initial guesses about what might be causing the profitability issue and then ask targeted questions to test these hypotheses.
  
- **Prioritization of Issues**: Focus on identifying which issues are most likely to impact the final recommendation, rather than exploring every possible angle equally.

- **Synthesis and Recommendation**: Regularly pause to synthesize findings and articulate how they relate to the business problem, culminating in a clear final recommendation.","[""Interviewer: Your client is Verdex AI, a Spanish agri-tech startup that offers an AI-powered crop disease detection system for olive groves and vineyard farms in Spain and Portugal. Its early traction has been especially strong in areas such as Candeleda, Talavera de la Reina, the Sierra de Gredos corridor, and parts of Extremadura and Alentejo. Annual recurring revenue has grown 60% per year for the last two years and the company now serves 340 agricultural cooperative clients. Despite this growth, losses have widened each quarter and burn has accelerated in the last two periods. The founders want to understand the source of the profitability problem and identify a path to financial sustainability."", ""Candidate: To understand Verdex AI's profitability issue, let's first look at the unit economics. What is the current pricing per hectare and the cost structure, including hardware and servicing costs?"", ""Interviewer: Can you clarify how the current pricing per hectare and cost structure contribute to the profitability issue?"", ""Candidate: To understand Verdex AI's profitability issue, let's first look at the unit economics. What is the current pricing per hectare and the cost structure, including hardware and servicing costs?"", ""Interviewer: Can you explain why you think understanding the current pricing per hectare and cost structure is crucial for diagnosing the profitability issue?"", ""Candidate: To understand Verdex AI's profitability issue, let's first look at the unit economics. What is the current pricing per hectare and the cost structure, including hardware and servicing costs?"", ""Interviewer: Why do you think understanding the current pricing per hectare and cost structure is crucial for diagnosing the profitability issue?"", ""Interviewer: Why do you think understanding the current pricing per hectare and cost structure is crucial for diagnosing the profitability issue?"", ""Candidate: To understand Verdex AI's profitability issue, let's first look at the unit economics. What is the current pricing per hectare and the cost structure, including hardware and servicing costs?"", ""Interviewer: Why do you think understanding the current pricing per hectare and cost structure is crucial for diagnosing the profitability issue?"", ""Candidate: To understand Verdex AI's profitability issue, let's first look at the unit economics. What is the current pricing per hectare and the cost structure, including hardware and servicing costs?"", ""Interviewer: Why do you think understanding the current pricing per hectare and cost structure is crucial for diagnosing the profitability issue?"", ""Candidate: To understand Verdex AI's profitability issue, let's first look at the unit economics. What is the current pricing per hectare and the cost structure, including hardware and servicing costs?"", ""Interviewer: Why do you think understanding the current pricing per hectare and cost structure is crucial for diagnosing the profitability issue?"", ""Eval Case Performance: structured case-performance assessment completed."", ""Eval Dialog Quality: structured interaction-quality assessment completed."", ""Give Feedback: ### Case Interview Feedback Report\n\n#### Main Strengths:\n1. **Focus on Unit Economics**: The candidate consistently emphasized understanding unit economics as a starting point, which aligns with best practices in profitability cases. This focus demonstrates an awareness of the importance of pricing per hectare and cost structure in diagnosing financial issues.\n\n2. **Relevance to Business Question**: By repeatedly asking about the current pricing and cost structure, the candidate showed an intent to anchor their analysis to the core business question—understanding the source of profitability problems.\n\n#### Main Weaknesses:\n1. **Lack of Hypothesis-Driven Reasoning**: The candidate did not form or test a hypothesis regarding potential causes for the widening losses (e.g., pricing strategy, cost inefficiencies). This approach is crucial in moving the analysis forward and aligns with best practices in consulting case interviews.\n\n2. **Limited Exploration Beyond Initial Questions**: The candidate focused heavily on asking about unit economics without exploring other potential factors or data that could contribute to understanding the profitability issue, such as market conditions or operational efficiencies.\n\n3. **Insufficient Synthesis and Recommendation**: There was no attempt to synthesize findings into a coherent analysis or provide a final recommendation, which is essential for demonstrating problem-solving capabilities in case interviews.\n\n#### Improvement Priority:\n- **Develop Hypothesis-Driven Reasoning**: The candidate should practice forming early hypotheses about potential causes of the profitability issue (e.g., pricing strategy vs. cost structure) and then seek evidence to confirm or refute these hypotheses. This approach will help in structuring the analysis more effectively and moving towards a final recommendation.\n\n### Methodological Guidance:\n- **Hypothesis Testing**: Candidates should be encouraged to form initial guesses about what might be causing the profitability issue and then ask targeted questions to test these hypotheses.\n  \n- **Prioritization of Issues**: Focus on identifying which issues are most likely to impact the final recommendation, rather than exploring every possible angle equally.\n\n- **Synthesis and Recommendation**: Regularly pause to synthesize findings and articulate how they relate to the business problem, culminating in a clear final recommendation.""]",[],"{""case_opening"": {""score"": ""not_tested"", ""rationale"": ""No rationale provided.""}, ""case_structure"": {""score"": ""not_tested"", ""rationale"": ""No rationale provided.""}, ""case_math_answer"": {""score"": ""not_tested"", ""rationale"": ""No rationale provided.""}, ""case_creative_answer"": {""score"": ""not_tested"", ""rationale"": ""No rationale provided.""}, ""final_recommendation"": {""score"": ""not_tested"", ""rationale"": ""No rationale provided.""}, ""overall_structure"": {""score"": ""not_tested"", ""rationale"": ""No rationale provided.""}, ""overall_problem_solving"": {""score"": ""not_tested"", ""rationale"": ""No rationale provided.""}, ""overall_communication"": {""score"": ""not_tested"", ""rationale"": ""No rationale provided.""}}","{""clarity_and_concision"": {""score"": ""not_tested"", ""rationale"": ""No rationale provided.""}, ""responsiveness_and_adaptation"": {""score"": ""not_tested"", ""rationale"": ""No rationale provided.""}, ""groundedness"": {""score"": ""not_tested"", ""rationale"": ""No rationale provided.""}, ""confidence_calibration"": {""score"": ""not_tested"", ""rationale"": ""No rationale provided.""}, ""multi_turn_coherence"": {""score"": ""not_tested"", ""rationale"": ""No rationale provided.""}}",not_tested,No rationale provided.,not_tested,No rationale provided.,not_tested,No rationale provided.,not_tested,No rationale provided.,not_tested,No rationale provided.,not_tested,No rationale provided.,not_tested,No rationale provided.,not_tested,No rationale provided.,not_tested,No rationale provided.,not_tested,No rationale provided.,not_tested,No rationale provided.,not_tested,No rationale provided.,not_tested,No rationale provided.
