Starting experiment batch 'exp3.2'
Running make run-all (RUNNER=hpc, LABEL=exp3.2, N=4)...
/software/conda/ppdm1/conda/bin/conda run -n coach --no-capture-output python run_all_scenarios.py --graph both --repeat 4 --label "exp3.2"
[agentic] 1/104 scenario_01_01 (repeat 1/4)
2026-07-31 11:16:14.221 | ERROR    | fastembed.common.model_management:download_model:446 - Could not download model from HuggingFace: 401 Client Error. (Request ID: Root=1-6a6c75ee-0bca25b053b01b2950a111f3;f33846e7-3f7f-41d6-9bff-79ce7fc8fc18)

Repository Not Found for url: https://huggingface.co/api/models/qdrant/bge-small-en-v1.5-onnx-q.
Please make sure you specified the correct `repo_id` and `repo_type`.
If you are trying to access a private or gated repo, make sure you are authenticated and your token has the required permissions.
For more details, see https://huggingface.co/docs/huggingface_hub/authentication
OAuth token signature verification failed: signature verification failed Falling back to other sources.
2026-07-31 11:16:14.221 | ERROR    | fastembed.common.model_management:download_model:469 - Could not download model from either source, sleeping for 3.0 seconds, 2 retries left.
2026-07-31 11:16:17.317 | ERROR    | fastembed.common.model_management:download_model:446 - Could not download model from HuggingFace: 401 Client Error. (Request ID: Root=1-6a6c75f1-694730180b7f39ec76fada94;9c027f07-b370-4a32-bda1-ac0abc6d8893)

Repository Not Found for url: https://huggingface.co/api/models/qdrant/bge-small-en-v1.5-onnx-q.
Please make sure you specified the correct `repo_id` and `repo_type`.
If you are trying to access a private or gated repo, make sure you are authenticated and your token has the required permissions.
For more details, see https://huggingface.co/docs/huggingface_hub/authentication
OAuth token signature verification failed: signature verification failed Falling back to other sources.
2026-07-31 11:16:17.317 | ERROR    | fastembed.common.model_management:download_model:469 - Could not download model from either source, sleeping for 9.0 seconds, 1 retries left.
2026-07-31 11:16:26.434 | ERROR    | fastembed.common.model_management:download_model:446 - Could not download model from HuggingFace: 401 Client Error. (Request ID: Root=1-6a6c75fa-611e6bae4316841c2d0a1c7d;6d7f679a-95c3-4fdf-910c-0593a14a2221)

Repository Not Found for url: https://huggingface.co/api/models/qdrant/bge-small-en-v1.5-onnx-q.
Please make sure you specified the correct `repo_id` and `repo_type`.
If you are trying to access a private or gated repo, make sure you are authenticated and your token has the required permissions.
For more details, see https://huggingface.co/docs/huggingface_hub/authentication
OAuth token signature verification failed: signature verification failed Falling back to other sources.
2026-07-31 11:16:26.434 | ERROR    | fastembed.common.model_management:download_model:469 - Could not download model from either source, sleeping for 27.0 seconds, 0 retries left.
Calling Candidate server...
Structured call to Candidate server failed (Error code: 400 - {'error': {'message': 'Provider returned error', 'code': 400, 'metadata': {'raw': '{"error": {"message": "{\\"error\\":{\\"message\\":\\"Conversation roles must alternate user/assistant/user/assistant/...\\",\\"type\\":\\"BadRequestError\\",\\"param\\":null,\\"code\\":400}}", "type": "invalid_request_error", "param": null, "code": 400}}', 'provider_name': 'NextBit', 'is_byok': False, 'provider_error_code': '400'}}, 'user_id': 'user_3GJo0fkBfUnouJ6Q4PCHo7kXw4J'}); retrying unconstrained.
Calling Interviewer server...
Calling Candidate server...
Structured call to Candidate server failed (Error code: 400 - {'error': {'message': 'Provider returned error', 'code': 400, 'metadata': {'raw': '{"error": {"message": "{\\"error\\":{\\"message\\":\\"Conversation roles must alternate user/assistant/user/assistant/...\\",\\"type\\":\\"BadRequestError\\",\\"param\\":null,\\"code\\":400}}", "type": "invalid_request_error", "param": null, "code": 400}}', 'provider_name': 'NextBit', 'is_byok': False, 'provider_error_code': '400'}}, 'user_id': 'user_3GJo0fkBfUnouJ6Q4PCHo7kXw4J'}); retrying unconstrained.
Calling Interviewer server...
Calling Candidate server...
Structured call to Candidate server failed (Error code: 400 - {'error': {'message': 'Provider returned error', 'code': 400, 'metadata': {'raw': '{"error": {"message": "{\\"error\\":{\\"message\\":\\"Conversation roles must alternate user/assistant/user/assistant/...\\",\\"type\\":\\"BadRequestError\\",\\"param\\":null,\\"code\\":400}}", "type": "invalid_request_error", "param": null, "code": 400}}', 'provider_name': 'NextBit', 'is_byok': False, 'provider_error_code': '400'}}, 'user_id': 'user_3GJo0fkBfUnouJ6Q4PCHo7kXw4J'}); retrying unconstrained.
Calling Interviewer server...
Calling Candidate server...
Structured call to Candidate server failed (Error code: 400 - {'error': {'message': 'Provider returned error', 'code': 400, 'metadata': {'raw': '{"error": {"message": "{\\"error\\":{\\"message\\":\\"Conversation roles must alternate user/assistant/user/assistant/...\\",\\"type\\":\\"BadRequestError\\",\\"param\\":null,\\"code\\":400}}", "type": "invalid_request_error", "param": null, "code": 400}}', 'provider_name': 'NextBit', 'is_byok': False, 'provider_error_code': '400'}}, 'user_id': 'user_3GJo0fkBfUnouJ6Q4PCHo7kXw4J'}); retrying unconstrained.
Calling Judge Case Guide Scout server...
Calling Judge server...
Calling Interviewer server...
Calling Candidate server...
Structured call to Candidate server failed (Error code: 400 - {'error': {'message': 'Provider returned error', 'code': 400, 'metadata': {'raw': '{"error": {"message": "{\\"error\\":{\\"message\\":\\"Conversation roles must alternate user/assistant/user/assistant/...\\",\\"type\\":\\"BadRequestError\\",\\"param\\":null,\\"code\\":400}}", "type": "invalid_request_error", "param": null, "code": 400}}', 'provider_name': 'NextBit', 'is_byok': False, 'provider_error_code': '400'}}, 'user_id': 'user_3GJo0fkBfUnouJ6Q4PCHo7kXw4J'}); retrying unconstrained.
Calling Interviewer server...
Calling Candidate server...
Structured call to Candidate server failed (Error code: 400 - {'error': {'message': 'Provider returned error', 'code': 400, 'metadata': {'raw': '{"error": {"message": "{\\"error\\":{\\"message\\":\\"Conversation roles must alternate user/assistant/user/assistant/...\\",\\"type\\":\\"BadRequestError\\",\\"param\\":null,\\"code\\":400}}", "type": "invalid_request_error", "param": null, "code": 400}}', 'provider_name': 'NextBit', 'is_byok': False, 'provider_error_code': '400'}}, 'user_id': 'user_3GJo0fkBfUnouJ6Q4PCHo7kXw4J'}); retrying unconstrained.
Calling Interviewer server...
Calling Candidate server...
Structured call to Candidate server failed (Error code: 400 - {'error': {'message': 'Provider returned error', 'code': 400, 'metadata': {'raw': '{"error": {"message": "{\\"error\\":{\\"message\\":\\"Conversation roles must alternate user/assistant/user/assistant/...\\",\\"type\\":\\"BadRequestError\\",\\"param\\":null,\\"code\\":400}}", "type": "invalid_request_error", "param": null, "code": 400}}', 'provider_name': 'NextBit', 'is_byok': False, 'provider_error_code': '400'}}, 'user_id': 'user_3GJo0fkBfUnouJ6Q4PCHo7kXw4J'}); retrying unconstrained.
Calling Interviewer server...
Calling Candidate server...
Structured call to Candidate server failed (Error code: 400 - {'error': {'message': 'Provider returned error', 'code': 400, 'metadata': {'raw': '{"error": {"message": "{\\"error\\":{\\"message\\":\\"Conversation roles must alternate user/assistant/user/assistant/...\\",\\"type\\":\\"BadRequestError\\",\\"param\\":null,\\"code\\":400}}", "type": "invalid_request_error", "param": null, "code": 400}}', 'provider_name': 'NextBit', 'is_byok': False, 'provider_error_code': '400'}}, 'user_id': 'user_3GJo0fkBfUnouJ6Q4PCHo7kXw4J'}); retrying unconstrained.
Calling Judge Case Guide Scout server...
Calling Judge server...
Calling Eval Dialog Quality Case Guide Scout server...
Calling Eval Case Performance Scout server...
Calling Eval Dialog Quality server...
[agentic] 2/104 scenario_01_01 (repeat 2/4)
2026-07-31 11:18:39.921 | ERROR    | fastembed.common.model_management:download_model:446 - Could not download model from HuggingFace: 401 Client Error. (Request ID: Root=1-6a6c767f-4e2ea78139ed71047a7a46a6;39b077ff-0bf9-405b-8736-43b5b1109cd7)

Repository Not Found for url: https://huggingface.co/api/models/qdrant/bge-small-en-v1.5-onnx-q.
Please make sure you specified the correct `repo_id` and `repo_type`.
If you are trying to access a private or gated repo, make sure you are authenticated and your token has the required permissions.
For more details, see https://huggingface.co/docs/huggingface_hub/authentication
OAuth token signature verification failed: signature verification failed Falling back to other sources.
2026-07-31 11:18:39.921 | ERROR    | fastembed.common.model_management:download_model:469 - Could not download model from either source, sleeping for 3.0 seconds, 2 retries left.
2026-07-31 11:18:43.020 | ERROR    | fastembed.common.model_management:download_model:446 - Could not download model from HuggingFace: 401 Client Error. (Request ID: Root=1-6a6c7682-7d5597f65c6ac42b159bf605;90f55568-fbf9-4613-9d0e-35445b0752df)

Repository Not Found for url: https://huggingface.co/api/models/qdrant/bge-small-en-v1.5-onnx-q.
Please make sure you specified the correct `repo_id` and `repo_type`.
If you are trying to access a private or gated repo, make sure you are authenticated and your token has the required permissions.
For more details, see https://huggingface.co/docs/huggingface_hub/authentication
OAuth token signature verification failed: signature verification failed Falling back to other sources.
2026-07-31 11:18:43.020 | ERROR    | fastembed.common.model_management:download_model:469 - Could not download model from either source, sleeping for 9.0 seconds, 1 retries left.
2026-07-31 11:18:52.139 | ERROR    | fastembed.common.model_management:download_model:446 - Could not download model from HuggingFace: 401 Client Error. (Request ID: Root=1-6a6c768c-01eab6cd4bbdf1bd0ab513d4;4e63c9af-4c75-4a65-8220-bc3305081293)

Repository Not Found for url: https://huggingface.co/api/models/qdrant/bge-small-en-v1.5-onnx-q.
Please make sure you specified the correct `repo_id` and `repo_type`.
If you are trying to access a private or gated repo, make sure you are authenticated and your token has the required permissions.
For more details, see https://huggingface.co/docs/huggingface_hub/authentication
OAuth token signature verification failed: signature verification failed Falling back to other sources.
2026-07-31 11:18:52.139 | ERROR    | fastembed.common.model_management:download_model:469 - Could not download model from either source, sleeping for 27.0 seconds, 0 retries left.
Calling Candidate server...
Structured call to Candidate server failed (Error code: 400 - {'error': {'message': 'Provider returned error', 'code': 400, 'metadata': {'raw': '{"error": {"message": "{\\"error\\":{\\"message\\":\\"Conversation roles must alternate user/assistant/user/assistant/...\\",\\"type\\":\\"BadRequestError\\",\\"param\\":null,\\"code\\":400}}", "type": "invalid_request_error", "param": null, "code": 400}}', 'provider_name': 'NextBit', 'is_byok': False, 'provider_error_code': '400'}}, 'user_id': 'user_3GJo0fkBfUnouJ6Q4PCHo7kXw4J'}); retrying unconstrained.
Calling Interviewer server...
Calling Candidate server...
Structured call to Candidate server failed (Error code: 400 - {'error': {'message': 'Provider returned error', 'code': 400, 'metadata': {'raw': '{"error": {"message": "{\\"error\\":{\\"message\\":\\"Conversation roles must alternate user/assistant/user/assistant/...\\",\\"type\\":\\"BadRequestError\\",\\"param\\":null,\\"code\\":400}}", "type": "invalid_request_error", "param": null, "code": 400}}', 'provider_name': 'NextBit', 'is_byok': False, 'provider_error_code': '400'}}, 'user_id': 'user_3GJo0fkBfUnouJ6Q4PCHo7kXw4J'}); retrying unconstrained.
Calling Interviewer server...
Calling Candidate server...
Structured call to Candidate server failed (Error code: 400 - {'error': {'message': 'Provider returned error', 'code': 400, 'metadata': {'raw': '{"error": {"message": "{\\"error\\":{\\"message\\":\\"Conversation roles must alternate user/assistant/user/assistant/...\\",\\"type\\":\\"BadRequestError\\",\\"param\\":null,\\"code\\":400}}", "type": "invalid_request_error", "param": null, "code": 400}}', 'provider_name': 'NextBit', 'is_byok': False, 'provider_error_code': '400'}}, 'user_id': 'user_3GJo0fkBfUnouJ6Q4PCHo7kXw4J'}); retrying unconstrained.
Calling Interviewer server...
Calling Candidate server...
Structured call to Candidate server failed (Error code: 400 - {'error': {'message': 'Provider returned error', 'code': 400, 'metadata': {'raw': '{"error": {"message": "{\\"error\\":{\\"message\\":\\"Conversation roles must alternate user/assistant/user/assistant/...\\",\\"type\\":\\"BadRequestError\\",\\"param\\":null,\\"code\\":400}}", "type": "invalid_request_error", "param": null, "code": 400}}', 'provider_name': 'NextBit', 'is_byok': False, 'provider_error_code': '400'}}, 'user_id': 'user_3GJo0fkBfUnouJ6Q4PCHo7kXw4J'}); retrying unconstrained.
Calling Judge Case Guide Scout server...
Calling Judge server...
Calling Eval Case Performance Scout server...
Calling Eval Dialog Quality Case Guide Scout server...
Calling Eval Dialog Quality server...
[agentic] 3/104 scenario_01_01 (repeat 3/4)
Calling Candidate server...
Structured call to Candidate server failed (Error code: 400 - {'error': {'message': 'Provider returned error', 'code': 400, 'metadata': {'raw': '{"error": {"message": "{\\"error\\":{\\"message\\":\\"Conversation roles must alternate user/assistant/user/assistant/...\\",\\"type\\":\\"BadRequestError\\",\\"param\\":null,\\"code\\":400}}", "type": "invalid_request_error", "param": null, "code": 400}}', 'provider_name': 'NextBit', 'is_byok': False, 'provider_error_code': '400'}}, 'user_id': 'user_3GJo0fkBfUnouJ6Q4PCHo7kXw4J'}); retrying unconstrained.
Calling Interviewer server...
Calling Candidate server...
Structured call to Candidate server failed (Error code: 400 - {'error': {'message': 'Provider returned error', 'code': 400, 'metadata': {'raw': '{"error": {"message": "{\\"error\\":{\\"message\\":\\"Conversation roles must alternate user/assistant/user/assistant/...\\",\\"type\\":\\"BadRequestError\\",\\"param\\":null,\\"code\\":400}}", "type": "invalid_request_error", "param": null, "code": 400}}', 'provider_name': 'NextBit', 'is_byok': False, 'provider_error_code': '400'}}, 'user_id': 'user_3GJo0fkBfUnouJ6Q4PCHo7kXw4J'}); retrying unconstrained.
Calling Interviewer server...
Calling Candidate server...
Structured call to Candidate server failed (Error code: 400 - {'error': {'message': 'Provider returned error', 'code': 400, 'metadata': {'raw': '{"error": {"message": "{\\"error\\":{\\"message\\":\\"Conversation roles must alternate user/assistant/user/assistant/...\\",\\"type\\":\\"BadRequestError\\",\\"param\\":null,\\"code\\":400}}", "type": "invalid_request_error", "param": null, "code": 400}}', 'provider_name': 'NextBit', 'is_byok': False, 'provider_error_code': '400'}}, 'user_id': 'user_3GJo0fkBfUnouJ6Q4PCHo7kXw4J'}); retrying unconstrained.
Calling Interviewer server...
Calling Candidate server...
Structured call to Candidate server failed (Error code: 400 - {'error': {'message': 'Provider returned error', 'code': 400, 'metadata': {'raw': '{"error": {"message": "{\\"error\\":{\\"message\\":\\"Conversation roles must alternate user/assistant/user/assistant/...\\",\\"type\\":\\"BadRequestError\\",\\"param\\":null,\\"code\\":400}}", "type": "invalid_request_error", "param": null, "code": 400}}', 'provider_name': 'NextBit', 'is_byok': False, 'provider_error_code': '400'}}, 'user_id': 'user_3GJo0fkBfUnouJ6Q4PCHo7kXw4J'}); retrying unconstrained.
Calling Judge Case Guide Scout server...
Structured call to Judge Case Guide Scout server failed (Error code: 429 - {'error': {'message': 'Provider returned error', 'code': 429, 'metadata': {'raw': 'qwen/qwen-2.5-72b-instruct is temporarily rate-limited upstream. Please retry shortly, or add your own key to accumulate your rate limits: https://openrouter.ai/settings/integrations', 'provider_name': 'DeepInfra', 'is_byok': False, 'provider_error_code': 'engine_overloaded', 'limit_source': 'upstream_provider_shared_pool', 'remedy_hint': 'Retry shortly, add your own provider key (https://openrouter.ai/settings/integrations), or route to another provider with provider routing: https://openrouter.ai/docs/features/provider-routing'}}, 'user_id': 'user_3GJo0fkBfUnouJ6Q4PCHo7kXw4J'}); retrying unconstrained.
Error calling Judge Case Guide Scout server: Error code: 400 - {'error': {'message': 'Provider returned error', 'code': 400, 'metadata': {'raw': '{"code":400, "reason":"INVALID_REQUEST_BODY", "message":"model: qwen/qwen-2.5-72b-instruct does not support endpoint: completions", "metadata":{}}', 'provider_name': 'Novita', 'is_byok': False, 'previous_errors': [{'code': 429, 'message': 'Provider returned error', 'provider_name': 'DeepInfra', 'raw': 'qwen/qwen-2.5-72b-instruct is temporarily rate-limited upstream. Please retry shortly, or add your own key to accumulate your rate limits: https://openrouter.ai/settings/integrations'}]}}, 'user_id': 'user_3GJo0fkBfUnouJ6Q4PCHo7kXw4J'}
[agentic] 4/104 scenario_01_01 (repeat 4/4)
2026-07-31 11:21:56.543 | ERROR    | fastembed.common.model_management:download_model:446 - Could not download model from HuggingFace: 401 Client Error. (Request ID: Root=1-6a6c7744-101b759049a124e02573ef1a;1935707a-b6d9-499c-ae74-c166765f7159)

Repository Not Found for url: https://huggingface.co/api/models/qdrant/bge-small-en-v1.5-onnx-q.
Please make sure you specified the correct `repo_id` and `repo_type`.
If you are trying to access a private or gated repo, make sure you are authenticated and your token has the required permissions.
For more details, see https://huggingface.co/docs/huggingface_hub/authentication
OAuth token signature verification failed: signature verification failed Falling back to other sources.
2026-07-31 11:21:56.543 | ERROR    | fastembed.common.model_management:download_model:469 - Could not download model from either source, sleeping for 3.0 seconds, 2 retries left.
2026-07-31 11:21:59.639 | ERROR    | fastembed.common.model_management:download_model:446 - Could not download model from HuggingFace: 401 Client Error. (Request ID: Root=1-6a6c7747-5be002366bc00c46791a02ce;e7544391-64b9-4890-a104-8fc97d61be67)

Repository Not Found for url: https://huggingface.co/api/models/qdrant/bge-small-en-v1.5-onnx-q.
Please make sure you specified the correct `repo_id` and `repo_type`.
If you are trying to access a private or gated repo, make sure you are authenticated and your token has the required permissions.
For more details, see https://huggingface.co/docs/huggingface_hub/authentication
OAuth token signature verification failed: signature verification failed Falling back to other sources.
2026-07-31 11:21:59.639 | ERROR    | fastembed.common.model_management:download_model:469 - Could not download model from either source, sleeping for 9.0 seconds, 1 retries left.
2026-07-31 11:22:08.756 | ERROR    | fastembed.common.model_management:download_model:446 - Could not download model from HuggingFace: 401 Client Error. (Request ID: Root=1-6a6c7750-157029fe559c58144896a477;1366120c-567a-43fe-899d-088b03d63842)

Repository Not Found for url: https://huggingface.co/api/models/qdrant/bge-small-en-v1.5-onnx-q.
Please make sure you specified the correct `repo_id` and `repo_type`.
If you are trying to access a private or gated repo, make sure you are authenticated and your token has the required permissions.
For more details, see https://huggingface.co/docs/huggingface_hub/authentication
OAuth token signature verification failed: signature verification failed Falling back to other sources.
2026-07-31 11:22:08.756 | ERROR    | fastembed.common.model_management:download_model:469 - Could not download model from either source, sleeping for 27.0 seconds, 0 retries left.
Calling Candidate server...
Structured call to Candidate server failed (Error code: 400 - {'error': {'message': 'Provider returned error', 'code': 400, 'metadata': {'raw': '{"error": {"message": "{\\"error\\":{\\"message\\":\\"Conversation roles must alternate user/assistant/user/assistant/...\\",\\"type\\":\\"BadRequestError\\",\\"param\\":null,\\"code\\":400}}", "type": "invalid_request_error", "param": null, "code": 400}}', 'provider_name': 'NextBit', 'is_byok': False, 'provider_error_code': '400'}}, 'user_id': 'user_3GJo0fkBfUnouJ6Q4PCHo7kXw4J'}); retrying unconstrained.
Calling Interviewer server...
Calling Candidate server...
Structured call to Candidate server failed (Error code: 400 - {'error': {'message': 'Provider returned error', 'code': 400, 'metadata': {'raw': '{"error": {"message": "{\\"error\\":{\\"message\\":\\"Conversation roles must alternate user/assistant/user/assistant/...\\",\\"type\\":\\"BadRequestError\\",\\"param\\":null,\\"code\\":400}}", "type": "invalid_request_error", "param": null, "code": 400}}', 'provider_name': 'NextBit', 'is_byok': False, 'provider_error_code': '400'}}, 'user_id': 'user_3GJo0fkBfUnouJ6Q4PCHo7kXw4J'}); retrying unconstrained.
Calling Interviewer server...
Calling Candidate server...
Structured call to Candidate server failed (Error code: 400 - {'error': {'message': 'Provider returned error', 'code': 400, 'metadata': {'raw': '{"error": {"message": "{\\"error\\":{\\"message\\":\\"Conversation roles must alternate user/assistant/user/assistant/...\\",\\"type\\":\\"BadRequestError\\",\\"param\\":null,\\"code\\":400}}", "type": "invalid_request_error", "param": null, "code": 400}}', 'provider_name': 'NextBit', 'is_byok': False, 'provider_error_code': '400'}}, 'user_id': 'user_3GJo0fkBfUnouJ6Q4PCHo7kXw4J'}); retrying unconstrained.
Calling Interviewer server...
Calling Candidate server...
Structured call to Candidate server failed (Error code: 400 - {'error': {'message': 'Provider returned error', 'code': 400, 'metadata': {'raw': '{"error": {"message": "{\\"error\\":{\\"message\\":\\"Conversation roles must alternate user/assistant/user/assistant/...\\",\\"type\\":\\"BadRequestError\\",\\"param\\":null,\\"code\\":400}}", "type": "invalid_request_error", "param": null, "code": 400}}', 'provider_name': 'NextBit', 'is_byok': False, 'provider_error_code': '400'}}, 'user_id': 'user_3GJo0fkBfUnouJ6Q4PCHo7kXw4J'}); retrying unconstrained.
Calling Judge Case Guide Scout server...
Calling Judge server...
Calling Interviewer server...
Calling Candidate server...
Structured call to Candidate server failed (Error code: 400 - {'error': {'message': 'Provider returned error', 'code': 400, 'metadata': {'raw': '{"error": {"message": "{\\"error\\":{\\"message\\":\\"Conversation roles must alternate user/assistant/user/assistant/...\\",\\"type\\":\\"BadRequestError\\",\\"param\\":null,\\"code\\":400}}", "type": "invalid_request_error", "param": null, "code": 400}}', 'provider_name': 'NextBit', 'is_byok': False, 'provider_error_code': '400'}}, 'user_id': 'user_3GJo0fkBfUnouJ6Q4PCHo7kXw4J'}); retrying unconstrained.
Calling Interviewer server...
Calling Candidate server...
Structured call to Candidate server failed (Error code: 400 - {'error': {'message': 'Provider returned error', 'code': 400, 'metadata': {'raw': '{"error": {"message": "{\\"error\\":{\\"message\\":\\"Conversation roles must alternate user/assistant/user/assistant/...\\",\\"type\\":\\"BadRequestError\\",\\"param\\":null,\\"code\\":400}}", "type": "invalid_request_error", "param": null, "code": 400}}', 'provider_name': 'NextBit', 'is_byok': False, 'provider_error_code': '400'}}, 'user_id': 'user_3GJo0fkBfUnouJ6Q4PCHo7kXw4J'}); retrying unconstrained.
Calling Interviewer server...
Calling Candidate server...
Structured call to Candidate server failed (Error code: 400 - {'error': {'message': 'Provider returned error', 'code': 400, 'metadata': {'raw': '{"error": {"message": "{\\"error\\":{\\"message\\":\\"Conversation roles must alternate user/assistant/user/assistant/...\\",\\"type\\":\\"BadRequestError\\",\\"param\\":null,\\"code\\":400}}", "type": "invalid_request_error", "param": null, "code": 400}}', 'provider_name': 'NextBit', 'is_byok': False, 'provider_error_code': '400'}}, 'user_id': 'user_3GJo0fkBfUnouJ6Q4PCHo7kXw4J'}); retrying unconstrained.
Calling Interviewer server...
Calling Candidate server...
Structured call to Candidate server failed (Error code: 400 - {'error': {'message': 'Provider returned error', 'code': 400, 'metadata': {'raw': '{"error": {"message": "{\\"error\\":{\\"message\\":\\"Conversation roles must alternate user/assistant/user/assistant/...\\",\\"type\\":\\"BadRequestError\\",\\"param\\":null,\\"code\\":400}}", "type": "invalid_request_error", "param": null, "code": 400}}', 'provider_name': 'NextBit', 'is_byok': False, 'provider_error_code': '400'}}, 'user_id': 'user_3GJo0fkBfUnouJ6Q4PCHo7kXw4J'}); retrying unconstrained.
Calling Judge Case Guide Scout server...
Calling Judge server...
Calling Eval Case Performance Scout server...
Calling Eval Dialog Quality Case Guide Scout server...
Calling Eval Dialog Quality server...
RAG being used, consulting ConsultingCaseGuide-PPML.pdf file
[agentic] 5/104 scenario_01_02 (repeat 1/4)
2026-07-31 11:24:12.976 | ERROR    | fastembed.common.model_management:download_model:446 - Could not download model from HuggingFace: 401 Client Error. (Request ID: Root=1-6a6c77cc-42ece3ff1727263a17e107d7;e0527cf7-5149-47f1-b10e-66f1acc175f3)

Repository Not Found for url: https://huggingface.co/api/models/qdrant/bge-small-en-v1.5-onnx-q.
Please make sure you specified the correct `repo_id` and `repo_type`.
If you are trying to access a private or gated repo, make sure you are authenticated and your token has the required permissions.
For more details, see https://huggingface.co/docs/huggingface_hub/authentication
OAuth token signature verification failed: signature verification failed Falling back to other sources.
2026-07-31 11:24:12.976 | ERROR    | fastembed.common.model_management:download_model:469 - Could not download model from either source, sleeping for 3.0 seconds, 2 retries left.
2026-07-31 11:24:16.071 | ERROR    | fastembed.common.model_management:download_model:446 - Could not download model from HuggingFace: 401 Client Error. (Request ID: Root=1-6a6c77d0-0e007abb43514ae132344f28;00981c91-633f-4891-959d-505205a68af2)

Repository Not Found for url: https://huggingface.co/api/models/qdrant/bge-small-en-v1.5-onnx-q.
Please make sure you specified the correct `repo_id` and `repo_type`.
If you are trying to access a private or gated repo, make sure you are authenticated and your token has the required permissions.
For more details, see https://huggingface.co/docs/huggingface_hub/authentication
OAuth token signature verification failed: signature verification failed Falling back to other sources.
2026-07-31 11:24:16.071 | ERROR    | fastembed.common.model_management:download_model:469 - Could not download model from either source, sleeping for 9.0 seconds, 1 retries left.
2026-07-31 11:24:25.206 | ERROR    | fastembed.common.model_management:download_model:446 - Could not download model from HuggingFace: 401 Client Error. (Request ID: Root=1-6a6c77d9-3dbd57bc5ea21b9f5ba94dd1;02627edf-61c4-4476-ac21-96f6810bc935)

Repository Not Found for url: https://huggingface.co/api/models/qdrant/bge-small-en-v1.5-onnx-q.
Please make sure you specified the correct `repo_id` and `repo_type`.
If you are trying to access a private or gated repo, make sure you are authenticated and your token has the required permissions.
For more details, see https://huggingface.co/docs/huggingface_hub/authentication
OAuth token signature verification failed: signature verification failed Falling back to other sources.
2026-07-31 11:24:25.206 | ERROR    | fastembed.common.model_management:download_model:469 - Could not download model from either source, sleeping for 27.0 seconds, 0 retries left.
Calling Candidate server...
Structured call to Candidate server failed (Error code: 400 - {'error': {'message': 'Provider returned error', 'code': 400, 'metadata': {'raw': '{"error": {"message": "{\\"error\\":{\\"message\\":\\"Conversation roles must alternate user/assistant/user/assistant/...\\",\\"type\\":\\"BadRequestError\\",\\"param\\":null,\\"code\\":400}}", "type": "invalid_request_error", "param": null, "code": 400}}', 'provider_name': 'NextBit', 'is_byok': False, 'provider_error_code': '400'}}, 'user_id': 'user_3GJo0fkBfUnouJ6Q4PCHo7kXw4J'}); retrying unconstrained.
Calling Interviewer server...
Calling Candidate server...
Structured call to Candidate server failed (Error code: 400 - {'error': {'message': 'Provider returned error', 'code': 400, 'metadata': {'raw': '{"error": {"message": "{\\"error\\":{\\"message\\":\\"Conversation roles must alternate user/assistant/user/assistant/...\\",\\"type\\":\\"BadRequestError\\",\\"param\\":null,\\"code\\":400}}", "type": "invalid_request_error", "param": null, "code": 400}}', 'provider_name': 'NextBit', 'is_byok': False, 'provider_error_code': '400'}}, 'user_id': 'user_3GJo0fkBfUnouJ6Q4PCHo7kXw4J'}); retrying unconstrained.
Calling Interviewer server...
Calling Candidate server...
Structured call to Candidate server failed (Error code: 400 - {'error': {'message': 'Provider returned error', 'code': 400, 'metadata': {'raw': '{"error": {"message": "{\\"error\\":{\\"message\\":\\"Conversation roles must alternate user/assistant/user/assistant/...\\",\\"type\\":\\"BadRequestError\\",\\"param\\":null,\\"code\\":400}}", "type": "invalid_request_error", "param": null, "code": 400}}', 'provider_name': 'NextBit', 'is_byok': False, 'provider_error_code': '400'}}, 'user_id': 'user_3GJo0fkBfUnouJ6Q4PCHo7kXw4J'}); retrying unconstrained.
Calling Interviewer server...
Calling Candidate server...
Structured call to Candidate server failed (Error code: 400 - {'error': {'message': 'Provider returned error', 'code': 400, 'metadata': {'raw': '{"error": {"message": "{\\"error\\":{\\"message\\":\\"Conversation roles must alternate user/assistant/user/assistant/...\\",\\"type\\":\\"BadRequestError\\",\\"param\\":null,\\"code\\":400}}", "type": "invalid_request_error", "param": null, "code": 400}}', 'provider_name': 'NextBit', 'is_byok': False, 'provider_error_code': '400'}}, 'user_id': 'user_3GJo0fkBfUnouJ6Q4PCHo7kXw4J'}); retrying unconstrained.
Calling Judge Case Guide Scout server...
Calling Judge server...
Calling Interviewer server...
Calling Candidate server...
Structured call to Candidate server failed (Error code: 400 - {'error': {'message': 'Provider returned error', 'code': 400, 'metadata': {'raw': '{"error": {"message": "{\\"error\\":{\\"message\\":\\"Conversation roles must alternate user/assistant/user/assistant/...\\",\\"type\\":\\"BadRequestError\\",\\"param\\":null,\\"code\\":400}}", "type": "invalid_request_error", "param": null, "code": 400}}', 'provider_name': 'NextBit', 'is_byok': False, 'provider_error_code': '400'}}, 'user_id': 'user_3GJo0fkBfUnouJ6Q4PCHo7kXw4J'}); retrying unconstrained.
Calling Interviewer server...
Calling Candidate server...
Structured call to Candidate server failed (Error code: 400 - {'error': {'message': 'Provider returned error', 'code': 400, 'metadata': {'raw': '{"error": {"message": "{\\"error\\":{\\"message\\":\\"Conversation roles must alternate user/assistant/user/assistant/...\\",\\"type\\":\\"BadRequestError\\",\\"param\\":null,\\"code\\":400}}", "type": "invalid_request_error", "param": null, "code": 400}}', 'provider_name': 'NextBit', 'is_byok': False, 'provider_error_code': '400'}}, 'user_id': 'user_3GJo0fkBfUnouJ6Q4PCHo7kXw4J'}); retrying unconstrained.
Calling Interviewer server...
Calling Candidate server...
Structured call to Candidate server failed (Error code: 400 - {'error': {'message': 'Provider returned error', 'code': 400, 'metadata': {'raw': '{"error": {"message": "{\\"error\\":{\\"message\\":\\"Conversation roles must alternate user/assistant/user/assistant/...\\",\\"type\\":\\"BadRequestError\\",\\"param\\":null,\\"code\\":400}}", "type": "invalid_request_error", "param": null, "code": 400}}', 'provider_name': 'NextBit', 'is_byok': False, 'provider_error_code': '400'}}, 'user_id': 'user_3GJo0fkBfUnouJ6Q4PCHo7kXw4J'}); retrying unconstrained.
Calling Interviewer server...
Calling Candidate server...
Structured call to Candidate server failed (Error code: 400 - {'error': {'message': 'Provider returned error', 'code': 400, 'metadata': {'raw': '{"error": {"message": "{\\"error\\":{\\"message\\":\\"Conversation roles must alternate user/assistant/user/assistant/...\\",\\"type\\":\\"BadRequestError\\",\\"param\\":null,\\"code\\":400}}", "type": "invalid_request_error", "param": null, "code": 400}}', 'provider_name': 'NextBit', 'is_byok': False, 'provider_error_code': '400'}}, 'user_id': 'user_3GJo0fkBfUnouJ6Q4PCHo7kXw4J'}); retrying unconstrained.
Calling Judge Case Guide Scout server...
Calling Judge server...
Calling Eval Case Performance Scout server...
Calling Eval Dialog Quality Case Guide Scout server...
Calling Eval Dialog Quality server...
[agentic] 6/104 scenario_01_02 (repeat 2/4)
2026-07-31 11:25:33.366 | ERROR    | fastembed.common.model_management:download_model:446 - Could not download model from HuggingFace: 401 Client Error. (Request ID: Root=1-6a6c781d-0e53016d396c3a2a288078aa;f05cca8d-947e-45ed-b36e-259ea04bce31)

Repository Not Found for url: https://huggingface.co/api/models/qdrant/bge-small-en-v1.5-onnx-q.
Please make sure you specified the correct `repo_id` and `repo_type`.
If you are trying to access a private or gated repo, make sure you are authenticated and your token has the required permissions.
For more details, see https://huggingface.co/docs/huggingface_hub/authentication
OAuth token signature verification failed: signature verification failed Falling back to other sources.
2026-07-31 11:25:33.366 | ERROR    | fastembed.common.model_management:download_model:469 - Could not download model from either source, sleeping for 3.0 seconds, 2 retries left.
2026-07-31 11:25:36.464 | ERROR    | fastembed.common.model_management:download_model:446 - Could not download model from HuggingFace: 401 Client Error. (Request ID: Root=1-6a6c7820-1c7ffc063b2524132cc4d099;794eaa05-af81-475a-b9aa-9a767e0204fb)

Repository Not Found for url: https://huggingface.co/api/models/qdrant/bge-small-en-v1.5-onnx-q.
Please make sure you specified the correct `repo_id` and `repo_type`.
If you are trying to access a private or gated repo, make sure you are authenticated and your token has the required permissions.
For more details, see https://huggingface.co/docs/huggingface_hub/authentication
OAuth token signature verification failed: signature verification failed Falling back to other sources.
2026-07-31 11:25:36.464 | ERROR    | fastembed.common.model_management:download_model:469 - Could not download model from either source, sleeping for 9.0 seconds, 1 retries left.
2026-07-31 11:25:45.585 | ERROR    | fastembed.common.model_management:download_model:446 - Could not download model from HuggingFace: 401 Client Error. (Request ID: Root=1-6a6c7829-5f36d8272ca9ba551832034b;7e415b74-aed2-4099-82f9-58b799ff9957)

Repository Not Found for url: https://huggingface.co/api/models/qdrant/bge-small-en-v1.5-onnx-q.
Please make sure you specified the correct `repo_id` and `repo_type`.
If you are trying to access a private or gated repo, make sure you are authenticated and your token has the required permissions.
For more details, see https://huggingface.co/docs/huggingface_hub/authentication
OAuth token signature verification failed: signature verification failed Falling back to other sources.
2026-07-31 11:25:45.586 | ERROR    | fastembed.common.model_management:download_model:469 - Could not download model from either source, sleeping for 27.0 seconds, 0 retries left.
Calling Candidate server...
Structured call to Candidate server failed (Error code: 400 - {'error': {'message': 'Provider returned error', 'code': 400, 'metadata': {'raw': '{"error": {"message": "{\\"error\\":{\\"message\\":\\"Conversation roles must alternate user/assistant/user/assistant/...\\",\\"type\\":\\"BadRequestError\\",\\"param\\":null,\\"code\\":400}}", "type": "invalid_request_error", "param": null, "code": 400}}', 'provider_name': 'NextBit', 'is_byok': False, 'provider_error_code': '400'}}, 'user_id': 'user_3GJo0fkBfUnouJ6Q4PCHo7kXw4J'}); retrying unconstrained.
Calling Interviewer server...
Calling Candidate server...
Structured call to Candidate server failed (Error code: 400 - {'error': {'message': 'Provider returned error', 'code': 400, 'metadata': {'raw': '{"error": {"message": "{\\"error\\":{\\"message\\":\\"Conversation roles must alternate user/assistant/user/assistant/...\\",\\"type\\":\\"BadRequestError\\",\\"param\\":null,\\"code\\":400}}", "type": "invalid_request_error", "param": null, "code": 400}}', 'provider_name': 'NextBit', 'is_byok': False, 'provider_error_code': '400'}}, 'user_id': 'user_3GJo0fkBfUnouJ6Q4PCHo7kXw4J'}); retrying unconstrained.
Calling Interviewer server...
Calling Candidate server...
Structured call to Candidate server failed (Error code: 400 - {'error': {'message': 'Provider returned error', 'code': 400, 'metadata': {'raw': '{"error": {"message": "{\\"error\\":{\\"message\\":\\"Conversation roles must alternate user/assistant/user/assistant/...\\",\\"type\\":\\"BadRequestError\\",\\"param\\":null,\\"code\\":400}}", "type": "invalid_request_error", "param": null, "code": 400}}', 'provider_name': 'NextBit', 'is_byok': False, 'provider_error_code': '400'}}, 'user_id': 'user_3GJo0fkBfUnouJ6Q4PCHo7kXw4J'}); retrying unconstrained.
Calling Interviewer server...
Calling Candidate server...
Structured call to Candidate server failed (Error code: 400 - {'error': {'message': 'Provider returned error', 'code': 400, 'metadata': {'raw': '{"error": {"message": "{\\"error\\":{\\"message\\":\\"Conversation roles must alternate user/assistant/user/assistant/...\\",\\"type\\":\\"BadRequestError\\",\\"param\\":null,\\"code\\":400}}", "type": "invalid_request_error", "param": null, "code": 400}}', 'provider_name': 'NextBit', 'is_byok': False, 'provider_error_code': '400'}}, 'user_id': 'user_3GJo0fkBfUnouJ6Q4PCHo7kXw4J'}); retrying unconstrained.
Calling Judge Case Guide Scout server...
Calling Judge server...
Calling Eval Case Performance Scout server...
Calling Eval Dialog Quality Case Guide Scout server...
Calling Eval Dialog Quality server...
RAG being used, consulting ConsultingCaseGuide-PPML.pdf file
[agentic] 7/104 scenario_01_02 (repeat 3/4)
2026-07-31 11:27:52.929 | ERROR    | fastembed.common.model_management:download_model:446 - Could not download model from HuggingFace: 401 Client Error. (Request ID: Root=1-6a6c78a8-0f45f6e3462c256b2e307f6d;499a46ca-40e2-4aa1-9582-01e9d9a22d3e)

Repository Not Found for url: https://huggingface.co/api/models/qdrant/bge-small-en-v1.5-onnx-q.
Please make sure you specified the correct `repo_id` and `repo_type`.
If you are trying to access a private or gated repo, make sure you are authenticated and your token has the required permissions.
For more details, see https://huggingface.co/docs/huggingface_hub/authentication
OAuth token signature verification failed: signature verification failed Falling back to other sources.
2026-07-31 11:27:52.929 | ERROR    | fastembed.common.model_management:download_model:469 - Could not download model from either source, sleeping for 3.0 seconds, 2 retries left.
2026-07-31 11:27:56.027 | ERROR    | fastembed.common.model_management:download_model:446 - Could not download model from HuggingFace: 401 Client Error. (Request ID: Root=1-6a6c78ab-5e62ae4d52263d194b533e3f;a7a00b92-2d8f-4165-bfab-ad9793643437)

Repository Not Found for url: https://huggingface.co/api/models/qdrant/bge-small-en-v1.5-onnx-q.
Please make sure you specified the correct `repo_id` and `repo_type`.
If you are trying to access a private or gated repo, make sure you are authenticated and your token has the required permissions.
For more details, see https://huggingface.co/docs/huggingface_hub/authentication
OAuth token signature verification failed: signature verification failed Falling back to other sources.
2026-07-31 11:27:56.027 | ERROR    | fastembed.common.model_management:download_model:469 - Could not download model from either source, sleeping for 9.0 seconds, 1 retries left.
2026-07-31 11:28:05.147 | ERROR    | fastembed.common.model_management:download_model:446 - Could not download model from HuggingFace: 401 Client Error. (Request ID: Root=1-6a6c78b5-1d5eac8e008d21bf1277ffbf;3d1b22be-8c14-4572-ad6c-cf780557990a)

Repository Not Found for url: https://huggingface.co/api/models/qdrant/bge-small-en-v1.5-onnx-q.
Please make sure you specified the correct `repo_id` and `repo_type`.
If you are trying to access a private or gated repo, make sure you are authenticated and your token has the required permissions.
For more details, see https://huggingface.co/docs/huggingface_hub/authentication
OAuth token signature verification failed: signature verification failed Falling back to other sources.
2026-07-31 11:28:05.148 | ERROR    | fastembed.common.model_management:download_model:469 - Could not download model from either source, sleeping for 27.0 seconds, 0 retries left.
Calling Candidate server...
Structured call to Candidate server failed (Error code: 400 - {'error': {'message': 'Provider returned error', 'code': 400, 'metadata': {'raw': '{"error": {"message": "{\\"error\\":{\\"message\\":\\"Conversation roles must alternate user/assistant/user/assistant/...\\",\\"type\\":\\"BadRequestError\\",\\"param\\":null,\\"code\\":400}}", "type": "invalid_request_error", "param": null, "code": 400}}', 'provider_name': 'NextBit', 'is_byok': False, 'provider_error_code': '400'}}, 'user_id': 'user_3GJo0fkBfUnouJ6Q4PCHo7kXw4J'}); retrying unconstrained.
Calling Interviewer server...
Calling Candidate server...
Structured call to Candidate server failed (Error code: 400 - {'error': {'message': 'Provider returned error', 'code': 400, 'metadata': {'raw': '{"error": {"message": "{\\"error\\":{\\"message\\":\\"Conversation roles must alternate user/assistant/user/assistant/...\\",\\"type\\":\\"BadRequestError\\",\\"param\\":null,\\"code\\":400}}", "type": "invalid_request_error", "param": null, "code": 400}}', 'provider_name': 'NextBit', 'is_byok': False, 'provider_error_code': '400'}}, 'user_id': 'user_3GJo0fkBfUnouJ6Q4PCHo7kXw4J'}); retrying unconstrained.
Calling Interviewer server...
Calling Candidate server...
Structured call to Candidate server failed (Error code: 400 - {'error': {'message': 'Provider returned error', 'code': 400, 'metadata': {'raw': '{"error": {"message": "{\\"error\\":{\\"message\\":\\"Conversation roles must alternate user/assistant/user/assistant/...\\",\\"type\\":\\"BadRequestError\\",\\"param\\":null,\\"code\\":400}}", "type": "invalid_request_error", "param": null, "code": 400}}', 'provider_name': 'NextBit', 'is_byok': False, 'provider_error_code': '400'}}, 'user_id': 'user_3GJo0fkBfUnouJ6Q4PCHo7kXw4J'}); retrying unconstrained.
Calling Interviewer server...
Calling Candidate server...
Structured call to Candidate server failed (Error code: 400 - {'error': {'message': 'Provider returned error', 'code': 400, 'metadata': {'raw': '{"error": {"message": "{\\"error\\":{\\"message\\":\\"Conversation roles must alternate user/assistant/user/assistant/...\\",\\"type\\":\\"BadRequestError\\",\\"param\\":null,\\"code\\":400}}", "type": "invalid_request_error", "param": null, "code": 400}}', 'provider_name': 'NextBit', 'is_byok': False, 'provider_error_code': '400'}}, 'user_id': 'user_3GJo0fkBfUnouJ6Q4PCHo7kXw4J'}); retrying unconstrained.
Calling Judge Case Guide Scout server...
Calling Judge server...
Calling Interviewer server...
Calling Candidate server...
Structured call to Candidate server failed (Error code: 400 - {'error': {'message': 'Provider returned error', 'code': 400, 'metadata': {'raw': '{"error": {"message": "{\\"error\\":{\\"message\\":\\"Conversation roles must alternate user/assistant/user/assistant/...\\",\\"type\\":\\"BadRequestError\\",\\"param\\":null,\\"code\\":400}}", "type": "invalid_request_error", "param": null, "code": 400}}', 'provider_name': 'NextBit', 'is_byok': False, 'provider_error_code': '400'}}, 'user_id': 'user_3GJo0fkBfUnouJ6Q4PCHo7kXw4J'}); retrying unconstrained.
Calling Interviewer server...
Calling Candidate server...
Structured call to Candidate server failed (Error code: 400 - {'error': {'message': 'Provider returned error', 'code': 400, 'metadata': {'raw': '{"error": {"message": "{\\"error\\":{\\"message\\":\\"Conversation roles must alternate user/assistant/user/assistant/...\\",\\"type\\":\\"BadRequestError\\",\\"param\\":null,\\"code\\":400}}", "type": "invalid_request_error", "param": null, "code": 400}}', 'provider_name': 'NextBit', 'is_byok': False, 'provider_error_code': '400'}}, 'user_id': 'user_3GJo0fkBfUnouJ6Q4PCHo7kXw4J'}); retrying unconstrained.
Calling Interviewer server...
Calling Candidate server...
Structured call to Candidate server failed (Error code: 400 - {'error': {'message': 'Provider returned error', 'code': 400, 'metadata': {'raw': '{"error": {"message": "{\\"error\\":{\\"message\\":\\"Conversation roles must alternate user/assistant/user/assistant/...\\",\\"type\\":\\"BadRequestError\\",\\"param\\":null,\\"code\\":400}}", "type": "invalid_request_error", "param": null, "code": 400}}', 'provider_name': 'NextBit', 'is_byok': False, 'provider_error_code': '400'}}, 'user_id': 'user_3GJo0fkBfUnouJ6Q4PCHo7kXw4J'}); retrying unconstrained.
Calling Interviewer server...
Calling Candidate server...
Structured call to Candidate server failed (Error code: 400 - {'error': {'message': 'Provider returned error', 'code': 400, 'metadata': {'raw': '{"error": {"message": "{\\"error\\":{\\"message\\":\\"Conversation roles must alternate user/assistant/user/assistant/...\\",\\"type\\":\\"BadRequestError\\",\\"param\\":null,\\"code\\":400}}", "type": "invalid_request_error", "param": null, "code": 400}}', 'provider_name': 'NextBit', 'is_byok': False, 'provider_error_code': '400'}}, 'user_id': 'user_3GJo0fkBfUnouJ6Q4PCHo7kXw4J'}); retrying unconstrained.
Calling Judge Case Guide Scout server...
Calling Judge server...
Calling Eval Case Performance Scout server...
Calling Eval Dialog Quality Case Guide Scout server...
Calling Eval Dialog Quality server...
Calling Eval Case Performance server...
Calling Give Feedback Case Guide Scout server...
RAG being used, consulting ConsultingCaseGuide-PPML.pdf file
[agentic] 8/104 scenario_01_02 (repeat 4/4)
2026-07-31 11:29:20.205 | ERROR    | fastembed.common.model_management:download_model:446 - Could not download model from HuggingFace: 401 Client Error. (Request ID: Root=1-6a6c7900-2f4330227b1d49b4508d3922;3ad873f7-d0eb-4cc2-b2d7-337beb8edd17)

Repository Not Found for url: https://huggingface.co/api/models/qdrant/bge-small-en-v1.5-onnx-q.
Please make sure you specified the correct `repo_id` and `repo_type`.
If you are trying to access a private or gated repo, make sure you are authenticated and your token has the required permissions.
For more details, see https://huggingface.co/docs/huggingface_hub/authentication
OAuth token signature verification failed: signature verification failed Falling back to other sources.
2026-07-31 11:29:20.205 | ERROR    | fastembed.common.model_management:download_model:469 - Could not download model from either source, sleeping for 3.0 seconds, 2 retries left.
2026-07-31 11:29:23.300 | ERROR    | fastembed.common.model_management:download_model:446 - Could not download model from HuggingFace: 401 Client Error. (Request ID: Root=1-6a6c7903-08ca418678345a6704665d3a;294840a4-99f4-454e-bd68-1af50b41c507)

Repository Not Found for url: https://huggingface.co/api/models/qdrant/bge-small-en-v1.5-onnx-q.
Please make sure you specified the correct `repo_id` and `repo_type`.
If you are trying to access a private or gated repo, make sure you are authenticated and your token has the required permissions.
For more details, see https://huggingface.co/docs/huggingface_hub/authentication
OAuth token signature verification failed: signature verification failed Falling back to other sources.
2026-07-31 11:29:23.300 | ERROR    | fastembed.common.model_management:download_model:469 - Could not download model from either source, sleeping for 9.0 seconds, 1 retries left.
2026-07-31 11:29:32.417 | ERROR    | fastembed.common.model_management:download_model:446 - Could not download model from HuggingFace: 401 Client Error. (Request ID: Root=1-6a6c790c-3e11364a5efd17d754c4c953;fba5acd4-a09c-4bc7-ac11-450ed71257fa)

Repository Not Found for url: https://huggingface.co/api/models/qdrant/bge-small-en-v1.5-onnx-q.
Please make sure you specified the correct `repo_id` and `repo_type`.
If you are trying to access a private or gated repo, make sure you are authenticated and your token has the required permissions.
For more details, see https://huggingface.co/docs/huggingface_hub/authentication
OAuth token signature verification failed: signature verification failed Falling back to other sources.
2026-07-31 11:29:32.418 | ERROR    | fastembed.common.model_management:download_model:469 - Could not download model from either source, sleeping for 27.0 seconds, 0 retries left.
Calling Candidate server...
Structured call to Candidate server failed (Error code: 400 - {'error': {'message': 'Provider returned error', 'code': 400, 'metadata': {'raw': '{"error": {"message": "{\\"error\\":{\\"message\\":\\"Conversation roles must alternate user/assistant/user/assistant/...\\",\\"type\\":\\"BadRequestError\\",\\"param\\":null,\\"code\\":400}}", "type": "invalid_request_error", "param": null, "code": 400}}', 'provider_name': 'NextBit', 'is_byok': False, 'provider_error_code': '400'}}, 'user_id': 'user_3GJo0fkBfUnouJ6Q4PCHo7kXw4J'}); retrying unconstrained.
Calling Interviewer server...
Calling Candidate server...
Structured call to Candidate server failed (Error code: 400 - {'error': {'message': 'Provider returned error', 'code': 400, 'metadata': {'raw': '{"error": {"message": "{\\"error\\":{\\"message\\":\\"Conversation roles must alternate user/assistant/user/assistant/...\\",\\"type\\":\\"BadRequestError\\",\\"param\\":null,\\"code\\":400}}", "type": "invalid_request_error", "param": null, "code": 400}}', 'provider_name': 'NextBit', 'is_byok': False, 'provider_error_code': '400'}}, 'user_id': 'user_3GJo0fkBfUnouJ6Q4PCHo7kXw4J'}); retrying unconstrained.
Calling Interviewer server...
Calling Candidate server...
Structured call to Candidate server failed (Error code: 400 - {'error': {'message': 'Provider returned error', 'code': 400, 'metadata': {'raw': '{"error": {"message": "{\\"error\\":{\\"message\\":\\"Conversation roles must alternate user/assistant/user/assistant/...\\",\\"type\\":\\"BadRequestError\\",\\"param\\":null,\\"code\\":400}}", "type": "invalid_request_error", "param": null, "code": 400}}', 'provider_name': 'NextBit', 'is_byok': False, 'provider_error_code': '400'}}, 'user_id': 'user_3GJo0fkBfUnouJ6Q4PCHo7kXw4J'}); retrying unconstrained.
Calling Interviewer server...
Calling Candidate server...
Structured call to Candidate server failed (Error code: 400 - {'error': {'message': 'Provider returned error', 'code': 400, 'metadata': {'raw': '{"error": {"message": "{\\"error\\":{\\"message\\":\\"Conversation roles must alternate user/assistant/user/assistant/...\\",\\"type\\":\\"BadRequestError\\",\\"param\\":null,\\"code\\":400}}", "type": "invalid_request_error", "param": null, "code": 400}}', 'provider_name': 'NextBit', 'is_byok': False, 'provider_error_code': '400'}}, 'user_id': 'user_3GJo0fkBfUnouJ6Q4PCHo7kXw4J'}); retrying unconstrained.
Calling Judge Case Guide Scout server...
Calling Judge server...
Calling Eval Dialog Quality Case Guide Scout server...
Calling Eval Case Performance Scout server...
Calling Eval Dialog Quality server...
[agentic] 9/104 scenario_01_03 (repeat 1/4)
2026-07-31 11:32:24.416 | ERROR    | fastembed.common.model_management:download_model:446 - Could not download model from HuggingFace: 401 Client Error. (Request ID: Root=1-6a6c79b8-09f78bb036df6db26cf422a6;0aaea01f-5c0c-4ee6-9c41-8b4d22a9e813)

Repository Not Found for url: https://huggingface.co/api/models/qdrant/bge-small-en-v1.5-onnx-q.
Please make sure you specified the correct `repo_id` and `repo_type`.
If you are trying to access a private or gated repo, make sure you are authenticated and your token has the required permissions.
For more details, see https://huggingface.co/docs/huggingface_hub/authentication
OAuth token signature verification failed: signature verification failed Falling back to other sources.
2026-07-31 11:32:24.416 | ERROR    | fastembed.common.model_management:download_model:469 - Could not download model from either source, sleeping for 3.0 seconds, 2 retries left.
2026-07-31 11:32:27.512 | ERROR    | fastembed.common.model_management:download_model:446 - Could not download model from HuggingFace: 401 Client Error. (Request ID: Root=1-6a6c79bb-0359d9df0e1287cd4c9c49b1;4bb1b84e-e87b-47d4-a15c-a3d3b71fd1cc)

Repository Not Found for url: https://huggingface.co/api/models/qdrant/bge-small-en-v1.5-onnx-q.
Please make sure you specified the correct `repo_id` and `repo_type`.
If you are trying to access a private or gated repo, make sure you are authenticated and your token has the required permissions.
For more details, see https://huggingface.co/docs/huggingface_hub/authentication
OAuth token signature verification failed: signature verification failed Falling back to other sources.
2026-07-31 11:32:27.512 | ERROR    | fastembed.common.model_management:download_model:469 - Could not download model from either source, sleeping for 9.0 seconds, 1 retries left.
2026-07-31 11:32:36.630 | ERROR    | fastembed.common.model_management:download_model:446 - Could not download model from HuggingFace: 401 Client Error. (Request ID: Root=1-6a6c79c4-77b80226617a724574127fce;d8cd5d0a-0dc9-47c1-a6ce-ee8c506540a6)

Repository Not Found for url: https://huggingface.co/api/models/qdrant/bge-small-en-v1.5-onnx-q.
Please make sure you specified the correct `repo_id` and `repo_type`.
If you are trying to access a private or gated repo, make sure you are authenticated and your token has the required permissions.
For more details, see https://huggingface.co/docs/huggingface_hub/authentication
OAuth token signature verification failed: signature verification failed Falling back to other sources.
2026-07-31 11:32:36.630 | ERROR    | fastembed.common.model_management:download_model:469 - Could not download model from either source, sleeping for 27.0 seconds, 0 retries left.
Calling Candidate server...
Structured call to Candidate server failed (Error code: 400 - {'error': {'message': 'Provider returned error', 'code': 400, 'metadata': {'raw': '{"error": {"message": "{\\"error\\":{\\"message\\":\\"Conversation roles must alternate user/assistant/user/assistant/...\\",\\"type\\":\\"BadRequestError\\",\\"param\\":null,\\"code\\":400}}", "type": "invalid_request_error", "param": null, "code": 400}}', 'provider_name': 'NextBit', 'is_byok': False, 'provider_error_code': '400'}}, 'user_id': 'user_3GJo0fkBfUnouJ6Q4PCHo7kXw4J'}); retrying unconstrained.
Calling Interviewer server...
Calling Candidate server...
Structured call to Candidate server failed (Error code: 400 - {'error': {'message': 'Provider returned error', 'code': 400, 'metadata': {'raw': '{"error": {"message": "{\\"error\\":{\\"message\\":\\"Conversation roles must alternate user/assistant/user/assistant/...\\",\\"type\\":\\"BadRequestError\\",\\"param\\":null,\\"code\\":400}}", "type": "invalid_request_error", "param": null, "code": 400}}', 'provider_name': 'NextBit', 'is_byok': False, 'provider_error_code': '400'}}, 'user_id': 'user_3GJo0fkBfUnouJ6Q4PCHo7kXw4J'}); retrying unconstrained.
Calling Interviewer server...
Calling Candidate server...
Structured call to Candidate server failed (Error code: 400 - {'error': {'message': 'Provider returned error', 'code': 400, 'metadata': {'raw': '{"error": {"message": "{\\"error\\":{\\"message\\":\\"Conversation roles must alternate user/assistant/user/assistant/...\\",\\"type\\":\\"BadRequestError\\",\\"param\\":null,\\"code\\":400}}", "type": "invalid_request_error", "param": null, "code": 400}}', 'provider_name': 'NextBit', 'is_byok': False, 'provider_error_code': '400'}}, 'user_id': 'user_3GJo0fkBfUnouJ6Q4PCHo7kXw4J'}); retrying unconstrained.
Calling Interviewer server...
Calling Candidate server...
Structured call to Candidate server failed (Error code: 400 - {'error': {'message': 'Provider returned error', 'code': 400, 'metadata': {'raw': '{"error": {"message": "{\\"error\\":{\\"message\\":\\"Conversation roles must alternate user/assistant/user/assistant/...\\",\\"type\\":\\"BadRequestError\\",\\"param\\":null,\\"code\\":400}}", "type": "invalid_request_error", "param": null, "code": 400}}', 'provider_name': 'NextBit', 'is_byok': False, 'provider_error_code': '400'}}, 'user_id': 'user_3GJo0fkBfUnouJ6Q4PCHo7kXw4J'}); retrying unconstrained.
Calling Judge Case Guide Scout server...
Calling Judge server...
Calling Interviewer server...
Calling Candidate server...
Structured call to Candidate server failed (Error code: 400 - {'error': {'message': 'Provider returned error', 'code': 400, 'metadata': {'raw': '{"error": {"message": "{\\"error\\":{\\"message\\":\\"Conversation roles must alternate user/assistant/user/assistant/...\\",\\"type\\":\\"BadRequestError\\",\\"param\\":null,\\"code\\":400}}", "type": "invalid_request_error", "param": null, "code": 400}}', 'provider_name': 'NextBit', 'is_byok': False, 'provider_error_code': '400'}}, 'user_id': 'user_3GJo0fkBfUnouJ6Q4PCHo7kXw4J'}); retrying unconstrained.
Calling Interviewer server...
Calling Candidate server...
Structured call to Candidate server failed (Error code: 400 - {'error': {'message': 'Provider returned error', 'code': 400, 'metadata': {'raw': '{"error": {"message": "{\\"error\\":{\\"message\\":\\"Conversation roles must alternate user/assistant/user/assistant/...\\",\\"type\\":\\"BadRequestError\\",\\"param\\":null,\\"code\\":400}}", "type": "invalid_request_error", "param": null, "code": 400}}', 'provider_name': 'NextBit', 'is_byok': False, 'provider_error_code': '400'}}, 'user_id': 'user_3GJo0fkBfUnouJ6Q4PCHo7kXw4J'}); retrying unconstrained.
Calling Interviewer server...
Calling Candidate server...
Structured call to Candidate server failed (Error code: 400 - {'error': {'message': 'Provider returned error', 'code': 400, 'metadata': {'raw': '{"error": {"message": "{\\"error\\":{\\"message\\":\\"Conversation roles must alternate user/assistant/user/assistant/...\\",\\"type\\":\\"BadRequestError\\",\\"param\\":null,\\"code\\":400}}", "type": "invalid_request_error", "param": null, "code": 400}}', 'provider_name': 'NextBit', 'is_byok': False, 'provider_error_code': '400'}}, 'user_id': 'user_3GJo0fkBfUnouJ6Q4PCHo7kXw4J'}); retrying unconstrained.
Calling Interviewer server...
Calling Candidate server...
Structured call to Candidate server failed (Error code: 400 - {'error': {'message': 'Provider returned error', 'code': 400, 'metadata': {'raw': '{"error": {"message": "{\\"error\\":{\\"message\\":\\"Conversation roles must alternate user/assistant/user/assistant/...\\",\\"type\\":\\"BadRequestError\\",\\"param\\":null,\\"code\\":400}}", "type": "invalid_request_error", "param": null, "code": 400}}', 'provider_name': 'NextBit', 'is_byok': False, 'provider_error_code': '400'}}, 'user_id': 'user_3GJo0fkBfUnouJ6Q4PCHo7kXw4J'}); retrying unconstrained.
Calling Judge Case Guide Scout server...
Calling Judge server...
Calling Eval Case Performance Scout server...
Calling Eval Dialog Quality Case Guide Scout server...
Calling Eval Dialog Quality server...
RAG being used, consulting ConsultingCaseGuide-PPML.pdf file
[agentic] 10/104 scenario_01_03 (repeat 2/4)
2026-07-31 11:34:12.735 | ERROR    | fastembed.common.model_management:download_model:446 - Could not download model from HuggingFace: 401 Client Error. (Request ID: Root=1-6a6c7a24-071c17db1022d737327d63d7;648bdb46-af99-4b2e-bfef-c9bbd736b2b7)

Repository Not Found for url: https://huggingface.co/api/models/qdrant/bge-small-en-v1.5-onnx-q.
Please make sure you specified the correct `repo_id` and `repo_type`.
If you are trying to access a private or gated repo, make sure you are authenticated and your token has the required permissions.
For more details, see https://huggingface.co/docs/huggingface_hub/authentication
OAuth token signature verification failed: signature verification failed Falling back to other sources.
2026-07-31 11:34:12.735 | ERROR    | fastembed.common.model_management:download_model:469 - Could not download model from either source, sleeping for 3.0 seconds, 2 retries left.
2026-07-31 11:34:15.831 | ERROR    | fastembed.common.model_management:download_model:446 - Could not download model from HuggingFace: 401 Client Error. (Request ID: Root=1-6a6c7a27-349b61047090d7a8083f56e6;966e6f8c-a23b-4176-a955-b4cc20d7a09b)

Repository Not Found for url: https://huggingface.co/api/models/qdrant/bge-small-en-v1.5-onnx-q.
Please make sure you specified the correct `repo_id` and `repo_type`.
If you are trying to access a private or gated repo, make sure you are authenticated and your token has the required permissions.
For more details, see https://huggingface.co/docs/huggingface_hub/authentication
OAuth token signature verification failed: signature verification failed Falling back to other sources.
2026-07-31 11:34:15.831 | ERROR    | fastembed.common.model_management:download_model:469 - Could not download model from either source, sleeping for 9.0 seconds, 1 retries left.
2026-07-31 11:34:24.950 | ERROR    | fastembed.common.model_management:download_model:446 - Could not download model from HuggingFace: 401 Client Error. (Request ID: Root=1-6a6c7a30-7160a0fd126d66de25a631b3;21ce4338-0681-4bd0-8e37-017d626bab3e)

Repository Not Found for url: https://huggingface.co/api/models/qdrant/bge-small-en-v1.5-onnx-q.
Please make sure you specified the correct `repo_id` and `repo_type`.
If you are trying to access a private or gated repo, make sure you are authenticated and your token has the required permissions.
For more details, see https://huggingface.co/docs/huggingface_hub/authentication
OAuth token signature verification failed: signature verification failed Falling back to other sources.
2026-07-31 11:34:24.951 | ERROR    | fastembed.common.model_management:download_model:469 - Could not download model from either source, sleeping for 27.0 seconds, 0 retries left.
Calling Candidate server...
Structured call to Candidate server failed (Error code: 400 - {'error': {'message': 'Provider returned error', 'code': 400, 'metadata': {'raw': '{"error": {"message": "{\\"error\\":{\\"message\\":\\"Conversation roles must alternate user/assistant/user/assistant/...\\",\\"type\\":\\"BadRequestError\\",\\"param\\":null,\\"code\\":400}}", "type": "invalid_request_error", "param": null, "code": 400}}', 'provider_name': 'NextBit', 'is_byok': False, 'provider_error_code': '400'}}, 'user_id': 'user_3GJo0fkBfUnouJ6Q4PCHo7kXw4J'}); retrying unconstrained.
Calling Interviewer server...
Calling Candidate server...
Structured call to Candidate server failed (Error code: 400 - {'error': {'message': 'Provider returned error', 'code': 400, 'metadata': {'raw': '{"error": {"message": "{\\"error\\":{\\"message\\":\\"Conversation roles must alternate user/assistant/user/assistant/...\\",\\"type\\":\\"BadRequestError\\",\\"param\\":null,\\"code\\":400}}", "type": "invalid_request_error", "param": null, "code": 400}}', 'provider_name': 'NextBit', 'is_byok': False, 'provider_error_code': '400'}}, 'user_id': 'user_3GJo0fkBfUnouJ6Q4PCHo7kXw4J'}); retrying unconstrained.
Calling Interviewer server...
Calling Candidate server...
Structured call to Candidate server failed (Error code: 400 - {'error': {'message': 'Provider returned error', 'code': 400, 'metadata': {'raw': '{"error": {"message": "{\\"error\\":{\\"message\\":\\"Conversation roles must alternate user/assistant/user/assistant/...\\",\\"type\\":\\"BadRequestError\\",\\"param\\":null,\\"code\\":400}}", "type": "invalid_request_error", "param": null, "code": 400}}', 'provider_name': 'NextBit', 'is_byok': False, 'provider_error_code': '400'}}, 'user_id': 'user_3GJo0fkBfUnouJ6Q4PCHo7kXw4J'}); retrying unconstrained.
Calling Interviewer server...
Calling Candidate server...
Structured call to Candidate server failed (Error code: 400 - {'error': {'message': 'Provider returned error', 'code': 400, 'metadata': {'raw': '{"error": {"message": "{\\"error\\":{\\"message\\":\\"Conversation roles must alternate user/assistant/user/assistant/...\\",\\"type\\":\\"BadRequestError\\",\\"param\\":null,\\"code\\":400}}", "type": "invalid_request_error", "param": null, "code": 400}}', 'provider_name': 'NextBit', 'is_byok': False, 'provider_error_code': '400'}}, 'user_id': 'user_3GJo0fkBfUnouJ6Q4PCHo7kXw4J'}); retrying unconstrained.
Calling Judge Case Guide Scout server...
Calling Judge server...
Calling Eval Case Performance Scout server...
Calling Eval Dialog Quality Case Guide Scout server...
Calling Eval Dialog Quality server...
[agentic] 11/104 scenario_01_03 (repeat 3/4)
2026-07-31 11:36:57.643 | ERROR    | fastembed.common.model_management:download_model:446 - Could not download model from HuggingFace: 401 Client Error. (Request ID: Root=1-6a6c7ac9-167f56ef0407f6c213c3eff1;e0bc6ce6-c066-4bdc-9aec-022c327908f5)

Repository Not Found for url: https://huggingface.co/api/models/qdrant/bge-small-en-v1.5-onnx-q.
Please make sure you specified the correct `repo_id` and `repo_type`.
If you are trying to access a private or gated repo, make sure you are authenticated and your token has the required permissions.
For more details, see https://huggingface.co/docs/huggingface_hub/authentication
OAuth token signature verification failed: signature verification failed Falling back to other sources.
2026-07-31 11:36:57.643 | ERROR    | fastembed.common.model_management:download_model:469 - Could not download model from either source, sleeping for 3.0 seconds, 2 retries left.
2026-07-31 11:37:00.739 | ERROR    | fastembed.common.model_management:download_model:446 - Could not download model from HuggingFace: 401 Client Error. (Request ID: Root=1-6a6c7acc-2c50add73498c5923a1d0847;dfc1fc1f-b8b1-47b2-b1a1-40af7c5444c8)

Repository Not Found for url: https://huggingface.co/api/models/qdrant/bge-small-en-v1.5-onnx-q.
Please make sure you specified the correct `repo_id` and `repo_type`.
If you are trying to access a private or gated repo, make sure you are authenticated and your token has the required permissions.
For more details, see https://huggingface.co/docs/huggingface_hub/authentication
OAuth token signature verification failed: signature verification failed Falling back to other sources.
2026-07-31 11:37:00.740 | ERROR    | fastembed.common.model_management:download_model:469 - Could not download model from either source, sleeping for 9.0 seconds, 1 retries left.
2026-07-31 11:37:09.855 | ERROR    | fastembed.common.model_management:download_model:446 - Could not download model from HuggingFace: 401 Client Error. (Request ID: Root=1-6a6c7ad5-692aa4ee12651cd35623feff;3300e65f-5607-48cb-af3e-817f503eba72)

Repository Not Found for url: https://huggingface.co/api/models/qdrant/bge-small-en-v1.5-onnx-q.
Please make sure you specified the correct `repo_id` and `repo_type`.
If you are trying to access a private or gated repo, make sure you are authenticated and your token has the required permissions.
For more details, see https://huggingface.co/docs/huggingface_hub/authentication
OAuth token signature verification failed: signature verification failed Falling back to other sources.
2026-07-31 11:37:09.855 | ERROR    | fastembed.common.model_management:download_model:469 - Could not download model from either source, sleeping for 27.0 seconds, 0 retries left.
Calling Candidate server...
Structured call to Candidate server failed (Error code: 400 - {'error': {'message': 'Provider returned error', 'code': 400, 'metadata': {'raw': '{"error": {"message": "{\\"error\\":{\\"message\\":\\"Conversation roles must alternate user/assistant/user/assistant/...\\",\\"type\\":\\"BadRequestError\\",\\"param\\":null,\\"code\\":400}}", "type": "invalid_request_error", "param": null, "code": 400}}', 'provider_name': 'NextBit', 'is_byok': False, 'provider_error_code': '400'}}, 'user_id': 'user_3GJo0fkBfUnouJ6Q4PCHo7kXw4J'}); retrying unconstrained.
Calling Interviewer server...
Calling Candidate server...
Structured call to Candidate server failed (Error code: 400 - {'error': {'message': 'Provider returned error', 'code': 400, 'metadata': {'raw': '{"error": {"message": "{\\"error\\":{\\"message\\":\\"Conversation roles must alternate user/assistant/user/assistant/...\\",\\"type\\":\\"BadRequestError\\",\\"param\\":null,\\"code\\":400}}", "type": "invalid_request_error", "param": null, "code": 400}}', 'provider_name': 'NextBit', 'is_byok': False, 'provider_error_code': '400'}}, 'user_id': 'user_3GJo0fkBfUnouJ6Q4PCHo7kXw4J'}); retrying unconstrained.
Calling Interviewer server...
Calling Candidate server...
Structured call to Candidate server failed (Error code: 400 - {'error': {'message': 'Provider returned error', 'code': 400, 'metadata': {'raw': '{"error": {"message": "{\\"error\\":{\\"message\\":\\"Conversation roles must alternate user/assistant/user/assistant/...\\",\\"type\\":\\"BadRequestError\\",\\"param\\":null,\\"code\\":400}}", "type": "invalid_request_error", "param": null, "code": 400}}', 'provider_name': 'NextBit', 'is_byok': False, 'provider_error_code': '400'}}, 'user_id': 'user_3GJo0fkBfUnouJ6Q4PCHo7kXw4J'}); retrying unconstrained.
Calling Interviewer server...
Calling Candidate server...
Structured call to Candidate server failed (Error code: 400 - {'error': {'message': 'Provider returned error', 'code': 400, 'metadata': {'raw': '{"error": {"message": "{\\"error\\":{\\"message\\":\\"Conversation roles must alternate user/assistant/user/assistant/...\\",\\"type\\":\\"BadRequestError\\",\\"param\\":null,\\"code\\":400}}", "type": "invalid_request_error", "param": null, "code": 400}}', 'provider_name': 'NextBit', 'is_byok': False, 'provider_error_code': '400'}}, 'user_id': 'user_3GJo0fkBfUnouJ6Q4PCHo7kXw4J'}); retrying unconstrained.
Calling Judge Case Guide Scout server...
Calling Judge server...
Calling Interviewer server...
Calling Candidate server...
Structured call to Candidate server failed (Error code: 400 - {'error': {'message': 'Provider returned error', 'code': 400, 'metadata': {'raw': '{"error": {"message": "{\\"error\\":{\\"message\\":\\"Conversation roles must alternate user/assistant/user/assistant/...\\",\\"type\\":\\"BadRequestError\\",\\"param\\":null,\\"code\\":400}}", "type": "invalid_request_error", "param": null, "code": 400}}', 'provider_name': 'NextBit', 'is_byok': False, 'provider_error_code': '400'}}, 'user_id': 'user_3GJo0fkBfUnouJ6Q4PCHo7kXw4J'}); retrying unconstrained.
Calling Interviewer server...
Calling Candidate server...
Structured call to Candidate server failed (Error code: 400 - {'error': {'message': 'Provider returned error', 'code': 400, 'metadata': {'raw': '{"error": {"message": "{\\"error\\":{\\"message\\":\\"Conversation roles must alternate user/assistant/user/assistant/...\\",\\"type\\":\\"BadRequestError\\",\\"param\\":null,\\"code\\":400}}", "type": "invalid_request_error", "param": null, "code": 400}}', 'provider_name': 'NextBit', 'is_byok': False, 'provider_error_code': '400'}}, 'user_id': 'user_3GJo0fkBfUnouJ6Q4PCHo7kXw4J'}); retrying unconstrained.
Calling Interviewer server...
Calling Candidate server...
Structured call to Candidate server failed (Error code: 400 - {'error': {'message': 'Provider returned error', 'code': 400, 'metadata': {'raw': '{"error": {"message": "{\\"error\\":{\\"message\\":\\"Conversation roles must alternate user/assistant/user/assistant/...\\",\\"type\\":\\"BadRequestError\\",\\"param\\":null,\\"code\\":400}}", "type": "invalid_request_error", "param": null, "code": 400}}', 'provider_name': 'NextBit', 'is_byok': False, 'provider_error_code': '400'}}, 'user_id': 'user_3GJo0fkBfUnouJ6Q4PCHo7kXw4J'}); retrying unconstrained.
Calling Interviewer server...
Calling Candidate server...
Structured call to Candidate server failed (Error code: 400 - {'error': {'message': 'Provider returned error', 'code': 400, 'metadata': {'raw': '{"error": {"message": "{\\"error\\":{\\"message\\":\\"Conversation roles must alternate user/assistant/user/assistant/...\\",\\"type\\":\\"BadRequestError\\",\\"param\\":null,\\"code\\":400}}", "type": "invalid_request_error", "param": null, "code": 400}}', 'provider_name': 'NextBit', 'is_byok': False, 'provider_error_code': '400'}}, 'user_id': 'user_3GJo0fkBfUnouJ6Q4PCHo7kXw4J'}); retrying unconstrained.
Calling Judge Case Guide Scout server...
Calling Judge server...
Calling Eval Case Performance Scout server...
Calling Eval Dialog Quality Case Guide Scout server...
RAG being used, consulting ConsultingCaseGuide-PPML.pdf file
Calling Eval Dialog Quality server...
[agentic] 12/104 scenario_01_03 (repeat 4/4)
2026-07-31 11:39:23.395 | ERROR    | fastembed.common.model_management:download_model:446 - Could not download model from HuggingFace: 401 Client Error. (Request ID: Root=1-6a6c7b5b-47b527657c43318014d306c8;9a4ed3b5-5bf8-41f2-be01-0fc3c6891992)

Repository Not Found for url: https://huggingface.co/api/models/qdrant/bge-small-en-v1.5-onnx-q.
Please make sure you specified the correct `repo_id` and `repo_type`.
If you are trying to access a private or gated repo, make sure you are authenticated and your token has the required permissions.
For more details, see https://huggingface.co/docs/huggingface_hub/authentication
OAuth token signature verification failed: signature verification failed Falling back to other sources.
2026-07-31 11:39:23.395 | ERROR    | fastembed.common.model_management:download_model:469 - Could not download model from either source, sleeping for 3.0 seconds, 2 retries left.
2026-07-31 11:39:26.491 | ERROR    | fastembed.common.model_management:download_model:446 - Could not download model from HuggingFace: 401 Client Error. (Request ID: Root=1-6a6c7b5e-55f82afc6653f295515e2861;518a135d-87ae-4335-bcbb-6f504f688dc5)

Repository Not Found for url: https://huggingface.co/api/models/qdrant/bge-small-en-v1.5-onnx-q.
Please make sure you specified the correct `repo_id` and `repo_type`.
If you are trying to access a private or gated repo, make sure you are authenticated and your token has the required permissions.
For more details, see https://huggingface.co/docs/huggingface_hub/authentication
OAuth token signature verification failed: signature verification failed Falling back to other sources.
2026-07-31 11:39:26.491 | ERROR    | fastembed.common.model_management:download_model:469 - Could not download model from either source, sleeping for 9.0 seconds, 1 retries left.
2026-07-31 11:39:35.608 | ERROR    | fastembed.common.model_management:download_model:446 - Could not download model from HuggingFace: 401 Client Error. (Request ID: Root=1-6a6c7b67-216ae39a0916826d6ed521f5;b207b35b-ef7b-4954-be54-dfd66d1696b5)

Repository Not Found for url: https://huggingface.co/api/models/qdrant/bge-small-en-v1.5-onnx-q.
Please make sure you specified the correct `repo_id` and `repo_type`.
If you are trying to access a private or gated repo, make sure you are authenticated and your token has the required permissions.
For more details, see https://huggingface.co/docs/huggingface_hub/authentication
OAuth token signature verification failed: signature verification failed Falling back to other sources.
2026-07-31 11:39:35.608 | ERROR    | fastembed.common.model_management:download_model:469 - Could not download model from either source, sleeping for 27.0 seconds, 0 retries left.
Calling Candidate server...
Structured call to Candidate server failed (Error code: 400 - {'error': {'message': 'Provider returned error', 'code': 400, 'metadata': {'raw': '{"error": {"message": "{\\"error\\":{\\"message\\":\\"Conversation roles must alternate user/assistant/user/assistant/...\\",\\"type\\":\\"BadRequestError\\",\\"param\\":null,\\"code\\":400}}", "type": "invalid_request_error", "param": null, "code": 400}}', 'provider_name': 'NextBit', 'is_byok': False, 'provider_error_code': '400'}}, 'user_id': 'user_3GJo0fkBfUnouJ6Q4PCHo7kXw4J'}); retrying unconstrained.
Calling Interviewer server...
Calling Candidate server...
Structured call to Candidate server failed (Error code: 400 - {'error': {'message': 'Provider returned error', 'code': 400, 'metadata': {'raw': '{"error": {"message": "{\\"error\\":{\\"message\\":\\"Conversation roles must alternate user/assistant/user/assistant/...\\",\\"type\\":\\"BadRequestError\\",\\"param\\":null,\\"code\\":400}}", "type": "invalid_request_error", "param": null, "code": 400}}', 'provider_name': 'NextBit', 'is_byok': False, 'provider_error_code': '400'}}, 'user_id': 'user_3GJo0fkBfUnouJ6Q4PCHo7kXw4J'}); retrying unconstrained.
Calling Interviewer server...
Calling Candidate server...
Structured call to Candidate server failed (Error code: 400 - {'error': {'message': 'Provider returned error', 'code': 400, 'metadata': {'raw': '{"error": {"message": "{\\"error\\":{\\"message\\":\\"Conversation roles must alternate user/assistant/user/assistant/...\\",\\"type\\":\\"BadRequestError\\",\\"param\\":null,\\"code\\":400}}", "type": "invalid_request_error", "param": null, "code": 400}}', 'provider_name': 'NextBit', 'is_byok': False, 'provider_error_code': '400'}}, 'user_id': 'user_3GJo0fkBfUnouJ6Q4PCHo7kXw4J'}); retrying unconstrained.
Calling Interviewer server...
Calling Candidate server...
Structured call to Candidate server failed (Error code: 400 - {'error': {'message': 'Provider returned error', 'code': 400, 'metadata': {'raw': '{"error": {"message": "{\\"error\\":{\\"message\\":\\"Conversation roles must alternate user/assistant/user/assistant/...\\",\\"type\\":\\"BadRequestError\\",\\"param\\":null,\\"code\\":400}}", "type": "invalid_request_error", "param": null, "code": 400}}', 'provider_name': 'NextBit', 'is_byok': False, 'provider_error_code': '400'}}, 'user_id': 'user_3GJo0fkBfUnouJ6Q4PCHo7kXw4J'}); retrying unconstrained.
Calling Judge Case Guide Scout server...
Calling Judge server...
Calling Interviewer server...
Calling Candidate server...
Structured call to Candidate server failed (Error code: 400 - {'error': {'message': 'Provider returned error', 'code': 400, 'metadata': {'raw': '{"error": {"message": "{\\"error\\":{\\"message\\":\\"Conversation roles must alternate user/assistant/user/assistant/...\\",\\"type\\":\\"BadRequestError\\",\\"param\\":null,\\"code\\":400}}", "type": "invalid_request_error", "param": null, "code": 400}}', 'provider_name': 'NextBit', 'is_byok': False, 'provider_error_code': '400'}}, 'user_id': 'user_3GJo0fkBfUnouJ6Q4PCHo7kXw4J'}); retrying unconstrained.
Calling Interviewer server...
Calling Candidate server...
Structured call to Candidate server failed (Error code: 400 - {'error': {'message': 'Provider returned error', 'code': 400, 'metadata': {'raw': '{"error": {"message": "{\\"error\\":{\\"message\\":\\"Conversation roles must alternate user/assistant/user/assistant/...\\",\\"type\\":\\"BadRequestError\\",\\"param\\":null,\\"code\\":400}}", "type": "invalid_request_error", "param": null, "code": 400}}', 'provider_name': 'NextBit', 'is_byok': False, 'provider_error_code': '400'}}, 'user_id': 'user_3GJo0fkBfUnouJ6Q4PCHo7kXw4J'}); retrying unconstrained.
Calling Interviewer server...
Calling Candidate server...
Structured call to Candidate server failed (Error code: 400 - {'error': {'message': 'Provider returned error', 'code': 400, 'metadata': {'raw': '{"error": {"message": "{\\"error\\":{\\"message\\":\\"Conversation roles must alternate user/assistant/user/assistant/...\\",\\"type\\":\\"BadRequestError\\",\\"param\\":null,\\"code\\":400}}", "type": "invalid_request_error", "param": null, "code": 400}}', 'provider_name': 'NextBit', 'is_byok': False, 'provider_error_code': '400'}}, 'user_id': 'user_3GJo0fkBfUnouJ6Q4PCHo7kXw4J'}); retrying unconstrained.
Calling Interviewer server...
Calling Candidate server...
Structured call to Candidate server failed (Error code: 400 - {'error': {'message': 'Provider returned error', 'code': 400, 'metadata': {'raw': '{"error": {"message": "{\\"error\\":{\\"message\\":\\"Conversation roles must alternate user/assistant/user/assistant/...\\",\\"type\\":\\"BadRequestError\\",\\"param\\":null,\\"code\\":400}}", "type": "invalid_request_error", "param": null, "code": 400}}', 'provider_name': 'NextBit', 'is_byok': False, 'provider_error_code': '400'}}, 'user_id': 'user_3GJo0fkBfUnouJ6Q4PCHo7kXw4J'}); retrying unconstrained.
Calling Judge Case Guide Scout server...
Calling Judge server...
Calling Eval Case Performance Scout server...
Calling Eval Dialog Quality Case Guide Scout server...
Calling Eval Dialog Quality server...
RAG being used, consulting ConsultingCaseGuide-PPML.pdf file
[agentic] 13/104 scenario_01_04 (repeat 1/4)
Calling Candidate server...
Structured call to Candidate server failed (Error code: 400 - {'error': {'message': 'Provider returned error', 'code': 400, 'metadata': {'raw': '{"error": {"message": "{\\"error\\":{\\"message\\":\\"Conversation roles must alternate user/assistant/user/assistant/...\\",\\"type\\":\\"BadRequestError\\",\\"param\\":null,\\"code\\":400}}", "type": "invalid_request_error", "param": null, "code": 400}}', 'provider_name': 'NextBit', 'is_byok': False, 'provider_error_code': '400'}}, 'user_id': 'user_3GJo0fkBfUnouJ6Q4PCHo7kXw4J'}); retrying unconstrained.
Calling Interviewer server...
Calling Candidate server...
Structured call to Candidate server failed (Error code: 400 - {'error': {'message': 'Provider returned error', 'code': 400, 'metadata': {'raw': '{"error": {"message": "{\\"error\\":{\\"message\\":\\"Conversation roles must alternate user/assistant/user/assistant/...\\",\\"type\\":\\"BadRequestError\\",\\"param\\":null,\\"code\\":400}}", "type": "invalid_request_error", "param": null, "code": 400}}', 'provider_name': 'NextBit', 'is_byok': False, 'provider_error_code': '400'}}, 'user_id': 'user_3GJo0fkBfUnouJ6Q4PCHo7kXw4J'}); retrying unconstrained.
Calling Interviewer server...
Calling Candidate server...
Structured call to Candidate server failed (Error code: 400 - {'error': {'message': 'Provider returned error', 'code': 400, 'metadata': {'raw': '{"error": {"message": "{\\"error\\":{\\"message\\":\\"Conversation roles must alternate user/assistant/user/assistant/...\\",\\"type\\":\\"BadRequestError\\",\\"param\\":null,\\"code\\":400}}", "type": "invalid_request_error", "param": null, "code": 400}}', 'provider_name': 'NextBit', 'is_byok': False, 'provider_error_code': '400'}}, 'user_id': 'user_3GJo0fkBfUnouJ6Q4PCHo7kXw4J'}); retrying unconstrained.
Calling Interviewer server...
Calling Candidate server...
Structured call to Candidate server failed (Error code: 400 - {'error': {'message': 'Provider returned error', 'code': 400, 'metadata': {'raw': '{"error": {"message": "{\\"error\\":{\\"message\\":\\"Conversation roles must alternate user/assistant/user/assistant/...\\",\\"type\\":\\"BadRequestError\\",\\"param\\":null,\\"code\\":400}}", "type": "invalid_request_error", "param": null, "code": 400}}', 'provider_name': 'NextBit', 'is_byok': False, 'provider_error_code': '400'}}, 'user_id': 'user_3GJo0fkBfUnouJ6Q4PCHo7kXw4J'}); retrying unconstrained.
Calling Judge Case Guide Scout server...
Calling Judge server...
Calling Interviewer server...
Calling Candidate server...
Structured call to Candidate server failed (Error code: 400 - {'error': {'message': 'Provider returned error', 'code': 400, 'metadata': {'raw': '{"error": {"message": "{\\"error\\":{\\"message\\":\\"Conversation roles must alternate user/assistant/user/assistant/...\\",\\"type\\":\\"BadRequestError\\",\\"param\\":null,\\"code\\":400}}", "type": "invalid_request_error", "param": null, "code": 400}}', 'provider_name': 'NextBit', 'is_byok': False, 'provider_error_code': '400'}}, 'user_id': 'user_3GJo0fkBfUnouJ6Q4PCHo7kXw4J'}); retrying unconstrained.
Calling Interviewer server...
Calling Candidate server...
Structured call to Candidate server failed (Error code: 400 - {'error': {'message': 'Provider returned error', 'code': 400, 'metadata': {'raw': '{"error": {"message": "{\\"error\\":{\\"message\\":\\"Conversation roles must alternate user/assistant/user/assistant/...\\",\\"type\\":\\"BadRequestError\\",\\"param\\":null,\\"code\\":400}}", "type": "invalid_request_error", "param": null, "code": 400}}', 'provider_name': 'NextBit', 'is_byok': False, 'provider_error_code': '400'}}, 'user_id': 'user_3GJo0fkBfUnouJ6Q4PCHo7kXw4J'}); retrying unconstrained.
Calling Interviewer server...
Calling Candidate server...
Structured call to Candidate server failed (Error code: 400 - {'error': {'message': 'Provider returned error', 'code': 400, 'metadata': {'raw': '{"error": {"message": "{\\"error\\":{\\"message\\":\\"Conversation roles must alternate user/assistant/user/assistant/...\\",\\"type\\":\\"BadRequestError\\",\\"param\\":null,\\"code\\":400}}", "type": "invalid_request_error", "param": null, "code": 400}}', 'provider_name': 'NextBit', 'is_byok': False, 'provider_error_code': '400'}}, 'user_id': 'user_3GJo0fkBfUnouJ6Q4PCHo7kXw4J'}); retrying unconstrained.
Calling Interviewer server...
Calling Candidate server...
Structured call to Candidate server failed (Error code: 400 - {'error': {'message': 'Provider returned error', 'code': 400, 'metadata': {'raw': '{"error": {"message": "{\\"error\\":{\\"message\\":\\"Conversation roles must alternate user/assistant/user/assistant/...\\",\\"type\\":\\"BadRequestError\\",\\"param\\":null,\\"code\\":400}}", "type": "invalid_request_error", "param": null, "code": 400}}', 'provider_name': 'NextBit', 'is_byok': False, 'provider_error_code': '400'}}, 'user_id': 'user_3GJo0fkBfUnouJ6Q4PCHo7kXw4J'}); retrying unconstrained.
Calling Judge Case Guide Scout server...
Structured call to Judge Case Guide Scout server failed (Error code: 429 - {'error': {'message': 'Provider returned error', 'code': 429, 'metadata': {'raw': 'qwen/qwen-2.5-72b-instruct is temporarily rate-limited upstream. Please retry shortly, or add your own key to accumulate your rate limits: https://openrouter.ai/settings/integrations', 'provider_name': 'DeepInfra', 'is_byok': False, 'provider_error_code': 'engine_overloaded', 'limit_source': 'upstream_provider_shared_pool', 'remedy_hint': 'Retry shortly, add your own provider key (https://openrouter.ai/settings/integrations), or route to another provider with provider routing: https://openrouter.ai/docs/features/provider-routing'}}, 'user_id': 'user_3GJo0fkBfUnouJ6Q4PCHo7kXw4J'}); retrying unconstrained.
Error calling Judge Case Guide Scout server: Error code: 400 - {'error': {'message': 'Provider returned error', 'code': 400, 'metadata': {'raw': '{"code":400, "reason":"INVALID_REQUEST_BODY", "message":"model: qwen/qwen-2.5-72b-instruct does not support endpoint: completions", "metadata":{}}', 'provider_name': 'Novita', 'is_byok': False, 'previous_errors': [{'code': 429, 'message': 'Provider returned error', 'provider_name': 'DeepInfra', 'raw': 'qwen/qwen-2.5-72b-instruct is temporarily rate-limited upstream. Please retry shortly, or add your own key to accumulate your rate limits: https://openrouter.ai/settings/integrations'}]}}, 'user_id': 'user_3GJo0fkBfUnouJ6Q4PCHo7kXw4J'}
[agentic] 14/104 scenario_01_04 (repeat 2/4)
2026-07-31 11:43:48.861 | ERROR    | fastembed.common.model_management:download_model:446 - Could not download model from HuggingFace: 401 Client Error. (Request ID: Root=1-6a6c7c64-4b51e82e2eed245e7c5cbe3e;c9d681e9-56b7-4e17-bf2a-d0e35f017652)

Repository Not Found for url: https://huggingface.co/api/models/qdrant/bge-small-en-v1.5-onnx-q.
Please make sure you specified the correct `repo_id` and `repo_type`.
If you are trying to access a private or gated repo, make sure you are authenticated and your token has the required permissions.
For more details, see https://huggingface.co/docs/huggingface_hub/authentication
OAuth token signature verification failed: signature verification failed Falling back to other sources.
2026-07-31 11:43:48.861 | ERROR    | fastembed.common.model_management:download_model:469 - Could not download model from either source, sleeping for 3.0 seconds, 2 retries left.
2026-07-31 11:43:51.956 | ERROR    | fastembed.common.model_management:download_model:446 - Could not download model from HuggingFace: 401 Client Error. (Request ID: Root=1-6a6c7c67-7b9f1dcd1d39ba61402e5c53;23a44962-8d95-4e29-80d4-f8dd485b4344)

Repository Not Found for url: https://huggingface.co/api/models/qdrant/bge-small-en-v1.5-onnx-q.
Please make sure you specified the correct `repo_id` and `repo_type`.
If you are trying to access a private or gated repo, make sure you are authenticated and your token has the required permissions.
For more details, see https://huggingface.co/docs/huggingface_hub/authentication
OAuth token signature verification failed: signature verification failed Falling back to other sources.
2026-07-31 11:43:51.957 | ERROR    | fastembed.common.model_management:download_model:469 - Could not download model from either source, sleeping for 9.0 seconds, 1 retries left.
2026-07-31 11:44:01.076 | ERROR    | fastembed.common.model_management:download_model:446 - Could not download model from HuggingFace: 401 Client Error. (Request ID: Root=1-6a6c7c71-00075c22776cc8637e64d14f;3488da21-5117-4659-a788-aec01840b422)

Repository Not Found for url: https://huggingface.co/api/models/qdrant/bge-small-en-v1.5-onnx-q.
Please make sure you specified the correct `repo_id` and `repo_type`.
If you are trying to access a private or gated repo, make sure you are authenticated and your token has the required permissions.
For more details, see https://huggingface.co/docs/huggingface_hub/authentication
OAuth token signature verification failed: signature verification failed Falling back to other sources.
2026-07-31 11:44:01.076 | ERROR    | fastembed.common.model_management:download_model:469 - Could not download model from either source, sleeping for 27.0 seconds, 0 retries left.
Calling Candidate server...
Structured call to Candidate server failed (Error code: 400 - {'error': {'message': 'Provider returned error', 'code': 400, 'metadata': {'raw': '{"error": {"message": "{\\"error\\":{\\"message\\":\\"Conversation roles must alternate user/assistant/user/assistant/...\\",\\"type\\":\\"BadRequestError\\",\\"param\\":null,\\"code\\":400}}", "type": "invalid_request_error", "param": null, "code": 400}}', 'provider_name': 'NextBit', 'is_byok': False, 'provider_error_code': '400'}}, 'user_id': 'user_3GJo0fkBfUnouJ6Q4PCHo7kXw4J'}); retrying unconstrained.
Calling Interviewer server...
Calling Candidate server...
Structured call to Candidate server failed (Error code: 400 - {'error': {'message': 'Provider returned error', 'code': 400, 'metadata': {'raw': '{"error": {"message": "{\\"error\\":{\\"message\\":\\"Conversation roles must alternate user/assistant/user/assistant/...\\",\\"type\\":\\"BadRequestError\\",\\"param\\":null,\\"code\\":400}}", "type": "invalid_request_error", "param": null, "code": 400}}', 'provider_name': 'NextBit', 'is_byok': False, 'provider_error_code': '400'}}, 'user_id': 'user_3GJo0fkBfUnouJ6Q4PCHo7kXw4J'}); retrying unconstrained.
Calling Interviewer server...
Calling Candidate server...
Structured call to Candidate server failed (Error code: 400 - {'error': {'message': 'Provider returned error', 'code': 400, 'metadata': {'raw': '{"error": {"message": "{\\"error\\":{\\"message\\":\\"Conversation roles must alternate user/assistant/user/assistant/...\\",\\"type\\":\\"BadRequestError\\",\\"param\\":null,\\"code\\":400}}", "type": "invalid_request_error", "param": null, "code": 400}}', 'provider_name': 'NextBit', 'is_byok': False, 'provider_error_code': '400'}}, 'user_id': 'user_3GJo0fkBfUnouJ6Q4PCHo7kXw4J'}); retrying unconstrained.
Calling Interviewer server...
Calling Candidate server...
Structured call to Candidate server failed (Error code: 400 - {'error': {'message': 'Provider returned error', 'code': 400, 'metadata': {'raw': '{"error": {"message": "{\\"error\\":{\\"message\\":\\"Conversation roles must alternate user/assistant/user/assistant/...\\",\\"type\\":\\"BadRequestError\\",\\"param\\":null,\\"code\\":400}}", "type": "invalid_request_error", "param": null, "code": 400}}', 'provider_name': 'NextBit', 'is_byok': False, 'provider_error_code': '400'}}, 'user_id': 'user_3GJo0fkBfUnouJ6Q4PCHo7kXw4J'}); retrying unconstrained.
Calling Judge Case Guide Scout server...
Calling Judge server...
Calling Interviewer server...
Calling Candidate server...
Structured call to Candidate server failed (Error code: 400 - {'error': {'message': 'Provider returned error', 'code': 400, 'metadata': {'raw': '{"error": {"message": "{\\"error\\":{\\"message\\":\\"Conversation roles must alternate user/assistant/user/assistant/...\\",\\"type\\":\\"BadRequestError\\",\\"param\\":null,\\"code\\":400}}", "type": "invalid_request_error", "param": null, "code": 400}}', 'provider_name': 'NextBit', 'is_byok': False, 'provider_error_code': '400'}}, 'user_id': 'user_3GJo0fkBfUnouJ6Q4PCHo7kXw4J'}); retrying unconstrained.
Calling Interviewer server...
Calling Candidate server...
Structured call to Candidate server failed (Error code: 400 - {'error': {'message': 'Provider returned error', 'code': 400, 'metadata': {'raw': '{"error": {"message": "{\\"error\\":{\\"message\\":\\"Conversation roles must alternate user/assistant/user/assistant/...\\",\\"type\\":\\"BadRequestError\\",\\"param\\":null,\\"code\\":400}}", "type": "invalid_request_error", "param": null, "code": 400}}', 'provider_name': 'NextBit', 'is_byok': False, 'provider_error_code': '400'}}, 'user_id': 'user_3GJo0fkBfUnouJ6Q4PCHo7kXw4J'}); retrying unconstrained.
Calling Interviewer server...
Calling Candidate server...
Structured call to Candidate server failed (Error code: 400 - {'error': {'message': 'Provider returned error', 'code': 400, 'metadata': {'raw': '{"error": {"message": "{\\"error\\":{\\"message\\":\\"Conversation roles must alternate user/assistant/user/assistant/...\\",\\"type\\":\\"BadRequestError\\",\\"param\\":null,\\"code\\":400}}", "type": "invalid_request_error", "param": null, "code": 400}}', 'provider_name': 'NextBit', 'is_byok': False, 'provider_error_code': '400'}}, 'user_id': 'user_3GJo0fkBfUnouJ6Q4PCHo7kXw4J'}); retrying unconstrained.
Calling Interviewer server...
Calling Candidate server...
Structured call to Candidate server failed (Error code: 400 - {'error': {'message': 'Provider returned error', 'code': 400, 'metadata': {'raw': '{"error": {"message": "{\\"error\\":{\\"message\\":\\"Conversation roles must alternate user/assistant/user/assistant/...\\",\\"type\\":\\"BadRequestError\\",\\"param\\":null,\\"code\\":400}}", "type": "invalid_request_error", "param": null, "code": 400}}', 'provider_name': 'NextBit', 'is_byok': False, 'provider_error_code': '400'}}, 'user_id': 'user_3GJo0fkBfUnouJ6Q4PCHo7kXw4J'}); retrying unconstrained.
Calling Judge Case Guide Scout server...
Calling Judge server...
Calling Eval Dialog Quality Case Guide Scout server...
Calling Eval Case Performance Scout server...
Calling Eval Dialog Quality server...
[agentic] 15/104 scenario_01_04 (repeat 3/4)
2026-07-31 11:46:14.260 | ERROR    | fastembed.common.model_management:download_model:446 - Could not download model from HuggingFace: 401 Client Error. (Request ID: Root=1-6a6c7cf6-4ddc111702dd55f34eec3418;cc6459f2-3bdb-4c58-9eb3-5e83453a2fd4)

Repository Not Found for url: https://huggingface.co/api/models/qdrant/bge-small-en-v1.5-onnx-q.
Please make sure you specified the correct `repo_id` and `repo_type`.
If you are trying to access a private or gated repo, make sure you are authenticated and your token has the required permissions.
For more details, see https://huggingface.co/docs/huggingface_hub/authentication
OAuth token signature verification failed: signature verification failed Falling back to other sources.
2026-07-31 11:46:14.260 | ERROR    | fastembed.common.model_management:download_model:469 - Could not download model from either source, sleeping for 3.0 seconds, 2 retries left.
2026-07-31 11:46:17.355 | ERROR    | fastembed.common.model_management:download_model:446 - Could not download model from HuggingFace: 401 Client Error. (Request ID: Root=1-6a6c7cf9-338f36d64d9d744815e512ee;2565d3ab-a16e-4c97-bd28-ae6856869fdf)

Repository Not Found for url: https://huggingface.co/api/models/qdrant/bge-small-en-v1.5-onnx-q.
Please make sure you specified the correct `repo_id` and `repo_type`.
If you are trying to access a private or gated repo, make sure you are authenticated and your token has the required permissions.
For more details, see https://huggingface.co/docs/huggingface_hub/authentication
OAuth token signature verification failed: signature verification failed Falling back to other sources.
2026-07-31 11:46:17.356 | ERROR    | fastembed.common.model_management:download_model:469 - Could not download model from either source, sleeping for 9.0 seconds, 1 retries left.
2026-07-31 11:46:26.473 | ERROR    | fastembed.common.model_management:download_model:446 - Could not download model from HuggingFace: 401 Client Error. (Request ID: Root=1-6a6c7d02-75b5b74a413e166e688f70c0;a59bd4a2-aae4-434f-b6fc-cfc0816bf790)

Repository Not Found for url: https://huggingface.co/api/models/qdrant/bge-small-en-v1.5-onnx-q.
Please make sure you specified the correct `repo_id` and `repo_type`.
If you are trying to access a private or gated repo, make sure you are authenticated and your token has the required permissions.
For more details, see https://huggingface.co/docs/huggingface_hub/authentication
OAuth token signature verification failed: signature verification failed Falling back to other sources.
2026-07-31 11:46:26.474 | ERROR    | fastembed.common.model_management:download_model:469 - Could not download model from either source, sleeping for 27.0 seconds, 0 retries left.
Calling Candidate server...
Structured call to Candidate server failed (Error code: 400 - {'error': {'message': 'Provider returned error', 'code': 400, 'metadata': {'raw': '{"error": {"message": "{\\"error\\":{\\"message\\":\\"Conversation roles must alternate user/assistant/user/assistant/...\\",\\"type\\":\\"BadRequestError\\",\\"param\\":null,\\"code\\":400}}", "type": "invalid_request_error", "param": null, "code": 400}}', 'provider_name': 'NextBit', 'is_byok': False, 'provider_error_code': '400'}}, 'user_id': 'user_3GJo0fkBfUnouJ6Q4PCHo7kXw4J'}); retrying unconstrained.
Calling Interviewer server...
Calling Candidate server...
Structured call to Candidate server failed (Error code: 400 - {'error': {'message': 'Provider returned error', 'code': 400, 'metadata': {'raw': '{"error": {"message": "{\\"error\\":{\\"message\\":\\"Conversation roles must alternate user/assistant/user/assistant/...\\",\\"type\\":\\"BadRequestError\\",\\"param\\":null,\\"code\\":400}}", "type": "invalid_request_error", "param": null, "code": 400}}', 'provider_name': 'NextBit', 'is_byok': False, 'provider_error_code': '400'}}, 'user_id': 'user_3GJo0fkBfUnouJ6Q4PCHo7kXw4J'}); retrying unconstrained.
Calling Interviewer server...
Calling Candidate server...
Structured call to Candidate server failed (Error code: 400 - {'error': {'message': 'Provider returned error', 'code': 400, 'metadata': {'raw': '{"error": {"message": "{\\"error\\":{\\"message\\":\\"Conversation roles must alternate user/assistant/user/assistant/...\\",\\"type\\":\\"BadRequestError\\",\\"param\\":null,\\"code\\":400}}", "type": "invalid_request_error", "param": null, "code": 400}}', 'provider_name': 'NextBit', 'is_byok': False, 'provider_error_code': '400'}}, 'user_id': 'user_3GJo0fkBfUnouJ6Q4PCHo7kXw4J'}); retrying unconstrained.
Calling Interviewer server...
Calling Candidate server...
Structured call to Candidate server failed (Error code: 400 - {'error': {'message': 'Provider returned error', 'code': 400, 'metadata': {'raw': '{"error": {"message": "{\\"error\\":{\\"message\\":\\"Conversation roles must alternate user/assistant/user/assistant/...\\",\\"type\\":\\"BadRequestError\\",\\"param\\":null,\\"code\\":400}}", "type": "invalid_request_error", "param": null, "code": 400}}', 'provider_name': 'NextBit', 'is_byok': False, 'provider_error_code': '400'}}, 'user_id': 'user_3GJo0fkBfUnouJ6Q4PCHo7kXw4J'}); retrying unconstrained.
Calling Judge Case Guide Scout server...
Calling Judge server...
Calling Interviewer server...
Calling Candidate server...
Structured call to Candidate server failed (Error code: 400 - {'error': {'message': 'Provider returned error', 'code': 400, 'metadata': {'raw': '{"error": {"message": "{\\"error\\":{\\"message\\":\\"Conversation roles must alternate user/assistant/user/assistant/...\\",\\"type\\":\\"BadRequestError\\",\\"param\\":null,\\"code\\":400}}", "type": "invalid_request_error", "param": null, "code": 400}}', 'provider_name': 'NextBit', 'is_byok': False, 'provider_error_code': '400'}}, 'user_id': 'user_3GJo0fkBfUnouJ6Q4PCHo7kXw4J'}); retrying unconstrained.
Calling Interviewer server...
Calling Candidate server...
Structured call to Candidate server failed (Error code: 400 - {'error': {'message': 'Provider returned error', 'code': 400, 'metadata': {'raw': '{"error": {"message": "{\\"error\\":{\\"message\\":\\"Conversation roles must alternate user/assistant/user/assistant/...\\",\\"type\\":\\"BadRequestError\\",\\"param\\":null,\\"code\\":400}}", "type": "invalid_request_error", "param": null, "code": 400}}', 'provider_name': 'NextBit', 'is_byok': False, 'provider_error_code': '400'}}, 'user_id': 'user_3GJo0fkBfUnouJ6Q4PCHo7kXw4J'}); retrying unconstrained.
Calling Interviewer server...
Calling Candidate server...
Structured call to Candidate server failed (Error code: 400 - {'error': {'message': 'Provider returned error', 'code': 400, 'metadata': {'raw': '{"error": {"message": "{\\"error\\":{\\"message\\":\\"Conversation roles must alternate user/assistant/user/assistant/...\\",\\"type\\":\\"BadRequestError\\",\\"param\\":null,\\"code\\":400}}", "type": "invalid_request_error", "param": null, "code": 400}}', 'provider_name': 'NextBit', 'is_byok': False, 'provider_error_code': '400'}}, 'user_id': 'user_3GJo0fkBfUnouJ6Q4PCHo7kXw4J'}); retrying unconstrained.
Calling Interviewer server...
Calling Candidate server...
Structured call to Candidate server failed (Error code: 400 - {'error': {'message': 'Provider returned error', 'code': 400, 'metadata': {'raw': '{"error": {"message": "{\\"error\\":{\\"message\\":\\"Conversation roles must alternate user/assistant/user/assistant/...\\",\\"type\\":\\"BadRequestError\\",\\"param\\":null,\\"code\\":400}}", "type": "invalid_request_error", "param": null, "code": 400}}', 'provider_name': 'NextBit', 'is_byok': False, 'provider_error_code': '400'}}, 'user_id': 'user_3GJo0fkBfUnouJ6Q4PCHo7kXw4J'}); retrying unconstrained.
Calling Judge Case Guide Scout server...
Calling Judge server...
Calling Eval Case Performance Scout server...
Calling Eval Dialog Quality Case Guide Scout server...
Calling Eval Dialog Quality server...
RAG being used, consulting ConsultingCaseGuide-PPML.pdf file
[agentic] 16/104 scenario_01_04 (repeat 4/4)
2026-07-31 11:47:48.381 | ERROR    | fastembed.common.model_management:download_model:446 - Could not download model from HuggingFace: 401 Client Error. (Request ID: Root=1-6a6c7d54-2364f32d5e19f1695d7851d4;23ddeed7-ac7a-4154-a784-0e069b1cca85)

Repository Not Found for url: https://huggingface.co/api/models/qdrant/bge-small-en-v1.5-onnx-q.
Please make sure you specified the correct `repo_id` and `repo_type`.
If you are trying to access a private or gated repo, make sure you are authenticated and your token has the required permissions.
For more details, see https://huggingface.co/docs/huggingface_hub/authentication
OAuth token signature verification failed: signature verification failed Falling back to other sources.
2026-07-31 11:47:48.382 | ERROR    | fastembed.common.model_management:download_model:469 - Could not download model from either source, sleeping for 3.0 seconds, 2 retries left.
2026-07-31 11:47:51.478 | ERROR    | fastembed.common.model_management:download_model:446 - Could not download model from HuggingFace: 401 Client Error. (Request ID: Root=1-6a6c7d57-1135b08f7a3f2b1d359cf088;04969944-54da-4dab-b297-5f8020aec10d)

Repository Not Found for url: https://huggingface.co/api/models/qdrant/bge-small-en-v1.5-onnx-q.
Please make sure you specified the correct `repo_id` and `repo_type`.
If you are trying to access a private or gated repo, make sure you are authenticated and your token has the required permissions.
For more details, see https://huggingface.co/docs/huggingface_hub/authentication
OAuth token signature verification failed: signature verification failed Falling back to other sources.
2026-07-31 11:47:51.478 | ERROR    | fastembed.common.model_management:download_model:469 - Could not download model from either source, sleeping for 9.0 seconds, 1 retries left.
2026-07-31 11:48:00.595 | ERROR    | fastembed.common.model_management:download_model:446 - Could not download model from HuggingFace: 401 Client Error. (Request ID: Root=1-6a6c7d60-631fe1a74afc4b7a6c5b3adb;dc068220-426f-4a20-8811-afed7a6a53d4)

Repository Not Found for url: https://huggingface.co/api/models/qdrant/bge-small-en-v1.5-onnx-q.
Please make sure you specified the correct `repo_id` and `repo_type`.
If you are trying to access a private or gated repo, make sure you are authenticated and your token has the required permissions.
For more details, see https://huggingface.co/docs/huggingface_hub/authentication
OAuth token signature verification failed: signature verification failed Falling back to other sources.
2026-07-31 11:48:00.595 | ERROR    | fastembed.common.model_management:download_model:469 - Could not download model from either source, sleeping for 27.0 seconds, 0 retries left.
Calling Candidate server...
Structured call to Candidate server failed (Error code: 400 - {'error': {'message': 'Provider returned error', 'code': 400, 'metadata': {'raw': '{"error": {"message": "{\\"error\\":{\\"message\\":\\"Conversation roles must alternate user/assistant/user/assistant/...\\",\\"type\\":\\"BadRequestError\\",\\"param\\":null,\\"code\\":400}}", "type": "invalid_request_error", "param": null, "code": 400}}', 'provider_name': 'NextBit', 'is_byok': False, 'provider_error_code': '400'}}, 'user_id': 'user_3GJo0fkBfUnouJ6Q4PCHo7kXw4J'}); retrying unconstrained.
Calling Interviewer server...
Calling Candidate server...
Structured call to Candidate server failed (Error code: 400 - {'error': {'message': 'Provider returned error', 'code': 400, 'metadata': {'raw': '{"error": {"message": "{\\"error\\":{\\"message\\":\\"Conversation roles must alternate user/assistant/user/assistant/...\\",\\"type\\":\\"BadRequestError\\",\\"param\\":null,\\"code\\":400}}", "type": "invalid_request_error", "param": null, "code": 400}}', 'provider_name': 'NextBit', 'is_byok': False, 'provider_error_code': '400'}}, 'user_id': 'user_3GJo0fkBfUnouJ6Q4PCHo7kXw4J'}); retrying unconstrained.
Calling Interviewer server...
Calling Candidate server...
Structured call to Candidate server failed (Error code: 400 - {'error': {'message': 'Provider returned error', 'code': 400, 'metadata': {'raw': '{"error": {"message": "{\\"error\\":{\\"message\\":\\"Conversation roles must alternate user/assistant/user/assistant/...\\",\\"type\\":\\"BadRequestError\\",\\"param\\":null,\\"code\\":400}}", "type": "invalid_request_error", "param": null, "code": 400}}', 'provider_name': 'NextBit', 'is_byok': False, 'provider_error_code': '400'}}, 'user_id': 'user_3GJo0fkBfUnouJ6Q4PCHo7kXw4J'}); retrying unconstrained.
Calling Interviewer server...
Calling Candidate server...
Structured call to Candidate server failed (Error code: 400 - {'error': {'message': 'Provider returned error', 'code': 400, 'metadata': {'raw': '{"error": {"message": "{\\"error\\":{\\"message\\":\\"Conversation roles must alternate user/assistant/user/assistant/...\\",\\"type\\":\\"BadRequestError\\",\\"param\\":null,\\"code\\":400}}", "type": "invalid_request_error", "param": null, "code": 400}}', 'provider_name': 'NextBit', 'is_byok': False, 'provider_error_code': '400'}}, 'user_id': 'user_3GJo0fkBfUnouJ6Q4PCHo7kXw4J'}); retrying unconstrained.
Calling Judge Case Guide Scout server...
Calling Judge server...
Calling Eval Case Performance Scout server...
Calling Eval Dialog Quality Case Guide Scout server...
Calling Eval Dialog Quality server...
[agentic] 17/104 scenario_01_05 (repeat 1/4)
2026-07-31 11:49:08.199 | ERROR    | fastembed.common.model_management:download_model:446 - Could not download model from HuggingFace: 401 Client Error. (Request ID: Root=1-6a6c7da4-4bbd30ef424d469270e134c4;62dd9233-5351-439f-9504-bd6f4572415f)

Repository Not Found for url: https://huggingface.co/api/models/qdrant/bge-small-en-v1.5-onnx-q.
Please make sure you specified the correct `repo_id` and `repo_type`.
If you are trying to access a private or gated repo, make sure you are authenticated and your token has the required permissions.
For more details, see https://huggingface.co/docs/huggingface_hub/authentication
OAuth token signature verification failed: signature verification failed Falling back to other sources.
2026-07-31 11:49:08.199 | ERROR    | fastembed.common.model_management:download_model:469 - Could not download model from either source, sleeping for 3.0 seconds, 2 retries left.
2026-07-31 11:49:11.295 | ERROR    | fastembed.common.model_management:download_model:446 - Could not download model from HuggingFace: 401 Client Error. (Request ID: Root=1-6a6c7da7-4bee99597e1483695e775e56;718f9ab9-2f1a-4db7-9e47-9f0a63fb4be1)

Repository Not Found for url: https://huggingface.co/api/models/qdrant/bge-small-en-v1.5-onnx-q.
Please make sure you specified the correct `repo_id` and `repo_type`.
If you are trying to access a private or gated repo, make sure you are authenticated and your token has the required permissions.
For more details, see https://huggingface.co/docs/huggingface_hub/authentication
OAuth token signature verification failed: signature verification failed Falling back to other sources.
2026-07-31 11:49:11.295 | ERROR    | fastembed.common.model_management:download_model:469 - Could not download model from either source, sleeping for 9.0 seconds, 1 retries left.
2026-07-31 11:49:20.413 | ERROR    | fastembed.common.model_management:download_model:446 - Could not download model from HuggingFace: 401 Client Error. (Request ID: Root=1-6a6c7db0-19e5a0716a4eff3318ac2ac4;dd9ae0cc-70cb-44a6-ab9f-bbf107e5d762)

Repository Not Found for url: https://huggingface.co/api/models/qdrant/bge-small-en-v1.5-onnx-q.
Please make sure you specified the correct `repo_id` and `repo_type`.
If you are trying to access a private or gated repo, make sure you are authenticated and your token has the required permissions.
For more details, see https://huggingface.co/docs/huggingface_hub/authentication
OAuth token signature verification failed: signature verification failed Falling back to other sources.
2026-07-31 11:49:20.413 | ERROR    | fastembed.common.model_management:download_model:469 - Could not download model from either source, sleeping for 27.0 seconds, 0 retries left.
Calling Candidate server...
Structured call to Candidate server failed (Error code: 400 - {'error': {'message': 'Provider returned error', 'code': 400, 'metadata': {'raw': '{"error": {"message": "{\\"error\\":{\\"message\\":\\"Conversation roles must alternate user/assistant/user/assistant/...\\",\\"type\\":\\"BadRequestError\\",\\"param\\":null,\\"code\\":400}}", "type": "invalid_request_error", "param": null, "code": 400}}', 'provider_name': 'NextBit', 'is_byok': False, 'provider_error_code': '400'}}, 'user_id': 'user_3GJo0fkBfUnouJ6Q4PCHo7kXw4J'}); retrying unconstrained.
Calling Interviewer server...
Calling Candidate server...
Structured call to Candidate server failed (Error code: 400 - {'error': {'message': 'Provider returned error', 'code': 400, 'metadata': {'raw': '{"error": {"message": "{\\"error\\":{\\"message\\":\\"Conversation roles must alternate user/assistant/user/assistant/...\\",\\"type\\":\\"BadRequestError\\",\\"param\\":null,\\"code\\":400}}", "type": "invalid_request_error", "param": null, "code": 400}}', 'provider_name': 'NextBit', 'is_byok': False, 'provider_error_code': '400'}}, 'user_id': 'user_3GJo0fkBfUnouJ6Q4PCHo7kXw4J'}); retrying unconstrained.
Calling Interviewer server...
Calling Candidate server...
Structured call to Candidate server failed (Error code: 400 - {'error': {'message': 'Provider returned error', 'code': 400, 'metadata': {'raw': '{"error": {"message": "{\\"error\\":{\\"message\\":\\"Conversation roles must alternate user/assistant/user/assistant/...\\",\\"type\\":\\"BadRequestError\\",\\"param\\":null,\\"code\\":400}}", "type": "invalid_request_error", "param": null, "code": 400}}', 'provider_name': 'NextBit', 'is_byok': False, 'provider_error_code': '400'}}, 'user_id': 'user_3GJo0fkBfUnouJ6Q4PCHo7kXw4J'}); retrying unconstrained.
Calling Interviewer server...
Calling Candidate server...
Structured call to Candidate server failed (Error code: 400 - {'error': {'message': 'Provider returned error', 'code': 400, 'metadata': {'raw': '{"error": {"message": "{\\"error\\":{\\"message\\":\\"Conversation roles must alternate user/assistant/user/assistant/...\\",\\"type\\":\\"BadRequestError\\",\\"param\\":null,\\"code\\":400}}", "type": "invalid_request_error", "param": null, "code": 400}}', 'provider_name': 'NextBit', 'is_byok': False, 'provider_error_code': '400'}}, 'user_id': 'user_3GJo0fkBfUnouJ6Q4PCHo7kXw4J'}); retrying unconstrained.
Calling Judge Case Guide Scout server...
Calling Judge server...
Calling Eval Case Performance Scout server...
Calling Eval Dialog Quality Case Guide Scout server...
Calling Eval Dialog Quality server...
[agentic] 18/104 scenario_01_05 (repeat 2/4)
2026-07-31 11:52:03.555 | ERROR    | fastembed.common.model_management:download_model:446 - Could not download model from HuggingFace: 401 Client Error. (Request ID: Root=1-6a6c7e53-0339a4514f5966fa32d3b5b6;93c9aa92-20f9-4fd9-807e-1a41e6ceb024)

Repository Not Found for url: https://huggingface.co/api/models/qdrant/bge-small-en-v1.5-onnx-q.
Please make sure you specified the correct `repo_id` and `repo_type`.
If you are trying to access a private or gated repo, make sure you are authenticated and your token has the required permissions.
For more details, see https://huggingface.co/docs/huggingface_hub/authentication
OAuth token signature verification failed: signature verification failed Falling back to other sources.
2026-07-31 11:52:03.555 | ERROR    | fastembed.common.model_management:download_model:469 - Could not download model from either source, sleeping for 3.0 seconds, 2 retries left.
2026-07-31 11:52:06.656 | ERROR    | fastembed.common.model_management:download_model:446 - Could not download model from HuggingFace: 401 Client Error. (Request ID: Root=1-6a6c7e56-50fa39b23d0a017d20a695ee;5261a672-6fa6-4dd2-adca-66ff2b5dc0d5)

Repository Not Found for url: https://huggingface.co/api/models/qdrant/bge-small-en-v1.5-onnx-q.
Please make sure you specified the correct `repo_id` and `repo_type`.
If you are trying to access a private or gated repo, make sure you are authenticated and your token has the required permissions.
For more details, see https://huggingface.co/docs/huggingface_hub/authentication
OAuth token signature verification failed: signature verification failed Falling back to other sources.
2026-07-31 11:52:06.656 | ERROR    | fastembed.common.model_management:download_model:469 - Could not download model from either source, sleeping for 9.0 seconds, 1 retries left.
2026-07-31 11:52:15.775 | ERROR    | fastembed.common.model_management:download_model:446 - Could not download model from HuggingFace: 401 Client Error. (Request ID: Root=1-6a6c7e5f-5bb89e9757a7cd5b7c5e1b38;67039538-e13b-4799-87d7-3ceb3ab9356c)

Repository Not Found for url: https://huggingface.co/api/models/qdrant/bge-small-en-v1.5-onnx-q.
Please make sure you specified the correct `repo_id` and `repo_type`.
If you are trying to access a private or gated repo, make sure you are authenticated and your token has the required permissions.
For more details, see https://huggingface.co/docs/huggingface_hub/authentication
OAuth token signature verification failed: signature verification failed Falling back to other sources.
2026-07-31 11:52:15.776 | ERROR    | fastembed.common.model_management:download_model:469 - Could not download model from either source, sleeping for 27.0 seconds, 0 retries left.
Calling Candidate server...
Structured call to Candidate server failed (Error code: 400 - {'error': {'message': 'Provider returned error', 'code': 400, 'metadata': {'raw': '{"error": {"message": "{\\"error\\":{\\"message\\":\\"Conversation roles must alternate user/assistant/user/assistant/...\\",\\"type\\":\\"BadRequestError\\",\\"param\\":null,\\"code\\":400}}", "type": "invalid_request_error", "param": null, "code": 400}}', 'provider_name': 'NextBit', 'is_byok': False, 'provider_error_code': '400'}}, 'user_id': 'user_3GJo0fkBfUnouJ6Q4PCHo7kXw4J'}); retrying unconstrained.
Calling Interviewer server...
Calling Candidate server...
Structured call to Candidate server failed (Error code: 400 - {'error': {'message': 'Provider returned error', 'code': 400, 'metadata': {'raw': '{"error": {"message": "{\\"error\\":{\\"message\\":\\"Conversation roles must alternate user/assistant/user/assistant/...\\",\\"type\\":\\"BadRequestError\\",\\"param\\":null,\\"code\\":400}}", "type": "invalid_request_error", "param": null, "code": 400}}', 'provider_name': 'NextBit', 'is_byok': False, 'provider_error_code': '400'}}, 'user_id': 'user_3GJo0fkBfUnouJ6Q4PCHo7kXw4J'}); retrying unconstrained.
Calling Interviewer server...
Calling Candidate server...
Structured call to Candidate server failed (Error code: 400 - {'error': {'message': 'Provider returned error', 'code': 400, 'metadata': {'raw': '{"error": {"message": "{\\"error\\":{\\"message\\":\\"Conversation roles must alternate user/assistant/user/assistant/...\\",\\"type\\":\\"BadRequestError\\",\\"param\\":null,\\"code\\":400}}", "type": "invalid_request_error", "param": null, "code": 400}}', 'provider_name': 'NextBit', 'is_byok': False, 'provider_error_code': '400'}}, 'user_id': 'user_3GJo0fkBfUnouJ6Q4PCHo7kXw4J'}); retrying unconstrained.
Calling Interviewer server...
Calling Candidate server...
Structured call to Candidate server failed (Error code: 400 - {'error': {'message': 'Provider returned error', 'code': 400, 'metadata': {'raw': '{"error": {"message": "{\\"error\\":{\\"message\\":\\"Conversation roles must alternate user/assistant/user/assistant/...\\",\\"type\\":\\"BadRequestError\\",\\"param\\":null,\\"code\\":400}}", "type": "invalid_request_error", "param": null, "code": 400}}', 'provider_name': 'NextBit', 'is_byok': False, 'provider_error_code': '400'}}, 'user_id': 'user_3GJo0fkBfUnouJ6Q4PCHo7kXw4J'}); retrying unconstrained.
Calling Judge Case Guide Scout server...
Calling Judge server...
Calling Interviewer server...
Calling Candidate server...
Structured call to Candidate server failed (Error code: 400 - {'error': {'message': 'Provider returned error', 'code': 400, 'metadata': {'raw': '{"error": {"message": "{\\"error\\":{\\"message\\":\\"Conversation roles must alternate user/assistant/user/assistant/...\\",\\"type\\":\\"BadRequestError\\",\\"param\\":null,\\"code\\":400}}", "type": "invalid_request_error", "param": null, "code": 400}}', 'provider_name': 'NextBit', 'is_byok': False, 'provider_error_code': '400'}}, 'user_id': 'user_3GJo0fkBfUnouJ6Q4PCHo7kXw4J'}); retrying unconstrained.
Calling Interviewer server...
Calling Candidate server...
Structured call to Candidate server failed (Error code: 400 - {'error': {'message': 'Provider returned error', 'code': 400, 'metadata': {'raw': '{"error": {"message": "{\\"error\\":{\\"message\\":\\"Conversation roles must alternate user/assistant/user/assistant/...\\",\\"type\\":\\"BadRequestError\\",\\"param\\":null,\\"code\\":400}}", "type": "invalid_request_error", "param": null, "code": 400}}', 'provider_name': 'NextBit', 'is_byok': False, 'provider_error_code': '400'}}, 'user_id': 'user_3GJo0fkBfUnouJ6Q4PCHo7kXw4J'}); retrying unconstrained.
Calling Interviewer server...
Calling Candidate server...
Structured call to Candidate server failed (Error code: 400 - {'error': {'message': 'Provider returned error', 'code': 400, 'metadata': {'raw': '{"error": {"message": "{\\"error\\":{\\"message\\":\\"Conversation roles must alternate user/assistant/user/assistant/...\\",\\"type\\":\\"BadRequestError\\",\\"param\\":null,\\"code\\":400}}", "type": "invalid_request_error", "param": null, "code": 400}}', 'provider_name': 'NextBit', 'is_byok': False, 'provider_error_code': '400'}}, 'user_id': 'user_3GJo0fkBfUnouJ6Q4PCHo7kXw4J'}); retrying unconstrained.
Calling Interviewer server...
Calling Candidate server...
Structured call to Candidate server failed (Error code: 400 - {'error': {'message': 'Provider returned error', 'code': 400, 'metadata': {'raw': '{"error": {"message": "{\\"error\\":{\\"message\\":\\"Conversation roles must alternate user/assistant/user/assistant/...\\",\\"type\\":\\"BadRequestError\\",\\"param\\":null,\\"code\\":400}}", "type": "invalid_request_error", "param": null, "code": 400}}', 'provider_name': 'NextBit', 'is_byok': False, 'provider_error_code': '400'}}, 'user_id': 'user_3GJo0fkBfUnouJ6Q4PCHo7kXw4J'}); retrying unconstrained.
Calling Judge Case Guide Scout server...
Calling Judge server...
Calling Eval Case Performance Scout server...
Calling Eval Dialog Quality Case Guide Scout server...
Calling Eval Dialog Quality server...
[agentic] 19/104 scenario_01_05 (repeat 3/4)
2026-07-31 11:55:07.312 | ERROR    | fastembed.common.model_management:download_model:446 - Could not download model from HuggingFace: 401 Client Error. (Request ID: Root=1-6a6c7f0b-4d3084c63742426f46818004;6a3735c2-5eb2-4d1b-a8b9-ffd7da9db8a5)

Repository Not Found for url: https://huggingface.co/api/models/qdrant/bge-small-en-v1.5-onnx-q.
Please make sure you specified the correct `repo_id` and `repo_type`.
If you are trying to access a private or gated repo, make sure you are authenticated and your token has the required permissions.
For more details, see https://huggingface.co/docs/huggingface_hub/authentication
OAuth token signature verification failed: signature verification failed Falling back to other sources.
2026-07-31 11:55:07.313 | ERROR    | fastembed.common.model_management:download_model:469 - Could not download model from either source, sleeping for 3.0 seconds, 2 retries left.
2026-07-31 11:55:10.408 | ERROR    | fastembed.common.model_management:download_model:446 - Could not download model from HuggingFace: 401 Client Error. (Request ID: Root=1-6a6c7f0e-02d2ac655c4347044a53ead1;e28aade4-c379-46cb-845b-aba607a0206f)

Repository Not Found for url: https://huggingface.co/api/models/qdrant/bge-small-en-v1.5-onnx-q.
Please make sure you specified the correct `repo_id` and `repo_type`.
If you are trying to access a private or gated repo, make sure you are authenticated and your token has the required permissions.
For more details, see https://huggingface.co/docs/huggingface_hub/authentication
OAuth token signature verification failed: signature verification failed Falling back to other sources.
2026-07-31 11:55:10.408 | ERROR    | fastembed.common.model_management:download_model:469 - Could not download model from either source, sleeping for 9.0 seconds, 1 retries left.
2026-07-31 11:55:19.528 | ERROR    | fastembed.common.model_management:download_model:446 - Could not download model from HuggingFace: 401 Client Error. (Request ID: Root=1-6a6c7f17-5a6561686ca9eee90ca3bc69;b7df6af2-183b-4fd4-9d04-08b1d55346b5)

Repository Not Found for url: https://huggingface.co/api/models/qdrant/bge-small-en-v1.5-onnx-q.
Please make sure you specified the correct `repo_id` and `repo_type`.
If you are trying to access a private or gated repo, make sure you are authenticated and your token has the required permissions.
For more details, see https://huggingface.co/docs/huggingface_hub/authentication
OAuth token signature verification failed: signature verification failed Falling back to other sources.
2026-07-31 11:55:19.528 | ERROR    | fastembed.common.model_management:download_model:469 - Could not download model from either source, sleeping for 27.0 seconds, 0 retries left.
Calling Candidate server...
Structured call to Candidate server failed (Error code: 400 - {'error': {'message': 'Provider returned error', 'code': 400, 'metadata': {'raw': '{"error": {"message": "{\\"error\\":{\\"message\\":\\"Conversation roles must alternate user/assistant/user/assistant/...\\",\\"type\\":\\"BadRequestError\\",\\"param\\":null,\\"code\\":400}}", "type": "invalid_request_error", "param": null, "code": 400}}', 'provider_name': 'NextBit', 'is_byok': False, 'provider_error_code': '400'}}, 'user_id': 'user_3GJo0fkBfUnouJ6Q4PCHo7kXw4J'}); retrying unconstrained.
Calling Interviewer server...
Calling Candidate server...
Structured call to Candidate server failed (Error code: 400 - {'error': {'message': 'Provider returned error', 'code': 400, 'metadata': {'raw': '{"error": {"message": "{\\"error\\":{\\"message\\":\\"Conversation roles must alternate user/assistant/user/assistant/...\\",\\"type\\":\\"BadRequestError\\",\\"param\\":null,\\"code\\":400}}", "type": "invalid_request_error", "param": null, "code": 400}}', 'provider_name': 'NextBit', 'is_byok': False, 'provider_error_code': '400'}}, 'user_id': 'user_3GJo0fkBfUnouJ6Q4PCHo7kXw4J'}); retrying unconstrained.
Calling Interviewer server...
Calling Candidate server...
Structured call to Candidate server failed (Error code: 400 - {'error': {'message': 'Provider returned error', 'code': 400, 'metadata': {'raw': '{"error": {"message": "{\\"error\\":{\\"message\\":\\"Conversation roles must alternate user/assistant/user/assistant/...\\",\\"type\\":\\"BadRequestError\\",\\"param\\":null,\\"code\\":400}}", "type": "invalid_request_error", "param": null, "code": 400}}', 'provider_name': 'NextBit', 'is_byok': False, 'provider_error_code': '400'}}, 'user_id': 'user_3GJo0fkBfUnouJ6Q4PCHo7kXw4J'}); retrying unconstrained.
Calling Interviewer server...
Calling Candidate server...
Structured call to Candidate server failed (Error code: 400 - {'error': {'message': 'Provider returned error', 'code': 400, 'metadata': {'raw': '{"error": {"message": "{\\"error\\":{\\"message\\":\\"Conversation roles must alternate user/assistant/user/assistant/...\\",\\"type\\":\\"BadRequestError\\",\\"param\\":null,\\"code\\":400}}", "type": "invalid_request_error", "param": null, "code": 400}}', 'provider_name': 'NextBit', 'is_byok': False, 'provider_error_code': '400'}}, 'user_id': 'user_3GJo0fkBfUnouJ6Q4PCHo7kXw4J'}); retrying unconstrained.
Calling Judge Case Guide Scout server...
Calling Judge server...
Calling Interviewer server...
Calling Candidate server...
Structured call to Candidate server failed (Error code: 400 - {'error': {'message': 'Provider returned error', 'code': 400, 'metadata': {'raw': '{"error": {"message": "{\\"error\\":{\\"message\\":\\"Conversation roles must alternate user/assistant/user/assistant/...\\",\\"type\\":\\"BadRequestError\\",\\"param\\":null,\\"code\\":400}}", "type": "invalid_request_error", "param": null, "code": 400}}', 'provider_name': 'NextBit', 'is_byok': False, 'provider_error_code': '400'}}, 'user_id': 'user_3GJo0fkBfUnouJ6Q4PCHo7kXw4J'}); retrying unconstrained.
Calling Interviewer server...
Calling Candidate server...
Structured call to Candidate server failed (Error code: 400 - {'error': {'message': 'Provider returned error', 'code': 400, 'metadata': {'raw': '{"error": {"message": "{\\"error\\":{\\"message\\":\\"Conversation roles must alternate user/assistant/user/assistant/...\\",\\"type\\":\\"BadRequestError\\",\\"param\\":null,\\"code\\":400}}", "type": "invalid_request_error", "param": null, "code": 400}}', 'provider_name': 'NextBit', 'is_byok': False, 'provider_error_code': '400'}}, 'user_id': 'user_3GJo0fkBfUnouJ6Q4PCHo7kXw4J'}); retrying unconstrained.
Calling Interviewer server...
Calling Candidate server...
Structured call to Candidate server failed (Error code: 400 - {'error': {'message': 'Provider returned error', 'code': 400, 'metadata': {'raw': '{"error": {"message": "{\\"error\\":{\\"message\\":\\"Conversation roles must alternate user/assistant/user/assistant/...\\",\\"type\\":\\"BadRequestError\\",\\"param\\":null,\\"code\\":400}}", "type": "invalid_request_error", "param": null, "code": 400}}', 'provider_name': 'NextBit', 'is_byok': False, 'provider_error_code': '400'}}, 'user_id': 'user_3GJo0fkBfUnouJ6Q4PCHo7kXw4J'}); retrying unconstrained.
Calling Interviewer server...
Calling Candidate server...
Structured call to Candidate server failed (Error code: 400 - {'error': {'message': 'Provider returned error', 'code': 400, 'metadata': {'raw': '{"error": {"message": "{\\"error\\":{\\"message\\":\\"Conversation roles must alternate user/assistant/user/assistant/...\\",\\"type\\":\\"BadRequestError\\",\\"param\\":null,\\"code\\":400}}", "type": "invalid_request_error", "param": null, "code": 400}}', 'provider_name': 'NextBit', 'is_byok': False, 'provider_error_code': '400'}}, 'user_id': 'user_3GJo0fkBfUnouJ6Q4PCHo7kXw4J'}); retrying unconstrained.
Calling Judge Case Guide Scout server...
Calling Judge server...
Calling Eval Dialog Quality Case Guide Scout server...
Calling Eval Case Performance Scout server...
Calling Eval Dialog Quality server...
[agentic] 20/104 scenario_01_05 (repeat 4/4)
Calling Candidate server...
Structured call to Candidate server failed (Error code: 400 - {'error': {'message': 'Provider returned error', 'code': 400, 'metadata': {'raw': '{"error": {"message": "{\\"error\\":{\\"message\\":\\"Conversation roles must alternate user/assistant/user/assistant/...\\",\\"type\\":\\"BadRequestError\\",\\"param\\":null,\\"code\\":400}}", "type": "invalid_request_error", "param": null, "code": 400}}', 'provider_name': 'NextBit', 'is_byok': False, 'provider_error_code': '400'}}, 'user_id': 'user_3GJo0fkBfUnouJ6Q4PCHo7kXw4J'}); retrying unconstrained.
Calling Interviewer server...
Calling Candidate server...
Structured call to Candidate server failed (Error code: 400 - {'error': {'message': 'Provider returned error', 'code': 400, 'metadata': {'raw': '{"error": {"message": "{\\"error\\":{\\"message\\":\\"Conversation roles must alternate user/assistant/user/assistant/...\\",\\"type\\":\\"BadRequestError\\",\\"param\\":null,\\"code\\":400}}", "type": "invalid_request_error", "param": null, "code": 400}}', 'provider_name': 'NextBit', 'is_byok': False, 'provider_error_code': '400'}}, 'user_id': 'user_3GJo0fkBfUnouJ6Q4PCHo7kXw4J'}); retrying unconstrained.
Calling Interviewer server...
Calling Candidate server...
Structured call to Candidate server failed (Error code: 400 - {'error': {'message': 'Provider returned error', 'code': 400, 'metadata': {'raw': '{"error": {"message": "{\\"error\\":{\\"message\\":\\"Conversation roles must alternate user/assistant/user/assistant/...\\",\\"type\\":\\"BadRequestError\\",\\"param\\":null,\\"code\\":400}}", "type": "invalid_request_error", "param": null, "code": 400}}', 'provider_name': 'NextBit', 'is_byok': False, 'provider_error_code': '400'}}, 'user_id': 'user_3GJo0fkBfUnouJ6Q4PCHo7kXw4J'}); retrying unconstrained.
Calling Interviewer server...
Calling Candidate server...
Structured call to Candidate server failed (Error code: 400 - {'error': {'message': 'Provider returned error', 'code': 400, 'metadata': {'raw': '{"error": {"message": "{\\"error\\":{\\"message\\":\\"Conversation roles must alternate user/assistant/user/assistant/...\\",\\"type\\":\\"BadRequestError\\",\\"param\\":null,\\"code\\":400}}", "type": "invalid_request_error", "param": null, "code": 400}}', 'provider_name': 'NextBit', 'is_byok': False, 'provider_error_code': '400'}}, 'user_id': 'user_3GJo0fkBfUnouJ6Q4PCHo7kXw4J'}); retrying unconstrained.
Calling Judge Case Guide Scout server...
Calling Judge server...
Calling Interviewer server...
Calling Candidate server...
Structured call to Candidate server failed (Error code: 400 - {'error': {'message': 'Provider returned error', 'code': 400, 'metadata': {'raw': '{"error": {"message": "{\\"error\\":{\\"message\\":\\"Conversation roles must alternate user/assistant/user/assistant/...\\",\\"type\\":\\"BadRequestError\\",\\"param\\":null,\\"code\\":400}}", "type": "invalid_request_error", "param": null, "code": 400}}', 'provider_name': 'NextBit', 'is_byok': False, 'provider_error_code': '400'}}, 'user_id': 'user_3GJo0fkBfUnouJ6Q4PCHo7kXw4J'}); retrying unconstrained.
Calling Interviewer server...
Calling Candidate server...
Structured call to Candidate server failed (Error code: 400 - {'error': {'message': 'Provider returned error', 'code': 400, 'metadata': {'raw': '{"error": {"message": "{\\"error\\":{\\"message\\":\\"Conversation roles must alternate user/assistant/user/assistant/...\\",\\"type\\":\\"BadRequestError\\",\\"param\\":null,\\"code\\":400}}", "type": "invalid_request_error", "param": null, "code": 400}}', 'provider_name': 'NextBit', 'is_byok': False, 'provider_error_code': '400'}}, 'user_id': 'user_3GJo0fkBfUnouJ6Q4PCHo7kXw4J'}); retrying unconstrained.
Calling Interviewer server...
Calling Candidate server...
Structured call to Candidate server failed (Error code: 400 - {'error': {'message': 'Provider returned error', 'code': 400, 'metadata': {'raw': '{"error": {"message": "{\\"error\\":{\\"message\\":\\"Conversation roles must alternate user/assistant/user/assistant/...\\",\\"type\\":\\"BadRequestError\\",\\"param\\":null,\\"code\\":400}}", "type": "invalid_request_error", "param": null, "code": 400}}', 'provider_name': 'NextBit', 'is_byok': False, 'provider_error_code': '400'}}, 'user_id': 'user_3GJo0fkBfUnouJ6Q4PCHo7kXw4J'}); retrying unconstrained.
Calling Interviewer server...
Calling Candidate server...
Structured call to Candidate server failed (Error code: 400 - {'error': {'message': 'Provider returned error', 'code': 400, 'metadata': {'raw': '{"error": {"message": "{\\"error\\":{\\"message\\":\\"Conversation roles must alternate user/assistant/user/assistant/...\\",\\"type\\":\\"BadRequestError\\",\\"param\\":null,\\"code\\":400}}", "type": "invalid_request_error", "param": null, "code": 400}}', 'provider_name': 'NextBit', 'is_byok': False, 'provider_error_code': '400'}}, 'user_id': 'user_3GJo0fkBfUnouJ6Q4PCHo7kXw4J'}); retrying unconstrained.
Calling Judge Case Guide Scout server...
Calling Judge server...
Calling Eval Case Performance Scout server...
Calling Eval Dialog Quality Case Guide Scout server...
Calling Eval Dialog Quality server...
RAG being used, consulting ConsultingCaseGuide-PPML.pdf file
Fetching 5 files:   0%|          | 0/5 [00:00<?, ?it/s]Fetching 5 files:  20%|██        | 1/5 [00:00<00:02,  1.44it/s]Fetching 5 files:  40%|████      | 2/5 [00:14<00:24,  8.32s/it]Fetching 5 files: 100%|██████████| 5/5 [00:14<00:00,  2.87s/it]
Calling Eval Case Performance server...
Calling Give Feedback Case Guide Scout server...
RAG being used, consulting ConsultingCaseGuide-PPML.pdf file
Calling Give Feedback server...
[agentic] 21/104 scenario_01_06 (repeat 1/4)
Calling Candidate server...
Structured call to Candidate server failed (Error code: 400 - {'error': {'message': 'Provider returned error', 'code': 400, 'metadata': {'raw': '{"error": {"message": "{\\"error\\":{\\"message\\":\\"Conversation roles must alternate user/assistant/user/assistant/...\\",\\"type\\":\\"BadRequestError\\",\\"param\\":null,\\"code\\":400}}", "type": "invalid_request_error", "param": null, "code": 400}}', 'provider_name': 'NextBit', 'is_byok': False, 'provider_error_code': '400'}}, 'user_id': 'user_3GJo0fkBfUnouJ6Q4PCHo7kXw4J'}); retrying unconstrained.
Calling Interviewer server...
Calling Candidate server...
Structured call to Candidate server failed (Error code: 400 - {'error': {'message': 'Provider returned error', 'code': 400, 'metadata': {'raw': '{"error": {"message": "{\\"error\\":{\\"message\\":\\"Conversation roles must alternate user/assistant/user/assistant/...\\",\\"type\\":\\"BadRequestError\\",\\"param\\":null,\\"code\\":400}}", "type": "invalid_request_error", "param": null, "code": 400}}', 'provider_name': 'NextBit', 'is_byok': False, 'provider_error_code': '400'}}, 'user_id': 'user_3GJo0fkBfUnouJ6Q4PCHo7kXw4J'}); retrying unconstrained.
Calling Interviewer server...
Calling Candidate server...
Structured call to Candidate server failed (Error code: 400 - {'error': {'message': 'Provider returned error', 'code': 400, 'metadata': {'raw': '{"error": {"message": "{\\"error\\":{\\"message\\":\\"Conversation roles must alternate user/assistant/user/assistant/...\\",\\"type\\":\\"BadRequestError\\",\\"param\\":null,\\"code\\":400}}", "type": "invalid_request_error", "param": null, "code": 400}}', 'provider_name': 'NextBit', 'is_byok': False, 'provider_error_code': '400'}}, 'user_id': 'user_3GJo0fkBfUnouJ6Q4PCHo7kXw4J'}); retrying unconstrained.
Calling Interviewer server...
Calling Candidate server...
Structured call to Candidate server failed (Error code: 400 - {'error': {'message': 'Provider returned error', 'code': 400, 'metadata': {'raw': '{"error": {"message": "{\\"error\\":{\\"message\\":\\"Conversation roles must alternate user/assistant/user/assistant/...\\",\\"type\\":\\"BadRequestError\\",\\"param\\":null,\\"code\\":400}}", "type": "invalid_request_error", "param": null, "code": 400}}', 'provider_name': 'NextBit', 'is_byok': False, 'provider_error_code': '400'}}, 'user_id': 'user_3GJo0fkBfUnouJ6Q4PCHo7kXw4J'}); retrying unconstrained.
Calling Judge Case Guide Scout server...
Calling Judge server...
Calling Interviewer server...
Calling Candidate server...
Structured call to Candidate server failed (Error code: 400 - {'error': {'message': 'Provider returned error', 'code': 400, 'metadata': {'raw': '{"error": {"message": "{\\"error\\":{\\"message\\":\\"Conversation roles must alternate user/assistant/user/assistant/...\\",\\"type\\":\\"BadRequestError\\",\\"param\\":null,\\"code\\":400}}", "type": "invalid_request_error", "param": null, "code": 400}}', 'provider_name': 'NextBit', 'is_byok': False, 'provider_error_code': '400'}}, 'user_id': 'user_3GJo0fkBfUnouJ6Q4PCHo7kXw4J'}); retrying unconstrained.
Calling Interviewer server...
Calling Candidate server...
Structured call to Candidate server failed (Error code: 400 - {'error': {'message': 'Provider returned error', 'code': 400, 'metadata': {'raw': '{"error": {"message": "{\\"error\\":{\\"message\\":\\"Conversation roles must alternate user/assistant/user/assistant/...\\",\\"type\\":\\"BadRequestError\\",\\"param\\":null,\\"code\\":400}}", "type": "invalid_request_error", "param": null, "code": 400}}', 'provider_name': 'NextBit', 'is_byok': False, 'provider_error_code': '400'}}, 'user_id': 'user_3GJo0fkBfUnouJ6Q4PCHo7kXw4J'}); retrying unconstrained.
Calling Interviewer server...
Calling Candidate server...
Structured call to Candidate server failed (Error code: 400 - {'error': {'message': 'Provider returned error', 'code': 400, 'metadata': {'raw': '{"error": {"message": "{\\"error\\":{\\"message\\":\\"Conversation roles must alternate user/assistant/user/assistant/...\\",\\"type\\":\\"BadRequestError\\",\\"param\\":null,\\"code\\":400}}", "type": "invalid_request_error", "param": null, "code": 400}}', 'provider_name': 'NextBit', 'is_byok': False, 'provider_error_code': '400'}}, 'user_id': 'user_3GJo0fkBfUnouJ6Q4PCHo7kXw4J'}); retrying unconstrained.
Calling Interviewer server...
Calling Candidate server...
Structured call to Candidate server failed (Error code: 400 - {'error': {'message': 'Provider returned error', 'code': 400, 'metadata': {'raw': '{"error": {"message": "{\\"error\\":{\\"message\\":\\"Conversation roles must alternate user/assistant/user/assistant/...\\",\\"type\\":\\"BadRequestError\\",\\"param\\":null,\\"code\\":400}}", "type": "invalid_request_error", "param": null, "code": 400}}', 'provider_name': 'NextBit', 'is_byok': False, 'provider_error_code': '400'}}, 'user_id': 'user_3GJo0fkBfUnouJ6Q4PCHo7kXw4J'}); retrying unconstrained.
Calling Judge Case Guide Scout server...
Calling Judge server...
Calling Eval Case Performance Scout server...
Calling Eval Dialog Quality Case Guide Scout server...
Calling Eval Dialog Quality server...
RAG being used, consulting ConsultingCaseGuide-PPML.pdf file
Calling Eval Case Performance server...
Calling Give Feedback Case Guide Scout server...
Structured call to Give Feedback Case Guide Scout server failed (Could not parse response content as the length limit was reached - CompletionUsage(completion_tokens=10649, prompt_tokens=3898, total_tokens=14547, completion_tokens_details=CompletionTokensDetails(accepted_prediction_tokens=None, audio_tokens=0, reasoning_tokens=0, rejected_prediction_tokens=None, image_tokens=0), prompt_tokens_details=PromptTokensDetails(audio_tokens=0, cache_write_tokens=0, cached_tokens=0, video_tokens=0), cost=0.00176372, is_byok=False, cost_details={'upstream_inference_cost': 0.00176372, 'upstream_inference_prompt_cost': 0.00027286, 'upstream_inference_completions_cost': 0.00149086})); retrying unconstrained.
Calling Give Feedback Case Guide Scout server (JSON repair retry)...
Calling Give Feedback server...
[agentic] 22/104 scenario_01_06 (repeat 2/4)
Calling Candidate server...
Structured call to Candidate server failed (Error code: 400 - {'error': {'message': 'Provider returned error', 'code': 400, 'metadata': {'raw': '{"error": {"message": "{\\"error\\":{\\"message\\":\\"Conversation roles must alternate user/assistant/user/assistant/...\\",\\"type\\":\\"BadRequestError\\",\\"param\\":null,\\"code\\":400}}", "type": "invalid_request_error", "param": null, "code": 400}}', 'provider_name': 'NextBit', 'is_byok': False, 'provider_error_code': '400'}}, 'user_id': 'user_3GJo0fkBfUnouJ6Q4PCHo7kXw4J'}); retrying unconstrained.
Calling Interviewer server...
Calling Candidate server...
Structured call to Candidate server failed (Error code: 400 - {'error': {'message': 'Provider returned error', 'code': 400, 'metadata': {'raw': '{"error": {"message": "{\\"error\\":{\\"message\\":\\"Conversation roles must alternate user/assistant/user/assistant/...\\",\\"type\\":\\"BadRequestError\\",\\"param\\":null,\\"code\\":400}}", "type": "invalid_request_error", "param": null, "code": 400}}', 'provider_name': 'NextBit', 'is_byok': False, 'provider_error_code': '400'}}, 'user_id': 'user_3GJo0fkBfUnouJ6Q4PCHo7kXw4J'}); retrying unconstrained.
Calling Interviewer server...
Calling Candidate server...
Structured call to Candidate server failed (Error code: 400 - {'error': {'message': 'Provider returned error', 'code': 400, 'metadata': {'raw': '{"error": {"message": "{\\"error\\":{\\"message\\":\\"Conversation roles must alternate user/assistant/user/assistant/...\\",\\"type\\":\\"BadRequestError\\",\\"param\\":null,\\"code\\":400}}", "type": "invalid_request_error", "param": null, "code": 400}}', 'provider_name': 'NextBit', 'is_byok': False, 'provider_error_code': '400'}}, 'user_id': 'user_3GJo0fkBfUnouJ6Q4PCHo7kXw4J'}); retrying unconstrained.
Calling Interviewer server...
Calling Candidate server...
Structured call to Candidate server failed (Error code: 400 - {'error': {'message': 'Provider returned error', 'code': 400, 'metadata': {'raw': '{"error": {"message": "{\\"error\\":{\\"message\\":\\"Conversation roles must alternate user/assistant/user/assistant/...\\",\\"type\\":\\"BadRequestError\\",\\"param\\":null,\\"code\\":400}}", "type": "invalid_request_error", "param": null, "code": 400}}', 'provider_name': 'NextBit', 'is_byok': False, 'provider_error_code': '400'}}, 'user_id': 'user_3GJo0fkBfUnouJ6Q4PCHo7kXw4J'}); retrying unconstrained.
Calling Judge Case Guide Scout server...
Calling Judge server...
Calling Interviewer server...
Calling Candidate server...
Structured call to Candidate server failed (Error code: 400 - {'error': {'message': 'Provider returned error', 'code': 400, 'metadata': {'raw': '{"error": {"message": "{\\"error\\":{\\"message\\":\\"Conversation roles must alternate user/assistant/user/assistant/...\\",\\"type\\":\\"BadRequestError\\",\\"param\\":null,\\"code\\":400}}", "type": "invalid_request_error", "param": null, "code": 400}}', 'provider_name': 'NextBit', 'is_byok': False, 'provider_error_code': '400'}}, 'user_id': 'user_3GJo0fkBfUnouJ6Q4PCHo7kXw4J'}); retrying unconstrained.
Calling Interviewer server...
Calling Candidate server...
Structured call to Candidate server failed (Error code: 400 - {'error': {'message': 'Provider returned error', 'code': 400, 'metadata': {'raw': '{"error": {"message": "{\\"error\\":{\\"message\\":\\"Conversation roles must alternate user/assistant/user/assistant/...\\",\\"type\\":\\"BadRequestError\\",\\"param\\":null,\\"code\\":400}}", "type": "invalid_request_error", "param": null, "code": 400}}', 'provider_name': 'NextBit', 'is_byok': False, 'provider_error_code': '400'}}, 'user_id': 'user_3GJo0fkBfUnouJ6Q4PCHo7kXw4J'}); retrying unconstrained.
Calling Interviewer server...
Calling Candidate server...
Structured call to Candidate server failed (Error code: 400 - {'error': {'message': 'Provider returned error', 'code': 400, 'metadata': {'raw': '{"error": {"message": "{\\"error\\":{\\"message\\":\\"Conversation roles must alternate user/assistant/user/assistant/...\\",\\"type\\":\\"BadRequestError\\",\\"param\\":null,\\"code\\":400}}", "type": "invalid_request_error", "param": null, "code": 400}}', 'provider_name': 'NextBit', 'is_byok': False, 'provider_error_code': '400'}}, 'user_id': 'user_3GJo0fkBfUnouJ6Q4PCHo7kXw4J'}); retrying unconstrained.
Calling Interviewer server...
Calling Candidate server...
Structured call to Candidate server failed (Error code: 400 - {'error': {'message': 'Provider returned error', 'code': 400, 'metadata': {'raw': '{"error": {"message": "{\\"error\\":{\\"message\\":\\"Conversation roles must alternate user/assistant/user/assistant/...\\",\\"type\\":\\"BadRequestError\\",\\"param\\":null,\\"code\\":400}}", "type": "invalid_request_error", "param": null, "code": 400}}', 'provider_name': 'NextBit', 'is_byok': False, 'provider_error_code': '400'}}, 'user_id': 'user_3GJo0fkBfUnouJ6Q4PCHo7kXw4J'}); retrying unconstrained.
Calling Judge Case Guide Scout server...
Calling Judge server...
Calling Eval Case Performance Scout server...
Calling Eval Dialog Quality Case Guide Scout server...
RAG being used, consulting ConsultingCaseGuide-PPML.pdf file
Calling Eval Dialog Quality server...
Calling Eval Case Performance server...
Calling Give Feedback Case Guide Scout server...
RAG being used, consulting ConsultingCaseGuide-PPML.pdf file
Calling Give Feedback server...
[agentic] 23/104 scenario_01_06 (repeat 3/4)
Calling Candidate server...
Structured call to Candidate server failed (Error code: 400 - {'error': {'message': 'Provider returned error', 'code': 400, 'metadata': {'raw': '{"error": {"message": "{\\"error\\":{\\"message\\":\\"Conversation roles must alternate user/assistant/user/assistant/...\\",\\"type\\":\\"BadRequestError\\",\\"param\\":null,\\"code\\":400}}", "type": "invalid_request_error", "param": null, "code": 400}}', 'provider_name': 'NextBit', 'is_byok': False, 'provider_error_code': '400'}}, 'user_id': 'user_3GJo0fkBfUnouJ6Q4PCHo7kXw4J'}); retrying unconstrained.
Calling Interviewer server...
Calling Candidate server...
Structured call to Candidate server failed (Error code: 400 - {'error': {'message': 'Provider returned error', 'code': 400, 'metadata': {'raw': '{"error": {"message": "{\\"error\\":{\\"message\\":\\"Conversation roles must alternate user/assistant/user/assistant/...\\",\\"type\\":\\"BadRequestError\\",\\"param\\":null,\\"code\\":400}}", "type": "invalid_request_error", "param": null, "code": 400}}', 'provider_name': 'NextBit', 'is_byok': False, 'provider_error_code': '400'}}, 'user_id': 'user_3GJo0fkBfUnouJ6Q4PCHo7kXw4J'}); retrying unconstrained.
Calling Interviewer server...
Calling Candidate server...
Structured call to Candidate server failed (Error code: 400 - {'error': {'message': 'Provider returned error', 'code': 400, 'metadata': {'raw': '{"error": {"message": "{\\"error\\":{\\"message\\":\\"Conversation roles must alternate user/assistant/user/assistant/...\\",\\"type\\":\\"BadRequestError\\",\\"param\\":null,\\"code\\":400}}", "type": "invalid_request_error", "param": null, "code": 400}}', 'provider_name': 'NextBit', 'is_byok': False, 'provider_error_code': '400'}}, 'user_id': 'user_3GJo0fkBfUnouJ6Q4PCHo7kXw4J'}); retrying unconstrained.
Calling Interviewer server...
Calling Candidate server...
Structured call to Candidate server failed (Error code: 400 - {'error': {'message': 'Provider returned error', 'code': 400, 'metadata': {'raw': '{"error": {"message": "{\\"error\\":{\\"message\\":\\"Conversation roles must alternate user/assistant/user/assistant/...\\",\\"type\\":\\"BadRequestError\\",\\"param\\":null,\\"code\\":400}}", "type": "invalid_request_error", "param": null, "code": 400}}', 'provider_name': 'NextBit', 'is_byok': False, 'provider_error_code': '400'}}, 'user_id': 'user_3GJo0fkBfUnouJ6Q4PCHo7kXw4J'}); retrying unconstrained.
Calling Judge Case Guide Scout server...
Calling Judge server...
Calling Interviewer server...
Calling Candidate server...
Structured call to Candidate server failed (Error code: 400 - {'error': {'message': 'Provider returned error', 'code': 400, 'metadata': {'raw': '{"error": {"message": "{\\"error\\":{\\"message\\":\\"Conversation roles must alternate user/assistant/user/assistant/...\\",\\"type\\":\\"BadRequestError\\",\\"param\\":null,\\"code\\":400}}", "type": "invalid_request_error", "param": null, "code": 400}}', 'provider_name': 'NextBit', 'is_byok': False, 'provider_error_code': '400'}}, 'user_id': 'user_3GJo0fkBfUnouJ6Q4PCHo7kXw4J'}); retrying unconstrained.
Calling Interviewer server...
Calling Candidate server...
Structured call to Candidate server failed (Error code: 400 - {'error': {'message': 'Provider returned error', 'code': 400, 'metadata': {'raw': '{"error": {"message": "{\\"error\\":{\\"message\\":\\"Conversation roles must alternate user/assistant/user/assistant/...\\",\\"type\\":\\"BadRequestError\\",\\"param\\":null,\\"code\\":400}}", "type": "invalid_request_error", "param": null, "code": 400}}', 'provider_name': 'NextBit', 'is_byok': False, 'provider_error_code': '400'}}, 'user_id': 'user_3GJo0fkBfUnouJ6Q4PCHo7kXw4J'}); retrying unconstrained.
Calling Interviewer server...
Calling Candidate server...
Structured call to Candidate server failed (Error code: 400 - {'error': {'message': 'Provider returned error', 'code': 400, 'metadata': {'raw': '{"error": {"message": "{\\"error\\":{\\"message\\":\\"Conversation roles must alternate user/assistant/user/assistant/...\\",\\"type\\":\\"BadRequestError\\",\\"param\\":null,\\"code\\":400}}", "type": "invalid_request_error", "param": null, "code": 400}}', 'provider_name': 'NextBit', 'is_byok': False, 'provider_error_code': '400'}}, 'user_id': 'user_3GJo0fkBfUnouJ6Q4PCHo7kXw4J'}); retrying unconstrained.
Calling Interviewer server...
Calling Candidate server...
Structured call to Candidate server failed (Error code: 400 - {'error': {'message': 'Provider returned error', 'code': 400, 'metadata': {'raw': '{"error": {"message": "{\\"error\\":{\\"message\\":\\"Conversation roles must alternate user/assistant/user/assistant/...\\",\\"type\\":\\"BadRequestError\\",\\"param\\":null,\\"code\\":400}}", "type": "invalid_request_error", "param": null, "code": 400}}', 'provider_name': 'NextBit', 'is_byok': False, 'provider_error_code': '400'}}, 'user_id': 'user_3GJo0fkBfUnouJ6Q4PCHo7kXw4J'}); retrying unconstrained.
Calling Judge Case Guide Scout server...
Calling Judge server...
Calling Eval Dialog Quality Case Guide Scout server...
Calling Eval Case Performance Scout server...
Calling Eval Dialog Quality server...
RAG being used, consulting ConsultingCaseGuide-PPML.pdf file
Calling Eval Case Performance server...
Calling Give Feedback Case Guide Scout server...
RAG being used, consulting ConsultingCaseGuide-PPML.pdf file
Calling Give Feedback server...
[agentic] 24/104 scenario_01_06 (repeat 4/4)
Calling Candidate server...
Structured call to Candidate server failed (Error code: 400 - {'error': {'message': 'Provider returned error', 'code': 400, 'metadata': {'raw': '{"error": {"message": "{\\"error\\":{\\"message\\":\\"Conversation roles must alternate user/assistant/user/assistant/...\\",\\"type\\":\\"BadRequestError\\",\\"param\\":null,\\"code\\":400}}", "type": "invalid_request_error", "param": null, "code": 400}}', 'provider_name': 'NextBit', 'is_byok': False, 'provider_error_code': '400'}}, 'user_id': 'user_3GJo0fkBfUnouJ6Q4PCHo7kXw4J'}); retrying unconstrained.
Calling Interviewer server...
Calling Candidate server...
Structured call to Candidate server failed (Error code: 400 - {'error': {'message': 'Provider returned error', 'code': 400, 'metadata': {'raw': '{"error": {"message": "{\\"error\\":{\\"message\\":\\"Conversation roles must alternate user/assistant/user/assistant/...\\",\\"type\\":\\"BadRequestError\\",\\"param\\":null,\\"code\\":400}}", "type": "invalid_request_error", "param": null, "code": 400}}', 'provider_name': 'NextBit', 'is_byok': False, 'provider_error_code': '400'}}, 'user_id': 'user_3GJo0fkBfUnouJ6Q4PCHo7kXw4J'}); retrying unconstrained.
Calling Interviewer server...
Calling Candidate server...
Structured call to Candidate server failed (Error code: 400 - {'error': {'message': 'Provider returned error', 'code': 400, 'metadata': {'raw': '{"error": {"message": "{\\"error\\":{\\"message\\":\\"Conversation roles must alternate user/assistant/user/assistant/...\\",\\"type\\":\\"BadRequestError\\",\\"param\\":null,\\"code\\":400}}", "type": "invalid_request_error", "param": null, "code": 400}}', 'provider_name': 'NextBit', 'is_byok': False, 'provider_error_code': '400'}}, 'user_id': 'user_3GJo0fkBfUnouJ6Q4PCHo7kXw4J'}); retrying unconstrained.
Calling Interviewer server...
Calling Candidate server...
Structured call to Candidate server failed (Error code: 400 - {'error': {'message': 'Provider returned error', 'code': 400, 'metadata': {'raw': '{"error": {"message": "{\\"error\\":{\\"message\\":\\"Conversation roles must alternate user/assistant/user/assistant/...\\",\\"type\\":\\"BadRequestError\\",\\"param\\":null,\\"code\\":400}}", "type": "invalid_request_error", "param": null, "code": 400}}', 'provider_name': 'NextBit', 'is_byok': False, 'provider_error_code': '400'}}, 'user_id': 'user_3GJo0fkBfUnouJ6Q4PCHo7kXw4J'}); retrying unconstrained.
Calling Judge Case Guide Scout server...
Calling Judge server...
Calling Interviewer server...
Calling Candidate server...
Structured call to Candidate server failed (Error code: 400 - {'error': {'message': 'Provider returned error', 'code': 400, 'metadata': {'raw': '{"error": {"message": "{\\"error\\":{\\"message\\":\\"Conversation roles must alternate user/assistant/user/assistant/...\\",\\"type\\":\\"BadRequestError\\",\\"param\\":null,\\"code\\":400}}", "type": "invalid_request_error", "param": null, "code": 400}}', 'provider_name': 'NextBit', 'is_byok': False, 'provider_error_code': '400'}}, 'user_id': 'user_3GJo0fkBfUnouJ6Q4PCHo7kXw4J'}); retrying unconstrained.
Calling Interviewer server...
Calling Candidate server...
Structured call to Candidate server failed (Error code: 400 - {'error': {'message': 'Provider returned error', 'code': 400, 'metadata': {'raw': '{"error": {"message": "{\\"error\\":{\\"message\\":\\"Conversation roles must alternate user/assistant/user/assistant/...\\",\\"type\\":\\"BadRequestError\\",\\"param\\":null,\\"code\\":400}}", "type": "invalid_request_error", "param": null, "code": 400}}', 'provider_name': 'NextBit', 'is_byok': False, 'provider_error_code': '400'}}, 'user_id': 'user_3GJo0fkBfUnouJ6Q4PCHo7kXw4J'}); retrying unconstrained.
Calling Interviewer server...
Calling Candidate server...
Structured call to Candidate server failed (Error code: 400 - {'error': {'message': 'Provider returned error', 'code': 400, 'metadata': {'raw': '{"error": {"message": "{\\"error\\":{\\"message\\":\\"Conversation roles must alternate user/assistant/user/assistant/...\\",\\"type\\":\\"BadRequestError\\",\\"param\\":null,\\"code\\":400}}", "type": "invalid_request_error", "param": null, "code": 400}}', 'provider_name': 'NextBit', 'is_byok': False, 'provider_error_code': '400'}}, 'user_id': 'user_3GJo0fkBfUnouJ6Q4PCHo7kXw4J'}); retrying unconstrained.
Calling Interviewer server...
Calling Candidate server...
Structured call to Candidate server failed (Error code: 400 - {'error': {'message': 'Provider returned error', 'code': 400, 'metadata': {'raw': '{"error": {"message": "{\\"error\\":{\\"message\\":\\"Conversation roles must alternate user/assistant/user/assistant/...\\",\\"type\\":\\"BadRequestError\\",\\"param\\":null,\\"code\\":400}}", "type": "invalid_request_error", "param": null, "code": 400}}', 'provider_name': 'NextBit', 'is_byok': False, 'provider_error_code': '400'}}, 'user_id': 'user_3GJo0fkBfUnouJ6Q4PCHo7kXw4J'}); retrying unconstrained.
Calling Judge Case Guide Scout server...
Calling Judge server...
Calling Eval Case Performance Scout server...
Calling Eval Dialog Quality Case Guide Scout server...
RAG being used, consulting ConsultingCaseGuide-PPML.pdf file
Calling Eval Case Performance server...
Calling Eval Dialog Quality server...
Calling Give Feedback Case Guide Scout server...
RAG being used, consulting ConsultingCaseGuide-PPML.pdf file
Calling Give Feedback server...
[agentic] 25/104 scenario_01_07 (repeat 1/4)
