Starting experiment batch 'exp3.3'
Running make run-all (RUNNER=hpc, LABEL=exp3.3, N=4)...
/software/conda/ppdm1/conda/bin/conda run -n coach --no-capture-output python run_all_scenarios.py --graph both --repeat 4 --label "exp3.3"
[agentic] 1/104 scenario_01_01 (repeat 1/4)
Calling Candidate server...
Calling Interviewer server...
Calling Candidate server...
Calling Interviewer server...
Calling Candidate server...
Calling Interviewer server...
Calling Candidate server...
Calling Interviewer server...
Calling Candidate server...
Calling Judge Case Guide Scout server...
Calling Judge server...
Calling Interviewer server...
Calling Candidate server...
Calling Interviewer server...
Calling Candidate server...
Calling Interviewer server...
Calling Candidate server...
Calling Interviewer server...
Calling Candidate server...
Calling Interviewer server...
Calling Candidate server...
Calling Judge Case Guide Scout server...
Calling Judge server...
Calling Eval Case Performance Scout server...
Calling Eval Dialog Quality Case Guide Scout server...
Calling Eval Dialog Quality server...
Calling Eval Case Performance server...
Calling Give Feedback Case Guide Scout server...
RAG being used, consulting ConsultingCaseGuide-PPML.pdf file
Calling Give Feedback server...
[agentic] 2/104 scenario_01_01 (repeat 2/4)
Calling Candidate server...
Calling Interviewer server...
Calling Candidate server...
Calling Interviewer server...
Calling Candidate server...
Calling Interviewer server...
Calling Candidate server...
Calling Interviewer server...
Calling Candidate server...
Calling Judge Case Guide Scout server...
Calling Judge server...
Calling Interviewer server...
Calling Candidate server...
Calling Interviewer server...
Calling Candidate server...
Calling Interviewer server...
Calling Candidate server...
Calling Interviewer server...
Calling Candidate server...
Calling Interviewer server...
Calling Candidate server...
Calling Judge Case Guide Scout server...
Calling Judge server...
Calling Eval Case Performance Scout server...
Calling Eval Dialog Quality Case Guide Scout server...
Calling Eval Dialog Quality server...
RAG being used, consulting ConsultingCaseGuide-PPML.pdf file
Calling Eval Case Performance server...
Calling Give Feedback Case Guide Scout server...
Calling Give Feedback server...
[agentic] 3/104 scenario_01_01 (repeat 3/4)
Calling Candidate server...
Calling Interviewer server...
Calling Candidate server...
Calling Interviewer server...
Calling Candidate server...
Calling Interviewer server...
Calling Candidate server...
Calling Interviewer server...
Calling Candidate server...
Calling Judge Case Guide Scout server...
Calling Judge server...
Calling Interviewer server...
Calling Candidate server...
Calling Interviewer server...
Calling Candidate server...
Calling Interviewer server...
Calling Candidate server...
Calling Interviewer server...
Calling Candidate server...
Calling Interviewer server...
Calling Candidate server...
Calling Judge Case Guide Scout server...
Calling Judge server...
Calling Eval Case Performance Scout server...
Calling Eval Dialog Quality Case Guide Scout server...
Calling Eval Dialog Quality server...
Calling Eval Case Performance server...
Calling Give Feedback Case Guide Scout server...
RAG being used, consulting ConsultingCaseGuide-PPML.pdf file
Calling Give Feedback server...
[agentic] 4/104 scenario_01_01 (repeat 4/4)
Calling Candidate server...
Calling Interviewer server...
Calling Candidate server...
Calling Interviewer server...
Calling Candidate server...
Calling Interviewer server...
Calling Candidate server...
Calling Interviewer server...
Calling Candidate server...
Calling Judge Case Guide Scout server...
Calling Judge server...
Calling Interviewer server...
Calling Candidate server...
Calling Interviewer server...
Calling Candidate server...
Calling Interviewer server...
Calling Candidate server...
Calling Interviewer server...
Calling Candidate server...
Calling Interviewer server...
Calling Candidate server...
Calling Judge Case Guide Scout server...
Calling Judge server...
Calling Eval Case Performance Scout server...
Calling Eval Dialog Quality Case Guide Scout server...
Calling Eval Dialog Quality server...
Calling Eval Case Performance server...
Calling Give Feedback Case Guide Scout server...
RAG being used, consulting ConsultingCaseGuide-PPML.pdf file
Calling Give Feedback server...
[agentic] 5/104 scenario_01_02 (repeat 1/4)
Calling Candidate server...
Calling Interviewer server...
Calling Candidate server...
Calling Interviewer server...
Calling Candidate server...
Calling Interviewer server...
Calling Candidate server...
Calling Interviewer server...
Calling Candidate server...
Calling Judge Case Guide Scout server...
Calling Judge server...
Calling Interviewer server...
Calling Candidate server...
Calling Interviewer server...
Calling Candidate server...
Calling Interviewer server...
Calling Candidate server...
Calling Interviewer server...
Calling Candidate server...
Structured call to Candidate server failed ('NoneType' object is not iterable); retrying unconstrained.
Calling Interviewer server...
Calling Candidate server...
Calling Judge Case Guide Scout server...
Judge Case Guide Scout server rate-limited (attempt 1/3); retrying in 5s...
Judge Case Guide Scout server rate-limited (attempt 2/3); retrying in 10s...
Calling Judge server...
Calling Eval Case Performance Scout server...
Calling Eval Dialog Quality Case Guide Scout server...
Calling Eval Case Performance server...
Calling Eval Dialog Quality server...
Eval Dialog Quality server rate-limited (attempt 1/3); retrying in 5s...
Calling Give Feedback Case Guide Scout server...
RAG being used, consulting ConsultingCaseGuide-PPML.pdf file
Calling Give Feedback server...
[agentic] 6/104 scenario_01_02 (repeat 2/4)
Calling Candidate server...
Calling Interviewer server...
Calling Candidate server...
Calling Interviewer server...
Calling Candidate server...
Calling Interviewer server...
Calling Candidate server...
Calling Interviewer server...
Calling Candidate server...
Calling Judge Case Guide Scout server...
Calling Judge server...
Calling Interviewer server...
Calling Candidate server...
Calling Interviewer server...
Calling Candidate server...
Calling Interviewer server...
Calling Candidate server...
Calling Interviewer server...
Calling Candidate server...
Calling Interviewer server...
Calling Candidate server...
Calling Judge Case Guide Scout server...
Calling Judge server...
Calling Eval Case Performance Scout server...
Calling Eval Dialog Quality Case Guide Scout server...
RAG being used, consulting ConsultingCaseGuide-PPML.pdf file
Calling Eval Dialog Quality server...
Calling Eval Case Performance server...
Calling Give Feedback Case Guide Scout server...
RAG being used, consulting ConsultingCaseGuide-PPML.pdf file
Calling Give Feedback server...
[agentic] 7/104 scenario_01_02 (repeat 3/4)
Calling Candidate server...
Calling Interviewer server...
Calling Candidate server...
Calling Interviewer server...
Calling Candidate server...
Calling Interviewer server...
Calling Candidate server...
Calling Interviewer server...
Calling Candidate server...
Calling Judge Case Guide Scout server...
Calling Judge server...
Calling Interviewer server...
Calling Candidate server...
Calling Interviewer server...
Calling Candidate server...
Calling Interviewer server...
Calling Candidate server...
Calling Interviewer server...
Calling Candidate server...
Calling Interviewer server...
Calling Candidate server...
Calling Judge Case Guide Scout server...
Calling Judge server...
Calling Eval Dialog Quality Case Guide Scout server...
Calling Eval Case Performance Scout server...
Calling Eval Dialog Quality server...
Calling Eval Case Performance server...
Calling Give Feedback Case Guide Scout server...
RAG being used, consulting ConsultingCaseGuide-PPML.pdf file
Calling Give Feedback server...
[agentic] 8/104 scenario_01_02 (repeat 4/4)
Calling Candidate server...
Calling Interviewer server...
Calling Candidate server...
Calling Interviewer server...
Calling Candidate server...
Calling Interviewer server...
Calling Candidate server...
Calling Interviewer server...
Calling Candidate server...
Calling Judge Case Guide Scout server...
Calling Judge server...
Calling Interviewer server...
Calling Candidate server...
Calling Interviewer server...
Calling Candidate server...
Calling Interviewer server...
Calling Candidate server...
Calling Interviewer server...
Calling Candidate server...
Calling Interviewer server...
Calling Candidate server...
Calling Judge Case Guide Scout server...
Calling Judge server...
Calling Eval Case Performance Scout server...
Calling Eval Dialog Quality Case Guide Scout server...
Calling Eval Dialog Quality server...
RAG being used, consulting ConsultingCaseGuide-PPML.pdf file
Calling Eval Case Performance server...
Calling Give Feedback Case Guide Scout server...
RAG being used, consulting ConsultingCaseGuide-PPML.pdf file
Calling Give Feedback server...
[agentic] 9/104 scenario_01_03 (repeat 1/4)
Calling Candidate server...
Calling Interviewer server...
Calling Candidate server...
Calling Interviewer server...
Calling Candidate server...
Calling Interviewer server...
Calling Candidate server...
Calling Interviewer server...
Calling Candidate server...
Calling Judge Case Guide Scout server...
Calling Judge server...
Calling Interviewer server...
Calling Candidate server...
Calling Interviewer server...
Calling Candidate server...
Calling Interviewer server...
Calling Candidate server...
Calling Interviewer server...
Calling Candidate server...
Calling Interviewer server...
Calling Candidate server...
Calling Judge Case Guide Scout server...
Calling Judge server...
Calling Eval Case Performance Scout server...
Calling Eval Dialog Quality Case Guide Scout server...
Calling Eval Dialog Quality server...
RAG being used, consulting ConsultingCaseGuide-PPML.pdf file
Calling Eval Case Performance server...
Calling Give Feedback Case Guide Scout server...
RAG being used, consulting ConsultingCaseGuide-PPML.pdf file
Calling Give Feedback server...
[agentic] 10/104 scenario_01_03 (repeat 2/4)
Calling Candidate server...
Calling Interviewer server...
Calling Candidate server...
Calling Interviewer server...
Calling Candidate server...
Calling Interviewer server...
Calling Candidate server...
Calling Interviewer server...
Calling Candidate server...
Calling Judge Case Guide Scout server...
Calling Judge server...
Calling Eval Dialog Quality Case Guide Scout server...
Calling Eval Case Performance Scout server...
Calling Eval Dialog Quality server...
Calling Eval Case Performance server...
Calling Give Feedback Case Guide Scout server...
RAG being used, consulting ConsultingCaseGuide-PPML.pdf file
Calling Give Feedback server...
[agentic] 11/104 scenario_01_03 (repeat 3/4)
Calling Candidate server...
Calling Interviewer server...
Calling Candidate server...
Calling Interviewer server...
Calling Candidate server...
Calling Interviewer server...
Calling Candidate server...
Calling Interviewer server...
Calling Candidate server...
Calling Judge Case Guide Scout server...
Calling Judge server...
Calling Interviewer server...
Calling Candidate server...
Calling Interviewer server...
Calling Candidate server...
Calling Interviewer server...
Calling Candidate server...
Calling Interviewer server...
Calling Candidate server...
Calling Interviewer server...
Calling Candidate server...
Calling Judge Case Guide Scout server...
Calling Judge server...
Calling Eval Case Performance Scout server...
Calling Eval Dialog Quality Case Guide Scout server...
Calling Eval Dialog Quality server...
RAG being used, consulting ConsultingCaseGuide-PPML.pdf file
Calling Eval Case Performance server...
Calling Give Feedback Case Guide Scout server...
RAG being used, consulting ConsultingCaseGuide-PPML.pdf file
Calling Give Feedback server...
[agentic] 12/104 scenario_01_03 (repeat 4/4)
Calling Candidate server...
Calling Interviewer server...
Calling Candidate server...
Calling Interviewer server...
Calling Candidate server...
Calling Interviewer server...
Calling Candidate server...
Calling Interviewer server...
Calling Candidate server...
Calling Judge Case Guide Scout server...
Calling Judge server...
Calling Eval Dialog Quality Case Guide Scout server...
Calling Eval Case Performance Scout server...
Calling Eval Case Performance server...
Calling Eval Dialog Quality server...
Calling Give Feedback Case Guide Scout server...
RAG being used, consulting ConsultingCaseGuide-PPML.pdf file
Calling Give Feedback server...
[agentic] 13/104 scenario_01_04 (repeat 1/4)
Calling Candidate server...
Calling Interviewer server...
Calling Candidate server...
Calling Interviewer server...
Calling Candidate server...
Calling Interviewer server...
Calling Candidate server...
Calling Interviewer server...
Calling Candidate server...
Calling Judge Case Guide Scout server...
Calling Judge server...
Calling Eval Case Performance Scout server...
Calling Eval Dialog Quality Case Guide Scout server...
Calling Eval Dialog Quality server...
Calling Eval Case Performance server...
Eval Case Performance server rate-limited (attempt 1/3); retrying in 5s...
Calling Give Feedback Case Guide Scout server...
RAG being used, consulting ConsultingCaseGuide-PPML.pdf file
Calling Give Feedback server...
[agentic] 14/104 scenario_01_04 (repeat 2/4)
Calling Candidate server...
Calling Interviewer server...
Calling Candidate server...
Calling Interviewer server...
Calling Candidate server...
Calling Interviewer server...
Calling Candidate server...
Calling Interviewer server...
Calling Candidate server...
Calling Judge Case Guide Scout server...
Calling Judge server...
Calling Interviewer server...
Calling Candidate server...
Calling Interviewer server...
Calling Candidate server...
Calling Interviewer server...
Calling Candidate server...
Calling Interviewer server...
Calling Candidate server...
Calling Interviewer server...
Calling Candidate server...
Calling Judge Case Guide Scout server...
Calling Judge server...
Calling Eval Case Performance Scout server...
Calling Eval Dialog Quality Case Guide Scout server...
Calling Eval Dialog Quality server...
Calling Eval Case Performance server...
Calling Give Feedback Case Guide Scout server...
RAG being used, consulting ConsultingCaseGuide-PPML.pdf file
Calling Give Feedback server...
[agentic] 15/104 scenario_01_04 (repeat 3/4)
Calling Candidate server...
Calling Interviewer server...
Calling Candidate server...
Calling Interviewer server...
Calling Candidate server...
Calling Interviewer server...
Calling Candidate server...
Calling Interviewer server...
Calling Candidate server...
Calling Judge Case Guide Scout server...
Calling Judge server...
Calling Eval Dialog Quality Case Guide Scout server...
Calling Eval Case Performance Scout server...
Calling Eval Dialog Quality server...
Calling Eval Case Performance server...
Calling Give Feedback Case Guide Scout server...
RAG being used, consulting ConsultingCaseGuide-PPML.pdf file
Calling Give Feedback server...
[agentic] 16/104 scenario_01_04 (repeat 4/4)
Calling Candidate server...
Calling Interviewer server...
Calling Candidate server...
Calling Interviewer server...
Calling Candidate server...
Calling Interviewer server...
Calling Candidate server...
Calling Interviewer server...
Calling Candidate server...
Calling Judge Case Guide Scout server...
Calling Judge server...
Calling Interviewer server...
Calling Candidate server...
Calling Interviewer server...
Calling Candidate server...
Calling Interviewer server...
Calling Candidate server...
Calling Interviewer server...
Calling Candidate server...
Calling Interviewer server...
Calling Candidate server...
Calling Judge Case Guide Scout server...
Calling Judge server...
Calling Eval Dialog Quality Case Guide Scout server...
Calling Eval Case Performance Scout server...
Eval Case Performance Scout server rate-limited (attempt 1/3); retrying in 5s...
Eval Dialog Quality Case Guide Scout server rate-limited (attempt 1/3); retrying in 5s...
Calling Eval Dialog Quality server...
Calling Eval Case Performance server...
Calling Give Feedback Case Guide Scout server...
RAG being used, consulting ConsultingCaseGuide-PPML.pdf file
Calling Give Feedback server...
[agentic] 17/104 scenario_01_05 (repeat 1/4)
Calling Candidate server...
Calling Interviewer server...
Calling Candidate server...
Calling Interviewer server...
Calling Candidate server...
Calling Interviewer server...
Calling Candidate server...
Calling Interviewer server...
Calling Candidate server...
Calling Judge Case Guide Scout server...
Judge Case Guide Scout server rate-limited (attempt 1/3); retrying in 5s...
Judge Case Guide Scout server rate-limited (attempt 2/3); retrying in 10s...
Structured call to Judge Case Guide Scout server failed (Error code: 429 - {'error': {'message': 'Provider returned error', 'code': 429, 'metadata': {'raw': 'qwen/qwen-2.5-72b-instruct is temporarily rate-limited upstream. Please retry shortly, or add your own key to accumulate your rate limits: https://openrouter.ai/settings/integrations', 'provider_name': 'DeepInfra', 'is_byok': False, 'provider_error_code': 'engine_overloaded', 'limit_source': 'upstream_provider_shared_pool', 'remedy_hint': 'Retry shortly, add your own provider key (https://openrouter.ai/settings/integrations), or route to another provider with provider routing: https://openrouter.ai/docs/features/provider-routing'}}, 'user_id': 'user_3GJo0fkBfUnouJ6Q4PCHo7kXw4J'}); retrying unconstrained.
Judge Case Guide Scout server rate-limited (attempt 1/3); retrying in 5s...
Judge Case Guide Scout server rate-limited (attempt 2/3); retrying in 10s...
Error calling Judge Case Guide Scout server: Error code: 400 - {'error': {'message': 'Provider returned error', 'code': 400, 'metadata': {'raw': '{"code":400, "reason":"INVALID_REQUEST_BODY", "message":"model: qwen/qwen-2.5-72b-instruct does not support endpoint: completions", "metadata":{}}', 'provider_name': 'Novita', 'is_byok': False, 'previous_errors': [{'code': 429, 'message': 'Provider returned error', 'provider_name': 'DeepInfra', 'raw': 'qwen/qwen-2.5-72b-instruct is temporarily rate-limited upstream. Please retry shortly, or add your own key to accumulate your rate limits: https://openrouter.ai/settings/integrations'}]}}, 'user_id': 'user_3GJo0fkBfUnouJ6Q4PCHo7kXw4J'}
[agentic] 18/104 scenario_01_05 (repeat 2/4)
Calling Candidate server...
Calling Interviewer server...
Calling Candidate server...
Calling Interviewer server...
Calling Candidate server...
Calling Interviewer server...
Calling Candidate server...
Calling Interviewer server...
Calling Candidate server...
Calling Judge Case Guide Scout server...
Calling Judge server...
Calling Interviewer server...
Calling Candidate server...
Calling Interviewer server...
Calling Candidate server...
Calling Interviewer server...
Calling Candidate server...
Calling Interviewer server...
Calling Candidate server...
Calling Interviewer server...
Calling Candidate server...
Calling Judge Case Guide Scout server...
Calling Judge server...
Calling Eval Case Performance Scout server...
Calling Eval Dialog Quality Case Guide Scout server...
Calling Eval Dialog Quality server...
Calling Eval Case Performance server...
Calling Give Feedback Case Guide Scout server...
RAG being used, consulting ConsultingCaseGuide-PPML.pdf file
Calling Give Feedback server...
[agentic] 19/104 scenario_01_05 (repeat 3/4)
Calling Candidate server...
Calling Interviewer server...
Calling Candidate server...
Calling Interviewer server...
Calling Candidate server...
Calling Interviewer server...
Calling Candidate server...
Calling Interviewer server...
Calling Candidate server...
Calling Judge Case Guide Scout server...
Calling Judge server...
Calling Eval Case Performance Scout server...
Calling Eval Dialog Quality Case Guide Scout server...
Calling Eval Dialog Quality server...
RAG being used, consulting ConsultingCaseGuide-PPML.pdf file
Calling Eval Case Performance server...
Calling Give Feedback Case Guide Scout server...
RAG being used, consulting ConsultingCaseGuide-PPML.pdf file
Calling Give Feedback server...
[agentic] 20/104 scenario_01_05 (repeat 4/4)
Calling Candidate server...
Calling Interviewer server...
Calling Candidate server...
Calling Interviewer server...
Calling Candidate server...
Calling Interviewer server...
Calling Candidate server...
Calling Interviewer server...
Calling Candidate server...
Calling Judge Case Guide Scout server...
Calling Judge server...
Calling Interviewer server...
Calling Candidate server...
Calling Interviewer server...
Calling Candidate server...
Calling Interviewer server...
Calling Candidate server...
Calling Interviewer server...
Calling Candidate server...
Calling Interviewer server...
Calling Candidate server...
Calling Judge Case Guide Scout server...
Judge Case Guide Scout server rate-limited (attempt 1/3); retrying in 5s...
Calling Judge server...
Calling Eval Case Performance Scout server...
Calling Eval Dialog Quality Case Guide Scout server...
Calling Eval Dialog Quality server...
RAG being used, consulting ConsultingCaseGuide-PPML.pdf file
Calling Eval Case Performance server...
Calling Give Feedback Case Guide Scout server...
RAG being used, consulting ConsultingCaseGuide-PPML.pdf file
Calling Give Feedback server...
[agentic] 21/104 scenario_01_06 (repeat 1/4)
Calling Candidate server...
Calling Interviewer server...
Calling Candidate server...
Calling Interviewer server...
Calling Candidate server...
Calling Interviewer server...
Calling Candidate server...
Calling Interviewer server...
Calling Candidate server...
Calling Judge Case Guide Scout server...
Calling Judge server...
Calling Eval Case Performance Scout server...
Calling Eval Dialog Quality Case Guide Scout server...
Calling Eval Dialog Quality server...
Calling Eval Case Performance server...
Calling Give Feedback Case Guide Scout server...
RAG being used, consulting ConsultingCaseGuide-PPML.pdf file
Calling Give Feedback server...
[agentic] 22/104 scenario_01_06 (repeat 2/4)
Calling Candidate server...
Calling Interviewer server...
Calling Candidate server...
Calling Interviewer server...
Calling Candidate server...
Calling Interviewer server...
Calling Candidate server...
Calling Interviewer server...
Calling Candidate server...
Calling Judge Case Guide Scout server...
Calling Judge server...
Calling Eval Case Performance Scout server...
Calling Eval Dialog Quality Case Guide Scout server...
Calling Eval Dialog Quality server...
Calling Eval Case Performance server...
Calling Give Feedback Case Guide Scout server...
RAG being used, consulting ConsultingCaseGuide-PPML.pdf file
Calling Give Feedback server...
[agentic] 23/104 scenario_01_06 (repeat 3/4)
Calling Candidate server...
Calling Interviewer server...
Calling Candidate server...
Calling Interviewer server...
Calling Candidate server...
Calling Interviewer server...
Calling Candidate server...
Calling Interviewer server...
Calling Candidate server...
Calling Judge Case Guide Scout server...
Calling Judge server...
Calling Eval Case Performance Scout server...
Calling Eval Dialog Quality Case Guide Scout server...
Calling Eval Dialog Quality server...
Calling Eval Case Performance server...
Calling Give Feedback Case Guide Scout server...
RAG being used, consulting ConsultingCaseGuide-PPML.pdf file
Calling Give Feedback server...
[agentic] 24/104 scenario_01_06 (repeat 4/4)
Calling Candidate server...
Calling Interviewer server...
Calling Candidate server...
Calling Interviewer server...
Calling Candidate server...
Calling Interviewer server...
Calling Candidate server...
Calling Interviewer server...
Calling Candidate server...
Calling Judge Case Guide Scout server...
Judge Case Guide Scout server rate-limited (attempt 1/3); retrying in 5s...
Judge Case Guide Scout server rate-limited (attempt 2/3); retrying in 10s...
Structured call to Judge Case Guide Scout server failed (Error code: 429 - {'error': {'message': 'Provider returned error', 'code': 429, 'metadata': {'raw': 'qwen/qwen-2.5-72b-instruct is temporarily rate-limited upstream. Please retry shortly, or add your own key to accumulate your rate limits: https://openrouter.ai/settings/integrations', 'provider_name': 'DeepInfra', 'is_byok': False, 'provider_error_code': 'engine_overloaded', 'limit_source': 'upstream_provider_shared_pool', 'remedy_hint': 'Retry shortly, add your own provider key (https://openrouter.ai/settings/integrations), or route to another provider with provider routing: https://openrouter.ai/docs/features/provider-routing'}}, 'user_id': 'user_3GJo0fkBfUnouJ6Q4PCHo7kXw4J'}); retrying unconstrained.
Judge Case Guide Scout server rate-limited (attempt 1/3); retrying in 5s...
Judge Case Guide Scout server rate-limited (attempt 2/3); retrying in 10s...
Error calling Judge Case Guide Scout server: Error code: 400 - {'error': {'message': 'Provider returned error', 'code': 400, 'metadata': {'raw': '{"code":400, "reason":"INVALID_REQUEST_BODY", "message":"model: qwen/qwen-2.5-72b-instruct does not support endpoint: completions", "metadata":{}}', 'provider_name': 'Novita', 'is_byok': False, 'previous_errors': [{'code': 429, 'message': 'Provider returned error', 'provider_name': 'DeepInfra', 'raw': 'qwen/qwen-2.5-72b-instruct is temporarily rate-limited upstream. Please retry shortly, or add your own key to accumulate your rate limits: https://openrouter.ai/settings/integrations'}]}}, 'user_id': 'user_3GJo0fkBfUnouJ6Q4PCHo7kXw4J'}
[agentic] 25/104 scenario_01_07 (repeat 1/4)
Calling Candidate server...
Calling Interviewer server...
Calling Candidate server...
Calling Interviewer server...
Calling Candidate server...
Calling Interviewer server...
Calling Candidate server...
Calling Interviewer server...
Calling Candidate server...
Calling Judge Case Guide Scout server...
Calling Judge server...
Calling Interviewer server...
Calling Candidate server...
Calling Interviewer server...
Calling Candidate server...
Calling Interviewer server...
Calling Candidate server...
Calling Interviewer server...
Calling Candidate server...
Calling Interviewer server...
Calling Candidate server...
Calling Judge Case Guide Scout server...
Calling Judge server...
Calling Eval Dialog Quality Case Guide Scout server...
Calling Eval Case Performance Scout server...
Eval Case Performance Scout server rate-limited (attempt 1/3); retrying in 5s...
Eval Dialog Quality Case Guide Scout server rate-limited (attempt 1/3); retrying in 5s...
Eval Case Performance Scout server rate-limited (attempt 2/3); retrying in 10s...
Eval Dialog Quality Case Guide Scout server rate-limited (attempt 2/3); retrying in 10s...
Calling Eval Dialog Quality server...
Calling Eval Case Performance server...
Calling Give Feedback Case Guide Scout server...
RAG being used, consulting ConsultingCaseGuide-PPML.pdf file
Calling Give Feedback server...
[agentic] 26/104 scenario_01_07 (repeat 2/4)
Calling Candidate server...
Calling Interviewer server...
Calling Candidate server...
Calling Interviewer server...
Calling Candidate server...
Calling Interviewer server...
Calling Candidate server...
Calling Interviewer server...
Calling Candidate server...
Calling Judge Case Guide Scout server...
Calling Judge server...
Calling Interviewer server...
Calling Candidate server...
Calling Interviewer server...
Calling Candidate server...
Calling Interviewer server...
Calling Candidate server...
Calling Interviewer server...
Calling Candidate server...
Calling Interviewer server...
Calling Candidate server...
Calling Judge Case Guide Scout server...
Calling Judge server...
Calling Eval Case Performance Scout server...
Calling Eval Dialog Quality Case Guide Scout server...
RAG being used, consulting ConsultingCaseGuide-PPML.pdf file
Calling Eval Case Performance server...
Calling Eval Dialog Quality server...
Calling Give Feedback Case Guide Scout server...
RAG being used, consulting ConsultingCaseGuide-PPML.pdf file
Calling Give Feedback server...
[agentic] 27/104 scenario_01_07 (repeat 3/4)
Calling Candidate server...
Calling Interviewer server...
Calling Candidate server...
Calling Interviewer server...
Calling Candidate server...
Calling Interviewer server...
Calling Candidate server...
Calling Interviewer server...
Calling Candidate server...
Calling Judge Case Guide Scout server...
Calling Judge server...
Calling Interviewer server...
Calling Candidate server...
Calling Interviewer server...
Calling Candidate server...
Calling Interviewer server...
Calling Candidate server...
Calling Interviewer server...
Calling Candidate server...
Calling Interviewer server...
Calling Candidate server...
Calling Judge Case Guide Scout server...
Calling Judge server...
Calling Eval Case Performance Scout server...
Calling Eval Dialog Quality Case Guide Scout server...
Calling Eval Dialog Quality server...
RAG being used, consulting ConsultingCaseGuide-PPML.pdf file
Calling Eval Case Performance server...
Calling Give Feedback Case Guide Scout server...
RAG being used, consulting ConsultingCaseGuide-PPML.pdf file
Calling Give Feedback server...
[agentic] 28/104 scenario_01_07 (repeat 4/4)
Calling Candidate server...
Calling Interviewer server...
Calling Candidate server...
Calling Interviewer server...
Calling Candidate server...
Calling Interviewer server...
Calling Candidate server...
Calling Interviewer server...
Calling Candidate server...
Calling Judge Case Guide Scout server...
Calling Judge server...
Calling Interviewer server...
Calling Candidate server...
Calling Interviewer server...
Calling Candidate server...
Calling Interviewer server...
Calling Candidate server...
Calling Interviewer server...
Calling Candidate server...
Calling Interviewer server...
Calling Candidate server...
Calling Judge Case Guide Scout server...
Calling Judge server...
Judge server rate-limited (attempt 1/3); retrying in 5s...
Calling Eval Case Performance Scout server...
Calling Eval Dialog Quality Case Guide Scout server...
Calling Eval Case Performance server...
Calling Eval Dialog Quality server...
Calling Give Feedback Case Guide Scout server...
RAG being used, consulting ConsultingCaseGuide-PPML.pdf file
Calling Give Feedback server...
[agentic] 29/104 scenario_01_08 (repeat 1/4)
Calling Candidate server...
Calling Interviewer server...
Calling Candidate server...
Calling Interviewer server...
Calling Candidate server...
Calling Interviewer server...
Calling Candidate server...
Calling Interviewer server...
Calling Candidate server...
Calling Judge Case Guide Scout server...
Calling Judge server...
Calling Interviewer server...
Calling Candidate server...
Calling Interviewer server...
Calling Candidate server...
Calling Interviewer server...
Calling Candidate server...
Calling Interviewer server...
Calling Candidate server...
Calling Interviewer server...
Calling Candidate server...
Calling Judge Case Guide Scout server...
Calling Judge server...
Calling Eval Case Performance Scout server...
Calling Eval Dialog Quality Case Guide Scout server...
Calling Eval Dialog Quality server...
RAG being used, consulting ConsultingCaseGuide-PPML.pdf file
Calling Eval Case Performance server...
Calling Give Feedback Case Guide Scout server...
RAG being used, consulting ConsultingCaseGuide-PPML.pdf file
Calling Give Feedback server...
[agentic] 30/104 scenario_01_08 (repeat 2/4)
Calling Candidate server...
Calling Interviewer server...
Calling Candidate server...
Calling Interviewer server...
Calling Candidate server...
Calling Interviewer server...
Calling Candidate server...
Calling Interviewer server...
Calling Candidate server...
Calling Judge Case Guide Scout server...
Judge Case Guide Scout server rate-limited (attempt 1/3); retrying in 5s...
Calling Judge server...
Calling Interviewer server...
Calling Candidate server...
Calling Interviewer server...
Calling Candidate server...
Calling Interviewer server...
Calling Candidate server...
Calling Interviewer server...
Calling Candidate server...
Calling Interviewer server...
Calling Candidate server...
Calling Judge Case Guide Scout server...
Calling Judge server...
Calling Eval Case Performance Scout server...
Calling Eval Dialog Quality Case Guide Scout server...
Calling Eval Dialog Quality server...
Calling Eval Case Performance server...
Calling Give Feedback Case Guide Scout server...
RAG being used, consulting ConsultingCaseGuide-PPML.pdf file
Calling Give Feedback server...
[agentic] 31/104 scenario_01_08 (repeat 3/4)
Calling Candidate server...
Calling Interviewer server...
Calling Candidate server...
Calling Interviewer server...
Calling Candidate server...
Calling Interviewer server...
Calling Candidate server...
Calling Interviewer server...
Calling Candidate server...
Calling Judge Case Guide Scout server...
Calling Judge server...
Calling Eval Case Performance Scout server...
Calling Eval Dialog Quality Case Guide Scout server...
Calling Eval Dialog Quality server...
Calling Eval Case Performance server...
Calling Give Feedback Case Guide Scout server...
RAG being used, consulting ConsultingCaseGuide-PPML.pdf file
Calling Give Feedback server...
[agentic] 32/104 scenario_01_08 (repeat 4/4)
Calling Candidate server...
Calling Interviewer server...
Calling Candidate server...
Calling Interviewer server...
Calling Candidate server...
Calling Interviewer server...
Calling Candidate server...
Calling Interviewer server...
Calling Candidate server...
Calling Judge Case Guide Scout server...
Calling Judge server...
Calling Interviewer server...
Calling Candidate server...
Calling Interviewer server...
Calling Candidate server...
Calling Interviewer server...
Calling Candidate server...
Calling Interviewer server...
Calling Candidate server...
Calling Interviewer server...
Calling Candidate server...
Calling Judge Case Guide Scout server...
Calling Judge server...
Calling Eval Case Performance Scout server...
Calling Eval Dialog Quality Case Guide Scout server...
Calling Eval Dialog Quality server...
Calling Eval Case Performance server...
Calling Give Feedback Case Guide Scout server...
RAG being used, consulting ConsultingCaseGuide-PPML.pdf file
Calling Give Feedback server...
[agentic] 33/104 scenario_02_01 (repeat 1/4)
Calling Candidate server...
Calling Interviewer server...
Calling Candidate server...
Calling Interviewer server...
Calling Candidate server...
Calling Interviewer server...
Calling Candidate server...
Calling Interviewer server...
Calling Candidate server...
Calling Judge Case Guide Scout server...
Calling Judge server...
Calling Eval Case Performance Scout server...
Calling Eval Dialog Quality Case Guide Scout server...
Calling Eval Dialog Quality server...
Calling Eval Case Performance server...
Calling Give Feedback Case Guide Scout server...
RAG being used, consulting ConsultingCaseGuide-PPML.pdf file
Calling Give Feedback server...
[agentic] 34/104 scenario_02_01 (repeat 2/4)
Calling Candidate server...
Calling Interviewer server...
Calling Candidate server...
Calling Interviewer server...
Calling Candidate server...
Calling Interviewer server...
Calling Candidate server...
Calling Interviewer server...
Calling Candidate server...
Calling Judge Case Guide Scout server...
Calling Judge server...
Calling Eval Dialog Quality Case Guide Scout server...
Calling Eval Case Performance Scout server...
Calling Eval Dialog Quality server...
Calling Eval Case Performance server...
Calling Give Feedback Case Guide Scout server...
RAG being used, consulting ConsultingCaseGuide-PPML.pdf file
Calling Give Feedback server...
[agentic] 35/104 scenario_02_01 (repeat 3/4)
Calling Candidate server...
Calling Interviewer server...
Calling Candidate server...
Calling Interviewer server...
Calling Candidate server...
Calling Interviewer server...
Calling Candidate server...
Calling Interviewer server...
Calling Candidate server...
Calling Judge Case Guide Scout server...
Calling Judge server...
Calling Eval Case Performance Scout server...
Calling Eval Dialog Quality Case Guide Scout server...
Calling Eval Dialog Quality server...
Calling Eval Case Performance server...
Calling Give Feedback Case Guide Scout server...
RAG being used, consulting ConsultingCaseGuide-PPML.pdf file
Calling Give Feedback server...
[agentic] 36/104 scenario_02_01 (repeat 4/4)
Calling Candidate server...
Calling Interviewer server...
Calling Candidate server...
Calling Interviewer server...
Calling Candidate server...
Calling Interviewer server...
Calling Candidate server...
Calling Interviewer server...
Calling Candidate server...
Calling Judge Case Guide Scout server...
Judge Case Guide Scout server rate-limited (attempt 1/3); retrying in 5s...
Judge Case Guide Scout server rate-limited (attempt 2/3); retrying in 10s...
Calling Judge server...
Judge server rate-limited (attempt 1/3); retrying in 5s...
Judge server rate-limited (attempt 2/3); retrying in 10s...
Structured call to Judge server failed (Error code: 429 - {'error': {'message': 'Provider returned error', 'code': 429, 'metadata': {'raw': 'qwen/qwen-2.5-72b-instruct is temporarily rate-limited upstream. Please retry shortly, or add your own key to accumulate your rate limits: https://openrouter.ai/settings/integrations', 'provider_name': 'DeepInfra', 'is_byok': False, 'provider_error_code': 'engine_overloaded', 'limit_source': 'upstream_provider_shared_pool', 'remedy_hint': 'Retry shortly, add your own provider key (https://openrouter.ai/settings/integrations), or route to another provider with provider routing: https://openrouter.ai/docs/features/provider-routing'}}, 'user_id': 'user_3GJo0fkBfUnouJ6Q4PCHo7kXw4J'}); retrying unconstrained.
Judge server rate-limited (attempt 1/3); retrying in 5s...
Judge server rate-limited (attempt 2/3); retrying in 10s...
Error calling Judge server: Error code: 400 - {'error': {'message': 'Provider returned error', 'code': 400, 'metadata': {'raw': '{"code":400, "reason":"INVALID_REQUEST_BODY", "message":"model: qwen/qwen-2.5-72b-instruct does not support endpoint: completions", "metadata":{}}', 'provider_name': 'Novita', 'is_byok': False, 'previous_errors': [{'code': 429, 'message': 'Provider returned error', 'provider_name': 'DeepInfra', 'raw': 'qwen/qwen-2.5-72b-instruct is temporarily rate-limited upstream. Please retry shortly, or add your own key to accumulate your rate limits: https://openrouter.ai/settings/integrations'}]}}, 'user_id': 'user_3GJo0fkBfUnouJ6Q4PCHo7kXw4J'}
[agentic] 37/104 scenario_02_02 (repeat 1/4)
Calling Candidate server...
Calling Interviewer server...
Calling Candidate server...
Calling Interviewer server...
Calling Candidate server...
Calling Interviewer server...
Calling Candidate server...
Calling Interviewer server...
Calling Candidate server...
Calling Judge Case Guide Scout server...
Calling Judge server...
Calling Eval Case Performance Scout server...
Calling Eval Dialog Quality Case Guide Scout server...
Eval Case Performance Scout server rate-limited (attempt 1/3); retrying in 5s...
Eval Dialog Quality Case Guide Scout server rate-limited (attempt 1/3); retrying in 5s...
Calling Eval Dialog Quality server...
Calling Eval Case Performance server...
Calling Give Feedback Case Guide Scout server...
RAG being used, consulting ConsultingCaseGuide-PPML.pdf file
Calling Give Feedback server...
[agentic] 38/104 scenario_02_02 (repeat 2/4)
Calling Candidate server...
Calling Interviewer server...
Calling Candidate server...
Calling Interviewer server...
Calling Candidate server...
Calling Interviewer server...
Calling Candidate server...
Calling Interviewer server...
Calling Candidate server...
Calling Judge Case Guide Scout server...
Calling Judge server...
Calling Eval Case Performance Scout server...
Calling Eval Dialog Quality Case Guide Scout server...
Calling Eval Case Performance server...
Calling Eval Dialog Quality server...
Calling Give Feedback Case Guide Scout server...
RAG being used, consulting ConsultingCaseGuide-PPML.pdf file
Calling Give Feedback server...
[agentic] 39/104 scenario_02_02 (repeat 3/4)
Calling Candidate server...
Calling Interviewer server...
Calling Candidate server...
Calling Interviewer server...
Calling Candidate server...
Calling Interviewer server...
Calling Candidate server...
Calling Interviewer server...
Calling Candidate server...
Calling Judge Case Guide Scout server...
Calling Judge server...
Calling Eval Case Performance Scout server...
Calling Eval Dialog Quality Case Guide Scout server...
Calling Eval Dialog Quality server...
Calling Eval Case Performance server...
Calling Give Feedback Case Guide Scout server...
RAG being used, consulting ConsultingCaseGuide-PPML.pdf file
Calling Give Feedback server...
[agentic] 40/104 scenario_02_02 (repeat 4/4)
Calling Candidate server...
Calling Interviewer server...
Calling Candidate server...
Calling Interviewer server...
Calling Candidate server...
Calling Interviewer server...
Calling Candidate server...
Calling Interviewer server...
Calling Candidate server...
Calling Judge Case Guide Scout server...
Calling Judge server...
Calling Eval Case Performance Scout server...
Calling Eval Dialog Quality Case Guide Scout server...
Calling Eval Dialog Quality server...
Calling Eval Case Performance server...
Calling Give Feedback Case Guide Scout server...
RAG being used, consulting ConsultingCaseGuide-PPML.pdf file
Calling Give Feedback server...
[agentic] 41/104 scenario_02_03 (repeat 1/4)
Calling Candidate server...
Calling Interviewer server...
Calling Candidate server...
Calling Interviewer server...
Calling Candidate server...
Calling Interviewer server...
Calling Candidate server...
Calling Interviewer server...
Calling Candidate server...
Calling Judge Case Guide Scout server...
Calling Judge server...
Calling Eval Case Performance Scout server...
Calling Eval Dialog Quality Case Guide Scout server...
Calling Eval Dialog Quality server...
Calling Eval Case Performance server...
Calling Give Feedback Case Guide Scout server...
RAG being used, consulting ConsultingCaseGuide-PPML.pdf file
Calling Give Feedback server...
[agentic] 42/104 scenario_02_03 (repeat 2/4)
Calling Candidate server...
Calling Interviewer server...
Calling Candidate server...
Calling Interviewer server...
Calling Candidate server...
Calling Interviewer server...
Calling Candidate server...
Calling Interviewer server...
Calling Candidate server...
Calling Judge Case Guide Scout server...
Calling Judge server...
Calling Eval Dialog Quality Case Guide Scout server...
Calling Eval Case Performance Scout server...
Calling Eval Dialog Quality server...
Calling Eval Case Performance server...
Calling Give Feedback Case Guide Scout server...
RAG being used, consulting ConsultingCaseGuide-PPML.pdf file
Calling Give Feedback server...
[agentic] 43/104 scenario_02_03 (repeat 3/4)
Calling Candidate server...
Calling Interviewer server...
Calling Candidate server...
Calling Interviewer server...
Calling Candidate server...
Calling Interviewer server...
Calling Candidate server...
Calling Interviewer server...
Calling Candidate server...
Calling Judge Case Guide Scout server...
Calling Judge server...
Calling Eval Case Performance Scout server...
Calling Eval Dialog Quality Case Guide Scout server...
Calling Eval Dialog Quality server...
Calling Eval Case Performance server...
Calling Give Feedback Case Guide Scout server...
RAG being used, consulting ConsultingCaseGuide-PPML.pdf file
Calling Give Feedback server...
[agentic] 44/104 scenario_02_03 (repeat 4/4)
Calling Candidate server...
Calling Interviewer server...
Calling Candidate server...
Calling Interviewer server...
Calling Candidate server...
Calling Interviewer server...
Calling Candidate server...
Calling Interviewer server...
Calling Candidate server...
Calling Judge Case Guide Scout server...
Judge Case Guide Scout server rate-limited (attempt 1/3); retrying in 5s...
Judge Case Guide Scout server rate-limited (attempt 2/3); retrying in 10s...
Calling Judge server...
Calling Eval Case Performance Scout server...
Calling Eval Dialog Quality Case Guide Scout server...
Eval Dialog Quality Case Guide Scout server rate-limited (attempt 1/3); retrying in 5s...
Eval Case Performance Scout server rate-limited (attempt 1/3); retrying in 5s...
Calling Eval Dialog Quality server...
Calling Eval Case Performance server...
Calling Give Feedback Case Guide Scout server...
RAG being used, consulting ConsultingCaseGuide-PPML.pdf file
Calling Give Feedback server...
[agentic] 45/104 scenario_02_04 (repeat 1/4)
Calling Candidate server...
Calling Interviewer server...
Calling Candidate server...
Calling Interviewer server...
Calling Candidate server...
Calling Interviewer server...
Calling Candidate server...
Calling Interviewer server...
Calling Candidate server...
Calling Judge Case Guide Scout server...
Calling Judge server...
Calling Eval Dialog Quality Case Guide Scout server...
Calling Eval Case Performance Scout server...
Calling Eval Dialog Quality server...
Calling Eval Case Performance server...
Calling Give Feedback Case Guide Scout server...
RAG being used, consulting ConsultingCaseGuide-PPML.pdf file
Calling Give Feedback server...
[agentic] 46/104 scenario_02_04 (repeat 2/4)
Calling Candidate server...
Calling Interviewer server...
Calling Candidate server...
Calling Interviewer server...
Calling Candidate server...
Calling Interviewer server...
Calling Candidate server...
Calling Interviewer server...
Calling Candidate server...
Calling Judge Case Guide Scout server...
Calling Judge server...
Calling Eval Case Performance Scout server...
Calling Eval Dialog Quality Case Guide Scout server...
Calling Eval Dialog Quality server...
Calling Eval Case Performance server...
Calling Give Feedback Case Guide Scout server...
RAG being used, consulting ConsultingCaseGuide-PPML.pdf file
Calling Give Feedback server...
[agentic] 47/104 scenario_02_04 (repeat 3/4)
Calling Candidate server...
Calling Interviewer server...
Calling Candidate server...
Calling Interviewer server...
Calling Candidate server...
Calling Interviewer server...
Calling Candidate server...
Calling Interviewer server...
Calling Candidate server...
Calling Judge Case Guide Scout server...
Calling Judge server...
Calling Interviewer server...
Calling Candidate server...
Calling Interviewer server...
Calling Candidate server...
Calling Interviewer server...
Calling Candidate server...
Calling Interviewer server...
Calling Candidate server...
Calling Interviewer server...
Calling Candidate server...
Calling Judge Case Guide Scout server...
Calling Judge server...
Calling Eval Case Performance Scout server...
Calling Eval Dialog Quality Case Guide Scout server...
Calling Eval Dialog Quality server...
Calling Eval Case Performance server...
Calling Give Feedback Case Guide Scout server...
RAG being used, consulting ConsultingCaseGuide-PPML.pdf file
Calling Give Feedback server...
[agentic] 48/104 scenario_02_04 (repeat 4/4)
Calling Candidate server...
Calling Interviewer server...
Calling Candidate server...
Calling Interviewer server...
Calling Candidate server...
Calling Interviewer server...
Calling Candidate server...
Calling Interviewer server...
Calling Candidate server...
Calling Judge Case Guide Scout server...
Calling Judge server...
Calling Eval Case Performance Scout server...
Calling Eval Dialog Quality Case Guide Scout server...
Eval Case Performance Scout server rate-limited (attempt 1/3); retrying in 5s...
Eval Case Performance Scout server rate-limited (attempt 2/3); retrying in 10s...
RAG being used, consulting ConsultingCaseGuide-PPML.pdf file
Calling Eval Case Performance server...
Calling Eval Dialog Quality server...
Calling Give Feedback Case Guide Scout server...
RAG being used, consulting ConsultingCaseGuide-PPML.pdf file
Calling Give Feedback server...
[agentic] 49/104 scenario_02_05 (repeat 1/4)
Calling Candidate server...
Calling Interviewer server...
Calling Candidate server...
Calling Interviewer server...
Calling Candidate server...
Calling Interviewer server...
Calling Candidate server...
Calling Interviewer server...
Calling Candidate server...
Calling Judge Case Guide Scout server...
Calling Judge server...
Judge server rate-limited (attempt 1/3); retrying in 5s...
Judge server rate-limited (attempt 2/3); retrying in 10s...
Calling Eval Case Performance Scout server...
Calling Eval Dialog Quality Case Guide Scout server...
Eval Dialog Quality Case Guide Scout server rate-limited (attempt 1/3); retrying in 5s...
Eval Case Performance Scout server rate-limited (attempt 1/3); retrying in 5s...
Calling Eval Dialog Quality server...
Eval Dialog Quality server rate-limited (attempt 1/3); retrying in 5s...
Calling Eval Case Performance server...
Calling Give Feedback Case Guide Scout server...
RAG being used, consulting ConsultingCaseGuide-PPML.pdf file
Calling Give Feedback server...
[agentic] 50/104 scenario_02_05 (repeat 2/4)
Calling Candidate server...
Calling Interviewer server...
Calling Candidate server...
Calling Interviewer server...
Calling Candidate server...
Calling Interviewer server...
Calling Candidate server...
Calling Interviewer server...
Calling Candidate server...
Calling Judge Case Guide Scout server...
Calling Judge server...
Calling Interviewer server...
Calling Candidate server...
Calling Interviewer server...
Calling Candidate server...
Calling Interviewer server...
Calling Candidate server...
Calling Interviewer server...
Calling Candidate server...
Calling Interviewer server...
Calling Candidate server...
Calling Judge Case Guide Scout server...
Calling Judge server...
Calling Eval Case Performance Scout server...
Calling Eval Dialog Quality Case Guide Scout server...
Calling Eval Case Performance server...
Calling Eval Dialog Quality server...
Calling Give Feedback Case Guide Scout server...
RAG being used, consulting ConsultingCaseGuide-PPML.pdf file
Calling Give Feedback server...
[agentic] 51/104 scenario_02_05 (repeat 3/4)
Calling Candidate server...
Calling Interviewer server...
Calling Candidate server...
Calling Interviewer server...
Calling Candidate server...
Calling Interviewer server...
Calling Candidate server...
Structured call to Candidate server failed ('NoneType' object is not iterable); retrying unconstrained.
Calling Interviewer server...
Calling Candidate server...
Calling Judge Case Guide Scout server...
Calling Judge server...
Calling Interviewer server...
Calling Candidate server...
Calling Interviewer server...
Calling Candidate server...
Calling Interviewer server...
Calling Candidate server...
Calling Interviewer server...
Calling Candidate server...
Calling Interviewer server...
Calling Candidate server...
Calling Judge Case Guide Scout server...
Calling Judge server...
Calling Eval Case Performance Scout server...
Calling Eval Dialog Quality Case Guide Scout server...
Calling Eval Dialog Quality server...
RAG being used, consulting ConsultingCaseGuide-PPML.pdf file
Calling Eval Case Performance server...
Calling Give Feedback Case Guide Scout server...
RAG being used, consulting ConsultingCaseGuide-PPML.pdf file
Calling Give Feedback server...
[agentic] 52/104 scenario_02_05 (repeat 4/4)
Calling Candidate server...
Calling Interviewer server...
Calling Candidate server...
Calling Interviewer server...
Calling Candidate server...
Calling Interviewer server...
Calling Candidate server...
Calling Interviewer server...
Calling Candidate server...
Calling Judge Case Guide Scout server...
Calling Judge server...
Calling Eval Case Performance Scout server...
Calling Eval Dialog Quality Case Guide Scout server...
Calling Eval Dialog Quality server...
Calling Eval Case Performance server...
Calling Give Feedback Case Guide Scout server...
RAG being used, consulting ConsultingCaseGuide-PPML.pdf file
Calling Give Feedback server...
[agentic] 53/104 scenario_02_06 (repeat 1/4)
Calling Candidate server...
Calling Interviewer server...
Calling Candidate server...
Calling Interviewer server...
Calling Candidate server...
Calling Interviewer server...
Calling Candidate server...
Calling Interviewer server...
Calling Candidate server...
Calling Judge Case Guide Scout server...
Calling Judge server...
Calling Eval Case Performance Scout server...
Calling Eval Dialog Quality Case Guide Scout server...
Calling Eval Dialog Quality server...
Calling Eval Case Performance server...
Calling Give Feedback Case Guide Scout server...
RAG being used, consulting ConsultingCaseGuide-PPML.pdf file
Calling Give Feedback server...
[agentic] 54/104 scenario_02_06 (repeat 2/4)
Calling Candidate server...
Calling Interviewer server...
Calling Candidate server...
Calling Interviewer server...
Calling Candidate server...
Calling Interviewer server...
Calling Candidate server...
Calling Interviewer server...
Calling Candidate server...
Calling Judge Case Guide Scout server...
Calling Judge server...
Calling Eval Case Performance Scout server...
Calling Eval Dialog Quality Case Guide Scout server...
Calling Eval Dialog Quality server...
Calling Eval Case Performance server...
Calling Give Feedback Case Guide Scout server...
RAG being used, consulting ConsultingCaseGuide-PPML.pdf file
Calling Give Feedback server...
[agentic] 55/104 scenario_02_06 (repeat 3/4)
Calling Candidate server...
Calling Interviewer server...
Calling Candidate server...
Calling Interviewer server...
Calling Candidate server...
Calling Interviewer server...
Calling Candidate server...
Calling Interviewer server...
Calling Candidate server...
Calling Judge Case Guide Scout server...
Calling Judge server...
Calling Eval Case Performance Scout server...
Calling Eval Dialog Quality Case Guide Scout server...
Calling Eval Dialog Quality server...
Calling Eval Case Performance server...
Calling Give Feedback Case Guide Scout server...
RAG being used, consulting ConsultingCaseGuide-PPML.pdf file
Calling Give Feedback server...
[agentic] 56/104 scenario_02_06 (repeat 4/4)
Calling Candidate server...
Calling Interviewer server...
Calling Candidate server...
Calling Interviewer server...
Calling Candidate server...
Calling Interviewer server...
Calling Candidate server...
Calling Interviewer server...
Calling Candidate server...
Calling Judge Case Guide Scout server...
Calling Judge server...
Calling Eval Case Performance Scout server...
Calling Eval Dialog Quality Case Guide Scout server...
Calling Eval Dialog Quality server...
Calling Eval Case Performance server...
Calling Give Feedback Case Guide Scout server...
RAG being used, consulting ConsultingCaseGuide-PPML.pdf file
Calling Give Feedback server...
[agentic] 57/104 scenario_02_07 (repeat 1/4)
Calling Candidate server...
Calling Interviewer server...
Calling Candidate server...
Calling Interviewer server...
Calling Candidate server...
Calling Interviewer server...
Calling Candidate server...
Calling Interviewer server...
Calling Candidate server...
Calling Judge Case Guide Scout server...
Calling Judge server...
Calling Eval Case Performance Scout server...
Calling Eval Dialog Quality Case Guide Scout server...
Calling Eval Case Performance server...
Calling Eval Dialog Quality server...
Calling Give Feedback Case Guide Scout server...
RAG being used, consulting ConsultingCaseGuide-PPML.pdf file
Calling Give Feedback server...
[agentic] 58/104 scenario_02_07 (repeat 2/4)
Calling Candidate server...
Calling Interviewer server...
Calling Candidate server...
Calling Interviewer server...
Calling Candidate server...
Calling Interviewer server...
Calling Candidate server...
Calling Interviewer server...
Calling Candidate server...
Calling Judge Case Guide Scout server...
Calling Judge server...
Calling Eval Case Performance Scout server...
Calling Eval Dialog Quality Case Guide Scout server...
Calling Eval Dialog Quality server...
Calling Eval Case Performance server...
Calling Give Feedback Case Guide Scout server...
RAG being used, consulting ConsultingCaseGuide-PPML.pdf file
Calling Give Feedback server...
[agentic] 59/104 scenario_02_07 (repeat 3/4)
Calling Candidate server...
Calling Interviewer server...
Calling Candidate server...
Calling Interviewer server...
Calling Candidate server...
Calling Interviewer server...
Calling Candidate server...
Calling Interviewer server...
Calling Candidate server...
Calling Judge Case Guide Scout server...
Calling Judge server...
Calling Interviewer server...
Calling Candidate server...
Calling Interviewer server...
Calling Candidate server...
Calling Interviewer server...
Calling Candidate server...
Calling Interviewer server...
Calling Candidate server...
Calling Interviewer server...
Calling Candidate server...
Calling Judge Case Guide Scout server...
Calling Judge server...
Calling Eval Case Performance Scout server...
Calling Eval Dialog Quality Case Guide Scout server...
Calling Eval Dialog Quality server...
Calling Eval Case Performance server...
Calling Give Feedback Case Guide Scout server...
Calling Give Feedback server...
[agentic] 60/104 scenario_02_07 (repeat 4/4)
Calling Candidate server...
Calling Interviewer server...
Calling Candidate server...
Calling Interviewer server...
Calling Candidate server...
Calling Interviewer server...
Calling Candidate server...
Calling Interviewer server...
Calling Candidate server...
Calling Judge Case Guide Scout server...
Calling Judge server...
Calling Eval Dialog Quality Case Guide Scout server...
Calling Eval Case Performance Scout server...
Calling Eval Dialog Quality server...
Calling Eval Case Performance server...
Calling Give Feedback Case Guide Scout server...
RAG being used, consulting ConsultingCaseGuide-PPML.pdf file
Calling Give Feedback server...
[agentic] 61/104 scenario_02_08 (repeat 1/4)
Calling Candidate server...
Calling Interviewer server...
Calling Candidate server...
Calling Interviewer server...
Calling Candidate server...
Calling Interviewer server...
Calling Candidate server...
Calling Interviewer server...
Calling Candidate server...
Calling Judge Case Guide Scout server...
Calling Judge server...
Calling Eval Case Performance Scout server...
Calling Eval Dialog Quality Case Guide Scout server...
Eval Case Performance Scout server rate-limited (attempt 1/3); retrying in 5s...
Eval Dialog Quality Case Guide Scout server rate-limited (attempt 1/3); retrying in 5s...
Eval Dialog Quality Case Guide Scout server rate-limited (attempt 2/3); retrying in 10s...
Calling Eval Case Performance server...
Calling Eval Dialog Quality server...
Calling Give Feedback Case Guide Scout server...
RAG being used, consulting ConsultingCaseGuide-PPML.pdf file
Calling Give Feedback server...
[agentic] 62/104 scenario_02_08 (repeat 2/4)
Calling Candidate server...
Calling Interviewer server...
Calling Candidate server...
Calling Interviewer server...
Calling Candidate server...
Calling Interviewer server...
Calling Candidate server...
Calling Interviewer server...
Calling Candidate server...
Calling Judge Case Guide Scout server...
Calling Judge server...
Calling Interviewer server...
Calling Candidate server...
Calling Interviewer server...
Calling Candidate server...
Calling Interviewer server...
Calling Candidate server...
Calling Interviewer server...
Calling Candidate server...
Calling Interviewer server...
Calling Candidate server...
Calling Judge Case Guide Scout server...
Calling Judge server...
Calling Eval Case Performance Scout server...
Calling Eval Dialog Quality Case Guide Scout server...
Calling Eval Dialog Quality server...
RAG being used, consulting ConsultingCaseGuide-PPML.pdf file
Calling Eval Case Performance server...
Calling Give Feedback Case Guide Scout server...
RAG being used, consulting ConsultingCaseGuide-PPML.pdf file
Calling Give Feedback server...
[agentic] 63/104 scenario_02_08 (repeat 3/4)
Calling Candidate server...
Calling Interviewer server...
Calling Candidate server...
Calling Interviewer server...
Calling Candidate server...
Calling Interviewer server...
Calling Candidate server...
Calling Interviewer server...
Calling Candidate server...
Calling Judge Case Guide Scout server...
Calling Judge server...
Calling Eval Case Performance Scout server...
Calling Eval Dialog Quality Case Guide Scout server...
Calling Eval Dialog Quality server...
Calling Eval Case Performance server...
Calling Give Feedback Case Guide Scout server...
RAG being used, consulting ConsultingCaseGuide-PPML.pdf file
Calling Give Feedback server...
[agentic] 64/104 scenario_02_08 (repeat 4/4)
Calling Candidate server...
Calling Interviewer server...
Calling Candidate server...
Calling Interviewer server...
Calling Candidate server...
Calling Interviewer server...
Calling Candidate server...
Calling Interviewer server...
Calling Candidate server...
Calling Judge Case Guide Scout server...
Calling Judge server...
Calling Interviewer server...
Calling Candidate server...
Calling Interviewer server...
Calling Candidate server...
Calling Interviewer server...
Calling Candidate server...
Calling Interviewer server...
Calling Candidate server...
Calling Interviewer server...
Calling Candidate server...
Calling Judge Case Guide Scout server...
Calling Judge server...
Calling Eval Dialog Quality Case Guide Scout server...
Calling Eval Case Performance Scout server...
Calling Eval Dialog Quality server...
Calling Eval Case Performance server...
Calling Give Feedback Case Guide Scout server...
RAG being used, consulting ConsultingCaseGuide-PPML.pdf file
Calling Give Feedback server...
[agentic] 65/104 scenario_02_09 (repeat 1/4)
Calling Candidate server...
Calling Interviewer server...
Calling Candidate server...
Calling Interviewer server...
Calling Candidate server...
Calling Interviewer server...
Calling Candidate server...
Calling Interviewer server...
Calling Candidate server...
Calling Judge Case Guide Scout server...
Calling Judge server...
Calling Eval Case Performance Scout server...
Calling Eval Dialog Quality Case Guide Scout server...
Calling Eval Dialog Quality server...
Calling Eval Case Performance server...
Calling Give Feedback Case Guide Scout server...
RAG being used, consulting ConsultingCaseGuide-PPML.pdf file
Calling Give Feedback server...
[agentic] 66/104 scenario_02_09 (repeat 2/4)
Calling Candidate server...
Calling Interviewer server...
Calling Candidate server...
Calling Interviewer server...
Calling Candidate server...
Calling Interviewer server...
Calling Candidate server...
Calling Interviewer server...
Calling Candidate server...
Calling Judge Case Guide Scout server...
Calling Judge server...
Calling Eval Case Performance Scout server...
Calling Eval Dialog Quality Case Guide Scout server...
Calling Eval Dialog Quality server...
Calling Eval Case Performance server...
Calling Give Feedback Case Guide Scout server...
RAG being used, consulting ConsultingCaseGuide-PPML.pdf file
Calling Give Feedback server...
[agentic] 67/104 scenario_02_09 (repeat 3/4)
Calling Candidate server...
Calling Interviewer server...
Calling Candidate server...
Calling Interviewer server...
Calling Candidate server...
Calling Interviewer server...
Calling Candidate server...
Calling Interviewer server...
Calling Candidate server...
Calling Judge Case Guide Scout server...
Calling Judge server...
Calling Eval Case Performance Scout server...
Calling Eval Dialog Quality Case Guide Scout server...
Calling Eval Case Performance server...
Calling Eval Dialog Quality server...
Calling Give Feedback Case Guide Scout server...
RAG being used, consulting ConsultingCaseGuide-PPML.pdf file
Calling Give Feedback server...
[agentic] 68/104 scenario_02_09 (repeat 4/4)
Calling Candidate server...
Calling Interviewer server...
Calling Candidate server...
Calling Interviewer server...
Calling Candidate server...
Calling Interviewer server...
Calling Candidate server...
Calling Interviewer server...
Calling Candidate server...
Calling Judge Case Guide Scout server...
Calling Judge server...
Calling Eval Dialog Quality Case Guide Scout server...
Calling Eval Case Performance Scout server...
Calling Eval Dialog Quality server...
Calling Eval Case Performance server...
Calling Give Feedback Case Guide Scout server...
RAG being used, consulting ConsultingCaseGuide-PPML.pdf file
Calling Give Feedback server...
[agentic] 69/104 scenario_03_01 (repeat 1/4)
Calling Candidate server...
Calling Interviewer server...
Calling Candidate server...
Calling Interviewer server...
Calling Candidate server...
Calling Interviewer server...
Calling Candidate server...
Calling Interviewer server...
Calling Candidate server...
Calling Judge Case Guide Scout server...
Calling Judge server...
Calling Interviewer server...
Calling Candidate server...
Calling Interviewer server...
Calling Candidate server...
Calling Interviewer server...
Calling Candidate server...
Calling Interviewer server...
Calling Candidate server...
Calling Interviewer server...
Calling Candidate server...
Calling Judge Case Guide Scout server...
Calling Judge server...
Calling Eval Case Performance Scout server...
Calling Eval Dialog Quality Case Guide Scout server...
Calling Eval Dialog Quality server...
Calling Eval Case Performance server...
Calling Give Feedback Case Guide Scout server...
RAG being used, consulting ConsultingCaseGuide-PPML.pdf file
Calling Give Feedback server...
[agentic] 70/104 scenario_03_01 (repeat 2/4)
Calling Candidate server...
Calling Interviewer server...
Calling Candidate server...
Calling Interviewer server...
Calling Candidate server...
Calling Interviewer server...
Calling Candidate server...
Calling Interviewer server...
Calling Candidate server...
Calling Judge Case Guide Scout server...
Calling Judge server...
Calling Interviewer server...
Calling Candidate server...
Calling Interviewer server...
Calling Candidate server...
Calling Interviewer server...
Calling Candidate server...
Calling Interviewer server...
Calling Candidate server...
Calling Interviewer server...
Calling Candidate server...
Calling Judge Case Guide Scout server...
Calling Judge server...
Calling Eval Case Performance Scout server...
Calling Eval Dialog Quality Case Guide Scout server...
Calling Eval Dialog Quality server...
RAG being used, consulting ConsultingCaseGuide-PPML.pdf file
Calling Eval Case Performance server...
Calling Give Feedback Case Guide Scout server...
RAG being used, consulting ConsultingCaseGuide-PPML.pdf file
Calling Give Feedback server...
[agentic] 71/104 scenario_03_01 (repeat 3/4)
Calling Candidate server...
Calling Interviewer server...
Calling Candidate server...
Calling Interviewer server...
Calling Candidate server...
Calling Interviewer server...
Calling Candidate server...
Calling Interviewer server...
Calling Candidate server...
Calling Judge Case Guide Scout server...
Calling Judge server...
Calling Interviewer server...
Calling Candidate server...
Calling Interviewer server...
Calling Candidate server...
Calling Interviewer server...
Calling Candidate server...
Calling Interviewer server...
Calling Candidate server...
Calling Interviewer server...
Calling Candidate server...
Calling Judge Case Guide Scout server...
Calling Judge server...
Calling Eval Dialog Quality Case Guide Scout server...
Calling Eval Case Performance Scout server...
Calling Eval Dialog Quality server...
RAG being used, consulting ConsultingCaseGuide-PPML.pdf file
Calling Eval Case Performance server...
Calling Give Feedback Case Guide Scout server...
RAG being used, consulting ConsultingCaseGuide-PPML.pdf file
Calling Give Feedback server...
[agentic] 72/104 scenario_03_01 (repeat 4/4)
Calling Candidate server...
Calling Interviewer server...
Calling Candidate server...
Calling Interviewer server...
Calling Candidate server...
Calling Interviewer server...
Calling Candidate server...
Calling Interviewer server...
Calling Candidate server...
Calling Judge Case Guide Scout server...
Calling Judge server...
Calling Interviewer server...
Calling Candidate server...
Calling Interviewer server...
Calling Candidate server...
Calling Interviewer server...
Calling Candidate server...
Calling Interviewer server...
Calling Candidate server...
Calling Interviewer server...
Calling Candidate server...
Calling Judge Case Guide Scout server...
Calling Judge server...
Calling Eval Case Performance Scout server...
Calling Eval Dialog Quality Case Guide Scout server...
Calling Eval Dialog Quality server...
Calling Eval Case Performance server...
Calling Give Feedback Case Guide Scout server...
Calling Give Feedback server...
[agentic] 73/104 scenario_03_02 (repeat 1/4)
Calling Candidate server...
Calling Interviewer server...
Calling Candidate server...
Calling Interviewer server...
Calling Candidate server...
Calling Interviewer server...
Calling Candidate server...
Calling Interviewer server...
Calling Candidate server...
Calling Judge Case Guide Scout server...
Calling Judge server...
Calling Interviewer server...
Calling Candidate server...
Calling Interviewer server...
Calling Candidate server...
Calling Interviewer server...
Calling Candidate server...
Calling Interviewer server...
Calling Candidate server...
Calling Interviewer server...
Calling Candidate server...
Calling Judge Case Guide Scout server...
Calling Judge server...
Calling Interviewer server...
Calling Candidate server...
Calling Interviewer server...
Calling Candidate server...
Calling Interviewer server...
Calling Candidate server...
Calling Interviewer server...
Calling Candidate server...
Calling Interviewer server...
Calling Candidate server...
Calling Judge Case Guide Scout server...
Calling Judge server...
Calling Eval Case Performance Scout server...
Calling Eval Dialog Quality Case Guide Scout server...
Calling Eval Dialog Quality server...
Calling Eval Case Performance server...
Calling Give Feedback Case Guide Scout server...
RAG being used, consulting ConsultingCaseGuide-PPML.pdf file
Calling Give Feedback server...
[agentic] 74/104 scenario_03_02 (repeat 2/4)
Calling Candidate server...
Calling Interviewer server...
Calling Candidate server...
Calling Interviewer server...
Calling Candidate server...
Calling Interviewer server...
Calling Candidate server...
Calling Interviewer server...
Calling Candidate server...
Calling Judge Case Guide Scout server...
Calling Judge server...
Calling Eval Dialog Quality Case Guide Scout server...
Calling Eval Case Performance Scout server...
Calling Eval Dialog Quality server...
Calling Eval Case Performance server...
Calling Give Feedback Case Guide Scout server...
RAG being used, consulting ConsultingCaseGuide-PPML.pdf file
Calling Give Feedback server...
[agentic] 75/104 scenario_03_02 (repeat 3/4)
Calling Candidate server...
Calling Interviewer server...
Calling Candidate server...
Calling Interviewer server...
Calling Candidate server...
Calling Interviewer server...
Calling Candidate server...
Calling Interviewer server...
Calling Candidate server...
Calling Judge Case Guide Scout server...
Calling Judge server...
Calling Eval Case Performance Scout server...
Calling Eval Dialog Quality Case Guide Scout server...
Calling Eval Dialog Quality server...
Calling Eval Case Performance server...
Calling Give Feedback Case Guide Scout server...
RAG being used, consulting ConsultingCaseGuide-PPML.pdf file
Calling Give Feedback server...
[agentic] 76/104 scenario_03_02 (repeat 4/4)
Calling Candidate server...
Calling Interviewer server...
Calling Candidate server...
Calling Interviewer server...
Calling Candidate server...
Calling Interviewer server...
Calling Candidate server...
Calling Interviewer server...
Calling Candidate server...
Calling Judge Case Guide Scout server...
Calling Judge server...
Calling Interviewer server...
Calling Candidate server...
Calling Interviewer server...
Calling Candidate server...
Calling Interviewer server...
Calling Candidate server...
Calling Interviewer server...
Calling Candidate server...
Calling Interviewer server...
Calling Candidate server...
Calling Judge Case Guide Scout server...
Calling Judge server...
Calling Eval Case Performance Scout server...
Calling Eval Dialog Quality Case Guide Scout server...
Calling Eval Dialog Quality server...
RAG being used, consulting ConsultingCaseGuide-PPML.pdf file
Calling Eval Case Performance server...
Calling Give Feedback Case Guide Scout server...
RAG being used, consulting ConsultingCaseGuide-PPML.pdf file
Calling Give Feedback server...
[agentic] 77/104 scenario_03_03 (repeat 1/4)
Calling Candidate server...
Calling Interviewer server...
Calling Candidate server...
Calling Interviewer server...
Calling Candidate server...
Calling Interviewer server...
Calling Candidate server...
Calling Interviewer server...
Calling Candidate server...
Calling Judge Case Guide Scout server...
Calling Judge server...
Calling Eval Case Performance Scout server...
Calling Eval Dialog Quality Case Guide Scout server...
Calling Eval Dialog Quality server...
Calling Eval Case Performance server...
Calling Give Feedback Case Guide Scout server...
RAG being used, consulting ConsultingCaseGuide-PPML.pdf file
Calling Give Feedback server...
[agentic] 78/104 scenario_03_03 (repeat 2/4)
Calling Candidate server...
Calling Interviewer server...
Calling Candidate server...
Calling Interviewer server...
Calling Candidate server...
Calling Interviewer server...
Calling Candidate server...
Calling Interviewer server...
Calling Candidate server...
Calling Judge Case Guide Scout server...
Calling Judge server...
Calling Interviewer server...
Calling Candidate server...
Calling Interviewer server...
Calling Candidate server...
Calling Interviewer server...
Calling Candidate server...
Calling Interviewer server...
Calling Candidate server...
Calling Interviewer server...
Calling Candidate server...
Calling Judge Case Guide Scout server...
Calling Judge server...
Calling Eval Case Performance Scout server...
Calling Eval Dialog Quality Case Guide Scout server...
Calling Eval Dialog Quality server...
RAG being used, consulting ConsultingCaseGuide-PPML.pdf file
Calling Eval Case Performance server...
Calling Give Feedback Case Guide Scout server...
RAG being used, consulting ConsultingCaseGuide-PPML.pdf file
Calling Give Feedback server...
[agentic] 79/104 scenario_03_03 (repeat 3/4)
Calling Candidate server...
Calling Interviewer server...
Calling Candidate server...
Calling Interviewer server...
Calling Candidate server...
Calling Interviewer server...
Calling Candidate server...
Calling Interviewer server...
Calling Candidate server...
Calling Judge Case Guide Scout server...
Calling Judge server...
Calling Interviewer server...
Calling Candidate server...
Calling Interviewer server...
Calling Candidate server...
Calling Interviewer server...
Calling Candidate server...
Calling Interviewer server...
Calling Candidate server...
Calling Interviewer server...
Calling Candidate server...
Calling Judge Case Guide Scout server...
Calling Judge server...
Calling Eval Case Performance Scout server...
Calling Eval Dialog Quality Case Guide Scout server...
RAG being used, consulting ConsultingCaseGuide-PPML.pdf file
Calling Eval Dialog Quality server...
Calling Eval Case Performance server...
Calling Give Feedback Case Guide Scout server...
RAG being used, consulting ConsultingCaseGuide-PPML.pdf file
Calling Give Feedback server...
[agentic] 80/104 scenario_03_03 (repeat 4/4)
Calling Candidate server...
Calling Interviewer server...
Calling Candidate server...
Calling Interviewer server...
Calling Candidate server...
Calling Interviewer server...
Calling Candidate server...
Calling Interviewer server...
Calling Candidate server...
Calling Judge Case Guide Scout server...
Calling Judge server...
Calling Eval Case Performance Scout server...
Calling Eval Dialog Quality Case Guide Scout server...
Calling Eval Dialog Quality server...
Calling Eval Case Performance server...
Calling Give Feedback Case Guide Scout server...
RAG being used, consulting ConsultingCaseGuide-PPML.pdf file
Calling Give Feedback server...
[agentic] 81/104 scenario_03_04 (repeat 1/4)
Calling Candidate server...
Calling Interviewer server...
Calling Candidate server...
Calling Interviewer server...
Calling Candidate server...
Calling Interviewer server...
Calling Candidate server...
Calling Interviewer server...
Calling Candidate server...
Calling Judge Case Guide Scout server...
Calling Judge server...
Calling Eval Case Performance Scout server...
Calling Eval Dialog Quality Case Guide Scout server...
Calling Eval Dialog Quality server...
Calling Eval Case Performance server...
Calling Give Feedback Case Guide Scout server...
RAG being used, consulting ConsultingCaseGuide-PPML.pdf file
Calling Give Feedback server...
[agentic] 82/104 scenario_03_04 (repeat 2/4)
Calling Candidate server...
Calling Interviewer server...
Calling Candidate server...
Calling Interviewer server...
Calling Candidate server...
Calling Interviewer server...
Calling Candidate server...
Calling Interviewer server...
Calling Candidate server...
Calling Judge Case Guide Scout server...
Calling Judge server...
Calling Interviewer server...
Calling Candidate server...
Calling Interviewer server...
Calling Candidate server...
Calling Interviewer server...
Calling Candidate server...
Calling Interviewer server...
Calling Candidate server...
Calling Interviewer server...
Calling Candidate server...
Calling Judge Case Guide Scout server...
Calling Judge server...
Calling Eval Case Performance Scout server...
Calling Eval Dialog Quality Case Guide Scout server...
Calling Eval Dialog Quality server...
RAG being used, consulting ConsultingCaseGuide-PPML.pdf file
Calling Eval Case Performance server...
Calling Give Feedback Case Guide Scout server...
RAG being used, consulting ConsultingCaseGuide-PPML.pdf file
Calling Give Feedback server...
[agentic] 83/104 scenario_03_04 (repeat 3/4)
Calling Candidate server...
Calling Interviewer server...
Calling Candidate server...
Calling Interviewer server...
Calling Candidate server...
Calling Interviewer server...
Calling Candidate server...
Calling Interviewer server...
Calling Candidate server...
Calling Judge Case Guide Scout server...
Calling Judge server...
Calling Interviewer server...
Calling Candidate server...
Calling Interviewer server...
Calling Candidate server...
Calling Interviewer server...
Calling Candidate server...
Calling Interviewer server...
Calling Candidate server...
Calling Interviewer server...
Calling Candidate server...
Calling Judge Case Guide Scout server...
Calling Judge server...
Calling Eval Case Performance Scout server...
Calling Eval Dialog Quality Case Guide Scout server...
Calling Eval Dialog Quality server...
Calling Eval Case Performance server...
Calling Give Feedback Case Guide Scout server...
RAG being used, consulting ConsultingCaseGuide-PPML.pdf file
Calling Give Feedback server...
[agentic] 84/104 scenario_03_04 (repeat 4/4)
Calling Candidate server...
Calling Interviewer server...
Calling Candidate server...
Calling Interviewer server...
Calling Candidate server...
Calling Interviewer server...
Calling Candidate server...
Calling Interviewer server...
Calling Candidate server...
Calling Judge Case Guide Scout server...
Calling Judge server...
Calling Interviewer server...
Calling Candidate server...
Calling Interviewer server...
Calling Candidate server...
Calling Interviewer server...
Calling Candidate server...
Calling Interviewer server...
Calling Candidate server...
Calling Interviewer server...
Calling Candidate server...
Calling Judge Case Guide Scout server...
Calling Judge server...
Calling Eval Case Performance Scout server...
Calling Eval Dialog Quality Case Guide Scout server...
Calling Eval Dialog Quality server...
Calling Eval Case Performance server...
Calling Give Feedback Case Guide Scout server...
RAG being used, consulting ConsultingCaseGuide-PPML.pdf file
Calling Give Feedback server...
[agentic] 85/104 scenario_03_05 (repeat 1/4)
Calling Candidate server...
Calling Interviewer server...
Calling Candidate server...
Calling Interviewer server...
Calling Candidate server...
Calling Interviewer server...
Calling Candidate server...
Calling Interviewer server...
Calling Candidate server...
Calling Judge Case Guide Scout server...
Calling Judge server...
Calling Interviewer server...
Calling Candidate server...
Calling Interviewer server...
Calling Candidate server...
Calling Interviewer server...
Calling Candidate server...
Calling Interviewer server...
Calling Candidate server...
Calling Interviewer server...
Calling Candidate server...
Calling Judge Case Guide Scout server...
Calling Judge server...
Calling Eval Case Performance Scout server...
Calling Eval Dialog Quality Case Guide Scout server...
RAG being used, consulting ConsultingCaseGuide-PPML.pdf file
Calling Eval Case Performance server...
Calling Eval Dialog Quality server...
Calling Give Feedback Case Guide Scout server...
RAG being used, consulting ConsultingCaseGuide-PPML.pdf file
Calling Give Feedback server...
[agentic] 86/104 scenario_03_05 (repeat 2/4)
Calling Candidate server...
Calling Interviewer server...
Calling Candidate server...
Calling Interviewer server...
Calling Candidate server...
Calling Interviewer server...
Calling Candidate server...
Calling Interviewer server...
Calling Candidate server...
Calling Judge Case Guide Scout server...
Calling Judge server...
Calling Interviewer server...
Calling Candidate server...
Calling Interviewer server...
Calling Candidate server...
Calling Interviewer server...
Calling Candidate server...
Calling Interviewer server...
Calling Candidate server...
Calling Interviewer server...
Calling Candidate server...
Calling Judge Case Guide Scout server...
Calling Judge server...
Calling Eval Case Performance Scout server...
Calling Eval Dialog Quality Case Guide Scout server...
RAG being used, consulting ConsultingCaseGuide-PPML.pdf file
Calling Eval Dialog Quality server...
Calling Eval Case Performance server...
Calling Give Feedback Case Guide Scout server...
RAG being used, consulting ConsultingCaseGuide-PPML.pdf file
Calling Give Feedback server...
[agentic] 87/104 scenario_03_05 (repeat 3/4)
Calling Candidate server...
Calling Interviewer server...
Calling Candidate server...
Calling Interviewer server...
Calling Candidate server...
Calling Interviewer server...
Calling Candidate server...
Calling Interviewer server...
Calling Candidate server...
Calling Judge Case Guide Scout server...
Calling Judge server...
Calling Interviewer server...
Calling Candidate server...
Calling Interviewer server...
Calling Candidate server...
Calling Interviewer server...
Calling Candidate server...
Calling Interviewer server...
Calling Candidate server...
Calling Interviewer server...
Calling Candidate server...
Calling Judge Case Guide Scout server...
Calling Judge server...
Calling Eval Dialog Quality Case Guide Scout server...
Calling Eval Case Performance Scout server...
Calling Eval Dialog Quality server...
Calling Eval Case Performance server...
Calling Give Feedback Case Guide Scout server...
RAG being used, consulting ConsultingCaseGuide-PPML.pdf file
Calling Give Feedback server...
[agentic] 88/104 scenario_03_05 (repeat 4/4)
Calling Candidate server...
Calling Interviewer server...
Calling Candidate server...
Calling Interviewer server...
Calling Candidate server...
Calling Interviewer server...
Calling Candidate server...
Calling Interviewer server...
Calling Candidate server...
Calling Judge Case Guide Scout server...
Calling Judge server...
Calling Eval Dialog Quality Case Guide Scout server...
Calling Eval Case Performance Scout server...
RAG being used, consulting ConsultingCaseGuide-PPML.pdf file
Calling Eval Case Performance server...
Calling Eval Dialog Quality server...
Calling Give Feedback Case Guide Scout server...
RAG being used, consulting ConsultingCaseGuide-PPML.pdf file
Calling Give Feedback server...
[agentic] 89/104 scenario_03_06 (repeat 1/4)
Calling Candidate server...
Calling Interviewer server...
Calling Candidate server...
Calling Interviewer server...
Calling Candidate server...
Calling Interviewer server...
Calling Candidate server...
Calling Interviewer server...
Calling Candidate server...
Calling Judge Case Guide Scout server...
Calling Judge server...
Calling Eval Case Performance Scout server...
Calling Eval Dialog Quality Case Guide Scout server...
Calling Eval Dialog Quality server...
Calling Eval Case Performance server...
Calling Give Feedback Case Guide Scout server...
Calling Give Feedback server...
[agentic] 90/104 scenario_03_06 (repeat 2/4)
Calling Candidate server...
Calling Interviewer server...
Calling Candidate server...
Calling Interviewer server...
Calling Candidate server...
Calling Interviewer server...
Calling Candidate server...
Calling Interviewer server...
Calling Candidate server...
Calling Judge Case Guide Scout server...
Calling Judge server...
Calling Interviewer server...
Calling Candidate server...
Calling Interviewer server...
Calling Candidate server...
Calling Interviewer server...
Calling Candidate server...
Calling Interviewer server...
Calling Candidate server...
Calling Interviewer server...
Calling Candidate server...
Calling Judge Case Guide Scout server...
Calling Judge server...
Calling Eval Case Performance Scout server...
Calling Eval Dialog Quality Case Guide Scout server...
Calling Eval Case Performance server...
RAG being used, consulting ConsultingCaseGuide-PPML.pdf file
Calling Eval Dialog Quality server...
Calling Give Feedback Case Guide Scout server...
RAG being used, consulting ConsultingCaseGuide-PPML.pdf file
Calling Give Feedback server...
[agentic] 91/104 scenario_03_06 (repeat 3/4)
Calling Candidate server...
Calling Interviewer server...
Calling Candidate server...
Calling Interviewer server...
Calling Candidate server...
Calling Interviewer server...
Calling Candidate server...
Calling Interviewer server...
Calling Candidate server...
Calling Judge Case Guide Scout server...
Calling Judge server...
Calling Interviewer server...
Calling Candidate server...
Calling Interviewer server...
Calling Candidate server...
Calling Interviewer server...
Calling Candidate server...
Calling Interviewer server...
Calling Candidate server...
Calling Interviewer server...
Calling Candidate server...
Calling Judge Case Guide Scout server...
Calling Judge server...
Calling Eval Case Performance Scout server...
Calling Eval Dialog Quality Case Guide Scout server...
Calling Eval Dialog Quality server...
Calling Eval Case Performance server...
Calling Give Feedback Case Guide Scout server...
RAG being used, consulting ConsultingCaseGuide-PPML.pdf file
Calling Give Feedback server...
[agentic] 92/104 scenario_03_06 (repeat 4/4)
Calling Candidate server...
Calling Interviewer server...
Calling Candidate server...
Calling Interviewer server...
Calling Candidate server...
Calling Interviewer server...
Calling Candidate server...
Calling Interviewer server...
Calling Candidate server...
Calling Judge Case Guide Scout server...
Calling Judge server...
Calling Interviewer server...
Calling Candidate server...
Calling Interviewer server...
Calling Candidate server...
Calling Interviewer server...
Calling Candidate server...
Calling Interviewer server...
Calling Candidate server...
Calling Interviewer server...
Calling Candidate server...
Calling Judge Case Guide Scout server...
Calling Judge server...
Calling Eval Dialog Quality Case Guide Scout server...
Calling Eval Case Performance Scout server...
Calling Eval Dialog Quality server...
RAG being used, consulting ConsultingCaseGuide-PPML.pdf file
Calling Eval Case Performance server...
Calling Give Feedback Case Guide Scout server...
RAG being used, consulting ConsultingCaseGuide-PPML.pdf file
Calling Give Feedback server...
[agentic] 93/104 scenario_03_07 (repeat 1/4)
Calling Candidate server...
Calling Interviewer server...
Calling Candidate server...
Calling Interviewer server...
Calling Candidate server...
Calling Interviewer server...
Calling Candidate server...
Calling Interviewer server...
Calling Candidate server...
Calling Judge Case Guide Scout server...
Calling Judge server...
Calling Interviewer server...
Calling Candidate server...
Calling Interviewer server...
Calling Candidate server...
Calling Interviewer server...
Calling Candidate server...
Calling Interviewer server...
Calling Candidate server...
Calling Interviewer server...
Calling Candidate server...
Calling Judge Case Guide Scout server...
Judge Case Guide Scout server rate-limited (attempt 1/3); retrying in 5s...
Calling Judge server...
Calling Eval Case Performance Scout server...
Calling Eval Dialog Quality Case Guide Scout server...
RAG being used, consulting ConsultingCaseGuide-PPML.pdf file
Calling Eval Case Performance server...
Calling Eval Dialog Quality server...
Calling Give Feedback Case Guide Scout server...
RAG being used, consulting ConsultingCaseGuide-PPML.pdf file
Calling Give Feedback server...
[agentic] 94/104 scenario_03_07 (repeat 2/4)
Calling Candidate server...
Calling Interviewer server...
Calling Candidate server...
Calling Interviewer server...
Calling Candidate server...
Calling Interviewer server...
Calling Candidate server...
Calling Interviewer server...
Calling Candidate server...
Calling Judge Case Guide Scout server...
Calling Judge server...
Calling Interviewer server...
Calling Candidate server...
Calling Interviewer server...
Calling Candidate server...
Calling Interviewer server...
Calling Candidate server...
Calling Interviewer server...
Calling Candidate server...
Calling Interviewer server...
Calling Candidate server...
Calling Judge Case Guide Scout server...
Calling Judge server...
Calling Eval Case Performance Scout server...
Calling Eval Dialog Quality Case Guide Scout server...
Calling Eval Dialog Quality server...
RAG being used, consulting ConsultingCaseGuide-PPML.pdf file
Calling Eval Case Performance server...
Calling Give Feedback Case Guide Scout server...
RAG being used, consulting ConsultingCaseGuide-PPML.pdf file
Calling Give Feedback server...
[agentic] 95/104 scenario_03_07 (repeat 3/4)
Calling Candidate server...
Calling Interviewer server...
Calling Candidate server...
Calling Interviewer server...
Calling Candidate server...
Calling Interviewer server...
Calling Candidate server...
Calling Interviewer server...
Calling Candidate server...
Calling Judge Case Guide Scout server...
Calling Judge server...
Calling Eval Dialog Quality Case Guide Scout server...
Calling Eval Case Performance Scout server...
Calling Eval Dialog Quality server...
Calling Eval Case Performance server...
Calling Give Feedback Case Guide Scout server...
RAG being used, consulting ConsultingCaseGuide-PPML.pdf file
Calling Give Feedback server...
[agentic] 96/104 scenario_03_07 (repeat 4/4)
Calling Candidate server...
Calling Interviewer server...
Calling Candidate server...
Calling Interviewer server...
Calling Candidate server...
Calling Interviewer server...
Calling Candidate server...
Calling Interviewer server...
Calling Candidate server...
Calling Judge Case Guide Scout server...
Calling Judge server...
Calling Interviewer server...
Calling Candidate server...
Calling Interviewer server...
Calling Candidate server...
Calling Interviewer server...
Calling Candidate server...
Calling Interviewer server...
Calling Candidate server...
Calling Interviewer server...
Calling Candidate server...
Calling Judge Case Guide Scout server...
Calling Judge server...
Calling Eval Case Performance Scout server...
Calling Eval Dialog Quality Case Guide Scout server...
Calling Eval Dialog Quality server...
Calling Eval Case Performance server...
Calling Give Feedback Case Guide Scout server...
RAG being used, consulting ConsultingCaseGuide-PPML.pdf file
Calling Give Feedback server...
[agentic] 97/104 scenario_03_08 (repeat 1/4)
Calling Candidate server...
Calling Interviewer server...
Calling Candidate server...
Calling Interviewer server...
Calling Candidate server...
Calling Interviewer server...
Calling Candidate server...
Calling Interviewer server...
Calling Candidate server...
Calling Judge Case Guide Scout server...
Calling Judge server...
Calling Eval Case Performance Scout server...
Calling Eval Dialog Quality Case Guide Scout server...
Calling Eval Dialog Quality server...
Calling Eval Case Performance server...
Calling Give Feedback Case Guide Scout server...
RAG being used, consulting ConsultingCaseGuide-PPML.pdf file
Calling Give Feedback server...
[agentic] 98/104 scenario_03_08 (repeat 2/4)
Calling Candidate server...
Calling Interviewer server...
Calling Candidate server...
Calling Interviewer server...
Calling Candidate server...
Calling Interviewer server...
Calling Candidate server...
Calling Interviewer server...
Calling Candidate server...
Calling Judge Case Guide Scout server...
Calling Judge server...
Calling Interviewer server...
Calling Candidate server...
Calling Interviewer server...
Calling Candidate server...
Calling Interviewer server...
Calling Candidate server...
Calling Interviewer server...
Calling Candidate server...
Calling Interviewer server...
Calling Candidate server...
Calling Judge Case Guide Scout server...
Calling Judge server...
Calling Eval Dialog Quality Case Guide Scout server...
Calling Eval Case Performance Scout server...
Calling Eval Dialog Quality server...
RAG being used, consulting ConsultingCaseGuide-PPML.pdf file
Calling Eval Case Performance server...
Calling Give Feedback Case Guide Scout server...
RAG being used, consulting ConsultingCaseGuide-PPML.pdf file
Calling Give Feedback server...
[agentic] 99/104 scenario_03_08 (repeat 3/4)
Calling Candidate server...
Calling Interviewer server...
Calling Candidate server...
Calling Interviewer server...
Calling Candidate server...
Calling Interviewer server...
Calling Candidate server...
Calling Interviewer server...
Calling Candidate server...
Calling Judge Case Guide Scout server...
Calling Judge server...
Calling Interviewer server...
Calling Candidate server...
Calling Interviewer server...
Calling Candidate server...
Calling Interviewer server...
Calling Candidate server...
Calling Interviewer server...
Calling Candidate server...
Calling Interviewer server...
Calling Candidate server...
Calling Judge Case Guide Scout server...
Calling Judge server...
Calling Eval Case Performance Scout server...
Calling Eval Dialog Quality Case Guide Scout server...
Calling Eval Dialog Quality server...
RAG being used, consulting ConsultingCaseGuide-PPML.pdf file
Calling Eval Case Performance server...
Calling Give Feedback Case Guide Scout server...
RAG being used, consulting ConsultingCaseGuide-PPML.pdf file
Calling Give Feedback server...
[agentic] 100/104 scenario_03_08 (repeat 4/4)
Calling Candidate server...
Calling Interviewer server...
Calling Candidate server...
Calling Interviewer server...
Calling Candidate server...
Calling Interviewer server...
Calling Candidate server...
Calling Interviewer server...
Calling Candidate server...
Calling Judge Case Guide Scout server...
Calling Judge server...
Judge server rate-limited (attempt 1/3); retrying in 5s...
Judge server rate-limited (attempt 2/3); retrying in 10s...
Calling Interviewer server...
Calling Candidate server...
Calling Interviewer server...
Calling Candidate server...
Calling Interviewer server...
Calling Candidate server...
Calling Interviewer server...
Calling Candidate server...
Calling Interviewer server...
Calling Candidate server...
Calling Judge Case Guide Scout server...
Calling Judge server...
Calling Eval Case Performance Scout server...
Calling Eval Dialog Quality Case Guide Scout server...
Calling Eval Dialog Quality server...
RAG being used, consulting ConsultingCaseGuide-PPML.pdf file
Calling Eval Case Performance server...
Calling Give Feedback Case Guide Scout server...
RAG being used, consulting ConsultingCaseGuide-PPML.pdf file
Calling Give Feedback server...
[agentic] 101/104 scenario_03_09 (repeat 1/4)
Calling Candidate server...
Calling Interviewer server...
Calling Candidate server...
Calling Interviewer server...
Calling Candidate server...
Calling Interviewer server...
Calling Candidate server...
Calling Interviewer server...
Calling Candidate server...
Calling Judge Case Guide Scout server...
Calling Judge server...
Calling Interviewer server...
Calling Candidate server...
Calling Interviewer server...
Calling Candidate server...
Calling Interviewer server...
Calling Candidate server...
Calling Interviewer server...
Calling Candidate server...
Calling Interviewer server...
Calling Candidate server...
Calling Judge Case Guide Scout server...
Calling Judge server...
Calling Eval Dialog Quality Case Guide Scout server...
Calling Eval Case Performance Scout server...
Calling Eval Dialog Quality server...
Calling Eval Case Performance server...
Calling Give Feedback Case Guide Scout server...
RAG being used, consulting ConsultingCaseGuide-PPML.pdf file
Calling Give Feedback server...
[agentic] 102/104 scenario_03_09 (repeat 2/4)
Calling Candidate server...
Structured call to Candidate server failed (Could not parse response content as the length limit was reached - CompletionUsage(completion_tokens=1024, prompt_tokens=2321, total_tokens=3345, completion_tokens_details=CompletionTokensDetails(accepted_prediction_tokens=None, audio_tokens=0, reasoning_tokens=0, rejected_prediction_tokens=None, image_tokens=0), prompt_tokens_details=PromptTokensDetails(audio_tokens=0, cache_write_tokens=0, cached_tokens=0, video_tokens=0), cost=0.00081919, is_byok=False, cost_details={'upstream_inference_cost': 0.00081919, 'upstream_inference_prompt_cost': 0.00034815, 'upstream_inference_completions_cost': 0.00047104})); retrying unconstrained.
Calling Interviewer server...
Calling Candidate server...
Calling Interviewer server...
Calling Candidate server...
Calling Interviewer server...
Calling Candidate server...
Calling Interviewer server...
Calling Candidate server...
Calling Judge Case Guide Scout server...
Calling Judge server...
Calling Interviewer server...
Calling Candidate server...
Calling Interviewer server...
Calling Candidate server...
Calling Interviewer server...
Calling Candidate server...
Calling Interviewer server...
Calling Candidate server...
Calling Interviewer server...
Calling Candidate server...
Calling Judge Case Guide Scout server...
Calling Judge server...
Calling Eval Case Performance Scout server...
Calling Eval Dialog Quality Case Guide Scout server...
Calling Eval Dialog Quality server...
Calling Eval Case Performance server...
Calling Give Feedback Case Guide Scout server...
RAG being used, consulting ConsultingCaseGuide-PPML.pdf file
Calling Give Feedback server...
[agentic] 103/104 scenario_03_09 (repeat 3/4)
Calling Candidate server...
Calling Interviewer server...
Calling Candidate server...
Calling Interviewer server...
Calling Candidate server...
Calling Interviewer server...
Calling Candidate server...
Calling Interviewer server...
Calling Candidate server...
Calling Judge Case Guide Scout server...
Calling Judge server...
Calling Interviewer server...
Calling Candidate server...
Calling Interviewer server...
Calling Candidate server...
Calling Interviewer server...
Calling Candidate server...
Calling Interviewer server...
Calling Candidate server...
Calling Interviewer server...
Calling Candidate server...
Calling Judge Case Guide Scout server...
Calling Judge server...
Calling Eval Case Performance Scout server...
Calling Eval Dialog Quality Case Guide Scout server...
Calling Eval Case Performance server...
Calling Eval Dialog Quality server...
Calling Give Feedback Case Guide Scout server...
RAG being used, consulting ConsultingCaseGuide-PPML.pdf file
Calling Give Feedback server...
[agentic] 104/104 scenario_03_09 (repeat 4/4)
Calling Candidate server...
Calling Interviewer server...
Calling Candidate server...
Calling Interviewer server...
Calling Candidate server...
Calling Interviewer server...
Calling Candidate server...
Calling Interviewer server...
Calling Candidate server...
Calling Judge Case Guide Scout server...
Calling Judge server...
Calling Eval Case Performance Scout server...
Calling Eval Dialog Quality Case Guide Scout server...
Calling Eval Dialog Quality server...
Calling Eval Case Performance server...
Calling Give Feedback Case Guide Scout server...
RAG being used, consulting ConsultingCaseGuide-PPML.pdf file
Calling Give Feedback server...
[baseline] 1/104 scenario_01_01 (repeat 1/4)
Calling Baseline Move server...
Calling Baseline Move server...
Calling Baseline Move server (JSON repair retry)...
Calling Baseline Move server (JSON repair retry)...
Calling Baseline Move server...
Calling Baseline Move server...
Calling Baseline Move server...
Calling Baseline Move server...
Calling Baseline Move server...
[baseline] 2/104 scenario_01_01 (repeat 2/4)
Calling Baseline Move server...
Calling Baseline Move server...
Calling Baseline Move server...
Calling Baseline Move server...
Calling Baseline Move server...
[baseline] 3/104 scenario_01_01 (repeat 3/4)
Calling Baseline Move server...
Calling Baseline Move server...
Calling Baseline Move server...
Calling Baseline Move server...
Calling Baseline Move server...
[baseline] 4/104 scenario_01_01 (repeat 4/4)
Calling Baseline Move server...
Calling Baseline Move server...
Calling Baseline Move server...
Calling Baseline Move server...
Calling Baseline Move server...
[baseline] 5/104 scenario_01_02 (repeat 1/4)
Calling Baseline Move server...
Calling Baseline Move server (JSON repair retry)...
Calling Baseline Move server...
Calling Baseline Move server...
Calling Baseline Move server...
Calling Baseline Move server...
Calling Baseline Move server...
Calling Baseline Move server...
[baseline] 6/104 scenario_01_02 (repeat 2/4)
Calling Baseline Move server...
Calling Baseline Move server...
Calling Baseline Move server...
Calling Baseline Move server...
Calling Baseline Move server...
[baseline] 7/104 scenario_01_02 (repeat 3/4)
Calling Baseline Move server...
Calling Baseline Move server (JSON repair retry)...
Calling Baseline Move server...
Calling Baseline Move server...
Calling Baseline Move server...
[baseline] 8/104 scenario_01_02 (repeat 4/4)
Calling Baseline Move server...
Calling Baseline Move server (JSON repair retry)...
Calling Baseline Move server (JSON repair retry)...
Calling Baseline Move server...
Calling Baseline Move server (JSON repair retry)...
Calling Baseline Move server (JSON repair retry)...
Calling Baseline Move server...
Calling Baseline Move server...
Calling Baseline Move server...
Calling Baseline Move server...
Calling Baseline Move server...
Calling Baseline Move server...
[baseline] 9/104 scenario_01_03 (repeat 1/4)
Failed to send compressed multipart ingest: langsmith.utils.LangSmithRateLimitError: Rate limit exceeded for https://api.smith.langchain.com/runs/multipart. HTTPError('429 Client Error: Too Many Requests for url: https://api.smith.langchain.com/runs/multipart', '{"error":"Too many requests: tenant exceeded usage limits: Monthly unique traces usage limit exceeded"}\n')trace=019fb9f0-bca9-76e0-8e69-9a7fde2b12dd,id=019fb9f0-bda2-7d03-b713-da57265fb434; trace=019fb9f0-bca9-76e0-8e69-9a7fde2b12dd,id=019fb9f0-bda1-7291-9ec7-796b87cefbc9; trace=019fb9f0-bca9-76e0-8e69-9a7fde2b12dd,id=019fb9f0-d7f1-7252-99f0-50c7e64969c9; trace=019fb9f0-bca9-76e0-8e69-9a7fde2b12dd,id=019fb9f0-d7f4-7d23-a766-1b8e3d9095ae
Failed to send compressed multipart ingest: langsmith.utils.LangSmithRateLimitError: Rate limit exceeded for https://api.smith.langchain.com/runs/multipart. HTTPError('429 Client Error: Too Many Requests for url: https://api.smith.langchain.com/runs/multipart', '{"error":"Too many requests: tenant exceeded usage limits: Monthly unique traces usage limit exceeded"}\n')trace=019fb9f0-bca9-76e0-8e69-9a7fde2b12dd,id=019fb9f0-d7f4-7d23-a766-1b8e3d9095ae; trace=019fb9f0-bca9-76e0-8e69-9a7fde2b12dd,id=019fb9f1-1fab-7af1-8115-fa4468427327; trace=019fb9f0-bca9-76e0-8e69-9a7fde2b12dd,id=019fb9f1-1fab-7af1-8115-fa4468427327; trace=019fb9f0-bca9-76e0-8e69-9a7fde2b12dd,id=019fb9f0-d7f1-7252-99f0-50c7e64969c9; trace=019fb9f0-bca9-76e0-8e69-9a7fde2b12dd,id=019fb9f1-1fac-7350-b028-95bcd2172a9c; trace=019fb9f0-bca9-76e0-8e69-9a7fde2b12dd,id=019fb9f1-1fac-7350-b028-95c8c86c12c3
Failed to send compressed multipart ingest: langsmith.utils.LangSmithRateLimitError: Rate limit exceeded for https://api.smith.langchain.com/runs/multipart. HTTPError('429 Client Error: Too Many Requests for url: https://api.smith.langchain.com/runs/multipart', '{"error":"Too many requests: tenant exceeded usage limits: Monthly unique traces usage limit exceeded"}\n')trace=019fb9f0-bca9-76e0-8e69-9a7fde2b12dd,id=019fb9f1-1fac-7350-b028-95c8c86c12c3; trace=019fb9f0-bca9-76e0-8e69-9a7fde2b12dd,id=019fb9f1-1fac-7350-b028-95bcd2172a9c; trace=019fb9f0-bca9-76e0-8e69-9a7fde2b12dd,id=019fb9f1-3e94-7e62-b1ed-119a5328174d; trace=019fb9f0-bca9-76e0-8e69-9a7fde2b12dd,id=019fb9f1-3e96-79b3-86f0-23f528392188
Failed to send compressed multipart ingest: langsmith.utils.LangSmithRateLimitError: Rate limit exceeded for https://api.smith.langchain.com/runs/multipart. HTTPError('429 Client Error: Too Many Requests for url: https://api.smith.langchain.com/runs/multipart', '{"error":"Too many requests: tenant exceeded usage limits: Monthly unique traces usage limit exceeded"}\n')trace=019fb9f0-bca9-76e0-8e69-9a7fde2b12dd,id=019fb9f1-3e96-79b3-86f0-23f528392188; trace=019fb9f0-bca9-76e0-8e69-9a7fde2b12dd,id=019fb9f1-b45a-7190-b654-a8ffb05560a8; trace=019fb9f0-bca9-76e0-8e69-9a7fde2b12dd,id=019fb9f1-b45a-7190-b654-a8ffb05560a8; trace=019fb9f0-bca9-76e0-8e69-9a7fde2b12dd,id=019fb9f1-3e94-7e62-b1ed-119a5328174d; trace=019fb9f0-bca9-76e0-8e69-9a7fde2b12dd,id=019fb9f1-b45b-70f1-bca4-8ae03a7e61b5; trace=019fb9f0-bca9-76e0-8e69-9a7fde2b12dd,id=019fb9f1-b45c-7ff3-960c-1f799d03e2e0
Failed to send compressed multipart ingest: langsmith.utils.LangSmithRateLimitError: Rate limit exceeded for https://api.smith.langchain.com/runs/multipart. HTTPError('429 Client Error: Too Many Requests for url: https://api.smith.langchain.com/runs/multipart', '{"error":"Too many requests: tenant exceeded usage limits: Monthly unique traces usage limit exceeded"}\n')trace=019fb9f0-bca9-76e0-8e69-9a7fde2b12dd,id=019fb9f1-b45c-7ff3-960c-1f799d03e2e0; trace=019fb9f0-bca9-76e0-8e69-9a7fde2b12dd,id=019fb9f1-b45b-70f1-bca4-8ae03a7e61b5; trace=019fb9f0-bca9-76e0-8e69-9a7fde2b12dd,id=019fb9f1-de99-7c82-a66d-09a0cd205fb7; trace=019fb9f0-bca9-76e0-8e69-9a7fde2b12dd,id=019fb9f1-de9c-7640-83fb-d9b43745e7d6
Failed to send compressed multipart ingest: langsmith.utils.LangSmithRateLimitError: Rate limit exceeded for https://api.smith.langchain.com/runs/multipart. HTTPError('429 Client Error: Too Many Requests for url: https://api.smith.langchain.com/runs/multipart', '{"error":"Too many requests: tenant exceeded usage limits: Monthly unique traces usage limit exceeded"}\n')trace=019fb9f0-bca9-76e0-8e69-9a7fde2b12dd,id=019fb9f1-de9c-7640-83fb-d9b43745e7d6; trace=019fb9f0-bca9-76e0-8e69-9a7fde2b12dd,id=019fb9f2-4ed7-7893-ab3e-a7d6f765a9e7; trace=019fb9f0-bca9-76e0-8e69-9a7fde2b12dd,id=019fb9f2-4ed7-7893-ab3e-a7d6f765a9e7; trace=019fb9f0-bca9-76e0-8e69-9a7fde2b12dd,id=019fb9f1-de99-7c82-a66d-09a0cd205fb7; trace=019fb9f0-bca9-76e0-8e69-9a7fde2b12dd,id=019fb9f2-4ed8-7bc2-990a-70d98891e025; trace=019fb9f0-bca9-76e0-8e69-9a7fde2b12dd,id=019fb9f2-4ed9-79e3-9bd8-2c7fa6611541
Failed to send compressed multipart ingest: langsmith.utils.LangSmithRateLimitError: Rate limit exceeded for https://api.smith.langchain.com/runs/multipart. HTTPError('429 Client Error: Too Many Requests for url: https://api.smith.langchain.com/runs/multipart', '{"error":"Too many requests: tenant exceeded usage limits: Monthly unique traces usage limit exceeded"}\n')trace=019fb9f0-bca9-76e0-8e69-9a7fde2b12dd,id=019fb9f2-4ed9-79e3-9bd8-2c7fa6611541; trace=019fb9f0-bca9-76e0-8e69-9a7fde2b12dd,id=019fb9f2-4ed8-7bc2-990a-70d98891e025; trace=019fb9f0-bca9-76e0-8e69-9a7fde2b12dd,id=019fb9f2-75df-7bf0-9f1d-1017f8469c08; trace=019fb9f0-bca9-76e0-8e69-9a7fde2b12dd,id=019fb9f2-75e2-74e0-92ac-5b270312e54b
Failed to send compressed multipart ingest: langsmith.utils.LangSmithRateLimitError: Rate limit exceeded for https://api.smith.langchain.com/runs/multipart. HTTPError('429 Client Error: Too Many Requests for url: https://api.smith.langchain.com/runs/multipart', '{"error":"Too many requests: tenant exceeded usage limits: Monthly unique traces usage limit exceeded"}\n')trace=019fb9f0-bca9-76e0-8e69-9a7fde2b12dd,id=019fb9f2-75e2-74e0-92ac-5b270312e54b; trace=019fb9f0-bca9-76e0-8e69-9a7fde2b12dd,id=019fb9f2-a8f1-7ec3-8365-e0b4047c4dca; trace=019fb9f0-bca9-76e0-8e69-9a7fde2b12dd,id=019fb9f2-a8f1-7ec3-8365-e0b4047c4dca; trace=019fb9f0-bca9-76e0-8e69-9a7fde2b12dd,id=019fb9f2-75df-7bf0-9f1d-1017f8469c08; trace=019fb9f0-bca9-76e0-8e69-9a7fde2b12dd,id=019fb9f2-a8f3-7c20-a179-703027723387; trace=019fb9f0-bca9-76e0-8e69-9a7fde2b12dd,id=019fb9f2-a8f5-79e2-8d41-b8be13189c99
Failed to send compressed multipart ingest: langsmith.utils.LangSmithRateLimitError: Rate limit exceeded for https://api.smith.langchain.com/runs/multipart. HTTPError('429 Client Error: Too Many Requests for url: https://api.smith.langchain.com/runs/multipart', '{"error":"Too many requests: tenant exceeded usage limits: Monthly unique traces usage limit exceeded"}\n')trace=019fb9f0-bca9-76e0-8e69-9a7fde2b12dd,id=019fb9f2-a8f5-79e2-8d41-b8be13189c99; trace=019fb9f0-bca9-76e0-8e69-9a7fde2b12dd,id=019fb9f2-a8f3-7c20-a179-703027723387; trace=019fb9f0-bca9-76e0-8e69-9a7fde2b12dd,id=019fb9f2-d98f-7053-8e57-1e27adcde164; trace=019fb9f0-bca9-76e0-8e69-9a7fde2b12dd,id=019fb9f2-d990-7c20-a654-adc6242a52c8
Failed to send compressed multipart ingest: langsmith.utils.LangSmithRateLimitError: Rate limit exceeded for https://api.smith.langchain.com/runs/multipart. HTTPError('429 Client Error: Too Many Requests for url: https://api.smith.langchain.com/runs/multipart', '{"error":"Too many requests: tenant exceeded usage limits: Monthly unique traces usage limit exceeded"}\n')trace=019fb9f0-bca9-76e0-8e69-9a7fde2b12dd,id=019fb9f2-d990-7c20-a654-adc6242a52c8; trace=019fb9f0-bca9-76e0-8e69-9a7fde2b12dd,id=019fb9f3-1dc6-7ca2-b649-2d1844deb0fb; trace=019fb9f0-bca9-76e0-8e69-9a7fde2b12dd,id=019fb9f3-1dc6-7ca2-b649-2d1844deb0fb; trace=019fb9f0-bca9-76e0-8e69-9a7fde2b12dd,id=019fb9f2-d98f-7053-8e57-1e27adcde164; trace=019fb9f0-bca9-76e0-8e69-9a7fde2b12dd,id=019fb9f3-1dc7-7d41-ba9e-7601582ffc6b; trace=019fb9f0-bca9-76e0-8e69-9a7fde2b12dd,id=019fb9f3-1dc7-7d41-ba9e-7613d316c772
Failed to send compressed multipart ingest: langsmith.utils.LangSmithRateLimitError: Rate limit exceeded for https://api.smith.langchain.com/runs/multipart. HTTPError('429 Client Error: Too Many Requests for url: https://api.smith.langchain.com/runs/multipart', '{"error":"Too many requests: tenant exceeded usage limits: Monthly unique traces usage limit exceeded"}\n')trace=019fb9f0-bca9-76e0-8e69-9a7fde2b12dd,id=019fb9f3-1dc7-7d41-ba9e-7613d316c772; trace=019fb9f0-bca9-76e0-8e69-9a7fde2b12dd,id=019fb9f3-1dc7-7d41-ba9e-7601582ffc6b; trace=019fb9f0-bca9-76e0-8e69-9a7fde2b12dd,id=019fb9f3-4224-77a0-8108-2fb8e7f48b9c; trace=019fb9f0-bca9-76e0-8e69-9a7fde2b12dd,id=019fb9f3-4225-7bb0-a2e3-5572d1d91db8
Failed to send compressed multipart ingest: langsmith.utils.LangSmithRateLimitError: Rate limit exceeded for https://api.smith.langchain.com/runs/multipart. HTTPError('429 Client Error: Too Many Requests for url: https://api.smith.langchain.com/runs/multipart', '{"error":"Too many requests: tenant exceeded usage limits: Monthly unique traces usage limit exceeded"}\n')trace=019fb9f0-bca9-76e0-8e69-9a7fde2b12dd,id=019fb9f3-4225-7bb0-a2e3-5572d1d91db8; trace=019fb9f0-bca9-76e0-8e69-9a7fde2b12dd,id=019fb9f3-7ed9-76d1-b2d7-69c591d0a604; trace=019fb9f0-bca9-76e0-8e69-9a7fde2b12dd,id=019fb9f3-7ed9-76d1-b2d7-69c591d0a604; trace=019fb9f0-bca9-76e0-8e69-9a7fde2b12dd,id=019fb9f3-4224-77a0-8108-2fb8e7f48b9c; trace=019fb9f0-bca9-76e0-8e69-9a7fde2b12dd,id=019fb9f3-7eda-74c1-a552-b2b9629834b9; trace=019fb9f0-bca9-76e0-8e69-9a7fde2b12dd,id=019fb9f3-7edb-7b90-b41c-b0d6cf6cb297
Failed to send compressed multipart ingest: langsmith.utils.LangSmithRateLimitError: Rate limit exceeded for https://api.smith.langchain.com/runs/multipart. HTTPError('429 Client Error: Too Many Requests for url: https://api.smith.langchain.com/runs/multipart', '{"error":"Too many requests: tenant exceeded usage limits: Monthly unique traces usage limit exceeded"}\n')trace=019fb9f0-bca9-76e0-8e69-9a7fde2b12dd,id=019fb9f3-7edb-7b90-b41c-b0d6cf6cb297; trace=019fb9f0-bca9-76e0-8e69-9a7fde2b12dd,id=019fb9f3-7eda-74c1-a552-b2b9629834b9; trace=019fb9f0-bca9-76e0-8e69-9a7fde2b12dd,id=019fb9f3-9612-7f02-8e21-6698479d3586; trace=019fb9f0-bca9-76e0-8e69-9a7fde2b12dd,id=019fb9f3-9614-7d21-ba6c-098795f869f8
Failed to send compressed multipart ingest: langsmith.utils.LangSmithRateLimitError: Rate limit exceeded for https://api.smith.langchain.com/runs/multipart. HTTPError('429 Client Error: Too Many Requests for url: https://api.smith.langchain.com/runs/multipart', '{"error":"Too many requests: tenant exceeded usage limits: Monthly unique traces usage limit exceeded"}\n')trace=019fb9f0-bca9-76e0-8e69-9a7fde2b12dd,id=019fb9f3-9614-7d21-ba6c-098795f869f8; trace=019fb9f0-bca9-76e0-8e69-9a7fde2b12dd,id=019fb9f3-e342-71b2-ac4a-315d25f49e0c; trace=019fb9f0-bca9-76e0-8e69-9a7fde2b12dd,id=019fb9f3-e342-71b2-ac4a-315d25f49e0c; trace=019fb9f0-bca9-76e0-8e69-9a7fde2b12dd,id=019fb9f3-9612-7f02-8e21-6698479d3586; trace=019fb9f0-bca9-76e0-8e69-9a7fde2b12dd,id=019fb9f3-e343-7462-a779-94a21e5b8419; trace=019fb9f0-bca9-76e0-8e69-9a7fde2b12dd,id=019fb9f3-e343-7462-a779-94b922ee7304
Failed to send compressed multipart ingest: langsmith.utils.LangSmithRateLimitError: Rate limit exceeded for https://api.smith.langchain.com/runs/multipart. HTTPError('429 Client Error: Too Many Requests for url: https://api.smith.langchain.com/runs/multipart', '{"error":"Too many requests: tenant exceeded usage limits: Monthly unique traces usage limit exceeded"}\n')trace=019fb9f0-bca9-76e0-8e69-9a7fde2b12dd,id=019fb9f3-e343-7462-a779-94b922ee7304; trace=019fb9f0-bca9-76e0-8e69-9a7fde2b12dd,id=019fb9f3-e343-7462-a779-94a21e5b8419; trace=019fb9f0-bca9-76e0-8e69-9a7fde2b12dd,id=019fb9f3-fa94-7432-8e8a-eaaef8163d53; trace=019fb9f0-bca9-76e0-8e69-9a7fde2b12dd,id=019fb9f3-fa96-7db0-89ad-9fc54fa176f6
Failed to send compressed multipart ingest: langsmith.utils.LangSmithRateLimitError: Rate limit exceeded for https://api.smith.langchain.com/runs/multipart. HTTPError('429 Client Error: Too Many Requests for url: https://api.smith.langchain.com/runs/multipart', '{"error":"Too many requests: tenant exceeded usage limits: Monthly unique traces usage limit exceeded"}\n')trace=019fb9f0-bca9-76e0-8e69-9a7fde2b12dd,id=019fb9f3-fa96-7db0-89ad-9fc54fa176f6; trace=019fb9f0-bca9-76e0-8e69-9a7fde2b12dd,id=019fb9f4-41c7-7680-8fd8-d9f48218e95f; trace=019fb9f0-bca9-76e0-8e69-9a7fde2b12dd,id=019fb9f4-41c7-7680-8fd8-d9f48218e95f; trace=019fb9f0-bca9-76e0-8e69-9a7fde2b12dd,id=019fb9f3-fa94-7432-8e8a-eaaef8163d53; trace=019fb9f0-bca9-76e0-8e69-9a7fde2b12dd,id=019fb9f4-41c8-7001-b2ba-ff6bf4fe940b; trace=019fb9f0-bca9-76e0-8e69-9a7fde2b12dd,id=019fb9f4-41c9-7db1-9e59-7398f13fb298
Failed to send compressed multipart ingest: langsmith.utils.LangSmithRateLimitError: Rate limit exceeded for https://api.smith.langchain.com/runs/multipart. HTTPError('429 Client Error: Too Many Requests for url: https://api.smith.langchain.com/runs/multipart', '{"error":"Too many requests: tenant exceeded usage limits: Monthly unique traces usage limit exceeded"}\n')trace=019fb9f0-bca9-76e0-8e69-9a7fde2b12dd,id=019fb9f4-41c9-7db1-9e59-7398f13fb298; trace=019fb9f0-bca9-76e0-8e69-9a7fde2b12dd,id=019fb9f4-41c8-7001-b2ba-ff6bf4fe940b; trace=019fb9f0-bca9-76e0-8e69-9a7fde2b12dd,id=019fb9f4-745f-7f32-938c-0db923f8b842; trace=019fb9f0-bca9-76e0-8e69-9a7fde2b12dd,id=019fb9f4-7461-7b31-93e7-7adeb95410e7
Calling Baseline Move server...
Calling Baseline Move server...
Calling Baseline Move server...
Calling Baseline Move server...
Calling Baseline Move server...
Calling Baseline Move server...
Calling Baseline Move server...
Calling Baseline Move server...
Calling Baseline Move server...
[baseline] 10/104 scenario_01_03 (repeat 2/4)
Failed to send compressed multipart ingest: langsmith.utils.LangSmithRateLimitError: Rate limit exceeded for https://api.smith.langchain.com/runs/multipart. HTTPError('429 Client Error: Too Many Requests for url: https://api.smith.langchain.com/runs/multipart', '{"error":"Too many requests: tenant exceeded usage limits: Monthly unique traces usage limit exceeded"}\n')trace=019fb9f0-bca9-76e0-8e69-9a7fde2b12dd,id=019fb9f4-7461-7b31-93e7-7adeb95410e7; trace=019fb9f0-bca9-76e0-8e69-9a7fde2b12dd,id=019fb9f5-0195-7a23-abe8-6162bd438869; trace=019fb9f0-bca9-76e0-8e69-9a7fde2b12dd,id=019fb9f5-0195-7a23-abe8-6162bd438869; trace=019fb9f0-bca9-76e0-8e69-9a7fde2b12dd,id=019fb9f4-745f-7f32-938c-0db923f8b842; trace=019fb9f0-bca9-76e0-8e69-9a7fde2b12dd,id=019fb9f5-0196-7d33-92dc-4694010e6439; trace=019fb9f0-bca9-76e0-8e69-9a7fde2b12dd,id=019fb9f5-0196-7d33-92dc-4694010e6439; trace=019fb9f0-bca9-76e0-8e69-9a7fde2b12dd,id=019fb9f0-bca9-76e0-8e69-9a7fde2b12dd; trace=019fb9f5-01b8-7ce0-8155-19d1adae14d7,id=019fb9f5-01b8-7ce0-8155-19d1adae14d7; trace=019fb9f5-01b8-7ce0-8155-19d1adae14d7,id=019fb9f5-01b9-7482-8521-401cb44fae48; trace=019fb9f5-01b8-7ce0-8155-19d1adae14d7,id=019fb9f5-01b9-7482-8521-401cb44fae48; trace=019fb9f5-01b8-7ce0-8155-19d1adae14d7,id=019fb9f5-01ba-7d60-a0e9-ce34c27beed1; trace=019fb9f5-01b8-7ce0-8155-19d1adae14d7,id=019fb9f5-022d-7c00-aa3a-4900f86ada02; trace=019fb9f5-01b8-7ce0-8155-19d1adae14d7,id=019fb9f5-022d-7c00-aa3a-4900f86ada02; trace=019fb9f5-01b8-7ce0-8155-19d1adae14d7,id=019fb9f5-01ba-7d60-a0e9-ce34c27beed1; trace=019fb9f5-01b8-7ce0-8155-19d1adae14d7,id=019fb9f5-022e-7611-ab38-f9e6e7427551; trace=019fb9f5-01b8-7ce0-8155-19d1adae14d7,id=019fb9f5-022e-7611-ab38-f9fc9c3a1e83
Failed to send compressed multipart ingest: langsmith.utils.LangSmithRateLimitError: Rate limit exceeded for https://api.smith.langchain.com/runs/multipart. HTTPError('429 Client Error: Too Many Requests for url: https://api.smith.langchain.com/runs/multipart', '{"error":"Too many requests: tenant exceeded usage limits: Monthly unique traces usage limit exceeded"}\n')trace=019fb9f5-01b8-7ce0-8155-19d1adae14d7,id=019fb9f5-022e-7611-ab38-f9fc9c3a1e83; trace=019fb9f5-01b8-7ce0-8155-19d1adae14d7,id=019fb9f5-022e-7611-ab38-f9e6e7427551; trace=019fb9f5-01b8-7ce0-8155-19d1adae14d7,id=019fb9f5-17ee-7872-90d7-eac1950387db; trace=019fb9f5-01b8-7ce0-8155-19d1adae14d7,id=019fb9f5-17f0-7e73-bc6b-ca79ac8bc241
Failed to send compressed multipart ingest: langsmith.utils.LangSmithRateLimitError: Rate limit exceeded for https://api.smith.langchain.com/runs/multipart. HTTPError('429 Client Error: Too Many Requests for url: https://api.smith.langchain.com/runs/multipart', '{"error":"Too many requests: tenant exceeded usage limits: Monthly unique traces usage limit exceeded"}\n')trace=019fb9f5-01b8-7ce0-8155-19d1adae14d7,id=019fb9f5-17f0-7e73-bc6b-ca79ac8bc241; trace=019fb9f5-01b8-7ce0-8155-19d1adae14d7,id=019fb9f5-44e8-7c72-a7c3-193eceeadf7d; trace=019fb9f5-01b8-7ce0-8155-19d1adae14d7,id=019fb9f5-44e8-7c72-a7c3-193eceeadf7d; trace=019fb9f5-01b8-7ce0-8155-19d1adae14d7,id=019fb9f5-17ee-7872-90d7-eac1950387db; trace=019fb9f5-01b8-7ce0-8155-19d1adae14d7,id=019fb9f5-44e9-7d21-a5f6-6f698a091e91; trace=019fb9f5-01b8-7ce0-8155-19d1adae14d7,id=019fb9f5-44e9-7d21-a5f6-6f7f0dbf28ae
Failed to send compressed multipart ingest: langsmith.utils.LangSmithRateLimitError: Rate limit exceeded for https://api.smith.langchain.com/runs/multipart. HTTPError('429 Client Error: Too Many Requests for url: https://api.smith.langchain.com/runs/multipart', '{"error":"Too many requests: tenant exceeded usage limits: Monthly unique traces usage limit exceeded"}\n')trace=019fb9f5-01b8-7ce0-8155-19d1adae14d7,id=019fb9f5-44e9-7d21-a5f6-6f7f0dbf28ae; trace=019fb9f5-01b8-7ce0-8155-19d1adae14d7,id=019fb9f5-44e9-7d21-a5f6-6f698a091e91; trace=019fb9f5-01b8-7ce0-8155-19d1adae14d7,id=019fb9f5-6601-7a83-b3d8-106289da728d; trace=019fb9f5-01b8-7ce0-8155-19d1adae14d7,id=019fb9f5-6604-7443-8e8a-184847bb3965
Failed to send compressed multipart ingest: langsmith.utils.LangSmithRateLimitError: Rate limit exceeded for https://api.smith.langchain.com/runs/multipart. HTTPError('429 Client Error: Too Many Requests for url: https://api.smith.langchain.com/runs/multipart', '{"error":"Too many requests: tenant exceeded usage limits: Monthly unique traces usage limit exceeded"}\n')trace=019fb9f5-01b8-7ce0-8155-19d1adae14d7,id=019fb9f5-6604-7443-8e8a-184847bb3965; trace=019fb9f5-01b8-7ce0-8155-19d1adae14d7,id=019fb9f5-83bc-7a12-b28b-5388e6dffb64; trace=019fb9f5-01b8-7ce0-8155-19d1adae14d7,id=019fb9f5-83bc-7a12-b28b-5388e6dffb64; trace=019fb9f5-01b8-7ce0-8155-19d1adae14d7,id=019fb9f5-6601-7a83-b3d8-106289da728d; trace=019fb9f5-01b8-7ce0-8155-19d1adae14d7,id=019fb9f5-83be-7cb0-9566-e8539a84f282; trace=019fb9f5-01b8-7ce0-8155-19d1adae14d7,id=019fb9f5-83be-7cb0-9566-e86828b54048
Failed to send compressed multipart ingest: langsmith.utils.LangSmithRateLimitError: Rate limit exceeded for https://api.smith.langchain.com/runs/multipart. HTTPError('429 Client Error: Too Many Requests for url: https://api.smith.langchain.com/runs/multipart', '{"error":"Too many requests: tenant exceeded usage limits: Monthly unique traces usage limit exceeded"}\n')trace=019fb9f5-01b8-7ce0-8155-19d1adae14d7,id=019fb9f5-83be-7cb0-9566-e86828b54048; trace=019fb9f5-01b8-7ce0-8155-19d1adae14d7,id=019fb9f5-83be-7cb0-9566-e8539a84f282; trace=019fb9f5-01b8-7ce0-8155-19d1adae14d7,id=019fb9f5-a0a3-7263-97ce-323acbb94920; trace=019fb9f5-01b8-7ce0-8155-19d1adae14d7,id=019fb9f5-a0a5-7020-ad98-6f05e4785302
Failed to send compressed multipart ingest: langsmith.utils.LangSmithRateLimitError: Rate limit exceeded for https://api.smith.langchain.com/runs/multipart. HTTPError('429 Client Error: Too Many Requests for url: https://api.smith.langchain.com/runs/multipart', '{"error":"Too many requests: tenant exceeded usage limits: Monthly unique traces usage limit exceeded"}\n')trace=019fb9f5-01b8-7ce0-8155-19d1adae14d7,id=019fb9f5-a0a5-7020-ad98-6f05e4785302; trace=019fb9f5-01b8-7ce0-8155-19d1adae14d7,id=019fb9f5-cfd8-76c1-8b2f-0cc4655bfaba; trace=019fb9f5-01b8-7ce0-8155-19d1adae14d7,id=019fb9f5-cfd8-76c1-8b2f-0cc4655bfaba; trace=019fb9f5-01b8-7ce0-8155-19d1adae14d7,id=019fb9f5-a0a3-7263-97ce-323acbb94920; trace=019fb9f5-01b8-7ce0-8155-19d1adae14d7,id=019fb9f5-cfda-7430-b6e9-c27cf88f85f2; trace=019fb9f5-01b8-7ce0-8155-19d1adae14d7,id=019fb9f5-cfda-7430-b6e9-c2875dfacb89
Failed to send compressed multipart ingest: langsmith.utils.LangSmithRateLimitError: Rate limit exceeded for https://api.smith.langchain.com/runs/multipart. HTTPError('429 Client Error: Too Many Requests for url: https://api.smith.langchain.com/runs/multipart', '{"error":"Too many requests: tenant exceeded usage limits: Monthly unique traces usage limit exceeded"}\n')trace=019fb9f5-01b8-7ce0-8155-19d1adae14d7,id=019fb9f5-cfda-7430-b6e9-c2875dfacb89; trace=019fb9f5-01b8-7ce0-8155-19d1adae14d7,id=019fb9f5-cfda-7430-b6e9-c27cf88f85f2; trace=019fb9f5-01b8-7ce0-8155-19d1adae14d7,id=019fb9f5-ec89-7832-89d8-af9deda36fcd; trace=019fb9f5-01b8-7ce0-8155-19d1adae14d7,id=019fb9f5-ec8b-7992-ab36-a641279de532
Failed to send compressed multipart ingest: langsmith.utils.LangSmithRateLimitError: Rate limit exceeded for https://api.smith.langchain.com/runs/multipart. HTTPError('429 Client Error: Too Many Requests for url: https://api.smith.langchain.com/runs/multipart', '{"error":"Too many requests: tenant exceeded usage limits: Monthly unique traces usage limit exceeded"}\n')trace=019fb9f5-01b8-7ce0-8155-19d1adae14d7,id=019fb9f5-ec8b-7992-ab36-a641279de532; trace=019fb9f5-01b8-7ce0-8155-19d1adae14d7,id=019fb9f6-2038-7890-9d7d-d74fc066e954; trace=019fb9f5-01b8-7ce0-8155-19d1adae14d7,id=019fb9f6-2038-7890-9d7d-d74fc066e954; trace=019fb9f5-01b8-7ce0-8155-19d1adae14d7,id=019fb9f5-ec89-7832-89d8-af9deda36fcd; trace=019fb9f5-01b8-7ce0-8155-19d1adae14d7,id=019fb9f6-203a-7c53-ad7c-6ca3145e37f8; trace=019fb9f5-01b8-7ce0-8155-19d1adae14d7,id=019fb9f6-203a-7c53-ad7c-6cbfae6fae1a
Failed to send compressed multipart ingest: langsmith.utils.LangSmithRateLimitError: Rate limit exceeded for https://api.smith.langchain.com/runs/multipart. HTTPError('429 Client Error: Too Many Requests for url: https://api.smith.langchain.com/runs/multipart', '{"error":"Too many requests: tenant exceeded usage limits: Monthly unique traces usage limit exceeded"}\n')trace=019fb9f5-01b8-7ce0-8155-19d1adae14d7,id=019fb9f6-203a-7c53-ad7c-6cbfae6fae1a; trace=019fb9f5-01b8-7ce0-8155-19d1adae14d7,id=019fb9f6-203a-7c53-ad7c-6ca3145e37f8; trace=019fb9f5-01b8-7ce0-8155-19d1adae14d7,id=019fb9f6-3d3c-7870-89ec-9e12e2080d15; trace=019fb9f5-01b8-7ce0-8155-19d1adae14d7,id=019fb9f6-3d3e-7fc0-92e3-86b49485de78
Failed to send compressed multipart ingest: langsmith.utils.LangSmithRateLimitError: Rate limit exceeded for https://api.smith.langchain.com/runs/multipart. HTTPError('429 Client Error: Too Many Requests for url: https://api.smith.langchain.com/runs/multipart', '{"error":"Too many requests: tenant exceeded usage limits: Monthly unique traces usage limit exceeded"}\n')trace=019fb9f5-01b8-7ce0-8155-19d1adae14d7,id=019fb9f6-3d3e-7fc0-92e3-86b49485de78; trace=019fb9f5-01b8-7ce0-8155-19d1adae14d7,id=019fb9f6-6d98-7680-8f19-a11fd435731b; trace=019fb9f5-01b8-7ce0-8155-19d1adae14d7,id=019fb9f6-6d98-7680-8f19-a11fd435731b; trace=019fb9f5-01b8-7ce0-8155-19d1adae14d7,id=019fb9f6-3d3c-7870-89ec-9e12e2080d15; trace=019fb9f5-01b8-7ce0-8155-19d1adae14d7,id=019fb9f6-6d99-7ae3-bd45-af567e3325d8; trace=019fb9f5-01b8-7ce0-8155-19d1adae14d7,id=019fb9f6-6d9a-7141-98bf-f3cca0da14d7
Failed to send compressed multipart ingest: langsmith.utils.LangSmithRateLimitError: Rate limit exceeded for https://api.smith.langchain.com/runs/multipart. HTTPError('429 Client Error: Too Many Requests for url: https://api.smith.langchain.com/runs/multipart', '{"error":"Too many requests: tenant exceeded usage limits: Monthly unique traces usage limit exceeded"}\n')trace=019fb9f5-01b8-7ce0-8155-19d1adae14d7,id=019fb9f6-6d9a-7141-98bf-f3cca0da14d7; trace=019fb9f5-01b8-7ce0-8155-19d1adae14d7,id=019fb9f6-6d99-7ae3-bd45-af567e3325d8; trace=019fb9f5-01b8-7ce0-8155-19d1adae14d7,id=019fb9f6-9266-77b0-a37e-c065cf4743ed; trace=019fb9f5-01b8-7ce0-8155-19d1adae14d7,id=019fb9f6-9268-7400-9525-c53dddbeb1ac
Failed to send compressed multipart ingest: langsmith.utils.LangSmithRateLimitError: Rate limit exceeded for https://api.smith.langchain.com/runs/multipart. HTTPError('429 Client Error: Too Many Requests for url: https://api.smith.langchain.com/runs/multipart', '{"error":"Too many requests: tenant exceeded usage limits: Monthly unique traces usage limit exceeded"}\n')trace=019fb9f5-01b8-7ce0-8155-19d1adae14d7,id=019fb9f6-9268-7400-9525-c53dddbeb1ac; trace=019fb9f5-01b8-7ce0-8155-19d1adae14d7,id=019fb9f6-cc0b-7e21-afa3-30ac8e6b69ba; trace=019fb9f5-01b8-7ce0-8155-19d1adae14d7,id=019fb9f6-cc0b-7e21-afa3-30ac8e6b69ba; trace=019fb9f5-01b8-7ce0-8155-19d1adae14d7,id=019fb9f6-9266-77b0-a37e-c065cf4743ed; trace=019fb9f5-01b8-7ce0-8155-19d1adae14d7,id=019fb9f6-cc0c-71e1-83b6-5041597a9972; trace=019fb9f5-01b8-7ce0-8155-19d1adae14d7,id=019fb9f6-cc0d-7041-b1ae-fc10b995c2ec
Failed to send compressed multipart ingest: langsmith.utils.LangSmithRateLimitError: Rate limit exceeded for https://api.smith.langchain.com/runs/multipart. HTTPError('429 Client Error: Too Many Requests for url: https://api.smith.langchain.com/runs/multipart', '{"error":"Too many requests: tenant exceeded usage limits: Monthly unique traces usage limit exceeded"}\n')trace=019fb9f5-01b8-7ce0-8155-19d1adae14d7,id=019fb9f6-cc0d-7041-b1ae-fc10b995c2ec; trace=019fb9f5-01b8-7ce0-8155-19d1adae14d7,id=019fb9f6-cc0c-71e1-83b6-5041597a9972; trace=019fb9f5-01b8-7ce0-8155-19d1adae14d7,id=019fb9f6-f038-7e82-8898-11515917aca9; trace=019fb9f5-01b8-7ce0-8155-19d1adae14d7,id=019fb9f6-f03c-7400-bb09-9437ff36d52d
Failed to send compressed multipart ingest: langsmith.utils.LangSmithRateLimitError: Rate limit exceeded for https://api.smith.langchain.com/runs/multipart. HTTPError('429 Client Error: Too Many Requests for url: https://api.smith.langchain.com/runs/multipart', '{"error":"Too many requests: tenant exceeded usage limits: Monthly unique traces usage limit exceeded"}\n')trace=019fb9f5-01b8-7ce0-8155-19d1adae14d7,id=019fb9f6-f03c-7400-bb09-9437ff36d52d; trace=019fb9f5-01b8-7ce0-8155-19d1adae14d7,id=019fb9f7-20c3-7803-9728-c1d14ecaab3c; trace=019fb9f5-01b8-7ce0-8155-19d1adae14d7,id=019fb9f7-20c3-7803-9728-c1d14ecaab3c; trace=019fb9f5-01b8-7ce0-8155-19d1adae14d7,id=019fb9f6-f038-7e82-8898-11515917aca9; trace=019fb9f5-01b8-7ce0-8155-19d1adae14d7,id=019fb9f7-20c4-7d33-8d11-42b8f4fb70f4; trace=019fb9f5-01b8-7ce0-8155-19d1adae14d7,id=019fb9f7-20c4-7d33-8d11-42c0d2df3804
Failed to send compressed multipart ingest: langsmith.utils.LangSmithRateLimitError: Rate limit exceeded for https://api.smith.langchain.com/runs/multipart. HTTPError('429 Client Error: Too Many Requests for url: https://api.smith.langchain.com/runs/multipart', '{"error":"Too many requests: tenant exceeded usage limits: Monthly unique traces usage limit exceeded"}\n')trace=019fb9f5-01b8-7ce0-8155-19d1adae14d7,id=019fb9f7-20c4-7d33-8d11-42c0d2df3804; trace=019fb9f5-01b8-7ce0-8155-19d1adae14d7,id=019fb9f7-20c4-7d33-8d11-42b8f4fb70f4; trace=019fb9f5-01b8-7ce0-8155-19d1adae14d7,id=019fb9f7-4b07-70f3-beb0-8d15e1347c9f; trace=019fb9f5-01b8-7ce0-8155-19d1adae14d7,id=019fb9f7-4b09-7ac1-8d97-14758dde94a1
Failed to send compressed multipart ingest: langsmith.utils.LangSmithRateLimitError: Rate limit exceeded for https://api.smith.langchain.com/runs/multipart. HTTPError('429 Client Error: Too Many Requests for url: https://api.smith.langchain.com/runs/multipart', '{"error":"Too many requests: tenant exceeded usage limits: Monthly unique traces usage limit exceeded"}\n')trace=019fb9f5-01b8-7ce0-8155-19d1adae14d7,id=019fb9f7-4b09-7ac1-8d97-14758dde94a1; trace=019fb9f5-01b8-7ce0-8155-19d1adae14d7,id=019fb9f7-7e00-76b0-aafd-66033612116c; trace=019fb9f5-01b8-7ce0-8155-19d1adae14d7,id=019fb9f7-7e00-76b0-aafd-66033612116c; trace=019fb9f5-01b8-7ce0-8155-19d1adae14d7,id=019fb9f7-4b07-70f3-beb0-8d15e1347c9f; trace=019fb9f5-01b8-7ce0-8155-19d1adae14d7,id=019fb9f7-7e01-7bb3-9135-950ea00327dc; trace=019fb9f5-01b8-7ce0-8155-19d1adae14d7,id=019fb9f7-7e01-7bb3-9135-951fc4d56db6
Failed to send compressed multipart ingest: langsmith.utils.LangSmithRateLimitError: Rate limit exceeded for https://api.smith.langchain.com/runs/multipart. HTTPError('429 Client Error: Too Many Requests for url: https://api.smith.langchain.com/runs/multipart', '{"error":"Too many requests: tenant exceeded usage limits: Monthly unique traces usage limit exceeded"}\n')trace=019fb9f5-01b8-7ce0-8155-19d1adae14d7,id=019fb9f7-7e01-7bb3-9135-951fc4d56db6; trace=019fb9f5-01b8-7ce0-8155-19d1adae14d7,id=019fb9f7-7e01-7bb3-9135-950ea00327dc; trace=019fb9f5-01b8-7ce0-8155-19d1adae14d7,id=019fb9f7-ac44-7503-a89b-d354e574d811; trace=019fb9f5-01b8-7ce0-8155-19d1adae14d7,id=019fb9f7-ac46-70a1-b636-60e0f28ba50d
Calling Baseline Move server...
Calling Baseline Move server...
Calling Baseline Move server...
Calling Baseline Move server...
Calling Baseline Move server...
Calling Baseline Move server...
Calling Baseline Move server...
Calling Baseline Move server...
Calling Baseline Move server...
[baseline] 11/104 scenario_01_03 (repeat 3/4)
Failed to send compressed multipart ingest: langsmith.utils.LangSmithRateLimitError: Rate limit exceeded for https://api.smith.langchain.com/runs/multipart. HTTPError('429 Client Error: Too Many Requests for url: https://api.smith.langchain.com/runs/multipart', '{"error":"Too many requests: tenant exceeded usage limits: Monthly unique traces usage limit exceeded"}\n')trace=019fb9f5-01b8-7ce0-8155-19d1adae14d7,id=019fb9f7-ac46-70a1-b636-60e0f28ba50d; trace=019fb9f5-01b8-7ce0-8155-19d1adae14d7,id=019fb9f8-3188-7780-aa14-05c4568a31c9; trace=019fb9f5-01b8-7ce0-8155-19d1adae14d7,id=019fb9f8-3188-7780-aa14-05c4568a31c9; trace=019fb9f5-01b8-7ce0-8155-19d1adae14d7,id=019fb9f7-ac44-7503-a89b-d354e574d811; trace=019fb9f5-01b8-7ce0-8155-19d1adae14d7,id=019fb9f8-318a-7090-a04a-e7b46a7a9946; trace=019fb9f5-01b8-7ce0-8155-19d1adae14d7,id=019fb9f8-318a-7090-a04a-e7b46a7a9946; trace=019fb9f5-01b8-7ce0-8155-19d1adae14d7,id=019fb9f5-01b8-7ce0-8155-19d1adae14d7; trace=019fb9f8-31ad-7cc2-abf2-4f5713e7280e,id=019fb9f8-31ad-7cc2-abf2-4f5713e7280e; trace=019fb9f8-31ad-7cc2-abf2-4f5713e7280e,id=019fb9f8-31ae-7553-9364-6837ee8ff39a; trace=019fb9f8-31ad-7cc2-abf2-4f5713e7280e,id=019fb9f8-31ae-7553-9364-6837ee8ff39a; trace=019fb9f8-31ad-7cc2-abf2-4f5713e7280e,id=019fb9f8-31ae-7553-9364-684539550735; trace=019fb9f8-31ad-7cc2-abf2-4f5713e7280e,id=019fb9f8-31c5-7b11-ac37-3860d7027e60; trace=019fb9f8-31ad-7cc2-abf2-4f5713e7280e,id=019fb9f8-31c5-7b11-ac37-3860d7027e60; trace=019fb9f8-31ad-7cc2-abf2-4f5713e7280e,id=019fb9f8-31ae-7553-9364-684539550735; trace=019fb9f8-31ad-7cc2-abf2-4f5713e7280e,id=019fb9f8-31c6-7ff0-b76c-a4b33c0f6f7a; trace=019fb9f8-31ad-7cc2-abf2-4f5713e7280e,id=019fb9f8-31c7-7843-8d30-ada2c0db67b1
Failed to send compressed multipart ingest: langsmith.utils.LangSmithRateLimitError: Rate limit exceeded for https://api.smith.langchain.com/runs/multipart. HTTPError('429 Client Error: Too Many Requests for url: https://api.smith.langchain.com/runs/multipart', '{"error":"Too many requests: tenant exceeded usage limits: Monthly unique traces usage limit exceeded"}\n')trace=019fb9f8-31ad-7cc2-abf2-4f5713e7280e,id=019fb9f8-31c7-7843-8d30-ada2c0db67b1; trace=019fb9f8-31ad-7cc2-abf2-4f5713e7280e,id=019fb9f8-31c6-7ff0-b76c-a4b33c0f6f7a; trace=019fb9f8-31ad-7cc2-abf2-4f5713e7280e,id=019fb9f8-d641-7d03-809d-90894faac660; trace=019fb9f8-31ad-7cc2-abf2-4f5713e7280e,id=019fb9f8-d643-7eb1-b955-55a732870653
Failed to send compressed multipart ingest: langsmith.utils.LangSmithRateLimitError: Rate limit exceeded for https://api.smith.langchain.com/runs/multipart. HTTPError('429 Client Error: Too Many Requests for url: https://api.smith.langchain.com/runs/multipart', '{"error":"Too many requests: tenant exceeded usage limits: Monthly unique traces usage limit exceeded"}\n')trace=019fb9f8-31ad-7cc2-abf2-4f5713e7280e,id=019fb9f8-d643-7eb1-b955-55a732870653; trace=019fb9f8-31ad-7cc2-abf2-4f5713e7280e,id=019fb9f9-0dcf-7900-b78c-403a95d0e818; trace=019fb9f8-31ad-7cc2-abf2-4f5713e7280e,id=019fb9f9-0dcf-7900-b78c-403a95d0e818; trace=019fb9f8-31ad-7cc2-abf2-4f5713e7280e,id=019fb9f8-d641-7d03-809d-90894faac660; trace=019fb9f8-31ad-7cc2-abf2-4f5713e7280e,id=019fb9f9-0dd1-7572-aa19-3574978173c4; trace=019fb9f8-31ad-7cc2-abf2-4f5713e7280e,id=019fb9f9-0dd2-7953-9daf-305e8a4dc727
Failed to send compressed multipart ingest: langsmith.utils.LangSmithRateLimitError: Rate limit exceeded for https://api.smith.langchain.com/runs/multipart. HTTPError('429 Client Error: Too Many Requests for url: https://api.smith.langchain.com/runs/multipart', '{"error":"Too many requests: tenant exceeded usage limits: Monthly unique traces usage limit exceeded"}\n')trace=019fb9f8-31ad-7cc2-abf2-4f5713e7280e,id=019fb9f9-0dd2-7953-9daf-305e8a4dc727; trace=019fb9f8-31ad-7cc2-abf2-4f5713e7280e,id=019fb9f9-0dd1-7572-aa19-3574978173c4; trace=019fb9f8-31ad-7cc2-abf2-4f5713e7280e,id=019fb9f9-29a5-7900-88e1-97d5a1608e36; trace=019fb9f8-31ad-7cc2-abf2-4f5713e7280e,id=019fb9f9-29a7-7b91-9330-fa620ce07a00
Failed to send compressed multipart ingest: langsmith.utils.LangSmithRateLimitError: Rate limit exceeded for https://api.smith.langchain.com/runs/multipart. HTTPError('429 Client Error: Too Many Requests for url: https://api.smith.langchain.com/runs/multipart', '{"error":"Too many requests: tenant exceeded usage limits: Monthly unique traces usage limit exceeded"}\n')trace=019fb9f8-31ad-7cc2-abf2-4f5713e7280e,id=019fb9f9-29a7-7b91-9330-fa620ce07a00; trace=019fb9f8-31ad-7cc2-abf2-4f5713e7280e,id=019fb9f9-5dfc-7653-8f7c-07c8ce596662; trace=019fb9f8-31ad-7cc2-abf2-4f5713e7280e,id=019fb9f9-5dfc-7653-8f7c-07c8ce596662; trace=019fb9f8-31ad-7cc2-abf2-4f5713e7280e,id=019fb9f9-29a5-7900-88e1-97d5a1608e36; trace=019fb9f8-31ad-7cc2-abf2-4f5713e7280e,id=019fb9f9-5dfd-7ac1-873d-cfc2f46ee700; trace=019fb9f8-31ad-7cc2-abf2-4f5713e7280e,id=019fb9f9-5dfd-7ac1-873d-cfd14e129b56
Failed to send compressed multipart ingest: langsmith.utils.LangSmithRateLimitError: Rate limit exceeded for https://api.smith.langchain.com/runs/multipart. HTTPError('429 Client Error: Too Many Requests for url: https://api.smith.langchain.com/runs/multipart', '{"error":"Too many requests: tenant exceeded usage limits: Monthly unique traces usage limit exceeded"}\n')trace=019fb9f8-31ad-7cc2-abf2-4f5713e7280e,id=019fb9f9-5dfd-7ac1-873d-cfd14e129b56; trace=019fb9f8-31ad-7cc2-abf2-4f5713e7280e,id=019fb9f9-5dfd-7ac1-873d-cfc2f46ee700; trace=019fb9f8-31ad-7cc2-abf2-4f5713e7280e,id=019fb9f9-7adc-7ca2-810d-cfe50cf875f5; trace=019fb9f8-31ad-7cc2-abf2-4f5713e7280e,id=019fb9f9-7adf-7173-af38-179a1f42c06c
Failed to send compressed multipart ingest: langsmith.utils.LangSmithRateLimitError: Rate limit exceeded for https://api.smith.langchain.com/runs/multipart. HTTPError('429 Client Error: Too Many Requests for url: https://api.smith.langchain.com/runs/multipart', '{"error":"Too many requests: tenant exceeded usage limits: Monthly unique traces usage limit exceeded"}\n')trace=019fb9f8-31ad-7cc2-abf2-4f5713e7280e,id=019fb9f9-7adf-7173-af38-179a1f42c06c; trace=019fb9f8-31ad-7cc2-abf2-4f5713e7280e,id=019fb9f9-ad8a-7b60-b83c-4ea4d3149f86; trace=019fb9f8-31ad-7cc2-abf2-4f5713e7280e,id=019fb9f9-ad8a-7b60-b83c-4ea4d3149f86; trace=019fb9f8-31ad-7cc2-abf2-4f5713e7280e,id=019fb9f9-7adc-7ca2-810d-cfe50cf875f5; trace=019fb9f8-31ad-7cc2-abf2-4f5713e7280e,id=019fb9f9-ad8b-7693-8dd3-cc442e85cca3; trace=019fb9f8-31ad-7cc2-abf2-4f5713e7280e,id=019fb9f9-ad8b-7693-8dd3-cc56f8f8adbb
Failed to send compressed multipart ingest: langsmith.utils.LangSmithRateLimitError: Rate limit exceeded for https://api.smith.langchain.com/runs/multipart. HTTPError('429 Client Error: Too Many Requests for url: https://api.smith.langchain.com/runs/multipart', '{"error":"Too many requests: tenant exceeded usage limits: Monthly unique traces usage limit exceeded"}\n')trace=019fb9f8-31ad-7cc2-abf2-4f5713e7280e,id=019fb9f9-ad8b-7693-8dd3-cc56f8f8adbb; trace=019fb9f8-31ad-7cc2-abf2-4f5713e7280e,id=019fb9f9-ad8b-7693-8dd3-cc442e85cca3; trace=019fb9f8-31ad-7cc2-abf2-4f5713e7280e,id=019fb9f9-cebf-7331-b11e-da0e34ebd789; trace=019fb9f8-31ad-7cc2-abf2-4f5713e7280e,id=019fb9f9-cec1-79b3-b24b-a32e181dddfb
Failed to send compressed multipart ingest: langsmith.utils.LangSmithRateLimitError: Rate limit exceeded for https://api.smith.langchain.com/runs/multipart. HTTPError('429 Client Error: Too Many Requests for url: https://api.smith.langchain.com/runs/multipart', '{"error":"Too many requests: tenant exceeded usage limits: Monthly unique traces usage limit exceeded"}\n')trace=019fb9f8-31ad-7cc2-abf2-4f5713e7280e,id=019fb9f9-cec1-79b3-b24b-a32e181dddfb; trace=019fb9f8-31ad-7cc2-abf2-4f5713e7280e,id=019fb9fa-0665-7ff3-b205-23e10cef153d; trace=019fb9f8-31ad-7cc2-abf2-4f5713e7280e,id=019fb9fa-0665-7ff3-b205-23e10cef153d; trace=019fb9f8-31ad-7cc2-abf2-4f5713e7280e,id=019fb9f9-cebf-7331-b11e-da0e34ebd789; trace=019fb9f8-31ad-7cc2-abf2-4f5713e7280e,id=019fb9fa-0666-7bb0-a315-f6e1ec849943; trace=019fb9f8-31ad-7cc2-abf2-4f5713e7280e,id=019fb9fa-0667-7471-ab5f-11973ee9af4f
Failed to send compressed multipart ingest: langsmith.utils.LangSmithRateLimitError: Rate limit exceeded for https://api.smith.langchain.com/runs/multipart. HTTPError('429 Client Error: Too Many Requests for url: https://api.smith.langchain.com/runs/multipart', '{"error":"Too many requests: tenant exceeded usage limits: Monthly unique traces usage limit exceeded"}\n')trace=019fb9f8-31ad-7cc2-abf2-4f5713e7280e,id=019fb9fa-0667-7471-ab5f-11973ee9af4f; trace=019fb9f8-31ad-7cc2-abf2-4f5713e7280e,id=019fb9fa-0666-7bb0-a315-f6e1ec849943; trace=019fb9f8-31ad-7cc2-abf2-4f5713e7280e,id=019fb9fa-18bd-79e1-9dce-8eacf36ec128; trace=019fb9f8-31ad-7cc2-abf2-4f5713e7280e,id=019fb9fa-18bf-7392-9ccb-bb3123a603df
Failed to send compressed multipart ingest: langsmith.utils.LangSmithRateLimitError: Rate limit exceeded for https://api.smith.langchain.com/runs/multipart. HTTPError('429 Client Error: Too Many Requests for url: https://api.smith.langchain.com/runs/multipart', '{"error":"Too many requests: tenant exceeded usage limits: Monthly unique traces usage limit exceeded"}\n')trace=019fb9f8-31ad-7cc2-abf2-4f5713e7280e,id=019fb9fa-18bf-7392-9ccb-bb3123a603df; trace=019fb9f8-31ad-7cc2-abf2-4f5713e7280e,id=019fb9fa-51f3-73d2-b7b1-36c999bb908c; trace=019fb9f8-31ad-7cc2-abf2-4f5713e7280e,id=019fb9fa-51f3-73d2-b7b1-36c999bb908c; trace=019fb9f8-31ad-7cc2-abf2-4f5713e7280e,id=019fb9fa-18bd-79e1-9dce-8eacf36ec128; trace=019fb9f8-31ad-7cc2-abf2-4f5713e7280e,id=019fb9fa-51f4-75d1-9097-6caf28c830d6; trace=019fb9f8-31ad-7cc2-abf2-4f5713e7280e,id=019fb9fa-51f5-7673-aba7-2563197635fa
Failed to send compressed multipart ingest: langsmith.utils.LangSmithRateLimitError: Rate limit exceeded for https://api.smith.langchain.com/runs/multipart. HTTPError('429 Client Error: Too Many Requests for url: https://api.smith.langchain.com/runs/multipart', '{"error":"Too many requests: tenant exceeded usage limits: Monthly unique traces usage limit exceeded"}\n')trace=019fb9f8-31ad-7cc2-abf2-4f5713e7280e,id=019fb9fa-51f5-7673-aba7-2563197635fa; trace=019fb9f8-31ad-7cc2-abf2-4f5713e7280e,id=019fb9fa-51f4-75d1-9097-6caf28c830d6; trace=019fb9f8-31ad-7cc2-abf2-4f5713e7280e,id=019fb9fa-7fef-7c83-b698-176bc893d46b; trace=019fb9f8-31ad-7cc2-abf2-4f5713e7280e,id=019fb9fa-7ff1-7b62-b013-690daaa536e3
Calling Baseline Move server...
Calling Baseline Move server...
Calling Baseline Move server...
Calling Baseline Move server...
Calling Baseline Move server...
Calling Baseline Move server...
[baseline] 12/104 scenario_01_03 (repeat 4/4)
Failed to send compressed multipart ingest: langsmith.utils.LangSmithRateLimitError: Rate limit exceeded for https://api.smith.langchain.com/runs/multipart. HTTPError('429 Client Error: Too Many Requests for url: https://api.smith.langchain.com/runs/multipart', '{"error":"Too many requests: tenant exceeded usage limits: Monthly unique traces usage limit exceeded"}\n')trace=019fb9f8-31ad-7cc2-abf2-4f5713e7280e,id=019fb9fa-7ff1-7b62-b013-690daaa536e3; trace=019fb9f8-31ad-7cc2-abf2-4f5713e7280e,id=019fb9fb-213d-76b0-bdc6-dea1c48cfb6b; trace=019fb9f8-31ad-7cc2-abf2-4f5713e7280e,id=019fb9fb-213d-76b0-bdc6-dea1c48cfb6b; trace=019fb9f8-31ad-7cc2-abf2-4f5713e7280e,id=019fb9fa-7fef-7c83-b698-176bc893d46b; trace=019fb9f8-31ad-7cc2-abf2-4f5713e7280e,id=019fb9fb-213e-7d93-8754-cb877d59968c; trace=019fb9f8-31ad-7cc2-abf2-4f5713e7280e,id=019fb9fb-213e-7d93-8754-cb877d59968c; trace=019fb9f8-31ad-7cc2-abf2-4f5713e7280e,id=019fb9f8-31ad-7cc2-abf2-4f5713e7280e; trace=019fb9fb-21a0-7221-9386-b1003cec5c85,id=019fb9fb-21a0-7221-9386-b1003cec5c85; trace=019fb9fb-21a0-7221-9386-b1003cec5c85,id=019fb9fb-21a1-7012-ad41-c2f90b145481; trace=019fb9fb-21a0-7221-9386-b1003cec5c85,id=019fb9fb-21a1-7012-ad41-c2f90b145481; trace=019fb9fb-21a0-7221-9386-b1003cec5c85,id=019fb9fb-21a2-7690-9723-d3b69a4f6c08; trace=019fb9fb-21a0-7221-9386-b1003cec5c85,id=019fb9fb-21f4-71b2-9e89-bd3da5dec971; trace=019fb9fb-21a0-7221-9386-b1003cec5c85,id=019fb9fb-21f4-71b2-9e89-bd3da5dec971; trace=019fb9fb-21a0-7221-9386-b1003cec5c85,id=019fb9fb-21a2-7690-9723-d3b69a4f6c08; trace=019fb9fb-21a0-7221-9386-b1003cec5c85,id=019fb9fb-21f5-77d3-a007-c4f4fe5ab5a3; trace=019fb9fb-21a0-7221-9386-b1003cec5c85,id=019fb9fb-21f5-77d3-a007-c507f1613e0c
Failed to send compressed multipart ingest: langsmith.utils.LangSmithRateLimitError: Rate limit exceeded for https://api.smith.langchain.com/runs/multipart. HTTPError('429 Client Error: Too Many Requests for url: https://api.smith.langchain.com/runs/multipart', '{"error":"Too many requests: tenant exceeded usage limits: Monthly unique traces usage limit exceeded"}\n')trace=019fb9fb-21a0-7221-9386-b1003cec5c85,id=019fb9fb-21f5-77d3-a007-c507f1613e0c; trace=019fb9fb-21a0-7221-9386-b1003cec5c85,id=019fb9fb-21f5-77d3-a007-c4f4fe5ab5a3; trace=019fb9fb-21a0-7221-9386-b1003cec5c85,id=019fb9fb-3158-7f51-a578-1d56ac03648b; trace=019fb9fb-21a0-7221-9386-b1003cec5c85,id=019fb9fb-3159-71b1-8dc8-56c7d157f14a
Failed to send compressed multipart ingest: langsmith.utils.LangSmithRateLimitError: Rate limit exceeded for https://api.smith.langchain.com/runs/multipart. HTTPError('429 Client Error: Too Many Requests for url: https://api.smith.langchain.com/runs/multipart', '{"error":"Too many requests: tenant exceeded usage limits: Monthly unique traces usage limit exceeded"}\n')trace=019fb9fb-21a0-7221-9386-b1003cec5c85,id=019fb9fb-3159-71b1-8dc8-56c7d157f14a; trace=019fb9fb-21a0-7221-9386-b1003cec5c85,id=019fb9fb-9cd0-7b13-9354-5532d35b0abf; trace=019fb9fb-21a0-7221-9386-b1003cec5c85,id=019fb9fb-9cd0-7b13-9354-5532d35b0abf; trace=019fb9fb-21a0-7221-9386-b1003cec5c85,id=019fb9fb-3158-7f51-a578-1d56ac03648b; trace=019fb9fb-21a0-7221-9386-b1003cec5c85,id=019fb9fb-9cd1-7c00-8047-7c7dc949b040; trace=019fb9fb-21a0-7221-9386-b1003cec5c85,id=019fb9fb-9cd2-7d91-8bb8-f7ad19abfd7d
Failed to send compressed multipart ingest: langsmith.utils.LangSmithRateLimitError: Rate limit exceeded for https://api.smith.langchain.com/runs/multipart. HTTPError('429 Client Error: Too Many Requests for url: https://api.smith.langchain.com/runs/multipart', '{"error":"Too many requests: tenant exceeded usage limits: Monthly unique traces usage limit exceeded"}\n')trace=019fb9fb-21a0-7221-9386-b1003cec5c85,id=019fb9fb-9cd2-7d91-8bb8-f7ad19abfd7d; trace=019fb9fb-21a0-7221-9386-b1003cec5c85,id=019fb9fb-9cd1-7c00-8047-7c7dc949b040; trace=019fb9fb-21a0-7221-9386-b1003cec5c85,id=019fb9fb-a9b2-72c2-b3ac-c0779d94c56d; trace=019fb9fb-21a0-7221-9386-b1003cec5c85,id=019fb9fb-a9b4-7302-8548-5eb229cf6ab2
Failed to send compressed multipart ingest: langsmith.utils.LangSmithRateLimitError: Rate limit exceeded for https://api.smith.langchain.com/runs/multipart. HTTPError('429 Client Error: Too Many Requests for url: https://api.smith.langchain.com/runs/multipart', '{"error":"Too many requests: tenant exceeded usage limits: Monthly unique traces usage limit exceeded"}\n')trace=019fb9fb-21a0-7221-9386-b1003cec5c85,id=019fb9fb-a9b4-7302-8548-5eb229cf6ab2; trace=019fb9fb-21a0-7221-9386-b1003cec5c85,id=019fb9fc-13e1-7ff1-9b65-1f355bcd351c; trace=019fb9fb-21a0-7221-9386-b1003cec5c85,id=019fb9fc-13e1-7ff1-9b65-1f355bcd351c; trace=019fb9fb-21a0-7221-9386-b1003cec5c85,id=019fb9fb-a9b2-72c2-b3ac-c0779d94c56d; trace=019fb9fb-21a0-7221-9386-b1003cec5c85,id=019fb9fc-13e2-7740-a120-0c777865b725; trace=019fb9fb-21a0-7221-9386-b1003cec5c85,id=019fb9fc-13e3-7f63-9733-fbdc10194ee0
Failed to send compressed multipart ingest: langsmith.utils.LangSmithRateLimitError: Rate limit exceeded for https://api.smith.langchain.com/runs/multipart. HTTPError('429 Client Error: Too Many Requests for url: https://api.smith.langchain.com/runs/multipart', '{"error":"Too many requests: tenant exceeded usage limits: Monthly unique traces usage limit exceeded"}\n')trace=019fb9fb-21a0-7221-9386-b1003cec5c85,id=019fb9fc-13e3-7f63-9733-fbdc10194ee0; trace=019fb9fb-21a0-7221-9386-b1003cec5c85,id=019fb9fc-13e2-7740-a120-0c777865b725; trace=019fb9fb-21a0-7221-9386-b1003cec5c85,id=019fb9fc-292f-7aa3-aab2-3f5b9d87833d; trace=019fb9fb-21a0-7221-9386-b1003cec5c85,id=019fb9fc-2931-7e70-8e5e-100cc60b4b51
Failed to send compressed multipart ingest: langsmith.utils.LangSmithRateLimitError: Rate limit exceeded for https://api.smith.langchain.com/runs/multipart. HTTPError('429 Client Error: Too Many Requests for url: https://api.smith.langchain.com/runs/multipart', '{"error":"Too many requests: tenant exceeded usage limits: Monthly unique traces usage limit exceeded"}\n')trace=019fb9fb-21a0-7221-9386-b1003cec5c85,id=019fb9fc-2931-7e70-8e5e-100cc60b4b51
Failed to send compressed multipart ingest: langsmith.utils.LangSmithRateLimitError: Rate limit exceeded for https://api.smith.langchain.com/runs/multipart. HTTPError('429 Client Error: Too Many Requests for url: https://api.smith.langchain.com/runs/multipart', '{"error":"Too many requests: tenant exceeded usage limits: Monthly unique traces usage limit exceeded"}\n')trace=019fb9fb-21a0-7221-9386-b1003cec5c85,id=019fb9fc-44d5-78f3-af62-7c471ae3bcf7
Failed to send compressed multipart ingest: langsmith.utils.LangSmithRateLimitError: Rate limit exceeded for https://api.smith.langchain.com/runs/multipart. HTTPError('429 Client Error: Too Many Requests for url: https://api.smith.langchain.com/runs/multipart', '{"error":"Too many requests: tenant exceeded usage limits: Monthly unique traces usage limit exceeded"}\n')trace=019fb9fb-21a0-7221-9386-b1003cec5c85,id=019fb9fc-44d5-78f3-af62-7c471ae3bcf7; trace=019fb9fb-21a0-7221-9386-b1003cec5c85,id=019fb9fc-6ed1-7581-89d4-74e473da48a9; trace=019fb9fb-21a0-7221-9386-b1003cec5c85,id=019fb9fc-6ed1-7581-89d4-74e473da48a9; trace=019fb9fb-21a0-7221-9386-b1003cec5c85,id=019fb9fc-292f-7aa3-aab2-3f5b9d87833d; trace=019fb9fb-21a0-7221-9386-b1003cec5c85,id=019fb9fc-6ed2-7d73-9dd1-1dcd9efdf563; trace=019fb9fb-21a0-7221-9386-b1003cec5c85,id=019fb9fc-6ed2-7d73-9dd1-1dd82b130fa7
Failed to send compressed multipart ingest: langsmith.utils.LangSmithRateLimitError: Rate limit exceeded for https://api.smith.langchain.com/runs/multipart. HTTPError('429 Client Error: Too Many Requests for url: https://api.smith.langchain.com/runs/multipart', '{"error":"Too many requests: tenant exceeded usage limits: Monthly unique traces usage limit exceeded"}\n')trace=019fb9fb-21a0-7221-9386-b1003cec5c85,id=019fb9fc-6ed2-7d73-9dd1-1dd82b130fa7; trace=019fb9fb-21a0-7221-9386-b1003cec5c85,id=019fb9fc-6ed2-7d73-9dd1-1dcd9efdf563; trace=019fb9fb-21a0-7221-9386-b1003cec5c85,id=019fb9fc-871a-7030-b8df-fea38fe4a6f4; trace=019fb9fb-21a0-7221-9386-b1003cec5c85,id=019fb9fc-871c-7642-8c1f-e0c40af81244
Failed to send compressed multipart ingest: langsmith.utils.LangSmithRateLimitError: Rate limit exceeded for https://api.smith.langchain.com/runs/multipart. HTTPError('429 Client Error: Too Many Requests for url: https://api.smith.langchain.com/runs/multipart', '{"error":"Too many requests: tenant exceeded usage limits: Monthly unique traces usage limit exceeded"}\n')trace=019fb9fb-21a0-7221-9386-b1003cec5c85,id=019fb9fc-871c-7642-8c1f-e0c40af81244; trace=019fb9fb-21a0-7221-9386-b1003cec5c85,id=019fb9fc-aa4f-7e90-b366-cbd5c3cb3134; trace=019fb9fb-21a0-7221-9386-b1003cec5c85,id=019fb9fc-aa4f-7e90-b366-cbd5c3cb3134; trace=019fb9fb-21a0-7221-9386-b1003cec5c85,id=019fb9fc-871a-7030-b8df-fea38fe4a6f4; trace=019fb9fb-21a0-7221-9386-b1003cec5c85,id=019fb9fc-aa50-7c91-9671-9c99d45d7b2e; trace=019fb9fb-21a0-7221-9386-b1003cec5c85,id=019fb9fc-aa51-7b40-bc6c-a986b129d87a
Failed to send compressed multipart ingest: langsmith.utils.LangSmithRateLimitError: Rate limit exceeded for https://api.smith.langchain.com/runs/multipart. HTTPError('429 Client Error: Too Many Requests for url: https://api.smith.langchain.com/runs/multipart', '{"error":"Too many requests: tenant exceeded usage limits: Monthly unique traces usage limit exceeded"}\n')trace=019fb9fb-21a0-7221-9386-b1003cec5c85,id=019fb9fc-aa51-7b40-bc6c-a986b129d87a; trace=019fb9fb-21a0-7221-9386-b1003cec5c85,id=019fb9fc-aa50-7c91-9671-9c99d45d7b2e; trace=019fb9fb-21a0-7221-9386-b1003cec5c85,id=019fb9fc-c253-72a1-85ec-a90eaeede03c; trace=019fb9fb-21a0-7221-9386-b1003cec5c85,id=019fb9fc-c255-7080-a176-9b3ffd4b285d
Failed to send compressed multipart ingest: langsmith.utils.LangSmithRateLimitError: Rate limit exceeded for https://api.smith.langchain.com/runs/multipart. HTTPError('429 Client Error: Too Many Requests for url: https://api.smith.langchain.com/runs/multipart', '{"error":"Too many requests: tenant exceeded usage limits: Monthly unique traces usage limit exceeded"}\n')trace=019fb9fb-21a0-7221-9386-b1003cec5c85,id=019fb9fc-c255-7080-a176-9b3ffd4b285d; trace=019fb9fb-21a0-7221-9386-b1003cec5c85,id=019fb9fc-f25a-7473-b585-acf1fc672cb0; trace=019fb9fb-21a0-7221-9386-b1003cec5c85,id=019fb9fc-f25a-7473-b585-acf1fc672cb0; trace=019fb9fb-21a0-7221-9386-b1003cec5c85,id=019fb9fc-c253-72a1-85ec-a90eaeede03c; trace=019fb9fb-21a0-7221-9386-b1003cec5c85,id=019fb9fc-f25b-7050-a9e2-da458d55f26e; trace=019fb9fb-21a0-7221-9386-b1003cec5c85,id=019fb9fc-f25c-7e42-8c03-e784255376f8
Failed to send compressed multipart ingest: langsmith.utils.LangSmithRateLimitError: Rate limit exceeded for https://api.smith.langchain.com/runs/multipart. HTTPError('429 Client Error: Too Many Requests for url: https://api.smith.langchain.com/runs/multipart', '{"error":"Too many requests: tenant exceeded usage limits: Monthly unique traces usage limit exceeded"}\n')trace=019fb9fb-21a0-7221-9386-b1003cec5c85,id=019fb9fc-f25c-7e42-8c03-e784255376f8; trace=019fb9fb-21a0-7221-9386-b1003cec5c85,id=019fb9fc-f25b-7050-a9e2-da458d55f26e; trace=019fb9fb-21a0-7221-9386-b1003cec5c85,id=019fb9fd-122e-7200-a49c-9d792b7bfa38; trace=019fb9fb-21a0-7221-9386-b1003cec5c85,id=019fb9fd-1230-7660-ac9f-49db4a4672d8
Calling Baseline Move server...
Calling Baseline Move server...
Calling Baseline Move server...
Baseline Move server rate-limited (attempt 1/3); retrying in 5s...
Calling Baseline Move server...
Calling Baseline Move server...
Calling Baseline Move server...
[baseline] 13/104 scenario_01_04 (repeat 1/4)
Failed to send compressed multipart ingest: langsmith.utils.LangSmithRateLimitError: Rate limit exceeded for https://api.smith.langchain.com/runs/multipart. HTTPError('429 Client Error: Too Many Requests for url: https://api.smith.langchain.com/runs/multipart', '{"error":"Too many requests: tenant exceeded usage limits: Monthly unique traces usage limit exceeded"}\n')trace=019fb9fb-21a0-7221-9386-b1003cec5c85,id=019fb9fd-1230-7660-ac9f-49db4a4672d8; trace=019fb9fb-21a0-7221-9386-b1003cec5c85,id=019fb9fd-b856-73f1-a5b7-d7ee505eb788; trace=019fb9fb-21a0-7221-9386-b1003cec5c85,id=019fb9fd-b856-73f1-a5b7-d7ee505eb788; trace=019fb9fb-21a0-7221-9386-b1003cec5c85,id=019fb9fd-122e-7200-a49c-9d792b7bfa38; trace=019fb9fb-21a0-7221-9386-b1003cec5c85,id=019fb9fd-b858-72c1-9393-10f4befe7ae3; trace=019fb9fb-21a0-7221-9386-b1003cec5c85,id=019fb9fd-b858-72c1-9393-10f4befe7ae3; trace=019fb9fb-21a0-7221-9386-b1003cec5c85,id=019fb9fb-21a0-7221-9386-b1003cec5c85; trace=019fb9fd-b8f4-7302-9d9d-7b25b9b6f201,id=019fb9fd-b8f4-7302-9d9d-7b25b9b6f201; trace=019fb9fd-b8f4-7302-9d9d-7b25b9b6f201,id=019fb9fd-b8f5-7e53-913d-8bbee0dc91c5; trace=019fb9fd-b8f4-7302-9d9d-7b25b9b6f201,id=019fb9fd-b8f5-7e53-913d-8bbee0dc91c5; trace=019fb9fd-b8f4-7302-9d9d-7b25b9b6f201,id=019fb9fd-b8f6-7292-9a74-66556a3230e8; trace=019fb9fd-b8f4-7302-9d9d-7b25b9b6f201,id=019fb9fd-b98b-70d3-aa56-298f47055963; trace=019fb9fd-b8f4-7302-9d9d-7b25b9b6f201,id=019fb9fd-b98b-70d3-aa56-298f47055963; trace=019fb9fd-b8f4-7302-9d9d-7b25b9b6f201,id=019fb9fd-b8f6-7292-9a74-66556a3230e8; trace=019fb9fd-b8f4-7302-9d9d-7b25b9b6f201,id=019fb9fd-b98e-7981-9373-9f400ed4db62; trace=019fb9fd-b8f4-7302-9d9d-7b25b9b6f201,id=019fb9fd-b98e-7981-9373-9f516b63dc47
Failed to send compressed multipart ingest: langsmith.utils.LangSmithRateLimitError: Rate limit exceeded for https://api.smith.langchain.com/runs/multipart. HTTPError('429 Client Error: Too Many Requests for url: https://api.smith.langchain.com/runs/multipart', '{"error":"Too many requests: tenant exceeded usage limits: Monthly unique traces usage limit exceeded"}\n')trace=019fb9fd-b8f4-7302-9d9d-7b25b9b6f201,id=019fb9fd-b98e-7981-9373-9f516b63dc47; trace=019fb9fd-b8f4-7302-9d9d-7b25b9b6f201,id=019fb9fd-b98e-7981-9373-9f400ed4db62; trace=019fb9fd-b8f4-7302-9d9d-7b25b9b6f201,id=019fb9fd-d317-7c50-bfc8-c3ffdb6089a7; trace=019fb9fd-b8f4-7302-9d9d-7b25b9b6f201,id=019fb9fd-d319-7aa3-a604-6cabb5098424
Failed to send compressed multipart ingest: langsmith.utils.LangSmithRateLimitError: Rate limit exceeded for https://api.smith.langchain.com/runs/multipart. HTTPError('429 Client Error: Too Many Requests for url: https://api.smith.langchain.com/runs/multipart', '{"error":"Too many requests: tenant exceeded usage limits: Monthly unique traces usage limit exceeded"}\n')trace=019fb9fd-b8f4-7302-9d9d-7b25b9b6f201,id=019fb9fd-d319-7aa3-a604-6cabb5098424; trace=019fb9fd-b8f4-7302-9d9d-7b25b9b6f201,id=019fb9fd-ff40-7ea0-bd5e-ae9f85133314; trace=019fb9fd-b8f4-7302-9d9d-7b25b9b6f201,id=019fb9fd-ff40-7ea0-bd5e-ae9f85133314; trace=019fb9fd-b8f4-7302-9d9d-7b25b9b6f201,id=019fb9fd-d317-7c50-bfc8-c3ffdb6089a7; trace=019fb9fd-b8f4-7302-9d9d-7b25b9b6f201,id=019fb9fd-ff42-7fb1-a11e-7159f4f44c8f; trace=019fb9fd-b8f4-7302-9d9d-7b25b9b6f201,id=019fb9fd-ff42-7fb1-a11e-716a35b2473a
Failed to send compressed multipart ingest: langsmith.utils.LangSmithRateLimitError: Rate limit exceeded for https://api.smith.langchain.com/runs/multipart. HTTPError('429 Client Error: Too Many Requests for url: https://api.smith.langchain.com/runs/multipart', '{"error":"Too many requests: tenant exceeded usage limits: Monthly unique traces usage limit exceeded"}\n')trace=019fb9fd-b8f4-7302-9d9d-7b25b9b6f201,id=019fb9fd-ff42-7fb1-a11e-716a35b2473a; trace=019fb9fd-b8f4-7302-9d9d-7b25b9b6f201,id=019fb9fd-ff42-7fb1-a11e-7159f4f44c8f; trace=019fb9fd-b8f4-7302-9d9d-7b25b9b6f201,id=019fb9fe-1a71-7623-9768-48298068747d; trace=019fb9fd-b8f4-7302-9d9d-7b25b9b6f201,id=019fb9fe-1a72-7113-8ba5-26b94119c153
Failed to send compressed multipart ingest: langsmith.utils.LangSmithRateLimitError: Rate limit exceeded for https://api.smith.langchain.com/runs/multipart. HTTPError('429 Client Error: Too Many Requests for url: https://api.smith.langchain.com/runs/multipart', '{"error":"Too many requests: tenant exceeded usage limits: Monthly unique traces usage limit exceeded"}\n')trace=019fb9fd-b8f4-7302-9d9d-7b25b9b6f201,id=019fb9fe-1a72-7113-8ba5-26b94119c153; trace=019fb9fd-b8f4-7302-9d9d-7b25b9b6f201,id=019fb9fe-8790-7761-8119-6c3fbca4c3e4; trace=019fb9fd-b8f4-7302-9d9d-7b25b9b6f201,id=019fb9fe-8790-7761-8119-6c3fbca4c3e4; trace=019fb9fd-b8f4-7302-9d9d-7b25b9b6f201,id=019fb9fe-1a71-7623-9768-48298068747d; trace=019fb9fd-b8f4-7302-9d9d-7b25b9b6f201,id=019fb9fe-8791-7b02-8651-e5d2eef9e18a; trace=019fb9fd-b8f4-7302-9d9d-7b25b9b6f201,id=019fb9fe-8791-7b02-8651-e5e40878e71b
Failed to send compressed multipart ingest: langsmith.utils.LangSmithRateLimitError: Rate limit exceeded for https://api.smith.langchain.com/runs/multipart. HTTPError('429 Client Error: Too Many Requests for url: https://api.smith.langchain.com/runs/multipart', '{"error":"Too many requests: tenant exceeded usage limits: Monthly unique traces usage limit exceeded"}\n')trace=019fb9fd-b8f4-7302-9d9d-7b25b9b6f201,id=019fb9fe-8791-7b02-8651-e5e40878e71b; trace=019fb9fd-b8f4-7302-9d9d-7b25b9b6f201,id=019fb9fe-8791-7b02-8651-e5d2eef9e18a; trace=019fb9fd-b8f4-7302-9d9d-7b25b9b6f201,id=019fb9fe-b629-7661-8b34-19271e8364ff; trace=019fb9fd-b8f4-7302-9d9d-7b25b9b6f201,id=019fb9fe-b62b-72b0-86b3-b953f656a495
Failed to send compressed multipart ingest: langsmith.utils.LangSmithRateLimitError: Rate limit exceeded for https://api.smith.langchain.com/runs/multipart. HTTPError('429 Client Error: Too Many Requests for url: https://api.smith.langchain.com/runs/multipart', '{"error":"Too many requests: tenant exceeded usage limits: Monthly unique traces usage limit exceeded"}\n')trace=019fb9fd-b8f4-7302-9d9d-7b25b9b6f201,id=019fb9fe-b62b-72b0-86b3-b953f656a495; trace=019fb9fd-b8f4-7302-9d9d-7b25b9b6f201,id=019fb9fe-c844-7a93-8823-4b463c4c7a2d; trace=019fb9fd-b8f4-7302-9d9d-7b25b9b6f201,id=019fb9fe-c844-7a93-8823-4b463c4c7a2d; trace=019fb9fd-b8f4-7302-9d9d-7b25b9b6f201,id=019fb9fe-b629-7661-8b34-19271e8364ff; trace=019fb9fd-b8f4-7302-9d9d-7b25b9b6f201,id=019fb9fe-c845-7af1-b87e-bfad94c64bff; trace=019fb9fd-b8f4-7302-9d9d-7b25b9b6f201,id=019fb9fe-c846-7f63-a86f-09ebf0ef8a1f
Failed to send compressed multipart ingest: langsmith.utils.LangSmithRateLimitError: Rate limit exceeded for https://api.smith.langchain.com/runs/multipart. HTTPError('429 Client Error: Too Many Requests for url: https://api.smith.langchain.com/runs/multipart', '{"error":"Too many requests: tenant exceeded usage limits: Monthly unique traces usage limit exceeded"}\n')trace=019fb9fd-b8f4-7302-9d9d-7b25b9b6f201,id=019fb9fe-c846-7f63-a86f-09ebf0ef8a1f; trace=019fb9fd-b8f4-7302-9d9d-7b25b9b6f201,id=019fb9fe-c845-7af1-b87e-bfad94c64bff; trace=019fb9fd-b8f4-7302-9d9d-7b25b9b6f201,id=019fb9fe-e294-7d62-9551-9329cc794642; trace=019fb9fd-b8f4-7302-9d9d-7b25b9b6f201,id=019fb9fe-e296-7343-bbd9-242cdf7d22bc
Calling Baseline Move server...
Calling Baseline Move server...
Calling Baseline Move server...
Calling Baseline Move server...
[baseline] 14/104 scenario_01_04 (repeat 2/4)
Failed to send compressed multipart ingest: langsmith.utils.LangSmithRateLimitError: Rate limit exceeded for https://api.smith.langchain.com/runs/multipart. HTTPError('429 Client Error: Too Many Requests for url: https://api.smith.langchain.com/runs/multipart', '{"error":"Too many requests: tenant exceeded usage limits: Monthly unique traces usage limit exceeded"}\n')trace=019fb9fd-b8f4-7302-9d9d-7b25b9b6f201,id=019fb9fe-e296-7343-bbd9-242cdf7d22bc; trace=019fb9fd-b8f4-7302-9d9d-7b25b9b6f201,id=019fb9ff-4178-7ad1-9f08-8bfc00b0c72c; trace=019fb9fd-b8f4-7302-9d9d-7b25b9b6f201,id=019fb9ff-4178-7ad1-9f08-8bfc00b0c72c; trace=019fb9fd-b8f4-7302-9d9d-7b25b9b6f201,id=019fb9fe-e294-7d62-9551-9329cc794642; trace=019fb9fd-b8f4-7302-9d9d-7b25b9b6f201,id=019fb9ff-4179-74f0-8dac-6258879687d3; trace=019fb9fd-b8f4-7302-9d9d-7b25b9b6f201,id=019fb9ff-4179-74f0-8dac-6258879687d3; trace=019fb9fd-b8f4-7302-9d9d-7b25b9b6f201,id=019fb9fd-b8f4-7302-9d9d-7b25b9b6f201; trace=019fb9ff-41e6-7203-abee-4ee57817b599,id=019fb9ff-41e6-7203-abee-4ee57817b599; trace=019fb9ff-41e6-7203-abee-4ee57817b599,id=019fb9ff-41e7-79b3-84cb-6fad5c957b96; trace=019fb9ff-41e6-7203-abee-4ee57817b599,id=019fb9ff-41e7-79b3-84cb-6fad5c957b96; trace=019fb9ff-41e6-7203-abee-4ee57817b599,id=019fb9ff-41e8-7412-b704-5c395c15525e; trace=019fb9ff-41e6-7203-abee-4ee57817b599,id=019fb9ff-4212-7102-8a08-be811acc3bb3; trace=019fb9ff-41e6-7203-abee-4ee57817b599,id=019fb9ff-4212-7102-8a08-be811acc3bb3; trace=019fb9ff-41e6-7203-abee-4ee57817b599,id=019fb9ff-41e8-7412-b704-5c395c15525e; trace=019fb9ff-41e6-7203-abee-4ee57817b599,id=019fb9ff-4214-7ad0-90e6-13f4588d84d1; trace=019fb9ff-41e6-7203-abee-4ee57817b599,id=019fb9ff-4214-7ad0-90e6-14088c835413
Failed to send compressed multipart ingest: langsmith.utils.LangSmithRateLimitError: Rate limit exceeded for https://api.smith.langchain.com/runs/multipart. HTTPError('429 Client Error: Too Many Requests for url: https://api.smith.langchain.com/runs/multipart', '{"error":"Too many requests: tenant exceeded usage limits: Monthly unique traces usage limit exceeded"}\n')trace=019fb9ff-41e6-7203-abee-4ee57817b599,id=019fb9ff-4214-7ad0-90e6-14088c835413; trace=019fb9ff-41e6-7203-abee-4ee57817b599,id=019fb9ff-4214-7ad0-90e6-13f4588d84d1; trace=019fb9ff-41e6-7203-abee-4ee57817b599,id=019fb9ff-5a75-7bd1-96f6-65b0c36ea332; trace=019fb9ff-41e6-7203-abee-4ee57817b599,id=019fb9ff-5a77-7b82-ba61-fd18d0f935de
Failed to send compressed multipart ingest: langsmith.utils.LangSmithRateLimitError: Rate limit exceeded for https://api.smith.langchain.com/runs/multipart. HTTPError('429 Client Error: Too Many Requests for url: https://api.smith.langchain.com/runs/multipart', '{"error":"Too many requests: tenant exceeded usage limits: Monthly unique traces usage limit exceeded"}\n')trace=019fb9ff-41e6-7203-abee-4ee57817b599,id=019fb9ff-5a77-7b82-ba61-fd18d0f935de; trace=019fb9ff-41e6-7203-abee-4ee57817b599,id=019fb9ff-6d26-7321-bdc1-4cdc31ff02d5; trace=019fb9ff-41e6-7203-abee-4ee57817b599,id=019fb9ff-6d26-7321-bdc1-4cdc31ff02d5; trace=019fb9ff-41e6-7203-abee-4ee57817b599,id=019fb9ff-5a75-7bd1-96f6-65b0c36ea332; trace=019fb9ff-41e6-7203-abee-4ee57817b599,id=019fb9ff-6d27-79e1-8d63-5b3982f50e8d; trace=019fb9ff-41e6-7203-abee-4ee57817b599,id=019fb9ff-6d28-7711-b99a-6dcb3ad85c61
Failed to send compressed multipart ingest: langsmith.utils.LangSmithRateLimitError: Rate limit exceeded for https://api.smith.langchain.com/runs/multipart. HTTPError('429 Client Error: Too Many Requests for url: https://api.smith.langchain.com/runs/multipart', '{"error":"Too many requests: tenant exceeded usage limits: Monthly unique traces usage limit exceeded"}\n')trace=019fb9ff-41e6-7203-abee-4ee57817b599,id=019fb9ff-6d28-7711-b99a-6dcb3ad85c61; trace=019fb9ff-41e6-7203-abee-4ee57817b599,id=019fb9ff-6d27-79e1-8d63-5b3982f50e8d; trace=019fb9ff-41e6-7203-abee-4ee57817b599,id=019fb9ff-88c2-7893-9d02-32cea3566951; trace=019fb9ff-41e6-7203-abee-4ee57817b599,id=019fb9ff-88c4-7f82-87d4-8c1f13380433
Failed to send compressed multipart ingest: langsmith.utils.LangSmithRateLimitError: Rate limit exceeded for https://api.smith.langchain.com/runs/multipart. HTTPError('429 Client Error: Too Many Requests for url: https://api.smith.langchain.com/runs/multipart', '{"error":"Too many requests: tenant exceeded usage limits: Monthly unique traces usage limit exceeded"}\n')trace=019fb9ff-41e6-7203-abee-4ee57817b599,id=019fb9ff-88c4-7f82-87d4-8c1f13380433; trace=019fb9ff-41e6-7203-abee-4ee57817b599,id=019fb9ff-a359-76b3-993b-b455c9acbc03; trace=019fb9ff-41e6-7203-abee-4ee57817b599,id=019fb9ff-a359-76b3-993b-b455c9acbc03; trace=019fb9ff-41e6-7203-abee-4ee57817b599,id=019fb9ff-88c2-7893-9d02-32cea3566951; trace=019fb9ff-41e6-7203-abee-4ee57817b599,id=019fb9ff-a35a-75c2-8044-1638c48f14b8; trace=019fb9ff-41e6-7203-abee-4ee57817b599,id=019fb9ff-a35a-75c2-8044-1645372e3ab1
Failed to send compressed multipart ingest: langsmith.utils.LangSmithRateLimitError: Rate limit exceeded for https://api.smith.langchain.com/runs/multipart. HTTPError('429 Client Error: Too Many Requests for url: https://api.smith.langchain.com/runs/multipart', '{"error":"Too many requests: tenant exceeded usage limits: Monthly unique traces usage limit exceeded"}\n')trace=019fb9ff-41e6-7203-abee-4ee57817b599,id=019fb9ff-a35a-75c2-8044-1645372e3ab1; trace=019fb9ff-41e6-7203-abee-4ee57817b599,id=019fb9ff-a35a-75c2-8044-1638c48f14b8; trace=019fb9ff-41e6-7203-abee-4ee57817b599,id=019fb9ff-bf57-7fe0-98e9-40717c72f134; trace=019fb9ff-41e6-7203-abee-4ee57817b599,id=019fb9ff-bf59-75e3-bbd4-b51104717cb6
Calling Baseline Move server...
Calling Baseline Move server...
Calling Baseline Move server...
[baseline] 15/104 scenario_01_04 (repeat 3/4)
Failed to send compressed multipart ingest: langsmith.utils.LangSmithRateLimitError: Rate limit exceeded for https://api.smith.langchain.com/runs/multipart. HTTPError('429 Client Error: Too Many Requests for url: https://api.smith.langchain.com/runs/multipart', '{"error":"Too many requests: tenant exceeded usage limits: Monthly unique traces usage limit exceeded"}\n')trace=019fb9ff-41e6-7203-abee-4ee57817b599,id=019fb9ff-bf59-75e3-bbd4-b51104717cb6; trace=019fb9ff-41e6-7203-abee-4ee57817b599,id=019fba00-2090-76b2-aff7-55f03e555efc; trace=019fb9ff-41e6-7203-abee-4ee57817b599,id=019fba00-2090-76b2-aff7-55f03e555efc; trace=019fb9ff-41e6-7203-abee-4ee57817b599,id=019fb9ff-bf57-7fe0-98e9-40717c72f134; trace=019fb9ff-41e6-7203-abee-4ee57817b599,id=019fba00-2091-76d2-bd55-2ef7585f3164; trace=019fb9ff-41e6-7203-abee-4ee57817b599,id=019fba00-2091-76d2-bd55-2ef7585f3164; trace=019fb9ff-41e6-7203-abee-4ee57817b599,id=019fb9ff-41e6-7203-abee-4ee57817b599; trace=019fba00-20df-7d73-87ab-79f7fb8f65d2,id=019fba00-20df-7d73-87ab-79f7fb8f65d2; trace=019fba00-20df-7d73-87ab-79f7fb8f65d2,id=019fba00-20e0-7612-ab18-b9e8f6744606; trace=019fba00-20df-7d73-87ab-79f7fb8f65d2,id=019fba00-20e0-7612-ab18-b9e8f6744606; trace=019fba00-20df-7d73-87ab-79f7fb8f65d2,id=019fba00-20e0-7612-ab18-b9f6988ca668; trace=019fba00-20df-7d73-87ab-79f7fb8f65d2,id=019fba00-2117-7630-9519-d606037a19de; trace=019fba00-20df-7d73-87ab-79f7fb8f65d2,id=019fba00-2117-7630-9519-d606037a19de; trace=019fba00-20df-7d73-87ab-79f7fb8f65d2,id=019fba00-20e0-7612-ab18-b9f6988ca668; trace=019fba00-20df-7d73-87ab-79f7fb8f65d2,id=019fba00-2118-72e0-b9d8-c3156314b55f; trace=019fba00-20df-7d73-87ab-79f7fb8f65d2,id=019fba00-2119-7410-809a-5f6649ea9129
Failed to send compressed multipart ingest: langsmith.utils.LangSmithRateLimitError: Rate limit exceeded for https://api.smith.langchain.com/runs/multipart. HTTPError('429 Client Error: Too Many Requests for url: https://api.smith.langchain.com/runs/multipart', '{"error":"Too many requests: tenant exceeded usage limits: Monthly unique traces usage limit exceeded"}\n')trace=019fba00-20df-7d73-87ab-79f7fb8f65d2,id=019fba00-2119-7410-809a-5f6649ea9129; trace=019fba00-20df-7d73-87ab-79f7fb8f65d2,id=019fba00-2118-72e0-b9d8-c3156314b55f; trace=019fba00-20df-7d73-87ab-79f7fb8f65d2,id=019fba00-351b-7e63-9cde-9f0a340f9e57; trace=019fba00-20df-7d73-87ab-79f7fb8f65d2,id=019fba00-351d-7483-a720-d99259b24bcc
Failed to send compressed multipart ingest: langsmith.utils.LangSmithRateLimitError: Rate limit exceeded for https://api.smith.langchain.com/runs/multipart. HTTPError('429 Client Error: Too Many Requests for url: https://api.smith.langchain.com/runs/multipart', '{"error":"Too many requests: tenant exceeded usage limits: Monthly unique traces usage limit exceeded"}\n')trace=019fba00-20df-7d73-87ab-79f7fb8f65d2,id=019fba00-351d-7483-a720-d99259b24bcc; trace=019fba00-20df-7d73-87ab-79f7fb8f65d2,id=019fba00-4beb-7952-beb5-4ca8551c7e6a; trace=019fba00-20df-7d73-87ab-79f7fb8f65d2,id=019fba00-4beb-7952-beb5-4ca8551c7e6a; trace=019fba00-20df-7d73-87ab-79f7fb8f65d2,id=019fba00-351b-7e63-9cde-9f0a340f9e57; trace=019fba00-20df-7d73-87ab-79f7fb8f65d2,id=019fba00-4bec-73e1-b6bf-3b667d87c5df; trace=019fba00-20df-7d73-87ab-79f7fb8f65d2,id=019fba00-4bed-7b01-8e4f-14f26894af68
Failed to send compressed multipart ingest: langsmith.utils.LangSmithRateLimitError: Rate limit exceeded for https://api.smith.langchain.com/runs/multipart. HTTPError('429 Client Error: Too Many Requests for url: https://api.smith.langchain.com/runs/multipart', '{"error":"Too many requests: tenant exceeded usage limits: Monthly unique traces usage limit exceeded"}\n')trace=019fba00-20df-7d73-87ab-79f7fb8f65d2,id=019fba00-4bed-7b01-8e4f-14f26894af68; trace=019fba00-20df-7d73-87ab-79f7fb8f65d2,id=019fba00-4bec-73e1-b6bf-3b667d87c5df; trace=019fba00-20df-7d73-87ab-79f7fb8f65d2,id=019fba00-6acf-7df3-9ac6-b31b3904ef61; trace=019fba00-20df-7d73-87ab-79f7fb8f65d2,id=019fba00-6ad1-7490-bd14-85f494e8a9f6
Failed to send compressed multipart ingest: langsmith.utils.LangSmithRateLimitError: Rate limit exceeded for https://api.smith.langchain.com/runs/multipart. HTTPError('429 Client Error: Too Many Requests for url: https://api.smith.langchain.com/runs/multipart', '{"error":"Too many requests: tenant exceeded usage limits: Monthly unique traces usage limit exceeded"}\n')trace=019fba00-20df-7d73-87ab-79f7fb8f65d2,id=019fba00-6ad1-7490-bd14-85f494e8a9f6; trace=019fba00-20df-7d73-87ab-79f7fb8f65d2,id=019fba00-84f2-7223-8073-0bcdcb6659e5; trace=019fba00-20df-7d73-87ab-79f7fb8f65d2,id=019fba00-84f2-7223-8073-0bcdcb6659e5; trace=019fba00-20df-7d73-87ab-79f7fb8f65d2,id=019fba00-6acf-7df3-9ac6-b31b3904ef61; trace=019fba00-20df-7d73-87ab-79f7fb8f65d2,id=019fba00-84f3-7d82-81c4-5e7cff75eb84; trace=019fba00-20df-7d73-87ab-79f7fb8f65d2,id=019fba00-84f3-7d82-81c4-5e8f35a493c2
Failed to send compressed multipart ingest: langsmith.utils.LangSmithRateLimitError: Rate limit exceeded for https://api.smith.langchain.com/runs/multipart. HTTPError('429 Client Error: Too Many Requests for url: https://api.smith.langchain.com/runs/multipart', '{"error":"Too many requests: tenant exceeded usage limits: Monthly unique traces usage limit exceeded"}\n')trace=019fba00-20df-7d73-87ab-79f7fb8f65d2,id=019fba00-84f3-7d82-81c4-5e8f35a493c2; trace=019fba00-20df-7d73-87ab-79f7fb8f65d2,id=019fba00-84f3-7d82-81c4-5e7cff75eb84; trace=019fba00-20df-7d73-87ab-79f7fb8f65d2,id=019fba00-b61d-7453-a251-829a08d459fb; trace=019fba00-20df-7d73-87ab-79f7fb8f65d2,id=019fba00-b61f-7650-a0e7-602f5421e297
Failed to send compressed multipart ingest: langsmith.utils.LangSmithRateLimitError: Rate limit exceeded for https://api.smith.langchain.com/runs/multipart. HTTPError('429 Client Error: Too Many Requests for url: https://api.smith.langchain.com/runs/multipart', '{"error":"Too many requests: tenant exceeded usage limits: Monthly unique traces usage limit exceeded"}\n')trace=019fba00-20df-7d73-87ab-79f7fb8f65d2,id=019fba00-b61f-7650-a0e7-602f5421e297; trace=019fba00-20df-7d73-87ab-79f7fb8f65d2,id=019fba00-cb8f-70c0-88ad-6a299d0c7f17; trace=019fba00-20df-7d73-87ab-79f7fb8f65d2,id=019fba00-cb8f-70c0-88ad-6a299d0c7f17; trace=019fba00-20df-7d73-87ab-79f7fb8f65d2,id=019fba00-b61d-7453-a251-829a08d459fb; trace=019fba00-20df-7d73-87ab-79f7fb8f65d2,id=019fba00-cb91-7622-97e9-5d6120498c81; trace=019fba00-20df-7d73-87ab-79f7fb8f65d2,id=019fba00-cb91-7622-97e9-5d74761a0b8f
Failed to send compressed multipart ingest: langsmith.utils.LangSmithRateLimitError: Rate limit exceeded for https://api.smith.langchain.com/runs/multipart. HTTPError('429 Client Error: Too Many Requests for url: https://api.smith.langchain.com/runs/multipart', '{"error":"Too many requests: tenant exceeded usage limits: Monthly unique traces usage limit exceeded"}\n')trace=019fba00-20df-7d73-87ab-79f7fb8f65d2,id=019fba00-cb91-7622-97e9-5d74761a0b8f; trace=019fba00-20df-7d73-87ab-79f7fb8f65d2,id=019fba00-cb91-7622-97e9-5d6120498c81; trace=019fba00-20df-7d73-87ab-79f7fb8f65d2,id=019fba00-e696-7d52-ac63-882c7049112a; trace=019fba00-20df-7d73-87ab-79f7fb8f65d2,id=019fba00-e699-7301-baf4-6748b513149d
Calling Baseline Move server...
Calling Baseline Move server...
Calling Baseline Move server...
Calling Baseline Move server...
[baseline] 16/104 scenario_01_04 (repeat 4/4)
Failed to send compressed multipart ingest: langsmith.utils.LangSmithRateLimitError: Rate limit exceeded for https://api.smith.langchain.com/runs/multipart. HTTPError('429 Client Error: Too Many Requests for url: https://api.smith.langchain.com/runs/multipart', '{"error":"Too many requests: tenant exceeded usage limits: Monthly unique traces usage limit exceeded"}\n')trace=019fba00-20df-7d73-87ab-79f7fb8f65d2,id=019fba00-e699-7301-baf4-6748b513149d; trace=019fba00-20df-7d73-87ab-79f7fb8f65d2,id=019fba01-5667-7353-8b8d-bb2e00cfd3c9; trace=019fba00-20df-7d73-87ab-79f7fb8f65d2,id=019fba01-5667-7353-8b8d-bb2e00cfd3c9; trace=019fba00-20df-7d73-87ab-79f7fb8f65d2,id=019fba00-e696-7d52-ac63-882c7049112a; trace=019fba00-20df-7d73-87ab-79f7fb8f65d2,id=019fba01-5669-7191-9536-68c7e344d732; trace=019fba00-20df-7d73-87ab-79f7fb8f65d2,id=019fba01-5669-7191-9536-68c7e344d732; trace=019fba00-20df-7d73-87ab-79f7fb8f65d2,id=019fba00-20df-7d73-87ab-79f7fb8f65d2; trace=019fba01-56b1-7380-a5ce-ce4a0f7d405d,id=019fba01-56b1-7380-a5ce-ce4a0f7d405d; trace=019fba01-56b1-7380-a5ce-ce4a0f7d405d,id=019fba01-56b2-7c02-8792-988e16ccd9eb; trace=019fba01-56b1-7380-a5ce-ce4a0f7d405d,id=019fba01-56b2-7c02-8792-988e16ccd9eb; trace=019fba01-56b1-7380-a5ce-ce4a0f7d405d,id=019fba01-56b3-76a3-8f15-2fa5d37a5580; trace=019fba01-56b1-7380-a5ce-ce4a0f7d405d,id=019fba01-56c3-7273-a107-de9daee4e668; trace=019fba01-56b1-7380-a5ce-ce4a0f7d405d,id=019fba01-56c3-7273-a107-de9daee4e668; trace=019fba01-56b1-7380-a5ce-ce4a0f7d405d,id=019fba01-56b3-76a3-8f15-2fa5d37a5580; trace=019fba01-56b1-7380-a5ce-ce4a0f7d405d,id=019fba01-56c4-70d2-819b-fd9387a7983e; trace=019fba01-56b1-7380-a5ce-ce4a0f7d405d,id=019fba01-56c5-7f91-bc5d-5afb73fc80b7
Failed to send compressed multipart ingest: langsmith.utils.LangSmithRateLimitError: Rate limit exceeded for https://api.smith.langchain.com/runs/multipart. HTTPError('429 Client Error: Too Many Requests for url: https://api.smith.langchain.com/runs/multipart', '{"error":"Too many requests: tenant exceeded usage limits: Monthly unique traces usage limit exceeded"}\n')trace=019fba01-56b1-7380-a5ce-ce4a0f7d405d,id=019fba01-56c5-7f91-bc5d-5afb73fc80b7; trace=019fba01-56b1-7380-a5ce-ce4a0f7d405d,id=019fba01-56c4-70d2-819b-fd9387a7983e; trace=019fba01-56b1-7380-a5ce-ce4a0f7d405d,id=019fba01-6fb9-76b1-90ac-2e363e887a67; trace=019fba01-56b1-7380-a5ce-ce4a0f7d405d,id=019fba01-6fbb-73d3-9dca-6ca7430ecca4
Failed to send compressed multipart ingest: langsmith.utils.LangSmithRateLimitError: Rate limit exceeded for https://api.smith.langchain.com/runs/multipart. HTTPError('429 Client Error: Too Many Requests for url: https://api.smith.langchain.com/runs/multipart', '{"error":"Too many requests: tenant exceeded usage limits: Monthly unique traces usage limit exceeded"}\n')trace=019fba01-56b1-7380-a5ce-ce4a0f7d405d,id=019fba01-6fbb-73d3-9dca-6ca7430ecca4; trace=019fba01-56b1-7380-a5ce-ce4a0f7d405d,id=019fba01-8693-7742-82e5-0393c92449ec; trace=019fba01-56b1-7380-a5ce-ce4a0f7d405d,id=019fba01-8693-7742-82e5-0393c92449ec; trace=019fba01-56b1-7380-a5ce-ce4a0f7d405d,id=019fba01-6fb9-76b1-90ac-2e363e887a67; trace=019fba01-56b1-7380-a5ce-ce4a0f7d405d,id=019fba01-8694-77c2-b79c-ff468e3b3768; trace=019fba01-56b1-7380-a5ce-ce4a0f7d405d,id=019fba01-8695-7c00-b4c8-75a9eb465da2
Failed to send compressed multipart ingest: langsmith.utils.LangSmithRateLimitError: Rate limit exceeded for https://api.smith.langchain.com/runs/multipart. HTTPError('429 Client Error: Too Many Requests for url: https://api.smith.langchain.com/runs/multipart', '{"error":"Too many requests: tenant exceeded usage limits: Monthly unique traces usage limit exceeded"}\n')trace=019fba01-56b1-7380-a5ce-ce4a0f7d405d,id=019fba01-8695-7c00-b4c8-75a9eb465da2; trace=019fba01-56b1-7380-a5ce-ce4a0f7d405d,id=019fba01-8694-77c2-b79c-ff468e3b3768; trace=019fba01-56b1-7380-a5ce-ce4a0f7d405d,id=019fba01-a194-7151-bd3b-5b2d15118061; trace=019fba01-56b1-7380-a5ce-ce4a0f7d405d,id=019fba01-a196-7b11-9ee6-c657abee75e4
Failed to send compressed multipart ingest: langsmith.utils.LangSmithRateLimitError: Rate limit exceeded for https://api.smith.langchain.com/runs/multipart. HTTPError('429 Client Error: Too Many Requests for url: https://api.smith.langchain.com/runs/multipart', '{"error":"Too many requests: tenant exceeded usage limits: Monthly unique traces usage limit exceeded"}\n')trace=019fba01-56b1-7380-a5ce-ce4a0f7d405d,id=019fba01-a196-7b11-9ee6-c657abee75e4; trace=019fba01-56b1-7380-a5ce-ce4a0f7d405d,id=019fba01-b6a0-7630-abb0-5c9c5a80671c; trace=019fba01-56b1-7380-a5ce-ce4a0f7d405d,id=019fba01-b6a0-7630-abb0-5c9c5a80671c; trace=019fba01-56b1-7380-a5ce-ce4a0f7d405d,id=019fba01-a194-7151-bd3b-5b2d15118061; trace=019fba01-56b1-7380-a5ce-ce4a0f7d405d,id=019fba01-b6a1-76b2-9d28-2d4bac9e9725; trace=019fba01-56b1-7380-a5ce-ce4a0f7d405d,id=019fba01-b6a2-7cb3-ac6f-54fe49739b3c
Failed to send compressed multipart ingest: langsmith.utils.LangSmithRateLimitError: Rate limit exceeded for https://api.smith.langchain.com/runs/multipart. HTTPError('429 Client Error: Too Many Requests for url: https://api.smith.langchain.com/runs/multipart', '{"error":"Too many requests: tenant exceeded usage limits: Monthly unique traces usage limit exceeded"}\n')trace=019fba01-56b1-7380-a5ce-ce4a0f7d405d,id=019fba01-b6a2-7cb3-ac6f-54fe49739b3c; trace=019fba01-56b1-7380-a5ce-ce4a0f7d405d,id=019fba01-b6a1-76b2-9d28-2d4bac9e9725; trace=019fba01-56b1-7380-a5ce-ce4a0f7d405d,id=019fba01-d35e-7f02-865d-20c252b9c18b; trace=019fba01-56b1-7380-a5ce-ce4a0f7d405d,id=019fba01-d360-75f0-9b82-27fffe585d88
Failed to send compressed multipart ingest: langsmith.utils.LangSmithRateLimitError: Rate limit exceeded for https://api.smith.langchain.com/runs/multipart. HTTPError('429 Client Error: Too Many Requests for url: https://api.smith.langchain.com/runs/multipart', '{"error":"Too many requests: tenant exceeded usage limits: Monthly unique traces usage limit exceeded"}\n')trace=019fba01-56b1-7380-a5ce-ce4a0f7d405d,id=019fba01-d360-75f0-9b82-27fffe585d88; trace=019fba01-56b1-7380-a5ce-ce4a0f7d405d,id=019fba01-e77f-76e0-b3af-9b320aefc127; trace=019fba01-56b1-7380-a5ce-ce4a0f7d405d,id=019fba01-e77f-76e0-b3af-9b320aefc127; trace=019fba01-56b1-7380-a5ce-ce4a0f7d405d,id=019fba01-d35e-7f02-865d-20c252b9c18b; trace=019fba01-56b1-7380-a5ce-ce4a0f7d405d,id=019fba01-e780-7fc3-83a4-6c551be1b12b; trace=019fba01-56b1-7380-a5ce-ce4a0f7d405d,id=019fba01-e781-7660-b3b0-8adda6e98b02
Failed to send compressed multipart ingest: langsmith.utils.LangSmithRateLimitError: Rate limit exceeded for https://api.smith.langchain.com/runs/multipart. HTTPError('429 Client Error: Too Many Requests for url: https://api.smith.langchain.com/runs/multipart', '{"error":"Too many requests: tenant exceeded usage limits: Monthly unique traces usage limit exceeded"}\n')trace=019fba01-56b1-7380-a5ce-ce4a0f7d405d,id=019fba01-e781-7660-b3b0-8adda6e98b02; trace=019fba01-56b1-7380-a5ce-ce4a0f7d405d,id=019fba01-e780-7fc3-83a4-6c551be1b12b; trace=019fba01-56b1-7380-a5ce-ce4a0f7d405d,id=019fba01-fe50-74b2-b748-1916285adc34; trace=019fba01-56b1-7380-a5ce-ce4a0f7d405d,id=019fba01-fe52-7a73-99e0-c2085dddf74f
Calling Baseline Move server...
Calling Baseline Move server...
Calling Baseline Move server...
Calling Baseline Move server...
[baseline] 17/104 scenario_01_05 (repeat 1/4)
Failed to send compressed multipart ingest: langsmith.utils.LangSmithRateLimitError: Rate limit exceeded for https://api.smith.langchain.com/runs/multipart. HTTPError('429 Client Error: Too Many Requests for url: https://api.smith.langchain.com/runs/multipart', '{"error":"Too many requests: tenant exceeded usage limits: Monthly unique traces usage limit exceeded"}\n')trace=019fba01-56b1-7380-a5ce-ce4a0f7d405d,id=019fba01-fe52-7a73-99e0-c2085dddf74f; trace=019fba01-56b1-7380-a5ce-ce4a0f7d405d,id=019fba02-194e-70d3-baef-3dcc70a0936d; trace=019fba01-56b1-7380-a5ce-ce4a0f7d405d,id=019fba02-194e-70d3-baef-3dcc70a0936d; trace=019fba01-56b1-7380-a5ce-ce4a0f7d405d,id=019fba01-fe50-74b2-b748-1916285adc34; trace=019fba01-56b1-7380-a5ce-ce4a0f7d405d,id=019fba02-194f-7de2-ad5f-358e5e8de786; trace=019fba01-56b1-7380-a5ce-ce4a0f7d405d,id=019fba02-194f-7de2-ad5f-358e5e8de786; trace=019fba01-56b1-7380-a5ce-ce4a0f7d405d,id=019fba01-56b1-7380-a5ce-ce4a0f7d405d; trace=019fba02-19d4-7ea2-ab00-00bb1c97a5e0,id=019fba02-19d4-7ea2-ab00-00bb1c97a5e0; trace=019fba02-19d4-7ea2-ab00-00bb1c97a5e0,id=019fba02-19d5-7873-a5af-cefff4b6462a; trace=019fba02-19d4-7ea2-ab00-00bb1c97a5e0,id=019fba02-19d5-7873-a5af-cefff4b6462a; trace=019fba02-19d4-7ea2-ab00-00bb1c97a5e0,id=019fba02-19d5-7873-a5af-cf097189cb43; trace=019fba02-19d4-7ea2-ab00-00bb1c97a5e0,id=019fba02-19fe-7391-ba6e-2fdcfd6053b2; trace=019fba02-19d4-7ea2-ab00-00bb1c97a5e0,id=019fba02-19fe-7391-ba6e-2fdcfd6053b2; trace=019fba02-19d4-7ea2-ab00-00bb1c97a5e0,id=019fba02-19d5-7873-a5af-cf097189cb43; trace=019fba02-19d4-7ea2-ab00-00bb1c97a5e0,id=019fba02-19ff-7fd3-8eb4-592e4cc5ebe2; trace=019fba02-19d4-7ea2-ab00-00bb1c97a5e0,id=019fba02-19ff-7fd3-8eb4-5932146f8abc
Failed to send compressed multipart ingest: langsmith.utils.LangSmithRateLimitError: Rate limit exceeded for https://api.smith.langchain.com/runs/multipart. HTTPError('429 Client Error: Too Many Requests for url: https://api.smith.langchain.com/runs/multipart', '{"error":"Too many requests: tenant exceeded usage limits: Monthly unique traces usage limit exceeded"}\n')trace=019fba02-19d4-7ea2-ab00-00bb1c97a5e0,id=019fba02-19ff-7fd3-8eb4-5932146f8abc; trace=019fba02-19d4-7ea2-ab00-00bb1c97a5e0,id=019fba02-19ff-7fd3-8eb4-592e4cc5ebe2; trace=019fba02-19d4-7ea2-ab00-00bb1c97a5e0,id=019fba02-2f67-7e21-ae61-b30445f5c187; trace=019fba02-19d4-7ea2-ab00-00bb1c97a5e0,id=019fba02-2f69-70a1-9881-43604ec0a0a3
Failed to send compressed multipart ingest: langsmith.utils.LangSmithRateLimitError: Rate limit exceeded for https://api.smith.langchain.com/runs/multipart. HTTPError('429 Client Error: Too Many Requests for url: https://api.smith.langchain.com/runs/multipart', '{"error":"Too many requests: tenant exceeded usage limits: Monthly unique traces usage limit exceeded"}\n')trace=019fba02-19d4-7ea2-ab00-00bb1c97a5e0,id=019fba02-2f69-70a1-9881-43604ec0a0a3; trace=019fba02-19d4-7ea2-ab00-00bb1c97a5e0,id=019fba02-432b-7d43-95a0-1c6fdfbd3fce; trace=019fba02-19d4-7ea2-ab00-00bb1c97a5e0,id=019fba02-432b-7d43-95a0-1c6fdfbd3fce; trace=019fba02-19d4-7ea2-ab00-00bb1c97a5e0,id=019fba02-2f67-7e21-ae61-b30445f5c187; trace=019fba02-19d4-7ea2-ab00-00bb1c97a5e0,id=019fba02-432c-7dc1-8434-a5ceb01a4564; trace=019fba02-19d4-7ea2-ab00-00bb1c97a5e0,id=019fba02-432c-7dc1-8434-a5dd7d1b4d95
Failed to send compressed multipart ingest: langsmith.utils.LangSmithRateLimitError: Rate limit exceeded for https://api.smith.langchain.com/runs/multipart. HTTPError('429 Client Error: Too Many Requests for url: https://api.smith.langchain.com/runs/multipart', '{"error":"Too many requests: tenant exceeded usage limits: Monthly unique traces usage limit exceeded"}\n')trace=019fba02-19d4-7ea2-ab00-00bb1c97a5e0,id=019fba02-432c-7dc1-8434-a5dd7d1b4d95; trace=019fba02-19d4-7ea2-ab00-00bb1c97a5e0,id=019fba02-432c-7dc1-8434-a5ceb01a4564; trace=019fba02-19d4-7ea2-ab00-00bb1c97a5e0,id=019fba02-60b1-7913-976d-0f565580f05d; trace=019fba02-19d4-7ea2-ab00-00bb1c97a5e0,id=019fba02-60b3-7a82-9c46-8ffeac6df228
Failed to send compressed multipart ingest: langsmith.utils.LangSmithRateLimitError: Rate limit exceeded for https://api.smith.langchain.com/runs/multipart. HTTPError('429 Client Error: Too Many Requests for url: https://api.smith.langchain.com/runs/multipart', '{"error":"Too many requests: tenant exceeded usage limits: Monthly unique traces usage limit exceeded"}\n')trace=019fba02-19d4-7ea2-ab00-00bb1c97a5e0,id=019fba02-60b3-7a82-9c46-8ffeac6df228; trace=019fba02-19d4-7ea2-ab00-00bb1c97a5e0,id=019fba02-7e9d-73e3-acbe-ae5a096297aa; trace=019fba02-19d4-7ea2-ab00-00bb1c97a5e0,id=019fba02-7e9d-73e3-acbe-ae5a096297aa; trace=019fba02-19d4-7ea2-ab00-00bb1c97a5e0,id=019fba02-60b1-7913-976d-0f565580f05d; trace=019fba02-19d4-7ea2-ab00-00bb1c97a5e0,id=019fba02-7e9e-7402-9f09-48464713ecb7; trace=019fba02-19d4-7ea2-ab00-00bb1c97a5e0,id=019fba02-7e9f-70a0-bfc0-b56797a4ff14
Failed to send compressed multipart ingest: langsmith.utils.LangSmithRateLimitError: Rate limit exceeded for https://api.smith.langchain.com/runs/multipart. HTTPError('429 Client Error: Too Many Requests for url: https://api.smith.langchain.com/runs/multipart', '{"error":"Too many requests: tenant exceeded usage limits: Monthly unique traces usage limit exceeded"}\n')trace=019fba02-19d4-7ea2-ab00-00bb1c97a5e0,id=019fba02-7e9f-70a0-bfc0-b56797a4ff14; trace=019fba02-19d4-7ea2-ab00-00bb1c97a5e0,id=019fba02-7e9e-7402-9f09-48464713ecb7; trace=019fba02-19d4-7ea2-ab00-00bb1c97a5e0,id=019fba02-98c8-79f0-b78c-9a00a6200a00; trace=019fba02-19d4-7ea2-ab00-00bb1c97a5e0,id=019fba02-98ca-7fd0-8fcd-5995a7538fe7
Failed to send compressed multipart ingest: langsmith.utils.LangSmithRateLimitError: Rate limit exceeded for https://api.smith.langchain.com/runs/multipart. HTTPError('429 Client Error: Too Many Requests for url: https://api.smith.langchain.com/runs/multipart', '{"error":"Too many requests: tenant exceeded usage limits: Monthly unique traces usage limit exceeded"}\n')trace=019fba02-19d4-7ea2-ab00-00bb1c97a5e0,id=019fba02-98ca-7fd0-8fcd-5995a7538fe7; trace=019fba02-19d4-7ea2-ab00-00bb1c97a5e0,id=019fba02-b4c6-7a42-8d21-4af3ba89cade; trace=019fba02-19d4-7ea2-ab00-00bb1c97a5e0,id=019fba02-b4c6-7a42-8d21-4af3ba89cade; trace=019fba02-19d4-7ea2-ab00-00bb1c97a5e0,id=019fba02-98c8-79f0-b78c-9a00a6200a00; trace=019fba02-19d4-7ea2-ab00-00bb1c97a5e0,id=019fba02-b4c7-7e60-80fa-6ead7919d762; trace=019fba02-19d4-7ea2-ab00-00bb1c97a5e0,id=019fba02-b4c8-7be1-96f0-6a2430fecd1a
Failed to send compressed multipart ingest: langsmith.utils.LangSmithRateLimitError: Rate limit exceeded for https://api.smith.langchain.com/runs/multipart. HTTPError('429 Client Error: Too Many Requests for url: https://api.smith.langchain.com/runs/multipart', '{"error":"Too many requests: tenant exceeded usage limits: Monthly unique traces usage limit exceeded"}\n')trace=019fba02-19d4-7ea2-ab00-00bb1c97a5e0,id=019fba02-b4c8-7be1-96f0-6a2430fecd1a; trace=019fba02-19d4-7ea2-ab00-00bb1c97a5e0,id=019fba02-b4c7-7e60-80fa-6ead7919d762; trace=019fba02-19d4-7ea2-ab00-00bb1c97a5e0,id=019fba02-d14d-7de0-af77-a7d1fbc3aaa9; trace=019fba02-19d4-7ea2-ab00-00bb1c97a5e0,id=019fba02-d14f-70f0-90be-2a00b667a592
Failed to send compressed multipart ingest: langsmith.utils.LangSmithRateLimitError: Rate limit exceeded for https://api.smith.langchain.com/runs/multipart. HTTPError('429 Client Error: Too Many Requests for url: https://api.smith.langchain.com/runs/multipart', '{"error":"Too many requests: tenant exceeded usage limits: Monthly unique traces usage limit exceeded"}\n')trace=019fba02-19d4-7ea2-ab00-00bb1c97a5e0,id=019fba02-d14f-70f0-90be-2a00b667a592; trace=019fba02-19d4-7ea2-ab00-00bb1c97a5e0,id=019fba02-eef7-7e10-a690-90f44f9a7ba1; trace=019fba02-19d4-7ea2-ab00-00bb1c97a5e0,id=019fba02-eef7-7e10-a690-90f44f9a7ba1; trace=019fba02-19d4-7ea2-ab00-00bb1c97a5e0,id=019fba02-d14d-7de0-af77-a7d1fbc3aaa9; trace=019fba02-19d4-7ea2-ab00-00bb1c97a5e0,id=019fba02-eef9-7a03-b113-7299848e5936; trace=019fba02-19d4-7ea2-ab00-00bb1c97a5e0,id=019fba02-eef9-7a03-b113-72a5db4a80a4
Failed to send compressed multipart ingest: langsmith.utils.LangSmithRateLimitError: Rate limit exceeded for https://api.smith.langchain.com/runs/multipart. HTTPError('429 Client Error: Too Many Requests for url: https://api.smith.langchain.com/runs/multipart', '{"error":"Too many requests: tenant exceeded usage limits: Monthly unique traces usage limit exceeded"}\n')trace=019fba02-19d4-7ea2-ab00-00bb1c97a5e0,id=019fba02-eef9-7a03-b113-72a5db4a80a4; trace=019fba02-19d4-7ea2-ab00-00bb1c97a5e0,id=019fba02-eef9-7a03-b113-7299848e5936; trace=019fba02-19d4-7ea2-ab00-00bb1c97a5e0,id=019fba03-15e7-7e82-a6cb-c4019b8dda58; trace=019fba02-19d4-7ea2-ab00-00bb1c97a5e0,id=019fba03-15e8-7232-8aae-f598db5662e3
Calling Baseline Move server...
Calling Baseline Move server...
Calling Baseline Move server...
Calling Baseline Move server...
Calling Baseline Move server...
[baseline] 18/104 scenario_01_05 (repeat 2/4)
Failed to send compressed multipart ingest: langsmith.utils.LangSmithRateLimitError: Rate limit exceeded for https://api.smith.langchain.com/runs/multipart. HTTPError('429 Client Error: Too Many Requests for url: https://api.smith.langchain.com/runs/multipart', '{"error":"Too many requests: tenant exceeded usage limits: Monthly unique traces usage limit exceeded"}\n')trace=019fba02-19d4-7ea2-ab00-00bb1c97a5e0,id=019fba03-15e8-7232-8aae-f598db5662e3; trace=019fba02-19d4-7ea2-ab00-00bb1c97a5e0,id=019fba03-c349-7052-a69c-2d0ee6bb5a5a; trace=019fba02-19d4-7ea2-ab00-00bb1c97a5e0,id=019fba03-c349-7052-a69c-2d0ee6bb5a5a; trace=019fba02-19d4-7ea2-ab00-00bb1c97a5e0,id=019fba03-15e7-7e82-a6cb-c4019b8dda58; trace=019fba02-19d4-7ea2-ab00-00bb1c97a5e0,id=019fba03-c34b-7273-a6cd-f8a90840593c; trace=019fba02-19d4-7ea2-ab00-00bb1c97a5e0,id=019fba03-c34b-7273-a6cd-f8a90840593c; trace=019fba02-19d4-7ea2-ab00-00bb1c97a5e0,id=019fba02-19d4-7ea2-ab00-00bb1c97a5e0; trace=019fba03-c35e-7421-8c60-fcb3f62aaacb,id=019fba03-c35e-7421-8c60-fcb3f62aaacb; trace=019fba03-c35e-7421-8c60-fcb3f62aaacb,id=019fba03-c35f-7241-b03c-672822c31a2e; trace=019fba03-c35e-7421-8c60-fcb3f62aaacb,id=019fba03-c35f-7241-b03c-672822c31a2e; trace=019fba03-c35e-7421-8c60-fcb3f62aaacb,id=019fba03-c360-7cc0-a20c-6a87564d1761; trace=019fba03-c35e-7421-8c60-fcb3f62aaacb,id=019fba03-c39c-7020-862c-054bf6fda7a4; trace=019fba03-c35e-7421-8c60-fcb3f62aaacb,id=019fba03-c39c-7020-862c-054bf6fda7a4; trace=019fba03-c35e-7421-8c60-fcb3f62aaacb,id=019fba03-c360-7cc0-a20c-6a87564d1761; trace=019fba03-c35e-7421-8c60-fcb3f62aaacb,id=019fba03-c39e-7dd1-bed5-c407e362c4c1; trace=019fba03-c35e-7421-8c60-fcb3f62aaacb,id=019fba03-c39e-7dd1-bed5-c41e67ce83b0
Failed to send compressed multipart ingest: langsmith.utils.LangSmithRateLimitError: Rate limit exceeded for https://api.smith.langchain.com/runs/multipart. HTTPError('429 Client Error: Too Many Requests for url: https://api.smith.langchain.com/runs/multipart', '{"error":"Too many requests: tenant exceeded usage limits: Monthly unique traces usage limit exceeded"}\n')trace=019fba03-c35e-7421-8c60-fcb3f62aaacb,id=019fba03-c39e-7dd1-bed5-c41e67ce83b0; trace=019fba03-c35e-7421-8c60-fcb3f62aaacb,id=019fba03-c39e-7dd1-bed5-c407e362c4c1; trace=019fba03-c35e-7421-8c60-fcb3f62aaacb,id=019fba03-d6ca-7882-ad28-ec9b58ae54de; trace=019fba03-c35e-7421-8c60-fcb3f62aaacb,id=019fba03-d6cc-78a3-9075-b94b2c6f579c
Failed to send compressed multipart ingest: langsmith.utils.LangSmithRateLimitError: Rate limit exceeded for https://api.smith.langchain.com/runs/multipart. HTTPError('429 Client Error: Too Many Requests for url: https://api.smith.langchain.com/runs/multipart', '{"error":"Too many requests: tenant exceeded usage limits: Monthly unique traces usage limit exceeded"}\n')trace=019fba03-c35e-7421-8c60-fcb3f62aaacb,id=019fba03-d6cc-78a3-9075-b94b2c6f579c; trace=019fba03-c35e-7421-8c60-fcb3f62aaacb,id=019fba04-2910-7912-8930-47e05e237ecc
Failed to send compressed multipart ingest: langsmith.utils.LangSmithRateLimitError: Rate limit exceeded for https://api.smith.langchain.com/runs/multipart. HTTPError('429 Client Error: Too Many Requests for url: https://api.smith.langchain.com/runs/multipart', '{"error":"Too many requests: tenant exceeded usage limits: Monthly unique traces usage limit exceeded"}\n')trace=019fba03-c35e-7421-8c60-fcb3f62aaacb,id=019fba04-2910-7912-8930-47e05e237ecc; trace=019fba03-c35e-7421-8c60-fcb3f62aaacb,id=019fba05-46ff-76f3-acd3-99815e07c1a3; trace=019fba03-c35e-7421-8c60-fcb3f62aaacb,id=019fba05-46ff-76f3-acd3-99815e07c1a3; trace=019fba03-c35e-7421-8c60-fcb3f62aaacb,id=019fba03-d6ca-7882-ad28-ec9b58ae54de; trace=019fba03-c35e-7421-8c60-fcb3f62aaacb,id=019fba05-4700-7b61-9a07-2fb5521c1d45; trace=019fba03-c35e-7421-8c60-fcb3f62aaacb,id=019fba05-4700-7b61-9a07-2fca66dfe426
Failed to send compressed multipart ingest: langsmith.utils.LangSmithRateLimitError: Rate limit exceeded for https://api.smith.langchain.com/runs/multipart. HTTPError('429 Client Error: Too Many Requests for url: https://api.smith.langchain.com/runs/multipart', '{"error":"Too many requests: tenant exceeded usage limits: Monthly unique traces usage limit exceeded"}\n')trace=019fba03-c35e-7421-8c60-fcb3f62aaacb,id=019fba05-4700-7b61-9a07-2fca66dfe426; trace=019fba03-c35e-7421-8c60-fcb3f62aaacb,id=019fba05-4700-7b61-9a07-2fb5521c1d45; trace=019fba03-c35e-7421-8c60-fcb3f62aaacb,id=019fba05-5e45-7453-b0ad-689a8de262f2; trace=019fba03-c35e-7421-8c60-fcb3f62aaacb,id=019fba05-5e47-79c3-9ec6-29813584f9db
Failed to send compressed multipart ingest: langsmith.utils.LangSmithRateLimitError: Rate limit exceeded for https://api.smith.langchain.com/runs/multipart. HTTPError('429 Client Error: Too Many Requests for url: https://api.smith.langchain.com/runs/multipart', '{"error":"Too many requests: tenant exceeded usage limits: Monthly unique traces usage limit exceeded"}\n')trace=019fba03-c35e-7421-8c60-fcb3f62aaacb,id=019fba05-5e47-79c3-9ec6-29813584f9db; trace=019fba03-c35e-7421-8c60-fcb3f62aaacb,id=019fba06-4098-72a2-b937-f7fe23be5be2; trace=019fba03-c35e-7421-8c60-fcb3f62aaacb,id=019fba06-4098-72a2-b937-f7fe23be5be2; trace=019fba03-c35e-7421-8c60-fcb3f62aaacb,id=019fba05-5e45-7453-b0ad-689a8de262f2; trace=019fba03-c35e-7421-8c60-fcb3f62aaacb,id=019fba06-4099-7993-a564-39c2a1c5649a; trace=019fba03-c35e-7421-8c60-fcb3f62aaacb,id=019fba06-409a-7290-98ac-a3821153ebfa
Failed to send compressed multipart ingest: langsmith.utils.LangSmithRateLimitError: Rate limit exceeded for https://api.smith.langchain.com/runs/multipart. HTTPError('429 Client Error: Too Many Requests for url: https://api.smith.langchain.com/runs/multipart', '{"error":"Too many requests: tenant exceeded usage limits: Monthly unique traces usage limit exceeded"}\n')trace=019fba03-c35e-7421-8c60-fcb3f62aaacb,id=019fba06-409a-7290-98ac-a3821153ebfa; trace=019fba03-c35e-7421-8c60-fcb3f62aaacb,id=019fba06-4099-7993-a564-39c2a1c5649a; trace=019fba03-c35e-7421-8c60-fcb3f62aaacb,id=019fba06-5606-74e0-b593-546aacc08b6a; trace=019fba03-c35e-7421-8c60-fcb3f62aaacb,id=019fba06-5608-71c3-ba4f-e214f2334bb0
Failed to send compressed multipart ingest: langsmith.utils.LangSmithRateLimitError: Rate limit exceeded for https://api.smith.langchain.com/runs/multipart. HTTPError('429 Client Error: Too Many Requests for url: https://api.smith.langchain.com/runs/multipart', '{"error":"Too many requests: tenant exceeded usage limits: Monthly unique traces usage limit exceeded"}\n')trace=019fba03-c35e-7421-8c60-fcb3f62aaacb,id=019fba06-5608-71c3-ba4f-e214f2334bb0; trace=019fba03-c35e-7421-8c60-fcb3f62aaacb,id=019fba06-65e2-7740-8c95-e3437098229b; trace=019fba03-c35e-7421-8c60-fcb3f62aaacb,id=019fba06-65e2-7740-8c95-e3437098229b; trace=019fba03-c35e-7421-8c60-fcb3f62aaacb,id=019fba06-5606-74e0-b593-546aacc08b6a; trace=019fba03-c35e-7421-8c60-fcb3f62aaacb,id=019fba06-65e2-7740-8c95-e354d749b611; trace=019fba03-c35e-7421-8c60-fcb3f62aaacb,id=019fba06-65e3-7762-ab28-99e143266bb7
Failed to send compressed multipart ingest: langsmith.utils.LangSmithRateLimitError: Rate limit exceeded for https://api.smith.langchain.com/runs/multipart. HTTPError('429 Client Error: Too Many Requests for url: https://api.smith.langchain.com/runs/multipart', '{"error":"Too many requests: tenant exceeded usage limits: Monthly unique traces usage limit exceeded"}\n')trace=019fba03-c35e-7421-8c60-fcb3f62aaacb,id=019fba06-65e3-7762-ab28-99e143266bb7; trace=019fba03-c35e-7421-8c60-fcb3f62aaacb,id=019fba06-65e2-7740-8c95-e354d749b611; trace=019fba03-c35e-7421-8c60-fcb3f62aaacb,id=019fba06-7c09-7f20-8d94-541ad27a6a3d; trace=019fba03-c35e-7421-8c60-fcb3f62aaacb,id=019fba06-7c0a-7d51-8a49-71e6e06740d4
Failed to send compressed multipart ingest: langsmith.utils.LangSmithRateLimitError: Rate limit exceeded for https://api.smith.langchain.com/runs/multipart. HTTPError('429 Client Error: Too Many Requests for url: https://api.smith.langchain.com/runs/multipart', '{"error":"Too many requests: tenant exceeded usage limits: Monthly unique traces usage limit exceeded"}\n')trace=019fba03-c35e-7421-8c60-fcb3f62aaacb,id=019fba06-7c0a-7d51-8a49-71e6e06740d4; trace=019fba03-c35e-7421-8c60-fcb3f62aaacb,id=019fba06-8d63-7143-8bbf-73876be84d00; trace=019fba03-c35e-7421-8c60-fcb3f62aaacb,id=019fba06-8d63-7143-8bbf-73876be84d00; trace=019fba03-c35e-7421-8c60-fcb3f62aaacb,id=019fba06-7c09-7f20-8d94-541ad27a6a3d; trace=019fba03-c35e-7421-8c60-fcb3f62aaacb,id=019fba06-8d64-75b0-8822-bd3d077fd88a; trace=019fba03-c35e-7421-8c60-fcb3f62aaacb,id=019fba06-8d64-75b0-8822-bd4dd0f996a1
Failed to send compressed multipart ingest: langsmith.utils.LangSmithRateLimitError: Rate limit exceeded for https://api.smith.langchain.com/runs/multipart. HTTPError('429 Client Error: Too Many Requests for url: https://api.smith.langchain.com/runs/multipart', '{"error":"Too many requests: tenant exceeded usage limits: Monthly unique traces usage limit exceeded"}\n')trace=019fba03-c35e-7421-8c60-fcb3f62aaacb,id=019fba06-8d64-75b0-8822-bd4dd0f996a1; trace=019fba03-c35e-7421-8c60-fcb3f62aaacb,id=019fba06-8d64-75b0-8822-bd3d077fd88a; trace=019fba03-c35e-7421-8c60-fcb3f62aaacb,id=019fba06-a5d1-79f3-97fb-087ea0831529; trace=019fba03-c35e-7421-8c60-fcb3f62aaacb,id=019fba06-a5d3-7f91-a3df-6ce5e187e361
Calling Baseline Move server...
Calling Baseline Move server (JSON repair retry)...
Calling Baseline Move server...
Calling Baseline Move server...
Calling Baseline Move server...
Calling Baseline Move server...
[baseline] 19/104 scenario_01_05 (repeat 3/4)
Failed to send compressed multipart ingest: langsmith.utils.LangSmithRateLimitError: Rate limit exceeded for https://api.smith.langchain.com/runs/multipart. HTTPError('429 Client Error: Too Many Requests for url: https://api.smith.langchain.com/runs/multipart', '{"error":"Too many requests: tenant exceeded usage limits: Monthly unique traces usage limit exceeded"}\n')trace=019fba03-c35e-7421-8c60-fcb3f62aaacb,id=019fba06-a5d3-7f91-a3df-6ce5e187e361; trace=019fba03-c35e-7421-8c60-fcb3f62aaacb,id=019fba07-ea1b-76f2-974d-15ca712a74ce; trace=019fba03-c35e-7421-8c60-fcb3f62aaacb,id=019fba07-ea1b-76f2-974d-15ca712a74ce; trace=019fba03-c35e-7421-8c60-fcb3f62aaacb,id=019fba06-a5d1-79f3-97fb-087ea0831529; trace=019fba03-c35e-7421-8c60-fcb3f62aaacb,id=019fba07-ea1c-7910-aaa8-777ca0d7cbef; trace=019fba03-c35e-7421-8c60-fcb3f62aaacb,id=019fba07-ea1c-7910-aaa8-777ca0d7cbef; trace=019fba03-c35e-7421-8c60-fcb3f62aaacb,id=019fba03-c35e-7421-8c60-fcb3f62aaacb; trace=019fba07-ea41-7462-b9b9-52159ff08383,id=019fba07-ea41-7462-b9b9-52159ff08383; trace=019fba07-ea41-7462-b9b9-52159ff08383,id=019fba07-ea41-7462-b9b9-52261db13690; trace=019fba07-ea41-7462-b9b9-52159ff08383,id=019fba07-ea41-7462-b9b9-52261db13690; trace=019fba07-ea41-7462-b9b9-52159ff08383,id=019fba07-ea42-7cb0-bd70-bc41e14c8f2a; trace=019fba07-ea41-7462-b9b9-52159ff08383,id=019fba07-ea6b-7060-af6d-e14a2607662f; trace=019fba07-ea41-7462-b9b9-52159ff08383,id=019fba07-ea6b-7060-af6d-e14a2607662f; trace=019fba07-ea41-7462-b9b9-52159ff08383,id=019fba07-ea42-7cb0-bd70-bc41e14c8f2a; trace=019fba07-ea41-7462-b9b9-52159ff08383,id=019fba07-ea6c-71b1-9e3f-10361ec86a06; trace=019fba07-ea41-7462-b9b9-52159ff08383,id=019fba07-ea6c-71b1-9e3f-10404d260f5a
Failed to send compressed multipart ingest: langsmith.utils.LangSmithRateLimitError: Rate limit exceeded for https://api.smith.langchain.com/runs/multipart. HTTPError('429 Client Error: Too Many Requests for url: https://api.smith.langchain.com/runs/multipart', '{"error":"Too many requests: tenant exceeded usage limits: Monthly unique traces usage limit exceeded"}\n')trace=019fba07-ea41-7462-b9b9-52159ff08383,id=019fba07-ea6c-71b1-9e3f-10404d260f5a; trace=019fba07-ea41-7462-b9b9-52159ff08383,id=019fba07-ea6c-71b1-9e3f-10361ec86a06; trace=019fba07-ea41-7462-b9b9-52159ff08383,id=019fba07-fedf-7742-acf1-420492cb9150; trace=019fba07-ea41-7462-b9b9-52159ff08383,id=019fba07-fee1-7c51-bcb4-f331ec7dd01e
Failed to send compressed multipart ingest: langsmith.utils.LangSmithRateLimitError: Rate limit exceeded for https://api.smith.langchain.com/runs/multipart. HTTPError('429 Client Error: Too Many Requests for url: https://api.smith.langchain.com/runs/multipart', '{"error":"Too many requests: tenant exceeded usage limits: Monthly unique traces usage limit exceeded"}\n')trace=019fba07-ea41-7462-b9b9-52159ff08383,id=019fba07-fee1-7c51-bcb4-f331ec7dd01e; trace=019fba07-ea41-7462-b9b9-52159ff08383,id=019fba08-222b-72c1-aabe-b7f9cd96db91; trace=019fba07-ea41-7462-b9b9-52159ff08383,id=019fba08-222b-72c1-aabe-b7f9cd96db91; trace=019fba07-ea41-7462-b9b9-52159ff08383,id=019fba07-fedf-7742-acf1-420492cb9150; trace=019fba07-ea41-7462-b9b9-52159ff08383,id=019fba08-222d-76f2-a4e8-1f571558a228; trace=019fba07-ea41-7462-b9b9-52159ff08383,id=019fba08-222e-7662-9d8f-aee08b0eef57
Failed to send compressed multipart ingest: langsmith.utils.LangSmithRateLimitError: Rate limit exceeded for https://api.smith.langchain.com/runs/multipart. HTTPError('429 Client Error: Too Many Requests for url: https://api.smith.langchain.com/runs/multipart', '{"error":"Too many requests: tenant exceeded usage limits: Monthly unique traces usage limit exceeded"}\n')trace=019fba07-ea41-7462-b9b9-52159ff08383,id=019fba08-222e-7662-9d8f-aee08b0eef57; trace=019fba07-ea41-7462-b9b9-52159ff08383,id=019fba08-222d-76f2-a4e8-1f571558a228; trace=019fba07-ea41-7462-b9b9-52159ff08383,id=019fba08-36c4-76c0-b88d-7e5556d43bfd; trace=019fba07-ea41-7462-b9b9-52159ff08383,id=019fba08-36c5-7202-ad4d-444a859276e1
Failed to send compressed multipart ingest: langsmith.utils.LangSmithRateLimitError: Rate limit exceeded for https://api.smith.langchain.com/runs/multipart. HTTPError('429 Client Error: Too Many Requests for url: https://api.smith.langchain.com/runs/multipart', '{"error":"Too many requests: tenant exceeded usage limits: Monthly unique traces usage limit exceeded"}\n')trace=019fba07-ea41-7462-b9b9-52159ff08383,id=019fba08-36c5-7202-ad4d-444a859276e1; trace=019fba07-ea41-7462-b9b9-52159ff08383,id=019fba08-9905-72e0-9329-9e6c2ea2f608; trace=019fba07-ea41-7462-b9b9-52159ff08383,id=019fba08-9905-72e0-9329-9e6c2ea2f608; trace=019fba07-ea41-7462-b9b9-52159ff08383,id=019fba08-36c4-76c0-b88d-7e5556d43bfd; trace=019fba07-ea41-7462-b9b9-52159ff08383,id=019fba08-9907-70f3-8550-a693387084e7; trace=019fba07-ea41-7462-b9b9-52159ff08383,id=019fba08-9909-7763-acae-c1c5d32eb83b
Failed to send compressed multipart ingest: langsmith.utils.LangSmithRateLimitError: Rate limit exceeded for https://api.smith.langchain.com/runs/multipart. HTTPError('429 Client Error: Too Many Requests for url: https://api.smith.langchain.com/runs/multipart', '{"error":"Too many requests: tenant exceeded usage limits: Monthly unique traces usage limit exceeded"}\n')trace=019fba07-ea41-7462-b9b9-52159ff08383,id=019fba08-9909-7763-acae-c1c5d32eb83b; trace=019fba07-ea41-7462-b9b9-52159ff08383,id=019fba08-9907-70f3-8550-a693387084e7; trace=019fba07-ea41-7462-b9b9-52159ff08383,id=019fba08-ac8c-7bc3-b7ef-3f18a20154ac; trace=019fba07-ea41-7462-b9b9-52159ff08383,id=019fba08-ac8e-7a93-b80d-3bc374483f71
Failed to send compressed multipart ingest: langsmith.utils.LangSmithRateLimitError: Rate limit exceeded for https://api.smith.langchain.com/runs/multipart. HTTPError('429 Client Error: Too Many Requests for url: https://api.smith.langchain.com/runs/multipart', '{"error":"Too many requests: tenant exceeded usage limits: Monthly unique traces usage limit exceeded"}\n')trace=019fba07-ea41-7462-b9b9-52159ff08383,id=019fba08-ac8e-7a93-b80d-3bc374483f71; trace=019fba07-ea41-7462-b9b9-52159ff08383,id=019fba08-cd4d-7ec0-8ebb-8f2b3a150a10; trace=019fba07-ea41-7462-b9b9-52159ff08383,id=019fba08-cd4d-7ec0-8ebb-8f2b3a150a10; trace=019fba07-ea41-7462-b9b9-52159ff08383,id=019fba08-ac8c-7bc3-b7ef-3f18a20154ac; trace=019fba07-ea41-7462-b9b9-52159ff08383,id=019fba08-cd4e-7fa2-b2ef-6273a49908f2; trace=019fba07-ea41-7462-b9b9-52159ff08383,id=019fba08-cd4f-7c91-a0f3-b392ec0e441d
Failed to send compressed multipart ingest: langsmith.utils.LangSmithRateLimitError: Rate limit exceeded for https://api.smith.langchain.com/runs/multipart. HTTPError('429 Client Error: Too Many Requests for url: https://api.smith.langchain.com/runs/multipart', '{"error":"Too many requests: tenant exceeded usage limits: Monthly unique traces usage limit exceeded"}\n')trace=019fba07-ea41-7462-b9b9-52159ff08383,id=019fba08-cd4f-7c91-a0f3-b392ec0e441d; trace=019fba07-ea41-7462-b9b9-52159ff08383,id=019fba08-cd4e-7fa2-b2ef-6273a49908f2; trace=019fba07-ea41-7462-b9b9-52159ff08383,id=019fba08-f006-74d1-8f8a-7e12cdf6e261; trace=019fba07-ea41-7462-b9b9-52159ff08383,id=019fba08-f008-7c32-af4b-ffcf5c4b2b8e
Calling Baseline Move server...
Calling Baseline Move server...
Calling Baseline Move server...
Calling Baseline Move server...
[baseline] 20/104 scenario_01_05 (repeat 4/4)
Failed to send compressed multipart ingest: langsmith.utils.LangSmithRateLimitError: Rate limit exceeded for https://api.smith.langchain.com/runs/multipart. HTTPError('429 Client Error: Too Many Requests for url: https://api.smith.langchain.com/runs/multipart', '{"error":"Too many requests: tenant exceeded usage limits: Monthly unique traces usage limit exceeded"}\n')trace=019fba07-ea41-7462-b9b9-52159ff08383,id=019fba08-f008-7c32-af4b-ffcf5c4b2b8e; trace=019fba07-ea41-7462-b9b9-52159ff08383,id=019fba09-72ca-7421-9828-956b16411df4; trace=019fba07-ea41-7462-b9b9-52159ff08383,id=019fba09-72ca-7421-9828-956b16411df4; trace=019fba07-ea41-7462-b9b9-52159ff08383,id=019fba08-f006-74d1-8f8a-7e12cdf6e261; trace=019fba07-ea41-7462-b9b9-52159ff08383,id=019fba09-72cb-7392-b640-5077e2120e92; trace=019fba07-ea41-7462-b9b9-52159ff08383,id=019fba09-72cb-7392-b640-5077e2120e92; trace=019fba07-ea41-7462-b9b9-52159ff08383,id=019fba07-ea41-7462-b9b9-52159ff08383; trace=019fba09-72f6-7572-8204-a547adc56eb0,id=019fba09-72f6-7572-8204-a547adc56eb0; trace=019fba09-72f6-7572-8204-a547adc56eb0,id=019fba09-72f6-7572-8204-a55b12e20fe6; trace=019fba09-72f6-7572-8204-a547adc56eb0,id=019fba09-72f6-7572-8204-a55b12e20fe6; trace=019fba09-72f6-7572-8204-a547adc56eb0,id=019fba09-72f7-7c63-80ca-4d7c627c0b22; trace=019fba09-72f6-7572-8204-a547adc56eb0,id=019fba09-733c-7542-b3b7-927d3e36847f; trace=019fba09-72f6-7572-8204-a547adc56eb0,id=019fba09-733c-7542-b3b7-927d3e36847f; trace=019fba09-72f6-7572-8204-a547adc56eb0,id=019fba09-72f7-7c63-80ca-4d7c627c0b22; trace=019fba09-72f6-7572-8204-a547adc56eb0,id=019fba09-733d-71c0-a66b-b4f57cc925db; trace=019fba09-72f6-7572-8204-a547adc56eb0,id=019fba09-733e-7451-be36-137a1d5b6e02
Failed to send compressed multipart ingest: langsmith.utils.LangSmithRateLimitError: Rate limit exceeded for https://api.smith.langchain.com/runs/multipart. HTTPError('429 Client Error: Too Many Requests for url: https://api.smith.langchain.com/runs/multipart', '{"error":"Too many requests: tenant exceeded usage limits: Monthly unique traces usage limit exceeded"}\n')trace=019fba09-72f6-7572-8204-a547adc56eb0,id=019fba09-733e-7451-be36-137a1d5b6e02; trace=019fba09-72f6-7572-8204-a547adc56eb0,id=019fba09-733d-71c0-a66b-b4f57cc925db; trace=019fba09-72f6-7572-8204-a547adc56eb0,id=019fba09-9546-7df0-b662-40c52bddd66d; trace=019fba09-72f6-7572-8204-a547adc56eb0,id=019fba09-9548-78e1-ac62-0e5c83275351
Failed to send compressed multipart ingest: langsmith.utils.LangSmithRateLimitError: Rate limit exceeded for https://api.smith.langchain.com/runs/multipart. HTTPError('429 Client Error: Too Many Requests for url: https://api.smith.langchain.com/runs/multipart', '{"error":"Too many requests: tenant exceeded usage limits: Monthly unique traces usage limit exceeded"}\n')trace=019fba09-72f6-7572-8204-a547adc56eb0,id=019fba09-9548-78e1-ac62-0e5c83275351; trace=019fba09-72f6-7572-8204-a547adc56eb0,id=019fba09-b496-7e63-bf8b-c21448933d77; trace=019fba09-72f6-7572-8204-a547adc56eb0,id=019fba09-b496-7e63-bf8b-c21448933d77; trace=019fba09-72f6-7572-8204-a547adc56eb0,id=019fba09-9546-7df0-b662-40c52bddd66d; trace=019fba09-72f6-7572-8204-a547adc56eb0,id=019fba09-b497-7b30-b1c8-7b2afb2066b0; trace=019fba09-72f6-7572-8204-a547adc56eb0,id=019fba09-b497-7b30-b1c8-7b31448e521c
Failed to send compressed multipart ingest: langsmith.utils.LangSmithRateLimitError: Rate limit exceeded for https://api.smith.langchain.com/runs/multipart. HTTPError('429 Client Error: Too Many Requests for url: https://api.smith.langchain.com/runs/multipart', '{"error":"Too many requests: tenant exceeded usage limits: Monthly unique traces usage limit exceeded"}\n')trace=019fba09-72f6-7572-8204-a547adc56eb0,id=019fba09-b497-7b30-b1c8-7b31448e521c; trace=019fba09-72f6-7572-8204-a547adc56eb0,id=019fba09-b497-7b30-b1c8-7b2afb2066b0; trace=019fba09-72f6-7572-8204-a547adc56eb0,id=019fba09-c7d9-71c3-af8d-2de86e14dd0a; trace=019fba09-72f6-7572-8204-a547adc56eb0,id=019fba09-c7db-73c1-824e-c7cb75c3d691
Failed to send compressed multipart ingest: langsmith.utils.LangSmithRateLimitError: Rate limit exceeded for https://api.smith.langchain.com/runs/multipart. HTTPError('429 Client Error: Too Many Requests for url: https://api.smith.langchain.com/runs/multipart', '{"error":"Too many requests: tenant exceeded usage limits: Monthly unique traces usage limit exceeded"}\n')trace=019fba09-72f6-7572-8204-a547adc56eb0,id=019fba09-c7db-73c1-824e-c7cb75c3d691; trace=019fba09-72f6-7572-8204-a547adc56eb0,id=019fba09-f16b-7fb2-a426-07f93f6eedad; trace=019fba09-72f6-7572-8204-a547adc56eb0,id=019fba09-f16b-7fb2-a426-07f93f6eedad; trace=019fba09-72f6-7572-8204-a547adc56eb0,id=019fba09-c7d9-71c3-af8d-2de86e14dd0a; trace=019fba09-72f6-7572-8204-a547adc56eb0,id=019fba09-f16c-7713-8450-035e0d0f10fd; trace=019fba09-72f6-7572-8204-a547adc56eb0,id=019fba09-f16d-7790-9af0-f0f3e9830892
Failed to send compressed multipart ingest: langsmith.utils.LangSmithRateLimitError: Rate limit exceeded for https://api.smith.langchain.com/runs/multipart. HTTPError('429 Client Error: Too Many Requests for url: https://api.smith.langchain.com/runs/multipart', '{"error":"Too many requests: tenant exceeded usage limits: Monthly unique traces usage limit exceeded"}\n')trace=019fba09-72f6-7572-8204-a547adc56eb0,id=019fba09-f16d-7790-9af0-f0f3e9830892; trace=019fba09-72f6-7572-8204-a547adc56eb0,id=019fba09-f16c-7713-8450-035e0d0f10fd; trace=019fba09-72f6-7572-8204-a547adc56eb0,id=019fba0a-0143-7ba2-a404-e4a8976cd501; trace=019fba09-72f6-7572-8204-a547adc56eb0,id=019fba0a-0145-7eb2-9059-bfa91d00affa
Failed to send compressed multipart ingest: langsmith.utils.LangSmithRateLimitError: Rate limit exceeded for https://api.smith.langchain.com/runs/multipart. HTTPError('429 Client Error: Too Many Requests for url: https://api.smith.langchain.com/runs/multipart', '{"error":"Too many requests: tenant exceeded usage limits: Monthly unique traces usage limit exceeded"}\n')trace=019fba09-72f6-7572-8204-a547adc56eb0,id=019fba0a-0145-7eb2-9059-bfa91d00affa; trace=019fba09-72f6-7572-8204-a547adc56eb0,id=019fba0a-1fbd-7372-996b-a8bab293ec8e; trace=019fba09-72f6-7572-8204-a547adc56eb0,id=019fba0a-1fbd-7372-996b-a8bab293ec8e; trace=019fba09-72f6-7572-8204-a547adc56eb0,id=019fba0a-0143-7ba2-a404-e4a8976cd501; trace=019fba09-72f6-7572-8204-a547adc56eb0,id=019fba0a-1fbe-79b2-b95e-faebccae4413; trace=019fba09-72f6-7572-8204-a547adc56eb0,id=019fba0a-1fbf-7c30-8328-f89f00134f83
Failed to send compressed multipart ingest: langsmith.utils.LangSmithRateLimitError: Rate limit exceeded for https://api.smith.langchain.com/runs/multipart. HTTPError('429 Client Error: Too Many Requests for url: https://api.smith.langchain.com/runs/multipart', '{"error":"Too many requests: tenant exceeded usage limits: Monthly unique traces usage limit exceeded"}\n')trace=019fba09-72f6-7572-8204-a547adc56eb0,id=019fba0a-1fbf-7c30-8328-f89f00134f83; trace=019fba09-72f6-7572-8204-a547adc56eb0,id=019fba0a-1fbe-79b2-b95e-faebccae4413; trace=019fba09-72f6-7572-8204-a547adc56eb0,id=019fba0a-4e28-7922-8fc9-cb9161aba996; trace=019fba09-72f6-7572-8204-a547adc56eb0,id=019fba0a-4e2a-7aa0-963d-eba4ecd02908
Calling Baseline Move server...
Calling Baseline Move server...
Calling Baseline Move server...
Calling Baseline Move server...
[baseline] 21/104 scenario_01_06 (repeat 1/4)
Failed to send compressed multipart ingest: langsmith.utils.LangSmithRateLimitError: Rate limit exceeded for https://api.smith.langchain.com/runs/multipart. HTTPError('429 Client Error: Too Many Requests for url: https://api.smith.langchain.com/runs/multipart', '{"error":"Too many requests: tenant exceeded usage limits: Monthly unique traces usage limit exceeded"}\n')trace=019fba09-72f6-7572-8204-a547adc56eb0,id=019fba0a-4e2a-7aa0-963d-eba4ecd02908; trace=019fba09-72f6-7572-8204-a547adc56eb0,id=019fba0a-afa2-7b12-a0bc-12eb31a5194d; trace=019fba09-72f6-7572-8204-a547adc56eb0,id=019fba0a-afa2-7b12-a0bc-12eb31a5194d; trace=019fba09-72f6-7572-8204-a547adc56eb0,id=019fba0a-4e28-7922-8fc9-cb9161aba996; trace=019fba09-72f6-7572-8204-a547adc56eb0,id=019fba0a-afa5-7c63-ba24-61ff2c3c27cf; trace=019fba09-72f6-7572-8204-a547adc56eb0,id=019fba0a-afa5-7c63-ba24-61ff2c3c27cf; trace=019fba09-72f6-7572-8204-a547adc56eb0,id=019fba09-72f6-7572-8204-a547adc56eb0; trace=019fba0a-b064-7a42-bd3b-f321b2200555,id=019fba0a-b064-7a42-bd3b-f321b2200555; trace=019fba0a-b064-7a42-bd3b-f321b2200555,id=019fba0a-b065-7333-89e0-cd658f303814; trace=019fba0a-b064-7a42-bd3b-f321b2200555,id=019fba0a-b065-7333-89e0-cd658f303814; trace=019fba0a-b064-7a42-bd3b-f321b2200555,id=019fba0a-b065-7333-89e0-cd765f047269; trace=019fba0a-b064-7a42-bd3b-f321b2200555,id=019fba0a-b0f9-79b3-a10b-b516f498dfa5; trace=019fba0a-b064-7a42-bd3b-f321b2200555,id=019fba0a-b0f9-79b3-a10b-b516f498dfa5; trace=019fba0a-b064-7a42-bd3b-f321b2200555,id=019fba0a-b065-7333-89e0-cd765f047269; trace=019fba0a-b064-7a42-bd3b-f321b2200555,id=019fba0a-b0fa-73c2-8c27-a7b04a01cf27; trace=019fba0a-b064-7a42-bd3b-f321b2200555,id=019fba0a-b0fa-73c2-8c27-a7cd7b80a6ec
Failed to send compressed multipart ingest: langsmith.utils.LangSmithRateLimitError: Rate limit exceeded for https://api.smith.langchain.com/runs/multipart. HTTPError('429 Client Error: Too Many Requests for url: https://api.smith.langchain.com/runs/multipart', '{"error":"Too many requests: tenant exceeded usage limits: Monthly unique traces usage limit exceeded"}\n')trace=019fba0a-b064-7a42-bd3b-f321b2200555,id=019fba0a-b0fa-73c2-8c27-a7cd7b80a6ec; trace=019fba0a-b064-7a42-bd3b-f321b2200555,id=019fba0a-b0fa-73c2-8c27-a7b04a01cf27; trace=019fba0a-b064-7a42-bd3b-f321b2200555,id=019fba0a-c78b-7cb1-bc91-ce3bb3a46431; trace=019fba0a-b064-7a42-bd3b-f321b2200555,id=019fba0a-c78d-7881-9d7d-f49603a324e2
Failed to send compressed multipart ingest: langsmith.utils.LangSmithRateLimitError: Rate limit exceeded for https://api.smith.langchain.com/runs/multipart. HTTPError('429 Client Error: Too Many Requests for url: https://api.smith.langchain.com/runs/multipart', '{"error":"Too many requests: tenant exceeded usage limits: Monthly unique traces usage limit exceeded"}\n')trace=019fba0a-b064-7a42-bd3b-f321b2200555,id=019fba0a-c78d-7881-9d7d-f49603a324e2; trace=019fba0a-b064-7a42-bd3b-f321b2200555,id=019fba0a-e6fc-7df2-a6e8-3bef746440da; trace=019fba0a-b064-7a42-bd3b-f321b2200555,id=019fba0a-e6fc-7df2-a6e8-3bef746440da; trace=019fba0a-b064-7a42-bd3b-f321b2200555,id=019fba0a-c78b-7cb1-bc91-ce3bb3a46431; trace=019fba0a-b064-7a42-bd3b-f321b2200555,id=019fba0a-e6fd-79f3-854b-896739e80040; trace=019fba0a-b064-7a42-bd3b-f321b2200555,id=019fba0a-e6fe-7772-8939-6920cea78a64
Failed to send compressed multipart ingest: langsmith.utils.LangSmithRateLimitError: Rate limit exceeded for https://api.smith.langchain.com/runs/multipart. HTTPError('429 Client Error: Too Many Requests for url: https://api.smith.langchain.com/runs/multipart', '{"error":"Too many requests: tenant exceeded usage limits: Monthly unique traces usage limit exceeded"}\n')trace=019fba0a-b064-7a42-bd3b-f321b2200555,id=019fba0a-e6fe-7772-8939-6920cea78a64; trace=019fba0a-b064-7a42-bd3b-f321b2200555,id=019fba0a-e6fd-79f3-854b-896739e80040; trace=019fba0a-b064-7a42-bd3b-f321b2200555,id=019fba0a-f70e-7972-9d28-112e894e1c7b; trace=019fba0a-b064-7a42-bd3b-f321b2200555,id=019fba0a-f710-74b0-8210-3659c7118c40
Failed to send compressed multipart ingest: langsmith.utils.LangSmithRateLimitError: Rate limit exceeded for https://api.smith.langchain.com/runs/multipart. HTTPError('429 Client Error: Too Many Requests for url: https://api.smith.langchain.com/runs/multipart', '{"error":"Too many requests: tenant exceeded usage limits: Monthly unique traces usage limit exceeded"}\n')trace=019fba0a-b064-7a42-bd3b-f321b2200555,id=019fba0a-f710-74b0-8210-3659c7118c40; trace=019fba0a-b064-7a42-bd3b-f321b2200555,id=019fba0b-1076-7d02-a1f6-220a9f38b6cd; trace=019fba0a-b064-7a42-bd3b-f321b2200555,id=019fba0b-1076-7d02-a1f6-220a9f38b6cd; trace=019fba0a-b064-7a42-bd3b-f321b2200555,id=019fba0a-f70e-7972-9d28-112e894e1c7b; trace=019fba0a-b064-7a42-bd3b-f321b2200555,id=019fba0b-1077-7111-af67-df477bc69f8e; trace=019fba0a-b064-7a42-bd3b-f321b2200555,id=019fba0b-1077-7111-af67-df52fbca51dc
Failed to send compressed multipart ingest: langsmith.utils.LangSmithRateLimitError: Rate limit exceeded for https://api.smith.langchain.com/runs/multipart. HTTPError('429 Client Error: Too Many Requests for url: https://api.smith.langchain.com/runs/multipart', '{"error":"Too many requests: tenant exceeded usage limits: Monthly unique traces usage limit exceeded"}\n')trace=019fba0a-b064-7a42-bd3b-f321b2200555,id=019fba0b-1077-7111-af67-df52fbca51dc; trace=019fba0a-b064-7a42-bd3b-f321b2200555,id=019fba0b-1077-7111-af67-df477bc69f8e; trace=019fba0a-b064-7a42-bd3b-f321b2200555,id=019fba0b-1ef2-79f0-a264-fbf1fd50850b; trace=019fba0a-b064-7a42-bd3b-f321b2200555,id=019fba0b-1ef4-7ee1-b58d-168146ce61ab
Failed to send compressed multipart ingest: langsmith.utils.LangSmithRateLimitError: Rate limit exceeded for https://api.smith.langchain.com/runs/multipart. HTTPError('429 Client Error: Too Many Requests for url: https://api.smith.langchain.com/runs/multipart', '{"error":"Too many requests: tenant exceeded usage limits: Monthly unique traces usage limit exceeded"}\n')trace=019fba0a-b064-7a42-bd3b-f321b2200555,id=019fba0b-1ef4-7ee1-b58d-168146ce61ab; trace=019fba0a-b064-7a42-bd3b-f321b2200555,id=019fba0b-3150-7eb2-81e0-6df6fca540dc; trace=019fba0a-b064-7a42-bd3b-f321b2200555,id=019fba0b-3150-7eb2-81e0-6df6fca540dc; trace=019fba0a-b064-7a42-bd3b-f321b2200555,id=019fba0b-1ef2-79f0-a264-fbf1fd50850b; trace=019fba0a-b064-7a42-bd3b-f321b2200555,id=019fba0b-3151-74e3-add2-154b953b97c7; trace=019fba0a-b064-7a42-bd3b-f321b2200555,id=019fba0b-3152-7ca2-8ec6-a6a45f43fecd
Failed to send compressed multipart ingest: langsmith.utils.LangSmithRateLimitError: Rate limit exceeded for https://api.smith.langchain.com/runs/multipart. HTTPError('429 Client Error: Too Many Requests for url: https://api.smith.langchain.com/runs/multipart', '{"error":"Too many requests: tenant exceeded usage limits: Monthly unique traces usage limit exceeded"}\n')trace=019fba0a-b064-7a42-bd3b-f321b2200555,id=019fba0b-3152-7ca2-8ec6-a6a45f43fecd; trace=019fba0a-b064-7a42-bd3b-f321b2200555,id=019fba0b-3151-74e3-add2-154b953b97c7; trace=019fba0a-b064-7a42-bd3b-f321b2200555,id=019fba0b-4ed1-72d0-b1c4-7342f6143f5b; trace=019fba0a-b064-7a42-bd3b-f321b2200555,id=019fba0b-4ed3-7ed2-b76a-6a9c5216838d
Calling Baseline Move server...
Calling Baseline Move server...
Calling Baseline Move server...
Calling Baseline Move server...
[baseline] 22/104 scenario_01_06 (repeat 2/4)
Failed to send compressed multipart ingest: langsmith.utils.LangSmithRateLimitError: Rate limit exceeded for https://api.smith.langchain.com/runs/multipart. HTTPError('429 Client Error: Too Many Requests for url: https://api.smith.langchain.com/runs/multipart', '{"error":"Too many requests: tenant exceeded usage limits: Monthly unique traces usage limit exceeded"}\n')trace=019fba0a-b064-7a42-bd3b-f321b2200555,id=019fba0b-4ed3-7ed2-b76a-6a9c5216838d; trace=019fba0a-b064-7a42-bd3b-f321b2200555,id=019fba0b-a0f4-79e1-bdef-c8efc7625c1e; trace=019fba0a-b064-7a42-bd3b-f321b2200555,id=019fba0b-a0f4-79e1-bdef-c8efc7625c1e; trace=019fba0a-b064-7a42-bd3b-f321b2200555,id=019fba0b-4ed1-72d0-b1c4-7342f6143f5b; trace=019fba0a-b064-7a42-bd3b-f321b2200555,id=019fba0b-a0f5-7910-ba71-5c7f505215b2; trace=019fba0a-b064-7a42-bd3b-f321b2200555,id=019fba0b-a0f5-7910-ba71-5c7f505215b2; trace=019fba0a-b064-7a42-bd3b-f321b2200555,id=019fba0a-b064-7a42-bd3b-f321b2200555; trace=019fba0b-a114-7512-b968-98f683649683,id=019fba0b-a114-7512-b968-98f683649683; trace=019fba0b-a114-7512-b968-98f683649683,id=019fba0b-a115-7e30-9bd3-2a260d9bb7b8; trace=019fba0b-a114-7512-b968-98f683649683,id=019fba0b-a115-7e30-9bd3-2a260d9bb7b8; trace=019fba0b-a114-7512-b968-98f683649683,id=019fba0b-a115-7e30-9bd3-2a3d784e871c; trace=019fba0b-a114-7512-b968-98f683649683,id=019fba0b-a181-76a1-a622-cbf2b5277dd2; trace=019fba0b-a114-7512-b968-98f683649683,id=019fba0b-a181-76a1-a622-cbf2b5277dd2; trace=019fba0b-a114-7512-b968-98f683649683,id=019fba0b-a115-7e30-9bd3-2a3d784e871c; trace=019fba0b-a114-7512-b968-98f683649683,id=019fba0b-a182-7ce3-8623-aaad94fbb818; trace=019fba0b-a114-7512-b968-98f683649683,id=019fba0b-a182-7ce3-8623-aab7051725ba
Failed to send compressed multipart ingest: langsmith.utils.LangSmithRateLimitError: Rate limit exceeded for https://api.smith.langchain.com/runs/multipart. HTTPError('429 Client Error: Too Many Requests for url: https://api.smith.langchain.com/runs/multipart', '{"error":"Too many requests: tenant exceeded usage limits: Monthly unique traces usage limit exceeded"}\n')trace=019fba0b-a114-7512-b968-98f683649683,id=019fba0b-a182-7ce3-8623-aab7051725ba; trace=019fba0b-a114-7512-b968-98f683649683,id=019fba0b-a182-7ce3-8623-aaad94fbb818; trace=019fba0b-a114-7512-b968-98f683649683,id=019fba0b-b72f-7960-84d9-2effb30a6b16; trace=019fba0b-a114-7512-b968-98f683649683,id=019fba0b-b731-7c61-96b1-49f47cbc6c06
Failed to send compressed multipart ingest: langsmith.utils.LangSmithRateLimitError: Rate limit exceeded for https://api.smith.langchain.com/runs/multipart. HTTPError('429 Client Error: Too Many Requests for url: https://api.smith.langchain.com/runs/multipart', '{"error":"Too many requests: tenant exceeded usage limits: Monthly unique traces usage limit exceeded"}\n')trace=019fba0b-a114-7512-b968-98f683649683,id=019fba0b-b731-7c61-96b1-49f47cbc6c06; trace=019fba0b-a114-7512-b968-98f683649683,id=019fba0b-cc83-7f93-bc20-736745688ac9; trace=019fba0b-a114-7512-b968-98f683649683,id=019fba0b-cc83-7f93-bc20-736745688ac9; trace=019fba0b-a114-7512-b968-98f683649683,id=019fba0b-b72f-7960-84d9-2effb30a6b16; trace=019fba0b-a114-7512-b968-98f683649683,id=019fba0b-cc84-78e1-a286-d1002db4a616; trace=019fba0b-a114-7512-b968-98f683649683,id=019fba0b-cc84-78e1-a286-d110ea58fc5f
Failed to send compressed multipart ingest: langsmith.utils.LangSmithRateLimitError: Rate limit exceeded for https://api.smith.langchain.com/runs/multipart. HTTPError('429 Client Error: Too Many Requests for url: https://api.smith.langchain.com/runs/multipart', '{"error":"Too many requests: tenant exceeded usage limits: Monthly unique traces usage limit exceeded"}\n')trace=019fba0b-a114-7512-b968-98f683649683,id=019fba0b-cc84-78e1-a286-d110ea58fc5f; trace=019fba0b-a114-7512-b968-98f683649683,id=019fba0b-cc84-78e1-a286-d1002db4a616; trace=019fba0b-a114-7512-b968-98f683649683,id=019fba0b-ddd5-75b2-a694-aa5b973fbe3f; trace=019fba0b-a114-7512-b968-98f683649683,id=019fba0b-ddd7-7273-ae5e-7c1e75e86f71
Failed to send compressed multipart ingest: langsmith.utils.LangSmithRateLimitError: Rate limit exceeded for https://api.smith.langchain.com/runs/multipart. HTTPError('429 Client Error: Too Many Requests for url: https://api.smith.langchain.com/runs/multipart', '{"error":"Too many requests: tenant exceeded usage limits: Monthly unique traces usage limit exceeded"}\n')trace=019fba0b-a114-7512-b968-98f683649683,id=019fba0b-ddd7-7273-ae5e-7c1e75e86f71; trace=019fba0b-a114-7512-b968-98f683649683,id=019fba0b-f33c-7231-907b-71b7ac9d3d1b; trace=019fba0b-a114-7512-b968-98f683649683,id=019fba0b-f33c-7231-907b-71b7ac9d3d1b; trace=019fba0b-a114-7512-b968-98f683649683,id=019fba0b-ddd5-75b2-a694-aa5b973fbe3f; trace=019fba0b-a114-7512-b968-98f683649683,id=019fba0b-f33d-7b50-8c70-e838bbefc60e; trace=019fba0b-a114-7512-b968-98f683649683,id=019fba0b-f33d-7b50-8c70-e841a46294fe
Failed to send compressed multipart ingest: langsmith.utils.LangSmithRateLimitError: Rate limit exceeded for https://api.smith.langchain.com/runs/multipart. HTTPError('429 Client Error: Too Many Requests for url: https://api.smith.langchain.com/runs/multipart', '{"error":"Too many requests: tenant exceeded usage limits: Monthly unique traces usage limit exceeded"}\n')trace=019fba0b-a114-7512-b968-98f683649683,id=019fba0b-f33d-7b50-8c70-e841a46294fe; trace=019fba0b-a114-7512-b968-98f683649683,id=019fba0b-f33d-7b50-8c70-e838bbefc60e; trace=019fba0b-a114-7512-b968-98f683649683,id=019fba0c-0651-7600-891e-bc3bdff9e1bb; trace=019fba0b-a114-7512-b968-98f683649683,id=019fba0c-0652-7f30-a5d1-5bde4732b394
Failed to send compressed multipart ingest: langsmith.utils.LangSmithRateLimitError: Rate limit exceeded for https://api.smith.langchain.com/runs/multipart. HTTPError('429 Client Error: Too Many Requests for url: https://api.smith.langchain.com/runs/multipart', '{"error":"Too many requests: tenant exceeded usage limits: Monthly unique traces usage limit exceeded"}\n')trace=019fba0b-a114-7512-b968-98f683649683,id=019fba0c-0652-7f30-a5d1-5bde4732b394; trace=019fba0b-a114-7512-b968-98f683649683,id=019fba0c-2679-7992-b8fe-320fd4b402cb; trace=019fba0b-a114-7512-b968-98f683649683,id=019fba0c-2679-7992-b8fe-320fd4b402cb; trace=019fba0b-a114-7512-b968-98f683649683,id=019fba0c-0651-7600-891e-bc3bdff9e1bb; trace=019fba0b-a114-7512-b968-98f683649683,id=019fba0c-267a-7810-9503-3244805ea9c6; trace=019fba0b-a114-7512-b968-98f683649683,id=019fba0c-267b-7130-9c79-9a22412bce57
Failed to send compressed multipart ingest: langsmith.utils.LangSmithRateLimitError: Rate limit exceeded for https://api.smith.langchain.com/runs/multipart. HTTPError('429 Client Error: Too Many Requests for url: https://api.smith.langchain.com/runs/multipart', '{"error":"Too many requests: tenant exceeded usage limits: Monthly unique traces usage limit exceeded"}\n')trace=019fba0b-a114-7512-b968-98f683649683,id=019fba0c-267b-7130-9c79-9a22412bce57; trace=019fba0b-a114-7512-b968-98f683649683,id=019fba0c-267a-7810-9503-3244805ea9c6; trace=019fba0b-a114-7512-b968-98f683649683,id=019fba0c-3c0e-7c82-b281-3174944982a5; trace=019fba0b-a114-7512-b968-98f683649683,id=019fba0c-3c10-71b3-ab5c-fc6e9b89108d
Failed to send compressed multipart ingest: langsmith.utils.LangSmithRateLimitError: Rate limit exceeded for https://api.smith.langchain.com/runs/multipart. HTTPError('429 Client Error: Too Many Requests for url: https://api.smith.langchain.com/runs/multipart', '{"error":"Too many requests: tenant exceeded usage limits: Monthly unique traces usage limit exceeded"}\n')trace=019fba0b-a114-7512-b968-98f683649683,id=019fba0c-3c10-71b3-ab5c-fc6e9b89108d; trace=019fba0b-a114-7512-b968-98f683649683,id=019fba0c-5a30-7140-a933-c589efbd6ea1; trace=019fba0b-a114-7512-b968-98f683649683,id=019fba0c-5a30-7140-a933-c589efbd6ea1; trace=019fba0b-a114-7512-b968-98f683649683,id=019fba0c-3c0e-7c82-b281-3174944982a5; trace=019fba0b-a114-7512-b968-98f683649683,id=019fba0c-5a31-7590-9933-6fcab9811c2b; trace=019fba0b-a114-7512-b968-98f683649683,id=019fba0c-5a32-7902-a92d-5870da89e9f0
Failed to send compressed multipart ingest: langsmith.utils.LangSmithRateLimitError: Rate limit exceeded for https://api.smith.langchain.com/runs/multipart. HTTPError('429 Client Error: Too Many Requests for url: https://api.smith.langchain.com/runs/multipart', '{"error":"Too many requests: tenant exceeded usage limits: Monthly unique traces usage limit exceeded"}\n')trace=019fba0b-a114-7512-b968-98f683649683,id=019fba0c-5a32-7902-a92d-5870da89e9f0; trace=019fba0b-a114-7512-b968-98f683649683,id=019fba0c-5a31-7590-9933-6fcab9811c2b; trace=019fba0b-a114-7512-b968-98f683649683,id=019fba0c-74b9-7693-b6b9-68432872c338; trace=019fba0b-a114-7512-b968-98f683649683,id=019fba0c-74ba-7063-8706-9079b028a377
Failed to send compressed multipart ingest: langsmith.utils.LangSmithRateLimitError: Rate limit exceeded for https://api.smith.langchain.com/runs/multipart. HTTPError('429 Client Error: Too Many Requests for url: https://api.smith.langchain.com/runs/multipart', '{"error":"Too many requests: tenant exceeded usage limits: Monthly unique traces usage limit exceeded"}\n')trace=019fba0b-a114-7512-b968-98f683649683,id=019fba0c-74ba-7063-8706-9079b028a377; trace=019fba0b-a114-7512-b968-98f683649683,id=019fba0c-8de7-7ae3-9bb8-3f0a4ecdfeec; trace=019fba0b-a114-7512-b968-98f683649683,id=019fba0c-8de7-7ae3-9bb8-3f0a4ecdfeec; trace=019fba0b-a114-7512-b968-98f683649683,id=019fba0c-74b9-7693-b6b9-68432872c338; trace=019fba0b-a114-7512-b968-98f683649683,id=019fba0c-8de8-7113-9324-6fabcb2ec3a3; trace=019fba0b-a114-7512-b968-98f683649683,id=019fba0c-8de8-7113-9324-6fb44ba8f7ad
Failed to send compressed multipart ingest: langsmith.utils.LangSmithRateLimitError: Rate limit exceeded for https://api.smith.langchain.com/runs/multipart. HTTPError('429 Client Error: Too Many Requests for url: https://api.smith.langchain.com/runs/multipart', '{"error":"Too many requests: tenant exceeded usage limits: Monthly unique traces usage limit exceeded"}\n')trace=019fba0b-a114-7512-b968-98f683649683,id=019fba0c-8de8-7113-9324-6fb44ba8f7ad; trace=019fba0b-a114-7512-b968-98f683649683,id=019fba0c-8de8-7113-9324-6fabcb2ec3a3; trace=019fba0b-a114-7512-b968-98f683649683,id=019fba0c-a6fb-7ba0-9060-dca39c85e6ea; trace=019fba0b-a114-7512-b968-98f683649683,id=019fba0c-a6fd-7f73-af61-126b99c156ac
Calling Baseline Move server...
Calling Baseline Move server...
Calling Baseline Move server...
Calling Baseline Move server...
Calling Baseline Move server...
Calling Baseline Move server...
[baseline] 23/104 scenario_01_06 (repeat 3/4)
Failed to send compressed multipart ingest: langsmith.utils.LangSmithRateLimitError: Rate limit exceeded for https://api.smith.langchain.com/runs/multipart. HTTPError('429 Client Error: Too Many Requests for url: https://api.smith.langchain.com/runs/multipart', '{"error":"Too many requests: tenant exceeded usage limits: Monthly unique traces usage limit exceeded"}\n')trace=019fba0b-a114-7512-b968-98f683649683,id=019fba0c-a6fd-7f73-af61-126b99c156ac; trace=019fba0b-a114-7512-b968-98f683649683,id=019fba0d-03b1-7193-9393-09f25df0f012; trace=019fba0b-a114-7512-b968-98f683649683,id=019fba0d-03b1-7193-9393-09f25df0f012; trace=019fba0b-a114-7512-b968-98f683649683,id=019fba0c-a6fb-7ba0-9060-dca39c85e6ea; trace=019fba0b-a114-7512-b968-98f683649683,id=019fba0d-03b2-7762-b264-8e6428ba99bb; trace=019fba0b-a114-7512-b968-98f683649683,id=019fba0d-03b2-7762-b264-8e6428ba99bb; trace=019fba0b-a114-7512-b968-98f683649683,id=019fba0b-a114-7512-b968-98f683649683; trace=019fba0d-03f0-7a93-ae6f-261d25d54e15,id=019fba0d-03f0-7a93-ae6f-261d25d54e15; trace=019fba0d-03f0-7a93-ae6f-261d25d54e15,id=019fba0d-03f1-7510-96bb-c280920e430b; trace=019fba0d-03f0-7a93-ae6f-261d25d54e15,id=019fba0d-03f1-7510-96bb-c280920e430b; trace=019fba0d-03f0-7a93-ae6f-261d25d54e15,id=019fba0d-03f1-7510-96bb-c29814c257b6; trace=019fba0d-03f0-7a93-ae6f-261d25d54e15,id=019fba0d-046a-7953-96a7-49b3d0367a82; trace=019fba0d-03f0-7a93-ae6f-261d25d54e15,id=019fba0d-046a-7953-96a7-49b3d0367a82; trace=019fba0d-03f0-7a93-ae6f-261d25d54e15,id=019fba0d-03f1-7510-96bb-c29814c257b6; trace=019fba0d-03f0-7a93-ae6f-261d25d54e15,id=019fba0d-046b-7a53-bda0-c5cf5df0f529; trace=019fba0d-03f0-7a93-ae6f-261d25d54e15,id=019fba0d-046c-7991-a1b4-dcde1f96b262
Failed to send compressed multipart ingest: langsmith.utils.LangSmithRateLimitError: Rate limit exceeded for https://api.smith.langchain.com/runs/multipart. HTTPError('429 Client Error: Too Many Requests for url: https://api.smith.langchain.com/runs/multipart', '{"error":"Too many requests: tenant exceeded usage limits: Monthly unique traces usage limit exceeded"}\n')trace=019fba0d-03f0-7a93-ae6f-261d25d54e15,id=019fba0d-046c-7991-a1b4-dcde1f96b262; trace=019fba0d-03f0-7a93-ae6f-261d25d54e15,id=019fba0d-046b-7a53-bda0-c5cf5df0f529; trace=019fba0d-03f0-7a93-ae6f-261d25d54e15,id=019fba0d-137e-7e91-b216-87ebab0becbf; trace=019fba0d-03f0-7a93-ae6f-261d25d54e15,id=019fba0d-1380-7072-ba67-ff2b74c10b14
Failed to send compressed multipart ingest: langsmith.utils.LangSmithRateLimitError: Rate limit exceeded for https://api.smith.langchain.com/runs/multipart. HTTPError('429 Client Error: Too Many Requests for url: https://api.smith.langchain.com/runs/multipart', '{"error":"Too many requests: tenant exceeded usage limits: Monthly unique traces usage limit exceeded"}\n')trace=019fba0d-03f0-7a93-ae6f-261d25d54e15,id=019fba0d-1380-7072-ba67-ff2b74c10b14; trace=019fba0d-03f0-7a93-ae6f-261d25d54e15,id=019fba0d-27af-77d0-958c-6190b083e31b
Failed to send compressed multipart ingest: langsmith.utils.LangSmithRateLimitError: Rate limit exceeded for https://api.smith.langchain.com/runs/multipart. HTTPError('429 Client Error: Too Many Requests for url: https://api.smith.langchain.com/runs/multipart', '{"error":"Too many requests: tenant exceeded usage limits: Monthly unique traces usage limit exceeded"}\n')trace=019fba0d-03f0-7a93-ae6f-261d25d54e15,id=019fba0d-27af-77d0-958c-6190b083e31b; trace=019fba0d-03f0-7a93-ae6f-261d25d54e15,id=019fba0d-3b1d-7361-82d3-36b799efe5ab; trace=019fba0d-03f0-7a93-ae6f-261d25d54e15,id=019fba0d-3b1d-7361-82d3-36b799efe5ab; trace=019fba0d-03f0-7a93-ae6f-261d25d54e15,id=019fba0d-137e-7e91-b216-87ebab0becbf; trace=019fba0d-03f0-7a93-ae6f-261d25d54e15,id=019fba0d-3b1e-7f42-83bc-3d8354b7522e; trace=019fba0d-03f0-7a93-ae6f-261d25d54e15,id=019fba0d-3b1e-7f42-83bc-3d9fa22062fd
Failed to send compressed multipart ingest: langsmith.utils.LangSmithRateLimitError: Rate limit exceeded for https://api.smith.langchain.com/runs/multipart. HTTPError('429 Client Error: Too Many Requests for url: https://api.smith.langchain.com/runs/multipart', '{"error":"Too many requests: tenant exceeded usage limits: Monthly unique traces usage limit exceeded"}\n')trace=019fba0d-03f0-7a93-ae6f-261d25d54e15,id=019fba0d-3b1e-7f42-83bc-3d9fa22062fd; trace=019fba0d-03f0-7a93-ae6f-261d25d54e15,id=019fba0d-3b1e-7f42-83bc-3d8354b7522e; trace=019fba0d-03f0-7a93-ae6f-261d25d54e15,id=019fba0d-48fd-7552-aac5-48dd06fb7dfd; trace=019fba0d-03f0-7a93-ae6f-261d25d54e15,id=019fba0d-48ff-7193-a699-95dfb963f3e9
Failed to send compressed multipart ingest: langsmith.utils.LangSmithRateLimitError: Rate limit exceeded for https://api.smith.langchain.com/runs/multipart. HTTPError('429 Client Error: Too Many Requests for url: https://api.smith.langchain.com/runs/multipart', '{"error":"Too many requests: tenant exceeded usage limits: Monthly unique traces usage limit exceeded"}\n')trace=019fba0d-03f0-7a93-ae6f-261d25d54e15,id=019fba0d-48ff-7193-a699-95dfb963f3e9; trace=019fba0d-03f0-7a93-ae6f-261d25d54e15,id=019fba0d-649c-7453-b4ff-2709aed09f80; trace=019fba0d-03f0-7a93-ae6f-261d25d54e15,id=019fba0d-649c-7453-b4ff-2709aed09f80; trace=019fba0d-03f0-7a93-ae6f-261d25d54e15,id=019fba0d-48fd-7552-aac5-48dd06fb7dfd; trace=019fba0d-03f0-7a93-ae6f-261d25d54e15,id=019fba0d-649d-7be3-a09e-9513fc271f48; trace=019fba0d-03f0-7a93-ae6f-261d25d54e15,id=019fba0d-649e-7263-b46d-dc00e98fd0c1
Failed to send compressed multipart ingest: langsmith.utils.LangSmithRateLimitError: Rate limit exceeded for https://api.smith.langchain.com/runs/multipart. HTTPError('429 Client Error: Too Many Requests for url: https://api.smith.langchain.com/runs/multipart', '{"error":"Too many requests: tenant exceeded usage limits: Monthly unique traces usage limit exceeded"}\n')trace=019fba0d-03f0-7a93-ae6f-261d25d54e15,id=019fba0d-649e-7263-b46d-dc00e98fd0c1; trace=019fba0d-03f0-7a93-ae6f-261d25d54e15,id=019fba0d-649d-7be3-a09e-9513fc271f48; trace=019fba0d-03f0-7a93-ae6f-261d25d54e15,id=019fba0d-7ba6-7221-9cbc-e815ac390d7d; trace=019fba0d-03f0-7a93-ae6f-261d25d54e15,id=019fba0d-7ba8-75f0-98fb-a984c78647e4
Failed to send compressed multipart ingest: langsmith.utils.LangSmithRateLimitError: Rate limit exceeded for https://api.smith.langchain.com/runs/multipart. HTTPError('429 Client Error: Too Many Requests for url: https://api.smith.langchain.com/runs/multipart', '{"error":"Too many requests: tenant exceeded usage limits: Monthly unique traces usage limit exceeded"}\n')trace=019fba0d-03f0-7a93-ae6f-261d25d54e15,id=019fba0d-7ba8-75f0-98fb-a984c78647e4; trace=019fba0d-03f0-7a93-ae6f-261d25d54e15,id=019fba0d-95e0-7893-b37c-a738a3e3affd; trace=019fba0d-03f0-7a93-ae6f-261d25d54e15,id=019fba0d-95e0-7893-b37c-a738a3e3affd; trace=019fba0d-03f0-7a93-ae6f-261d25d54e15,id=019fba0d-7ba6-7221-9cbc-e815ac390d7d; trace=019fba0d-03f0-7a93-ae6f-261d25d54e15,id=019fba0d-95e1-7df0-9663-81b88b4d6748; trace=019fba0d-03f0-7a93-ae6f-261d25d54e15,id=019fba0d-95e2-7c30-bfdd-7b2557b311f3
Failed to send compressed multipart ingest: langsmith.utils.LangSmithRateLimitError: Rate limit exceeded for https://api.smith.langchain.com/runs/multipart. HTTPError('429 Client Error: Too Many Requests for url: https://api.smith.langchain.com/runs/multipart', '{"error":"Too many requests: tenant exceeded usage limits: Monthly unique traces usage limit exceeded"}\n')trace=019fba0d-03f0-7a93-ae6f-261d25d54e15,id=019fba0d-95e2-7c30-bfdd-7b2557b311f3; trace=019fba0d-03f0-7a93-ae6f-261d25d54e15,id=019fba0d-95e1-7df0-9663-81b88b4d6748; trace=019fba0d-03f0-7a93-ae6f-261d25d54e15,id=019fba0d-b1a2-7ba0-b1c1-ddfcf68246b5; trace=019fba0d-03f0-7a93-ae6f-261d25d54e15,id=019fba0d-b1a4-7df2-97f3-fdfbcc2ebdba
Calling Baseline Move server...
Calling Baseline Move server (JSON repair retry)...
Calling Baseline Move server...
Calling Baseline Move server...
Calling Baseline Move server...
[baseline] 24/104 scenario_01_06 (repeat 4/4)
Failed to send compressed multipart ingest: langsmith.utils.LangSmithRateLimitError: Rate limit exceeded for https://api.smith.langchain.com/runs/multipart. HTTPError('429 Client Error: Too Many Requests for url: https://api.smith.langchain.com/runs/multipart', '{"error":"Too many requests: tenant exceeded usage limits: Monthly unique traces usage limit exceeded"}\n')trace=019fba0d-03f0-7a93-ae6f-261d25d54e15,id=019fba0d-b1a4-7df2-97f3-fdfbcc2ebdba; trace=019fba0d-03f0-7a93-ae6f-261d25d54e15,id=019fba0e-2048-7230-94ef-5303b5c7d7b9; trace=019fba0d-03f0-7a93-ae6f-261d25d54e15,id=019fba0e-2048-7230-94ef-5303b5c7d7b9; trace=019fba0d-03f0-7a93-ae6f-261d25d54e15,id=019fba0d-b1a2-7ba0-b1c1-ddfcf68246b5; trace=019fba0d-03f0-7a93-ae6f-261d25d54e15,id=019fba0e-2049-7941-b03c-919d3cfe9e2a; trace=019fba0d-03f0-7a93-ae6f-261d25d54e15,id=019fba0e-2049-7941-b03c-919d3cfe9e2a; trace=019fba0d-03f0-7a93-ae6f-261d25d54e15,id=019fba0d-03f0-7a93-ae6f-261d25d54e15; trace=019fba0e-2085-7113-aaa6-1825a3b6c84c,id=019fba0e-2085-7113-aaa6-1825a3b6c84c; trace=019fba0e-2085-7113-aaa6-1825a3b6c84c,id=019fba0e-2086-7953-b14c-e92540f96bc7; trace=019fba0e-2085-7113-aaa6-1825a3b6c84c,id=019fba0e-2086-7953-b14c-e92540f96bc7; trace=019fba0e-2085-7113-aaa6-1825a3b6c84c,id=019fba0e-2087-76e1-8299-da9214c0d854; trace=019fba0e-2085-7113-aaa6-1825a3b6c84c,id=019fba0e-20eb-74b3-9043-29b892b3b38a; trace=019fba0e-2085-7113-aaa6-1825a3b6c84c,id=019fba0e-20eb-74b3-9043-29b892b3b38a; trace=019fba0e-2085-7113-aaa6-1825a3b6c84c,id=019fba0e-2087-76e1-8299-da9214c0d854; trace=019fba0e-2085-7113-aaa6-1825a3b6c84c,id=019fba0e-20ed-7cc0-a4da-32fe0e1f461d; trace=019fba0e-2085-7113-aaa6-1825a3b6c84c,id=019fba0e-20ed-7cc0-a4da-330d25e827cc
Failed to send compressed multipart ingest: langsmith.utils.LangSmithRateLimitError: Rate limit exceeded for https://api.smith.langchain.com/runs/multipart. HTTPError('429 Client Error: Too Many Requests for url: https://api.smith.langchain.com/runs/multipart', '{"error":"Too many requests: tenant exceeded usage limits: Monthly unique traces usage limit exceeded"}\n')trace=019fba0e-2085-7113-aaa6-1825a3b6c84c,id=019fba0e-20ed-7cc0-a4da-330d25e827cc; trace=019fba0e-2085-7113-aaa6-1825a3b6c84c,id=019fba0e-20ed-7cc0-a4da-32fe0e1f461d; trace=019fba0e-2085-7113-aaa6-1825a3b6c84c,id=019fba0e-3303-7962-a9e9-5606c2804a31; trace=019fba0e-2085-7113-aaa6-1825a3b6c84c,id=019fba0e-3305-7163-bfe5-644fea9434f9
Failed to send compressed multipart ingest: langsmith.utils.LangSmithRateLimitError: Rate limit exceeded for https://api.smith.langchain.com/runs/multipart. HTTPError('429 Client Error: Too Many Requests for url: https://api.smith.langchain.com/runs/multipart', '{"error":"Too many requests: tenant exceeded usage limits: Monthly unique traces usage limit exceeded"}\n')trace=019fba0e-2085-7113-aaa6-1825a3b6c84c,id=019fba0e-3305-7163-bfe5-644fea9434f9; trace=019fba0e-2085-7113-aaa6-1825a3b6c84c,id=019fba0e-5106-7033-b2b9-cccd0d279342
Failed to send compressed multipart ingest: langsmith.utils.LangSmithRateLimitError: Rate limit exceeded for https://api.smith.langchain.com/runs/multipart. HTTPError('429 Client Error: Too Many Requests for url: https://api.smith.langchain.com/runs/multipart', '{"error":"Too many requests: tenant exceeded usage limits: Monthly unique traces usage limit exceeded"}\n')trace=019fba0e-2085-7113-aaa6-1825a3b6c84c,id=019fba0e-5106-7033-b2b9-cccd0d279342; trace=019fba0e-2085-7113-aaa6-1825a3b6c84c,id=019fba0e-7b92-7be2-a1ce-f69b398074b6; trace=019fba0e-2085-7113-aaa6-1825a3b6c84c,id=019fba0e-7b92-7be2-a1ce-f69b398074b6; trace=019fba0e-2085-7113-aaa6-1825a3b6c84c,id=019fba0e-3303-7962-a9e9-5606c2804a31; trace=019fba0e-2085-7113-aaa6-1825a3b6c84c,id=019fba0e-7b93-7a70-ae2d-524c6b9e2f5b; trace=019fba0e-2085-7113-aaa6-1825a3b6c84c,id=019fba0e-7b93-7a70-ae2d-52533606626e
Failed to send compressed multipart ingest: langsmith.utils.LangSmithRateLimitError: Rate limit exceeded for https://api.smith.langchain.com/runs/multipart. HTTPError('429 Client Error: Too Many Requests for url: https://api.smith.langchain.com/runs/multipart', '{"error":"Too many requests: tenant exceeded usage limits: Monthly unique traces usage limit exceeded"}\n')trace=019fba0e-2085-7113-aaa6-1825a3b6c84c,id=019fba0e-7b93-7a70-ae2d-52533606626e; trace=019fba0e-2085-7113-aaa6-1825a3b6c84c,id=019fba0e-7b93-7a70-ae2d-524c6b9e2f5b; trace=019fba0e-2085-7113-aaa6-1825a3b6c84c,id=019fba0e-901e-7752-8d9e-b4042414256c; trace=019fba0e-2085-7113-aaa6-1825a3b6c84c,id=019fba0e-9020-7ab1-8b66-458e6c24dddb
Failed to send compressed multipart ingest: langsmith.utils.LangSmithRateLimitError: Rate limit exceeded for https://api.smith.langchain.com/runs/multipart. HTTPError('429 Client Error: Too Many Requests for url: https://api.smith.langchain.com/runs/multipart', '{"error":"Too many requests: tenant exceeded usage limits: Monthly unique traces usage limit exceeded"}\n')trace=019fba0e-2085-7113-aaa6-1825a3b6c84c,id=019fba0e-9020-7ab1-8b66-458e6c24dddb; trace=019fba0e-2085-7113-aaa6-1825a3b6c84c,id=019fba0e-c141-7e50-b8a3-a6c1285dd3a7; trace=019fba0e-2085-7113-aaa6-1825a3b6c84c,id=019fba0e-c141-7e50-b8a3-a6c1285dd3a7; trace=019fba0e-2085-7113-aaa6-1825a3b6c84c,id=019fba0e-901e-7752-8d9e-b4042414256c; trace=019fba0e-2085-7113-aaa6-1825a3b6c84c,id=019fba0e-c142-7760-9c1b-c004d52d3f6e; trace=019fba0e-2085-7113-aaa6-1825a3b6c84c,id=019fba0e-c142-7760-9c1b-c014ec22828e
Failed to send compressed multipart ingest: langsmith.utils.LangSmithRateLimitError: Rate limit exceeded for https://api.smith.langchain.com/runs/multipart. HTTPError('429 Client Error: Too Many Requests for url: https://api.smith.langchain.com/runs/multipart', '{"error":"Too many requests: tenant exceeded usage limits: Monthly unique traces usage limit exceeded"}\n')trace=019fba0e-2085-7113-aaa6-1825a3b6c84c,id=019fba0e-c142-7760-9c1b-c014ec22828e; trace=019fba0e-2085-7113-aaa6-1825a3b6c84c,id=019fba0e-c142-7760-9c1b-c004d52d3f6e; trace=019fba0e-2085-7113-aaa6-1825a3b6c84c,id=019fba0e-dc4d-7ca2-98e6-a98d507c6ce7; trace=019fba0e-2085-7113-aaa6-1825a3b6c84c,id=019fba0e-dc4f-7b12-8ff4-79d79582b4d0
Failed to send compressed multipart ingest: langsmith.utils.LangSmithRateLimitError: Rate limit exceeded for https://api.smith.langchain.com/runs/multipart. HTTPError('429 Client Error: Too Many Requests for url: https://api.smith.langchain.com/runs/multipart', '{"error":"Too many requests: tenant exceeded usage limits: Monthly unique traces usage limit exceeded"}\n')trace=019fba0e-2085-7113-aaa6-1825a3b6c84c,id=019fba0e-dc4f-7b12-8ff4-79d79582b4d0
Failed to send compressed multipart ingest: langsmith.utils.LangSmithRateLimitError: Rate limit exceeded for https://api.smith.langchain.com/runs/multipart. HTTPError('429 Client Error: Too Many Requests for url: https://api.smith.langchain.com/runs/multipart', '{"error":"Too many requests: tenant exceeded usage limits: Monthly unique traces usage limit exceeded"}\n')trace=019fba0e-2085-7113-aaa6-1825a3b6c84c,id=019fba0f-1412-7d23-a8fb-827271983622; trace=019fba0e-2085-7113-aaa6-1825a3b6c84c,id=019fba0f-1412-7d23-a8fb-827271983622; trace=019fba0e-2085-7113-aaa6-1825a3b6c84c,id=019fba0e-dc4d-7ca2-98e6-a98d507c6ce7; trace=019fba0e-2085-7113-aaa6-1825a3b6c84c,id=019fba0f-1419-7553-89ce-0b2d7da19532; trace=019fba0e-2085-7113-aaa6-1825a3b6c84c,id=019fba0f-141a-7d43-aad2-e71f40825464
Failed to send compressed multipart ingest: langsmith.utils.LangSmithRateLimitError: Rate limit exceeded for https://api.smith.langchain.com/runs/multipart. HTTPError('429 Client Error: Too Many Requests for url: https://api.smith.langchain.com/runs/multipart', '{"error":"Too many requests: tenant exceeded usage limits: Monthly unique traces usage limit exceeded"}\n')trace=019fba0e-2085-7113-aaa6-1825a3b6c84c,id=019fba0f-141a-7d43-aad2-e71f40825464; trace=019fba0e-2085-7113-aaa6-1825a3b6c84c,id=019fba0f-1419-7553-89ce-0b2d7da19532; trace=019fba0e-2085-7113-aaa6-1825a3b6c84c,id=019fba0f-27d6-77b1-b7e6-a7a12754fb2b; trace=019fba0e-2085-7113-aaa6-1825a3b6c84c,id=019fba0f-27d7-7461-852e-dcb5fb2bdfc9
Failed to send compressed multipart ingest: langsmith.utils.LangSmithRateLimitError: Rate limit exceeded for https://api.smith.langchain.com/runs/multipart. HTTPError('429 Client Error: Too Many Requests for url: https://api.smith.langchain.com/runs/multipart', '{"error":"Too many requests: tenant exceeded usage limits: Monthly unique traces usage limit exceeded"}\n')trace=019fba0e-2085-7113-aaa6-1825a3b6c84c,id=019fba0f-27d7-7461-852e-dcb5fb2bdfc9; trace=019fba0e-2085-7113-aaa6-1825a3b6c84c,id=019fba0f-603a-7622-8532-f242d2d60dc7; trace=019fba0e-2085-7113-aaa6-1825a3b6c84c,id=019fba0f-603a-7622-8532-f242d2d60dc7; trace=019fba0e-2085-7113-aaa6-1825a3b6c84c,id=019fba0f-27d6-77b1-b7e6-a7a12754fb2b; trace=019fba0e-2085-7113-aaa6-1825a3b6c84c,id=019fba0f-603b-79f0-a57a-4b1479817d98; trace=019fba0e-2085-7113-aaa6-1825a3b6c84c,id=019fba0f-603b-79f0-a57a-4b29e3530ce1
Failed to send compressed multipart ingest: langsmith.utils.LangSmithRateLimitError: Rate limit exceeded for https://api.smith.langchain.com/runs/multipart. HTTPError('429 Client Error: Too Many Requests for url: https://api.smith.langchain.com/runs/multipart', '{"error":"Too many requests: tenant exceeded usage limits: Monthly unique traces usage limit exceeded"}\n')trace=019fba0e-2085-7113-aaa6-1825a3b6c84c,id=019fba0f-603b-79f0-a57a-4b29e3530ce1; trace=019fba0e-2085-7113-aaa6-1825a3b6c84c,id=019fba0f-603b-79f0-a57a-4b1479817d98; trace=019fba0e-2085-7113-aaa6-1825a3b6c84c,id=019fba0f-7d93-7f81-8fb0-b9368fea8818; trace=019fba0e-2085-7113-aaa6-1825a3b6c84c,id=019fba0f-7d95-78e1-a076-1236cc89ddb0
Calling Baseline Move server...
Calling Baseline Move server (JSON repair retry)...
Calling Baseline Move server...
Calling Baseline Move server...
Calling Baseline Move server...
Calling Baseline Move server...
[baseline] 25/104 scenario_01_07 (repeat 1/4)
Failed to send compressed multipart ingest: langsmith.utils.LangSmithRateLimitError: Rate limit exceeded for https://api.smith.langchain.com/runs/multipart. HTTPError('429 Client Error: Too Many Requests for url: https://api.smith.langchain.com/runs/multipart', '{"error":"Too many requests: tenant exceeded usage limits: Monthly unique traces usage limit exceeded"}\n')trace=019fba0e-2085-7113-aaa6-1825a3b6c84c,id=019fba0f-7d95-78e1-a076-1236cc89ddb0; trace=019fba0e-2085-7113-aaa6-1825a3b6c84c,id=019fba0f-b847-74a1-828d-b699c06d13a8; trace=019fba0e-2085-7113-aaa6-1825a3b6c84c,id=019fba0f-b847-74a1-828d-b699c06d13a8; trace=019fba0e-2085-7113-aaa6-1825a3b6c84c,id=019fba0f-7d93-7f81-8fb0-b9368fea8818; trace=019fba0e-2085-7113-aaa6-1825a3b6c84c,id=019fba0f-b848-7503-b983-f2aa4da9d528; trace=019fba0e-2085-7113-aaa6-1825a3b6c84c,id=019fba0f-b848-7503-b983-f2aa4da9d528; trace=019fba0e-2085-7113-aaa6-1825a3b6c84c,id=019fba0e-2085-7113-aaa6-1825a3b6c84c; trace=019fba0f-b949-77c2-a4f7-adbd992c0a26,id=019fba0f-b949-77c2-a4f7-adbd992c0a26; trace=019fba0f-b949-77c2-a4f7-adbd992c0a26,id=019fba0f-b94a-7d00-81f7-4faff562e5b5; trace=019fba0f-b949-77c2-a4f7-adbd992c0a26,id=019fba0f-b94a-7d00-81f7-4faff562e5b5; trace=019fba0f-b949-77c2-a4f7-adbd992c0a26,id=019fba0f-b94a-7d00-81f7-4fbfab917628; trace=019fba0f-b949-77c2-a4f7-adbd992c0a26,id=019fba0f-b9b3-71d0-8cdf-df090cb93681; trace=019fba0f-b949-77c2-a4f7-adbd992c0a26,id=019fba0f-b9b3-71d0-8cdf-df090cb93681; trace=019fba0f-b949-77c2-a4f7-adbd992c0a26,id=019fba0f-b94a-7d00-81f7-4fbfab917628; trace=019fba0f-b949-77c2-a4f7-adbd992c0a26,id=019fba0f-b9b4-7462-a4fa-b8cca7306e9d; trace=019fba0f-b949-77c2-a4f7-adbd992c0a26,id=019fba0f-b9b5-7480-b5d7-cca94a9ca795
Failed to send compressed multipart ingest: langsmith.utils.LangSmithRateLimitError: Rate limit exceeded for https://api.smith.langchain.com/runs/multipart. HTTPError('429 Client Error: Too Many Requests for url: https://api.smith.langchain.com/runs/multipart', '{"error":"Too many requests: tenant exceeded usage limits: Monthly unique traces usage limit exceeded"}\n')trace=019fba0f-b949-77c2-a4f7-adbd992c0a26,id=019fba0f-b9b5-7480-b5d7-cca94a9ca795; trace=019fba0f-b949-77c2-a4f7-adbd992c0a26,id=019fba0f-b9b4-7462-a4fa-b8cca7306e9d; trace=019fba0f-b949-77c2-a4f7-adbd992c0a26,id=019fba0f-c9b8-7250-98c4-3e423cdfd179; trace=019fba0f-b949-77c2-a4f7-adbd992c0a26,id=019fba0f-c9ba-7503-bac7-73fe3efdf0d4
Failed to send compressed multipart ingest: langsmith.utils.LangSmithRateLimitError: Rate limit exceeded for https://api.smith.langchain.com/runs/multipart. HTTPError('429 Client Error: Too Many Requests for url: https://api.smith.langchain.com/runs/multipart', '{"error":"Too many requests: tenant exceeded usage limits: Monthly unique traces usage limit exceeded"}\n')trace=019fba0f-b949-77c2-a4f7-adbd992c0a26,id=019fba0f-c9ba-7503-bac7-73fe3efdf0d4; trace=019fba0f-b949-77c2-a4f7-adbd992c0a26,id=019fba10-06db-72d3-8352-5a75780890a4; trace=019fba0f-b949-77c2-a4f7-adbd992c0a26,id=019fba10-06db-72d3-8352-5a75780890a4; trace=019fba0f-b949-77c2-a4f7-adbd992c0a26,id=019fba0f-c9b8-7250-98c4-3e423cdfd179; trace=019fba0f-b949-77c2-a4f7-adbd992c0a26,id=019fba10-06dc-7253-ac8f-22c8aae07d37; trace=019fba0f-b949-77c2-a4f7-adbd992c0a26,id=019fba10-06dc-7253-ac8f-22d225b17848
Failed to send compressed multipart ingest: langsmith.utils.LangSmithRateLimitError: Rate limit exceeded for https://api.smith.langchain.com/runs/multipart. HTTPError('429 Client Error: Too Many Requests for url: https://api.smith.langchain.com/runs/multipart', '{"error":"Too many requests: tenant exceeded usage limits: Monthly unique traces usage limit exceeded"}\n')trace=019fba0f-b949-77c2-a4f7-adbd992c0a26,id=019fba10-06dc-7253-ac8f-22d225b17848; trace=019fba0f-b949-77c2-a4f7-adbd992c0a26,id=019fba10-06dc-7253-ac8f-22c8aae07d37; trace=019fba0f-b949-77c2-a4f7-adbd992c0a26,id=019fba10-1a31-78a0-bf82-0abb201d6dad; trace=019fba0f-b949-77c2-a4f7-adbd992c0a26,id=019fba10-1a33-7ed1-bbe0-e8e96cb16f3a
Failed to send compressed multipart ingest: langsmith.utils.LangSmithRateLimitError: Rate limit exceeded for https://api.smith.langchain.com/runs/multipart. HTTPError('429 Client Error: Too Many Requests for url: https://api.smith.langchain.com/runs/multipart', '{"error":"Too many requests: tenant exceeded usage limits: Monthly unique traces usage limit exceeded"}\n')trace=019fba0f-b949-77c2-a4f7-adbd992c0a26,id=019fba10-1a33-7ed1-bbe0-e8e96cb16f3a; trace=019fba0f-b949-77c2-a4f7-adbd992c0a26,id=019fba10-6fcc-72a3-8b54-b9aff40e69fb; trace=019fba0f-b949-77c2-a4f7-adbd992c0a26,id=019fba10-6fcc-72a3-8b54-b9aff40e69fb; trace=019fba0f-b949-77c2-a4f7-adbd992c0a26,id=019fba10-1a31-78a0-bf82-0abb201d6dad; trace=019fba0f-b949-77c2-a4f7-adbd992c0a26,id=019fba10-6fcd-7862-ac6b-24a2fe1743a3; trace=019fba0f-b949-77c2-a4f7-adbd992c0a26,id=019fba10-6fcd-7862-ac6b-24b07315668c
Failed to send compressed multipart ingest: langsmith.utils.LangSmithRateLimitError: Rate limit exceeded for https://api.smith.langchain.com/runs/multipart. HTTPError('429 Client Error: Too Many Requests for url: https://api.smith.langchain.com/runs/multipart', '{"error":"Too many requests: tenant exceeded usage limits: Monthly unique traces usage limit exceeded"}\n')trace=019fba0f-b949-77c2-a4f7-adbd992c0a26,id=019fba10-6fcd-7862-ac6b-24b07315668c; trace=019fba0f-b949-77c2-a4f7-adbd992c0a26,id=019fba10-6fcd-7862-ac6b-24a2fe1743a3; trace=019fba0f-b949-77c2-a4f7-adbd992c0a26,id=019fba10-868c-70d3-bdb0-7d2b444d8d08; trace=019fba0f-b949-77c2-a4f7-adbd992c0a26,id=019fba10-868d-74c1-ac1b-2a68775128a2
Failed to send compressed multipart ingest: langsmith.utils.LangSmithRateLimitError: Rate limit exceeded for https://api.smith.langchain.com/runs/multipart. HTTPError('429 Client Error: Too Many Requests for url: https://api.smith.langchain.com/runs/multipart', '{"error":"Too many requests: tenant exceeded usage limits: Monthly unique traces usage limit exceeded"}\n')trace=019fba0f-b949-77c2-a4f7-adbd992c0a26,id=019fba10-868d-74c1-ac1b-2a68775128a2; trace=019fba0f-b949-77c2-a4f7-adbd992c0a26,id=019fba10-c81d-7c32-8f17-e09b1b209875; trace=019fba0f-b949-77c2-a4f7-adbd992c0a26,id=019fba10-c81d-7c32-8f17-e09b1b209875; trace=019fba0f-b949-77c2-a4f7-adbd992c0a26,id=019fba10-868c-70d3-bdb0-7d2b444d8d08; trace=019fba0f-b949-77c2-a4f7-adbd992c0a26,id=019fba10-c81e-7570-956d-bcbc8a1433d1; trace=019fba0f-b949-77c2-a4f7-adbd992c0a26,id=019fba10-c81f-7c40-a997-c022fa587ab8
Failed to send compressed multipart ingest: langsmith.utils.LangSmithRateLimitError: Rate limit exceeded for https://api.smith.langchain.com/runs/multipart. HTTPError('429 Client Error: Too Many Requests for url: https://api.smith.langchain.com/runs/multipart', '{"error":"Too many requests: tenant exceeded usage limits: Monthly unique traces usage limit exceeded"}\n')trace=019fba0f-b949-77c2-a4f7-adbd992c0a26,id=019fba10-c81f-7c40-a997-c022fa587ab8; trace=019fba0f-b949-77c2-a4f7-adbd992c0a26,id=019fba10-c81e-7570-956d-bcbc8a1433d1; trace=019fba0f-b949-77c2-a4f7-adbd992c0a26,id=019fba10-df4e-7c80-83d6-765d13c84636; trace=019fba0f-b949-77c2-a4f7-adbd992c0a26,id=019fba10-df50-7ae2-9b8b-4cd335d01bc8
Failed to send compressed multipart ingest: langsmith.utils.LangSmithRateLimitError: Rate limit exceeded for https://api.smith.langchain.com/runs/multipart. HTTPError('429 Client Error: Too Many Requests for url: https://api.smith.langchain.com/runs/multipart', '{"error":"Too many requests: tenant exceeded usage limits: Monthly unique traces usage limit exceeded"}\n')trace=019fba0f-b949-77c2-a4f7-adbd992c0a26,id=019fba10-df50-7ae2-9b8b-4cd335d01bc8; trace=019fba0f-b949-77c2-a4f7-adbd992c0a26,id=019fba10-fbc0-7fe3-a851-794ee0547235; trace=019fba0f-b949-77c2-a4f7-adbd992c0a26,id=019fba10-fbc0-7fe3-a851-794ee0547235; trace=019fba0f-b949-77c2-a4f7-adbd992c0a26,id=019fba10-df4e-7c80-83d6-765d13c84636; trace=019fba0f-b949-77c2-a4f7-adbd992c0a26,id=019fba10-fbc1-7cd2-bf47-b8e94c924c7b; trace=019fba0f-b949-77c2-a4f7-adbd992c0a26,id=019fba10-fbc2-7241-b0dd-f39a51e206ae
Failed to send compressed multipart ingest: langsmith.utils.LangSmithRateLimitError: Rate limit exceeded for https://api.smith.langchain.com/runs/multipart. HTTPError('429 Client Error: Too Many Requests for url: https://api.smith.langchain.com/runs/multipart', '{"error":"Too many requests: tenant exceeded usage limits: Monthly unique traces usage limit exceeded"}\n')trace=019fba0f-b949-77c2-a4f7-adbd992c0a26,id=019fba10-fbc2-7241-b0dd-f39a51e206ae; trace=019fba0f-b949-77c2-a4f7-adbd992c0a26,id=019fba10-fbc1-7cd2-bf47-b8e94c924c7b; trace=019fba0f-b949-77c2-a4f7-adbd992c0a26,id=019fba11-1684-7472-bf8a-13322bed9bcb; trace=019fba0f-b949-77c2-a4f7-adbd992c0a26,id=019fba11-1686-7742-b29a-6641b8c1b0ef
Calling Baseline Move server...
Calling Baseline Move server...
Calling Baseline Move server...
Calling Baseline Move server...
Calling Baseline Move server...
[baseline] 26/104 scenario_01_07 (repeat 2/4)
Failed to send compressed multipart ingest: langsmith.utils.LangSmithRateLimitError: Rate limit exceeded for https://api.smith.langchain.com/runs/multipart. HTTPError('429 Client Error: Too Many Requests for url: https://api.smith.langchain.com/runs/multipart', '{"error":"Too many requests: tenant exceeded usage limits: Monthly unique traces usage limit exceeded"}\n')trace=019fba0f-b949-77c2-a4f7-adbd992c0a26,id=019fba11-1686-7742-b29a-6641b8c1b0ef; trace=019fba0f-b949-77c2-a4f7-adbd992c0a26,id=019fba11-9802-7933-a0a6-233a011b3e99; trace=019fba0f-b949-77c2-a4f7-adbd992c0a26,id=019fba11-9802-7933-a0a6-233a011b3e99; trace=019fba0f-b949-77c2-a4f7-adbd992c0a26,id=019fba11-1684-7472-bf8a-13322bed9bcb; trace=019fba0f-b949-77c2-a4f7-adbd992c0a26,id=019fba11-9803-7ec2-93aa-c7b50090f110; trace=019fba0f-b949-77c2-a4f7-adbd992c0a26,id=019fba11-9803-7ec2-93aa-c7b50090f110; trace=019fba0f-b949-77c2-a4f7-adbd992c0a26,id=019fba0f-b949-77c2-a4f7-adbd992c0a26; trace=019fba11-9825-7c70-91f4-c417359e5055,id=019fba11-9825-7c70-91f4-c417359e5055; trace=019fba11-9825-7c70-91f4-c417359e5055,id=019fba11-9825-7c70-91f4-c420ead60831; trace=019fba11-9825-7c70-91f4-c417359e5055,id=019fba11-9825-7c70-91f4-c420ead60831; trace=019fba11-9825-7c70-91f4-c417359e5055,id=019fba11-9826-7703-a298-70654a3b48f2; trace=019fba11-9825-7c70-91f4-c417359e5055,id=019fba11-9856-7193-9503-feb59697d57a; trace=019fba11-9825-7c70-91f4-c417359e5055,id=019fba11-9856-7193-9503-feb59697d57a; trace=019fba11-9825-7c70-91f4-c417359e5055,id=019fba11-9826-7703-a298-70654a3b48f2; trace=019fba11-9825-7c70-91f4-c417359e5055,id=019fba11-9857-7d31-a40c-ec05c703f61c; trace=019fba11-9825-7c70-91f4-c417359e5055,id=019fba11-9857-7d31-a40c-ec1fbacf0b56
Failed to send compressed multipart ingest: langsmith.utils.LangSmithRateLimitError: Rate limit exceeded for https://api.smith.langchain.com/runs/multipart. HTTPError('429 Client Error: Too Many Requests for url: https://api.smith.langchain.com/runs/multipart', '{"error":"Too many requests: tenant exceeded usage limits: Monthly unique traces usage limit exceeded"}\n')trace=019fba11-9825-7c70-91f4-c417359e5055,id=019fba11-9857-7d31-a40c-ec1fbacf0b56; trace=019fba11-9825-7c70-91f4-c417359e5055,id=019fba11-9857-7d31-a40c-ec05c703f61c; trace=019fba11-9825-7c70-91f4-c417359e5055,id=019fba11-a7c0-7bf0-b792-13f3a5f79104; trace=019fba11-9825-7c70-91f4-c417359e5055,id=019fba11-a7c2-7e71-8391-09aa063a41b5
Failed to send compressed multipart ingest: langsmith.utils.LangSmithRateLimitError: Rate limit exceeded for https://api.smith.langchain.com/runs/multipart. HTTPError('429 Client Error: Too Many Requests for url: https://api.smith.langchain.com/runs/multipart', '{"error":"Too many requests: tenant exceeded usage limits: Monthly unique traces usage limit exceeded"}\n')trace=019fba11-9825-7c70-91f4-c417359e5055,id=019fba11-a7c2-7e71-8391-09aa063a41b5; trace=019fba11-9825-7c70-91f4-c417359e5055,id=019fba11-dd21-79d2-87d2-d15c11d488dd; trace=019fba11-9825-7c70-91f4-c417359e5055,id=019fba11-dd21-79d2-87d2-d15c11d488dd; trace=019fba11-9825-7c70-91f4-c417359e5055,id=019fba11-a7c0-7bf0-b792-13f3a5f79104; trace=019fba11-9825-7c70-91f4-c417359e5055,id=019fba11-dd22-7f61-9dcc-2026a3ce127c; trace=019fba11-9825-7c70-91f4-c417359e5055,id=019fba11-dd23-7001-8408-a0f71f7e6cb1
Failed to send compressed multipart ingest: langsmith.utils.LangSmithRateLimitError: Rate limit exceeded for https://api.smith.langchain.com/runs/multipart. HTTPError('429 Client Error: Too Many Requests for url: https://api.smith.langchain.com/runs/multipart', '{"error":"Too many requests: tenant exceeded usage limits: Monthly unique traces usage limit exceeded"}\n')trace=019fba11-9825-7c70-91f4-c417359e5055,id=019fba11-dd23-7001-8408-a0f71f7e6cb1; trace=019fba11-9825-7c70-91f4-c417359e5055,id=019fba11-dd22-7f61-9dcc-2026a3ce127c; trace=019fba11-9825-7c70-91f4-c417359e5055,id=019fba11-ee88-75a1-809a-fecc0aaece43; trace=019fba11-9825-7c70-91f4-c417359e5055,id=019fba11-ee8a-79d3-a9cb-137a9b13452c
Failed to send compressed multipart ingest: langsmith.utils.LangSmithRateLimitError: Rate limit exceeded for https://api.smith.langchain.com/runs/multipart. HTTPError('429 Client Error: Too Many Requests for url: https://api.smith.langchain.com/runs/multipart', '{"error":"Too many requests: tenant exceeded usage limits: Monthly unique traces usage limit exceeded"}\n')trace=019fba11-9825-7c70-91f4-c417359e5055,id=019fba11-ee8a-79d3-a9cb-137a9b13452c; trace=019fba11-9825-7c70-91f4-c417359e5055,id=019fba12-1aa5-7c21-8ef2-b2784a1c3c72; trace=019fba11-9825-7c70-91f4-c417359e5055,id=019fba12-1aa5-7c21-8ef2-b2784a1c3c72; trace=019fba11-9825-7c70-91f4-c417359e5055,id=019fba11-ee88-75a1-809a-fecc0aaece43; trace=019fba11-9825-7c70-91f4-c417359e5055,id=019fba12-1aa6-7411-9872-79b34758610c; trace=019fba11-9825-7c70-91f4-c417359e5055,id=019fba12-1aa7-7d11-840f-3d6d24b50a91
Failed to send compressed multipart ingest: langsmith.utils.LangSmithRateLimitError: Rate limit exceeded for https://api.smith.langchain.com/runs/multipart. HTTPError('429 Client Error: Too Many Requests for url: https://api.smith.langchain.com/runs/multipart', '{"error":"Too many requests: tenant exceeded usage limits: Monthly unique traces usage limit exceeded"}\n')trace=019fba11-9825-7c70-91f4-c417359e5055,id=019fba12-1aa7-7d11-840f-3d6d24b50a91; trace=019fba11-9825-7c70-91f4-c417359e5055,id=019fba12-1aa6-7411-9872-79b34758610c; trace=019fba11-9825-7c70-91f4-c417359e5055,id=019fba12-26cf-7423-9192-a1b2ea7d4900; trace=019fba11-9825-7c70-91f4-c417359e5055,id=019fba12-26d1-7e73-8092-aac91b2ad543
Failed to send compressed multipart ingest: langsmith.utils.LangSmithRateLimitError: Rate limit exceeded for https://api.smith.langchain.com/runs/multipart. HTTPError('429 Client Error: Too Many Requests for url: https://api.smith.langchain.com/runs/multipart', '{"error":"Too many requests: tenant exceeded usage limits: Monthly unique traces usage limit exceeded"}\n')trace=019fba11-9825-7c70-91f4-c417359e5055,id=019fba12-26d1-7e73-8092-aac91b2ad543; trace=019fba11-9825-7c70-91f4-c417359e5055,id=019fba12-7631-7d40-8c90-6ad4c0b73d63
Failed to send compressed multipart ingest: langsmith.utils.LangSmithRateLimitError: Rate limit exceeded for https://api.smith.langchain.com/runs/multipart. HTTPError('429 Client Error: Too Many Requests for url: https://api.smith.langchain.com/runs/multipart', '{"error":"Too many requests: tenant exceeded usage limits: Monthly unique traces usage limit exceeded"}\n')trace=019fba11-9825-7c70-91f4-c417359e5055,id=019fba12-7631-7d40-8c90-6ad4c0b73d63; trace=019fba11-9825-7c70-91f4-c417359e5055,id=019fba12-c92e-7890-8ed7-bf3001e0d81c; trace=019fba11-9825-7c70-91f4-c417359e5055,id=019fba12-c92e-7890-8ed7-bf3001e0d81c; trace=019fba11-9825-7c70-91f4-c417359e5055,id=019fba12-26cf-7423-9192-a1b2ea7d4900; trace=019fba11-9825-7c70-91f4-c417359e5055,id=019fba12-c92f-7563-9baa-7e2ce7e3e58b; trace=019fba11-9825-7c70-91f4-c417359e5055,id=019fba12-c92f-7563-9baa-7e3a84b1869e
Failed to send compressed multipart ingest: langsmith.utils.LangSmithRateLimitError: Rate limit exceeded for https://api.smith.langchain.com/runs/multipart. HTTPError('429 Client Error: Too Many Requests for url: https://api.smith.langchain.com/runs/multipart', '{"error":"Too many requests: tenant exceeded usage limits: Monthly unique traces usage limit exceeded"}\n')trace=019fba11-9825-7c70-91f4-c417359e5055,id=019fba12-c92f-7563-9baa-7e3a84b1869e; trace=019fba11-9825-7c70-91f4-c417359e5055,id=019fba12-c92f-7563-9baa-7e2ce7e3e58b; trace=019fba11-9825-7c70-91f4-c417359e5055,id=019fba12-d68b-7f70-b2b3-9cc61344befb; trace=019fba11-9825-7c70-91f4-c417359e5055,id=019fba12-d68c-7d31-a2da-63ed548c7b29
Calling Baseline Move server...
Calling Baseline Move server...
Calling Baseline Move server...
Calling Baseline Move server (JSON repair retry)...
Calling Baseline Move server...
[baseline] 27/104 scenario_01_07 (repeat 3/4)
Failed to send compressed multipart ingest: langsmith.utils.LangSmithRateLimitError: Rate limit exceeded for https://api.smith.langchain.com/runs/multipart. HTTPError('429 Client Error: Too Many Requests for url: https://api.smith.langchain.com/runs/multipart', '{"error":"Too many requests: tenant exceeded usage limits: Monthly unique traces usage limit exceeded"}\n')trace=019fba11-9825-7c70-91f4-c417359e5055,id=019fba12-d68c-7d31-a2da-63ed548c7b29; trace=019fba11-9825-7c70-91f4-c417359e5055,id=019fba13-1a5c-7640-8d65-2e6c330bf781; trace=019fba11-9825-7c70-91f4-c417359e5055,id=019fba13-1a5c-7640-8d65-2e6c330bf781; trace=019fba11-9825-7c70-91f4-c417359e5055,id=019fba12-d68b-7f70-b2b3-9cc61344befb; trace=019fba11-9825-7c70-91f4-c417359e5055,id=019fba13-1a5d-7222-8c41-7ff4290866c9; trace=019fba11-9825-7c70-91f4-c417359e5055,id=019fba13-1a5d-7222-8c41-7ff4290866c9; trace=019fba11-9825-7c70-91f4-c417359e5055,id=019fba11-9825-7c70-91f4-c417359e5055; trace=019fba13-1af4-7943-a5d7-4361ef6571d1,id=019fba13-1af4-7943-a5d7-4361ef6571d1; trace=019fba13-1af4-7943-a5d7-4361ef6571d1,id=019fba13-1af4-7943-a5d7-4377f1ca234a; trace=019fba13-1af4-7943-a5d7-4361ef6571d1,id=019fba13-1af4-7943-a5d7-4377f1ca234a; trace=019fba13-1af4-7943-a5d7-4361ef6571d1,id=019fba13-1af5-7c73-a5ff-d3e1cda580df; trace=019fba13-1af4-7943-a5d7-4361ef6571d1,id=019fba13-1b84-7f02-9b19-5c217fa56f69; trace=019fba13-1af4-7943-a5d7-4361ef6571d1,id=019fba13-1b84-7f02-9b19-5c217fa56f69; trace=019fba13-1af4-7943-a5d7-4361ef6571d1,id=019fba13-1af5-7c73-a5ff-d3e1cda580df; trace=019fba13-1af4-7943-a5d7-4361ef6571d1,id=019fba13-1b85-7f52-96b2-41de777ef929; trace=019fba13-1af4-7943-a5d7-4361ef6571d1,id=019fba13-1b86-7261-8371-782cd01215ec
Failed to send compressed multipart ingest: langsmith.utils.LangSmithRateLimitError: Rate limit exceeded for https://api.smith.langchain.com/runs/multipart. HTTPError('429 Client Error: Too Many Requests for url: https://api.smith.langchain.com/runs/multipart', '{"error":"Too many requests: tenant exceeded usage limits: Monthly unique traces usage limit exceeded"}\n')trace=019fba13-1af4-7943-a5d7-4361ef6571d1,id=019fba13-1b86-7261-8371-782cd01215ec; trace=019fba13-1af4-7943-a5d7-4361ef6571d1,id=019fba13-1b85-7f52-96b2-41de777ef929; trace=019fba13-1af4-7943-a5d7-4361ef6571d1,id=019fba13-2d95-7e73-ba78-64ff2763bcb1; trace=019fba13-1af4-7943-a5d7-4361ef6571d1,id=019fba13-2d96-72c0-9ba7-e67b11d6608a
Failed to send compressed multipart ingest: langsmith.utils.LangSmithRateLimitError: Rate limit exceeded for https://api.smith.langchain.com/runs/multipart. HTTPError('429 Client Error: Too Many Requests for url: https://api.smith.langchain.com/runs/multipart', '{"error":"Too many requests: tenant exceeded usage limits: Monthly unique traces usage limit exceeded"}\n')trace=019fba13-1af4-7943-a5d7-4361ef6571d1,id=019fba13-2d96-72c0-9ba7-e67b11d6608a; trace=019fba13-1af4-7943-a5d7-4361ef6571d1,id=019fba13-5c0d-7bc1-a30c-668af46a706a; trace=019fba13-1af4-7943-a5d7-4361ef6571d1,id=019fba13-5c0d-7bc1-a30c-668af46a706a; trace=019fba13-1af4-7943-a5d7-4361ef6571d1,id=019fba13-2d95-7e73-ba78-64ff2763bcb1; trace=019fba13-1af4-7943-a5d7-4361ef6571d1,id=019fba13-5c0e-7d42-a6bf-875ab4b5fa91; trace=019fba13-1af4-7943-a5d7-4361ef6571d1,id=019fba13-5c0e-7d42-a6bf-8767def18749
Failed to send compressed multipart ingest: langsmith.utils.LangSmithRateLimitError: Rate limit exceeded for https://api.smith.langchain.com/runs/multipart. HTTPError('429 Client Error: Too Many Requests for url: https://api.smith.langchain.com/runs/multipart', '{"error":"Too many requests: tenant exceeded usage limits: Monthly unique traces usage limit exceeded"}\n')trace=019fba13-1af4-7943-a5d7-4361ef6571d1,id=019fba13-5c0e-7d42-a6bf-8767def18749; trace=019fba13-1af4-7943-a5d7-4361ef6571d1,id=019fba13-5c0e-7d42-a6bf-875ab4b5fa91; trace=019fba13-1af4-7943-a5d7-4361ef6571d1,id=019fba13-6823-7d41-96ce-e434b137bcb6; trace=019fba13-1af4-7943-a5d7-4361ef6571d1,id=019fba13-6825-7a71-b65c-d67ab62a1028
Failed to send compressed multipart ingest: langsmith.utils.LangSmithRateLimitError: Rate limit exceeded for https://api.smith.langchain.com/runs/multipart. HTTPError('429 Client Error: Too Many Requests for url: https://api.smith.langchain.com/runs/multipart', '{"error":"Too many requests: tenant exceeded usage limits: Monthly unique traces usage limit exceeded"}\n')trace=019fba13-1af4-7943-a5d7-4361ef6571d1,id=019fba13-6825-7a71-b65c-d67ab62a1028; trace=019fba13-1af4-7943-a5d7-4361ef6571d1,id=019fba13-a221-7cd3-9132-b97bef05d1f0; trace=019fba13-1af4-7943-a5d7-4361ef6571d1,id=019fba13-a221-7cd3-9132-b97bef05d1f0; trace=019fba13-1af4-7943-a5d7-4361ef6571d1,id=019fba13-6823-7d41-96ce-e434b137bcb6; trace=019fba13-1af4-7943-a5d7-4361ef6571d1,id=019fba13-a222-7540-ba91-ae6a5de80f2b; trace=019fba13-1af4-7943-a5d7-4361ef6571d1,id=019fba13-a223-7792-a7ce-d2a64833a528
Failed to send compressed multipart ingest: langsmith.utils.LangSmithRateLimitError: Rate limit exceeded for https://api.smith.langchain.com/runs/multipart. HTTPError('429 Client Error: Too Many Requests for url: https://api.smith.langchain.com/runs/multipart', '{"error":"Too many requests: tenant exceeded usage limits: Monthly unique traces usage limit exceeded"}\n')trace=019fba13-1af4-7943-a5d7-4361ef6571d1,id=019fba13-a223-7792-a7ce-d2a64833a528; trace=019fba13-1af4-7943-a5d7-4361ef6571d1,id=019fba13-a222-7540-ba91-ae6a5de80f2b; trace=019fba13-1af4-7943-a5d7-4361ef6571d1,id=019fba13-b35c-7643-9b34-619285a911cb; trace=019fba13-1af4-7943-a5d7-4361ef6571d1,id=019fba13-b35d-76b0-a066-a61071054a17
Failed to send compressed multipart ingest: langsmith.utils.LangSmithRateLimitError: Rate limit exceeded for https://api.smith.langchain.com/runs/multipart. HTTPError('429 Client Error: Too Many Requests for url: https://api.smith.langchain.com/runs/multipart', '{"error":"Too many requests: tenant exceeded usage limits: Monthly unique traces usage limit exceeded"}\n')trace=019fba13-1af4-7943-a5d7-4361ef6571d1,id=019fba13-b35d-76b0-a066-a61071054a17; trace=019fba13-1af4-7943-a5d7-4361ef6571d1,id=019fba13-e35e-7c32-96c3-9b91aa3664c7; trace=019fba13-1af4-7943-a5d7-4361ef6571d1,id=019fba13-e35e-7c32-96c3-9b91aa3664c7; trace=019fba13-1af4-7943-a5d7-4361ef6571d1,id=019fba13-b35c-7643-9b34-619285a911cb; trace=019fba13-1af4-7943-a5d7-4361ef6571d1,id=019fba13-e35f-76b0-9d89-02ab7103e202; trace=019fba13-1af4-7943-a5d7-4361ef6571d1,id=019fba13-e35f-76b0-9d89-02b4df17e814
Failed to send compressed multipart ingest: langsmith.utils.LangSmithRateLimitError: Rate limit exceeded for https://api.smith.langchain.com/runs/multipart. HTTPError('429 Client Error: Too Many Requests for url: https://api.smith.langchain.com/runs/multipart', '{"error":"Too many requests: tenant exceeded usage limits: Monthly unique traces usage limit exceeded"}\n')trace=019fba13-1af4-7943-a5d7-4361ef6571d1,id=019fba13-e35f-76b0-9d89-02b4df17e814; trace=019fba13-1af4-7943-a5d7-4361ef6571d1,id=019fba13-e35f-76b0-9d89-02ab7103e202; trace=019fba13-1af4-7943-a5d7-4361ef6571d1,id=019fba14-036d-7e11-840e-dc5af8b00a86; trace=019fba13-1af4-7943-a5d7-4361ef6571d1,id=019fba14-036f-7a02-a95b-d1b1d6f99d00
Calling Baseline Move server...
Calling Baseline Move server...
Calling Baseline Move server...
Calling Baseline Move server...
[baseline] 28/104 scenario_01_07 (repeat 4/4)
Failed to send compressed multipart ingest: langsmith.utils.LangSmithRateLimitError: Rate limit exceeded for https://api.smith.langchain.com/runs/multipart. HTTPError('429 Client Error: Too Many Requests for url: https://api.smith.langchain.com/runs/multipart', '{"error":"Too many requests: tenant exceeded usage limits: Monthly unique traces usage limit exceeded"}\n')trace=019fba13-1af4-7943-a5d7-4361ef6571d1,id=019fba14-036f-7a02-a95b-d1b1d6f99d00; trace=019fba13-1af4-7943-a5d7-4361ef6571d1,id=019fba14-8680-7293-88c6-4ad9377766f6; trace=019fba13-1af4-7943-a5d7-4361ef6571d1,id=019fba14-8680-7293-88c6-4ad9377766f6; trace=019fba13-1af4-7943-a5d7-4361ef6571d1,id=019fba14-036d-7e11-840e-dc5af8b00a86; trace=019fba13-1af4-7943-a5d7-4361ef6571d1,id=019fba14-8681-76f2-8758-59a36bec21f5; trace=019fba13-1af4-7943-a5d7-4361ef6571d1,id=019fba14-8681-76f2-8758-59a36bec21f5; trace=019fba13-1af4-7943-a5d7-4361ef6571d1,id=019fba13-1af4-7943-a5d7-4361ef6571d1; trace=019fba14-86e0-7f52-91a3-d508f415d702,id=019fba14-86e0-7f52-91a3-d508f415d702; trace=019fba14-86e0-7f52-91a3-d508f415d702,id=019fba14-86e0-7f52-91a3-d51a9188779d; trace=019fba14-86e0-7f52-91a3-d508f415d702,id=019fba14-86e0-7f52-91a3-d51a9188779d; trace=019fba14-86e0-7f52-91a3-d508f415d702,id=019fba14-86e1-78a0-b43f-1f41c8a6bba7; trace=019fba14-86e0-7f52-91a3-d508f415d702,id=019fba14-870d-70a0-8631-2e50f3d23076; trace=019fba14-86e0-7f52-91a3-d508f415d702,id=019fba14-870d-70a0-8631-2e50f3d23076; trace=019fba14-86e0-7f52-91a3-d508f415d702,id=019fba14-86e1-78a0-b43f-1f41c8a6bba7; trace=019fba14-86e0-7f52-91a3-d508f415d702,id=019fba14-870e-7fc3-a4df-a2dbcd5229c8; trace=019fba14-86e0-7f52-91a3-d508f415d702,id=019fba14-870e-7fc3-a4df-a2e6d889c796
Failed to send compressed multipart ingest: langsmith.utils.LangSmithRateLimitError: Rate limit exceeded for https://api.smith.langchain.com/runs/multipart. HTTPError('429 Client Error: Too Many Requests for url: https://api.smith.langchain.com/runs/multipart', '{"error":"Too many requests: tenant exceeded usage limits: Monthly unique traces usage limit exceeded"}\n')trace=019fba14-86e0-7f52-91a3-d508f415d702,id=019fba14-870e-7fc3-a4df-a2e6d889c796; trace=019fba14-86e0-7f52-91a3-d508f415d702,id=019fba14-870e-7fc3-a4df-a2dbcd5229c8; trace=019fba14-86e0-7f52-91a3-d508f415d702,id=019fba14-9920-7c40-ac7a-0f4113ce7207; trace=019fba14-86e0-7f52-91a3-d508f415d702,id=019fba14-9922-7361-afce-3d393a90db92
Failed to send compressed multipart ingest: langsmith.utils.LangSmithRateLimitError: Rate limit exceeded for https://api.smith.langchain.com/runs/multipart. HTTPError('429 Client Error: Too Many Requests for url: https://api.smith.langchain.com/runs/multipart', '{"error":"Too many requests: tenant exceeded usage limits: Monthly unique traces usage limit exceeded"}\n')trace=019fba14-86e0-7f52-91a3-d508f415d702,id=019fba14-9922-7361-afce-3d393a90db92; trace=019fba14-86e0-7f52-91a3-d508f415d702,id=019fba14-aaab-7271-af1e-4f91905a1ad1; trace=019fba14-86e0-7f52-91a3-d508f415d702,id=019fba14-aaab-7271-af1e-4f91905a1ad1; trace=019fba14-86e0-7f52-91a3-d508f415d702,id=019fba14-9920-7c40-ac7a-0f4113ce7207; trace=019fba14-86e0-7f52-91a3-d508f415d702,id=019fba14-aaab-7271-af1e-4fae7d0bf894; trace=019fba14-86e0-7f52-91a3-d508f415d702,id=019fba14-aaac-7bc0-af7e-41b266eeca09
Failed to send compressed multipart ingest: langsmith.utils.LangSmithRateLimitError: Rate limit exceeded for https://api.smith.langchain.com/runs/multipart. HTTPError('429 Client Error: Too Many Requests for url: https://api.smith.langchain.com/runs/multipart', '{"error":"Too many requests: tenant exceeded usage limits: Monthly unique traces usage limit exceeded"}\n')trace=019fba14-86e0-7f52-91a3-d508f415d702,id=019fba14-aaac-7bc0-af7e-41b266eeca09; trace=019fba14-86e0-7f52-91a3-d508f415d702,id=019fba14-aaab-7271-af1e-4fae7d0bf894; trace=019fba14-86e0-7f52-91a3-d508f415d702,id=019fba14-bae1-7130-946f-e164ed5458f6; trace=019fba14-86e0-7f52-91a3-d508f415d702,id=019fba14-bae3-70b2-81a8-d8b7c2c92fcf
Failed to send compressed multipart ingest: langsmith.utils.LangSmithRateLimitError: Rate limit exceeded for https://api.smith.langchain.com/runs/multipart. HTTPError('429 Client Error: Too Many Requests for url: https://api.smith.langchain.com/runs/multipart', '{"error":"Too many requests: tenant exceeded usage limits: Monthly unique traces usage limit exceeded"}\n')trace=019fba14-86e0-7f52-91a3-d508f415d702,id=019fba14-bae3-70b2-81a8-d8b7c2c92fcf; trace=019fba14-86e0-7f52-91a3-d508f415d702,id=019fba14-cb29-7313-8fb6-f1b25fdbc810; trace=019fba14-86e0-7f52-91a3-d508f415d702,id=019fba14-cb29-7313-8fb6-f1b25fdbc810; trace=019fba14-86e0-7f52-91a3-d508f415d702,id=019fba14-bae1-7130-946f-e164ed5458f6; trace=019fba14-86e0-7f52-91a3-d508f415d702,id=019fba14-cb2a-7a90-925f-0ae9f3c4fb6d; trace=019fba14-86e0-7f52-91a3-d508f415d702,id=019fba14-cb2b-70a2-a447-354eee795925
Failed to send compressed multipart ingest: langsmith.utils.LangSmithRateLimitError: Rate limit exceeded for https://api.smith.langchain.com/runs/multipart. HTTPError('429 Client Error: Too Many Requests for url: https://api.smith.langchain.com/runs/multipart', '{"error":"Too many requests: tenant exceeded usage limits: Monthly unique traces usage limit exceeded"}\n')trace=019fba14-86e0-7f52-91a3-d508f415d702,id=019fba14-cb2b-70a2-a447-354eee795925; trace=019fba14-86e0-7f52-91a3-d508f415d702,id=019fba14-cb2a-7a90-925f-0ae9f3c4fb6d; trace=019fba14-86e0-7f52-91a3-d508f415d702,id=019fba14-de31-7b40-843a-06995f07c11f; trace=019fba14-86e0-7f52-91a3-d508f415d702,id=019fba14-de33-7892-a8c1-8e0c24684927
Failed to send compressed multipart ingest: langsmith.utils.LangSmithRateLimitError: Rate limit exceeded for https://api.smith.langchain.com/runs/multipart. HTTPError('429 Client Error: Too Many Requests for url: https://api.smith.langchain.com/runs/multipart', '{"error":"Too many requests: tenant exceeded usage limits: Monthly unique traces usage limit exceeded"}\n')trace=019fba14-86e0-7f52-91a3-d508f415d702,id=019fba14-de33-7892-a8c1-8e0c24684927; trace=019fba14-86e0-7f52-91a3-d508f415d702,id=019fba14-f0fe-70e1-a8cf-eb5b8a312527; trace=019fba14-86e0-7f52-91a3-d508f415d702,id=019fba14-f0fe-70e1-a8cf-eb5b8a312527; trace=019fba14-86e0-7f52-91a3-d508f415d702,id=019fba14-de31-7b40-843a-06995f07c11f; trace=019fba14-86e0-7f52-91a3-d508f415d702,id=019fba14-f0ff-72e2-a824-c9f1a20debdd; trace=019fba14-86e0-7f52-91a3-d508f415d702,id=019fba14-f0ff-72e2-a824-ca04eb21b3c0
Failed to send compressed multipart ingest: langsmith.utils.LangSmithRateLimitError: Rate limit exceeded for https://api.smith.langchain.com/runs/multipart. HTTPError('429 Client Error: Too Many Requests for url: https://api.smith.langchain.com/runs/multipart', '{"error":"Too many requests: tenant exceeded usage limits: Monthly unique traces usage limit exceeded"}\n')trace=019fba14-86e0-7f52-91a3-d508f415d702,id=019fba14-f0ff-72e2-a824-ca04eb21b3c0; trace=019fba14-86e0-7f52-91a3-d508f415d702,id=019fba14-f0ff-72e2-a824-c9f1a20debdd; trace=019fba14-86e0-7f52-91a3-d508f415d702,id=019fba15-0666-74e2-82a9-be25986db576; trace=019fba14-86e0-7f52-91a3-d508f415d702,id=019fba15-0667-7511-abf8-20db6067ddfa
Failed to send compressed multipart ingest: langsmith.utils.LangSmithRateLimitError: Rate limit exceeded for https://api.smith.langchain.com/runs/multipart. HTTPError('429 Client Error: Too Many Requests for url: https://api.smith.langchain.com/runs/multipart', '{"error":"Too many requests: tenant exceeded usage limits: Monthly unique traces usage limit exceeded"}\n')trace=019fba14-86e0-7f52-91a3-d508f415d702,id=019fba15-0667-7511-abf8-20db6067ddfa; trace=019fba14-86e0-7f52-91a3-d508f415d702,id=019fba15-1fb1-7f32-9308-54c785fb4e35; trace=019fba14-86e0-7f52-91a3-d508f415d702,id=019fba15-1fb1-7f32-9308-54c785fb4e35; trace=019fba14-86e0-7f52-91a3-d508f415d702,id=019fba15-0666-74e2-82a9-be25986db576; trace=019fba14-86e0-7f52-91a3-d508f415d702,id=019fba15-1fb2-7790-9795-c6f1243d2e61; trace=019fba14-86e0-7f52-91a3-d508f415d702,id=019fba15-1fb3-7a01-adbd-e8df4546ed7f
Failed to send compressed multipart ingest: langsmith.utils.LangSmithRateLimitError: Rate limit exceeded for https://api.smith.langchain.com/runs/multipart. HTTPError('429 Client Error: Too Many Requests for url: https://api.smith.langchain.com/runs/multipart', '{"error":"Too many requests: tenant exceeded usage limits: Monthly unique traces usage limit exceeded"}\n')trace=019fba14-86e0-7f52-91a3-d508f415d702,id=019fba15-1fb3-7a01-adbd-e8df4546ed7f; trace=019fba14-86e0-7f52-91a3-d508f415d702,id=019fba15-1fb2-7790-9795-c6f1243d2e61; trace=019fba14-86e0-7f52-91a3-d508f415d702,id=019fba15-3ddd-7832-99b1-71c71f797d0f; trace=019fba14-86e0-7f52-91a3-d508f415d702,id=019fba15-3ddf-7a31-951e-39d314b1d827
Failed to send compressed multipart ingest: langsmith.utils.LangSmithRateLimitError: Rate limit exceeded for https://api.smith.langchain.com/runs/multipart. HTTPError('429 Client Error: Too Many Requests for url: https://api.smith.langchain.com/runs/multipart', '{"error":"Too many requests: tenant exceeded usage limits: Monthly unique traces usage limit exceeded"}\n')trace=019fba14-86e0-7f52-91a3-d508f415d702,id=019fba15-3ddf-7a31-951e-39d314b1d827; trace=019fba14-86e0-7f52-91a3-d508f415d702,id=019fba15-5112-7530-870a-8a7fdebb5f67; trace=019fba14-86e0-7f52-91a3-d508f415d702,id=019fba15-5112-7530-870a-8a7fdebb5f67; trace=019fba14-86e0-7f52-91a3-d508f415d702,id=019fba15-3ddd-7832-99b1-71c71f797d0f; trace=019fba14-86e0-7f52-91a3-d508f415d702,id=019fba15-5113-7901-aa56-72982483f43c; trace=019fba14-86e0-7f52-91a3-d508f415d702,id=019fba15-5113-7901-aa56-72a7388f5da5
Failed to send compressed multipart ingest: langsmith.utils.LangSmithRateLimitError: Rate limit exceeded for https://api.smith.langchain.com/runs/multipart. HTTPError('429 Client Error: Too Many Requests for url: https://api.smith.langchain.com/runs/multipart', '{"error":"Too many requests: tenant exceeded usage limits: Monthly unique traces usage limit exceeded"}\n')trace=019fba14-86e0-7f52-91a3-d508f415d702,id=019fba15-5113-7901-aa56-72a7388f5da5; trace=019fba14-86e0-7f52-91a3-d508f415d702,id=019fba15-5113-7901-aa56-72982483f43c; trace=019fba14-86e0-7f52-91a3-d508f415d702,id=019fba15-7d6d-7ff2-8449-0129fd22145e; trace=019fba14-86e0-7f52-91a3-d508f415d702,id=019fba15-7d6f-75f3-a9f0-ccd014f244d1
Calling Baseline Move server...
Calling Baseline Move server...
Calling Baseline Move server...
Calling Baseline Move server...
Calling Baseline Move server...
Calling Baseline Move server...
[baseline] 29/104 scenario_01_08 (repeat 1/4)
Failed to send compressed multipart ingest: langsmith.utils.LangSmithRateLimitError: Rate limit exceeded for https://api.smith.langchain.com/runs/multipart. HTTPError('429 Client Error: Too Many Requests for url: https://api.smith.langchain.com/runs/multipart', '{"error":"Too many requests: tenant exceeded usage limits: Monthly unique traces usage limit exceeded"}\n')trace=019fba14-86e0-7f52-91a3-d508f415d702,id=019fba15-7d6f-75f3-a9f0-ccd014f244d1; trace=019fba14-86e0-7f52-91a3-d508f415d702,id=019fba15-cb24-7491-975e-dbe9c28829ca; trace=019fba14-86e0-7f52-91a3-d508f415d702,id=019fba15-cb24-7491-975e-dbe9c28829ca; trace=019fba14-86e0-7f52-91a3-d508f415d702,id=019fba15-7d6d-7ff2-8449-0129fd22145e; trace=019fba14-86e0-7f52-91a3-d508f415d702,id=019fba15-cb25-7c02-b32b-cb8662641a1e; trace=019fba14-86e0-7f52-91a3-d508f415d702,id=019fba15-cb25-7c02-b32b-cb8662641a1e; trace=019fba14-86e0-7f52-91a3-d508f415d702,id=019fba14-86e0-7f52-91a3-d508f415d702; trace=019fba15-cb92-7532-bd90-5a9412802fb9,id=019fba15-cb92-7532-bd90-5a9412802fb9; trace=019fba15-cb92-7532-bd90-5a9412802fb9,id=019fba15-cb92-7532-bd90-5aacab1ae5bd; trace=019fba15-cb92-7532-bd90-5a9412802fb9,id=019fba15-cb92-7532-bd90-5aacab1ae5bd; trace=019fba15-cb92-7532-bd90-5a9412802fb9,id=019fba15-cb93-7713-8048-2ab7115d2415; trace=019fba15-cb92-7532-bd90-5a9412802fb9,id=019fba15-cbcb-7df2-bd13-f4d76eb4154f; trace=019fba15-cb92-7532-bd90-5a9412802fb9,id=019fba15-cbcb-7df2-bd13-f4d76eb4154f; trace=019fba15-cb92-7532-bd90-5a9412802fb9,id=019fba15-cb93-7713-8048-2ab7115d2415; trace=019fba15-cb92-7532-bd90-5a9412802fb9,id=019fba15-cbcc-7c23-8074-cf0131fe9d6e; trace=019fba15-cb92-7532-bd90-5a9412802fb9,id=019fba15-cbcc-7c23-8074-cf14a3a7e1a9
Failed to send compressed multipart ingest: langsmith.utils.LangSmithRateLimitError: Rate limit exceeded for https://api.smith.langchain.com/runs/multipart. HTTPError('429 Client Error: Too Many Requests for url: https://api.smith.langchain.com/runs/multipart', '{"error":"Too many requests: tenant exceeded usage limits: Monthly unique traces usage limit exceeded"}\n')trace=019fba15-cb92-7532-bd90-5a9412802fb9,id=019fba15-cbcc-7c23-8074-cf14a3a7e1a9; trace=019fba15-cb92-7532-bd90-5a9412802fb9,id=019fba15-cbcc-7c23-8074-cf0131fe9d6e; trace=019fba15-cb92-7532-bd90-5a9412802fb9,id=019fba15-dddd-70f1-8797-5827888ee950; trace=019fba15-cb92-7532-bd90-5a9412802fb9,id=019fba15-dddf-7e40-8c40-681e33f6bdea
Failed to send compressed multipart ingest: langsmith.utils.LangSmithRateLimitError: Rate limit exceeded for https://api.smith.langchain.com/runs/multipart. HTTPError('429 Client Error: Too Many Requests for url: https://api.smith.langchain.com/runs/multipart', '{"error":"Too many requests: tenant exceeded usage limits: Monthly unique traces usage limit exceeded"}\n')trace=019fba15-cb92-7532-bd90-5a9412802fb9,id=019fba15-dddf-7e40-8c40-681e33f6bdea; trace=019fba15-cb92-7532-bd90-5a9412802fb9,id=019fba15-f8e4-74c1-b0c2-83a051df1cb9; trace=019fba15-cb92-7532-bd90-5a9412802fb9,id=019fba15-f8e4-74c1-b0c2-83a051df1cb9; trace=019fba15-cb92-7532-bd90-5a9412802fb9,id=019fba15-dddd-70f1-8797-5827888ee950; trace=019fba15-cb92-7532-bd90-5a9412802fb9,id=019fba15-f8e5-76b1-96f2-204dba179ad4; trace=019fba15-cb92-7532-bd90-5a9412802fb9,id=019fba15-f8e6-77b1-8746-873aa37512b8
Failed to send compressed multipart ingest: langsmith.utils.LangSmithRateLimitError: Rate limit exceeded for https://api.smith.langchain.com/runs/multipart. HTTPError('429 Client Error: Too Many Requests for url: https://api.smith.langchain.com/runs/multipart', '{"error":"Too many requests: tenant exceeded usage limits: Monthly unique traces usage limit exceeded"}\n')trace=019fba15-cb92-7532-bd90-5a9412802fb9,id=019fba15-f8e6-77b1-8746-873aa37512b8; trace=019fba15-cb92-7532-bd90-5a9412802fb9,id=019fba15-f8e5-76b1-96f2-204dba179ad4; trace=019fba15-cb92-7532-bd90-5a9412802fb9,id=019fba16-0d0d-7b02-9e45-8aa8709546fa; trace=019fba15-cb92-7532-bd90-5a9412802fb9,id=019fba16-0d0e-7c12-9895-0fe88d5315f5
Failed to send compressed multipart ingest: langsmith.utils.LangSmithRateLimitError: Rate limit exceeded for https://api.smith.langchain.com/runs/multipart. HTTPError('429 Client Error: Too Many Requests for url: https://api.smith.langchain.com/runs/multipart', '{"error":"Too many requests: tenant exceeded usage limits: Monthly unique traces usage limit exceeded"}\n')trace=019fba15-cb92-7532-bd90-5a9412802fb9,id=019fba16-0d0e-7c12-9895-0fe88d5315f5; trace=019fba15-cb92-7532-bd90-5a9412802fb9,id=019fba16-21d8-7592-9982-265b3afd7356; trace=019fba15-cb92-7532-bd90-5a9412802fb9,id=019fba16-21d8-7592-9982-265b3afd7356; trace=019fba15-cb92-7532-bd90-5a9412802fb9,id=019fba16-0d0d-7b02-9e45-8aa8709546fa; trace=019fba15-cb92-7532-bd90-5a9412802fb9,id=019fba16-21d9-73d1-8f93-781ff71e1bf6; trace=019fba15-cb92-7532-bd90-5a9412802fb9,id=019fba16-21d9-73d1-8f93-782f662f59cd
Failed to send compressed multipart ingest: langsmith.utils.LangSmithRateLimitError: Rate limit exceeded for https://api.smith.langchain.com/runs/multipart. HTTPError('429 Client Error: Too Many Requests for url: https://api.smith.langchain.com/runs/multipart', '{"error":"Too many requests: tenant exceeded usage limits: Monthly unique traces usage limit exceeded"}\n')trace=019fba15-cb92-7532-bd90-5a9412802fb9,id=019fba16-21d9-73d1-8f93-782f662f59cd; trace=019fba15-cb92-7532-bd90-5a9412802fb9,id=019fba16-21d9-73d1-8f93-781ff71e1bf6; trace=019fba15-cb92-7532-bd90-5a9412802fb9,id=019fba16-2d90-75a0-a566-bac8b69d4783; trace=019fba15-cb92-7532-bd90-5a9412802fb9,id=019fba16-2d91-77d0-841f-63c60488a5d9
Failed to send compressed multipart ingest: langsmith.utils.LangSmithRateLimitError: Rate limit exceeded for https://api.smith.langchain.com/runs/multipart. HTTPError('429 Client Error: Too Many Requests for url: https://api.smith.langchain.com/runs/multipart', '{"error":"Too many requests: tenant exceeded usage limits: Monthly unique traces usage limit exceeded"}\n')trace=019fba15-cb92-7532-bd90-5a9412802fb9,id=019fba16-2d91-77d0-841f-63c60488a5d9; trace=019fba15-cb92-7532-bd90-5a9412802fb9,id=019fba16-446e-71d1-8e8c-0eb9473670b0; trace=019fba15-cb92-7532-bd90-5a9412802fb9,id=019fba16-446e-71d1-8e8c-0eb9473670b0; trace=019fba15-cb92-7532-bd90-5a9412802fb9,id=019fba16-2d90-75a0-a566-bac8b69d4783; trace=019fba15-cb92-7532-bd90-5a9412802fb9,id=019fba16-446f-70e1-972e-e5c30c097f0e; trace=019fba15-cb92-7532-bd90-5a9412802fb9,id=019fba16-446f-70e1-972e-e5d50bfbff90
Failed to send compressed multipart ingest: langsmith.utils.LangSmithRateLimitError: Rate limit exceeded for https://api.smith.langchain.com/runs/multipart. HTTPError('429 Client Error: Too Many Requests for url: https://api.smith.langchain.com/runs/multipart', '{"error":"Too many requests: tenant exceeded usage limits: Monthly unique traces usage limit exceeded"}\n')trace=019fba15-cb92-7532-bd90-5a9412802fb9,id=019fba16-446f-70e1-972e-e5d50bfbff90; trace=019fba15-cb92-7532-bd90-5a9412802fb9,id=019fba16-446f-70e1-972e-e5c30c097f0e; trace=019fba15-cb92-7532-bd90-5a9412802fb9,id=019fba16-5559-7f93-a6df-070fa1f2147b; trace=019fba15-cb92-7532-bd90-5a9412802fb9,id=019fba16-555b-7730-80ff-8ee7ab3ada52
Failed to send compressed multipart ingest: langsmith.utils.LangSmithRateLimitError: Rate limit exceeded for https://api.smith.langchain.com/runs/multipart. HTTPError('429 Client Error: Too Many Requests for url: https://api.smith.langchain.com/runs/multipart', '{"error":"Too many requests: tenant exceeded usage limits: Monthly unique traces usage limit exceeded"}\n')trace=019fba15-cb92-7532-bd90-5a9412802fb9,id=019fba16-555b-7730-80ff-8ee7ab3ada52; trace=019fba15-cb92-7532-bd90-5a9412802fb9,id=019fba16-675f-7f41-bea5-8b8dd1d86de7; trace=019fba15-cb92-7532-bd90-5a9412802fb9,id=019fba16-675f-7f41-bea5-8b8dd1d86de7; trace=019fba15-cb92-7532-bd90-5a9412802fb9,id=019fba16-5559-7f93-a6df-070fa1f2147b; trace=019fba15-cb92-7532-bd90-5a9412802fb9,id=019fba16-6760-7731-8a9a-91156a3efc2f; trace=019fba15-cb92-7532-bd90-5a9412802fb9,id=019fba16-6760-7731-8a9a-912400f9449d
Failed to send compressed multipart ingest: langsmith.utils.LangSmithRateLimitError: Rate limit exceeded for https://api.smith.langchain.com/runs/multipart. HTTPError('429 Client Error: Too Many Requests for url: https://api.smith.langchain.com/runs/multipart', '{"error":"Too many requests: tenant exceeded usage limits: Monthly unique traces usage limit exceeded"}\n')trace=019fba15-cb92-7532-bd90-5a9412802fb9,id=019fba16-6760-7731-8a9a-912400f9449d; trace=019fba15-cb92-7532-bd90-5a9412802fb9,id=019fba16-6760-7731-8a9a-91156a3efc2f; trace=019fba15-cb92-7532-bd90-5a9412802fb9,id=019fba16-7ff0-7c53-81a7-0f8c5096c575; trace=019fba15-cb92-7532-bd90-5a9412802fb9,id=019fba16-7ff2-7091-8c62-a87e5b72efa8
Failed to send compressed multipart ingest: langsmith.utils.LangSmithRateLimitError: Rate limit exceeded for https://api.smith.langchain.com/runs/multipart. HTTPError('429 Client Error: Too Many Requests for url: https://api.smith.langchain.com/runs/multipart', '{"error":"Too many requests: tenant exceeded usage limits: Monthly unique traces usage limit exceeded"}\n')trace=019fba15-cb92-7532-bd90-5a9412802fb9,id=019fba16-7ff2-7091-8c62-a87e5b72efa8; trace=019fba15-cb92-7532-bd90-5a9412802fb9,id=019fba16-91d1-79c3-8e49-04d94afa96f5; trace=019fba15-cb92-7532-bd90-5a9412802fb9,id=019fba16-91d1-79c3-8e49-04d94afa96f5; trace=019fba15-cb92-7532-bd90-5a9412802fb9,id=019fba16-7ff0-7c53-81a7-0f8c5096c575; trace=019fba15-cb92-7532-bd90-5a9412802fb9,id=019fba16-91d2-7720-bec9-1964fd339f32; trace=019fba15-cb92-7532-bd90-5a9412802fb9,id=019fba16-91d3-7fc3-bdef-e885a8378195
Failed to send compressed multipart ingest: langsmith.utils.LangSmithRateLimitError: Rate limit exceeded for https://api.smith.langchain.com/runs/multipart. HTTPError('429 Client Error: Too Many Requests for url: https://api.smith.langchain.com/runs/multipart', '{"error":"Too many requests: tenant exceeded usage limits: Monthly unique traces usage limit exceeded"}\n')trace=019fba15-cb92-7532-bd90-5a9412802fb9,id=019fba16-91d3-7fc3-bdef-e885a8378195; trace=019fba15-cb92-7532-bd90-5a9412802fb9,id=019fba16-91d2-7720-bec9-1964fd339f32; trace=019fba15-cb92-7532-bd90-5a9412802fb9,id=019fba16-a93d-74b1-be1f-a28ac73a8726; trace=019fba15-cb92-7532-bd90-5a9412802fb9,id=019fba16-a93f-7551-90fd-7d845c80d40e
Calling Baseline Move server...
Calling Baseline Move server...
Calling Baseline Move server...
Calling Baseline Move server...
Calling Baseline Move server...
Calling Baseline Move server...
[baseline] 30/104 scenario_01_08 (repeat 2/4)
Failed to send compressed multipart ingest: langsmith.utils.LangSmithRateLimitError: Rate limit exceeded for https://api.smith.langchain.com/runs/multipart. HTTPError('429 Client Error: Too Many Requests for url: https://api.smith.langchain.com/runs/multipart', '{"error":"Too many requests: tenant exceeded usage limits: Monthly unique traces usage limit exceeded"}\n')trace=019fba15-cb92-7532-bd90-5a9412802fb9,id=019fba16-a93f-7551-90fd-7d845c80d40e; trace=019fba15-cb92-7532-bd90-5a9412802fb9,id=019fba16-f915-7cf1-ba55-d3f55738deb4; trace=019fba15-cb92-7532-bd90-5a9412802fb9,id=019fba16-f915-7cf1-ba55-d3f55738deb4; trace=019fba15-cb92-7532-bd90-5a9412802fb9,id=019fba16-a93d-74b1-be1f-a28ac73a8726; trace=019fba15-cb92-7532-bd90-5a9412802fb9,id=019fba16-f916-7ad3-a465-9275bf85f568; trace=019fba15-cb92-7532-bd90-5a9412802fb9,id=019fba16-f916-7ad3-a465-9275bf85f568; trace=019fba15-cb92-7532-bd90-5a9412802fb9,id=019fba15-cb92-7532-bd90-5a9412802fb9; trace=019fba16-f9af-76c1-bbac-dc6bc1162d91,id=019fba16-f9af-76c1-bbac-dc6bc1162d91; trace=019fba16-f9af-76c1-bbac-dc6bc1162d91,id=019fba16-f9b0-7d51-9a34-bdf537129711; trace=019fba16-f9af-76c1-bbac-dc6bc1162d91,id=019fba16-f9b0-7d51-9a34-bdf537129711; trace=019fba16-f9af-76c1-bbac-dc6bc1162d91,id=019fba16-f9b0-7d51-9a34-be0b25b5db53; trace=019fba16-f9af-76c1-bbac-dc6bc1162d91,id=019fba16-f9e7-7191-8b56-30a6e9e95cd4; trace=019fba16-f9af-76c1-bbac-dc6bc1162d91,id=019fba16-f9e7-7191-8b56-30a6e9e95cd4; trace=019fba16-f9af-76c1-bbac-dc6bc1162d91,id=019fba16-f9b0-7d51-9a34-be0b25b5db53; trace=019fba16-f9af-76c1-bbac-dc6bc1162d91,id=019fba16-f9e8-7840-8f25-71294dc4e0d0; trace=019fba16-f9af-76c1-bbac-dc6bc1162d91,id=019fba16-f9e8-7840-8f25-71331f876079
Failed to send compressed multipart ingest: langsmith.utils.LangSmithRateLimitError: Rate limit exceeded for https://api.smith.langchain.com/runs/multipart. HTTPError('429 Client Error: Too Many Requests for url: https://api.smith.langchain.com/runs/multipart', '{"error":"Too many requests: tenant exceeded usage limits: Monthly unique traces usage limit exceeded"}\n')trace=019fba16-f9af-76c1-bbac-dc6bc1162d91,id=019fba16-f9e8-7840-8f25-71331f876079; trace=019fba16-f9af-76c1-bbac-dc6bc1162d91,id=019fba16-f9e8-7840-8f25-71294dc4e0d0; trace=019fba16-f9af-76c1-bbac-dc6bc1162d91,id=019fba17-0984-7301-ace0-ef4585b41997; trace=019fba16-f9af-76c1-bbac-dc6bc1162d91,id=019fba17-0986-7e71-ba6b-15822516d467
Failed to send compressed multipart ingest: langsmith.utils.LangSmithRateLimitError: Rate limit exceeded for https://api.smith.langchain.com/runs/multipart. HTTPError('429 Client Error: Too Many Requests for url: https://api.smith.langchain.com/runs/multipart', '{"error":"Too many requests: tenant exceeded usage limits: Monthly unique traces usage limit exceeded"}\n')trace=019fba16-f9af-76c1-bbac-dc6bc1162d91,id=019fba17-0986-7e71-ba6b-15822516d467; trace=019fba16-f9af-76c1-bbac-dc6bc1162d91,id=019fba17-1dce-7b93-bbdc-869aef6d26e8; trace=019fba16-f9af-76c1-bbac-dc6bc1162d91,id=019fba17-1dce-7b93-bbdc-869aef6d26e8; trace=019fba16-f9af-76c1-bbac-dc6bc1162d91,id=019fba17-0984-7301-ace0-ef4585b41997; trace=019fba16-f9af-76c1-bbac-dc6bc1162d91,id=019fba17-1dcf-7e60-a1d8-592c4b027d12; trace=019fba16-f9af-76c1-bbac-dc6bc1162d91,id=019fba17-1dcf-7e60-a1d8-593851f1237a
Failed to send compressed multipart ingest: langsmith.utils.LangSmithRateLimitError: Rate limit exceeded for https://api.smith.langchain.com/runs/multipart. HTTPError('429 Client Error: Too Many Requests for url: https://api.smith.langchain.com/runs/multipart', '{"error":"Too many requests: tenant exceeded usage limits: Monthly unique traces usage limit exceeded"}\n')trace=019fba16-f9af-76c1-bbac-dc6bc1162d91,id=019fba17-1dcf-7e60-a1d8-593851f1237a; trace=019fba16-f9af-76c1-bbac-dc6bc1162d91,id=019fba17-1dcf-7e60-a1d8-592c4b027d12; trace=019fba16-f9af-76c1-bbac-dc6bc1162d91,id=019fba17-3267-77d0-b81e-8aa093f9f5a2; trace=019fba16-f9af-76c1-bbac-dc6bc1162d91,id=019fba17-3269-7040-919d-c34745ad66ed
Failed to send compressed multipart ingest: langsmith.utils.LangSmithRateLimitError: Rate limit exceeded for https://api.smith.langchain.com/runs/multipart. HTTPError('429 Client Error: Too Many Requests for url: https://api.smith.langchain.com/runs/multipart', '{"error":"Too many requests: tenant exceeded usage limits: Monthly unique traces usage limit exceeded"}\n')trace=019fba16-f9af-76c1-bbac-dc6bc1162d91,id=019fba17-3269-7040-919d-c34745ad66ed
Failed to send compressed multipart ingest: langsmith.utils.LangSmithRateLimitError: Rate limit exceeded for https://api.smith.langchain.com/runs/multipart. HTTPError('429 Client Error: Too Many Requests for url: https://api.smith.langchain.com/runs/multipart', '{"error":"Too many requests: tenant exceeded usage limits: Monthly unique traces usage limit exceeded"}\n')trace=019fba16-f9af-76c1-bbac-dc6bc1162d91,id=019fba17-44c2-7e31-b11b-6111a765f829; trace=019fba16-f9af-76c1-bbac-dc6bc1162d91,id=019fba17-44c2-7e31-b11b-6111a765f829; trace=019fba16-f9af-76c1-bbac-dc6bc1162d91,id=019fba17-3267-77d0-b81e-8aa093f9f5a2; trace=019fba16-f9af-76c1-bbac-dc6bc1162d91,id=019fba17-44c6-7931-80f0-b6d5bfdc26fe; trace=019fba16-f9af-76c1-bbac-dc6bc1162d91,id=019fba17-44c6-7931-80f0-b6ead9aa1b0b
Failed to send compressed multipart ingest: langsmith.utils.LangSmithRateLimitError: Rate limit exceeded for https://api.smith.langchain.com/runs/multipart. HTTPError('429 Client Error: Too Many Requests for url: https://api.smith.langchain.com/runs/multipart', '{"error":"Too many requests: tenant exceeded usage limits: Monthly unique traces usage limit exceeded"}\n')trace=019fba16-f9af-76c1-bbac-dc6bc1162d91,id=019fba17-44c6-7931-80f0-b6ead9aa1b0b; trace=019fba16-f9af-76c1-bbac-dc6bc1162d91,id=019fba17-44c6-7931-80f0-b6d5bfdc26fe; trace=019fba16-f9af-76c1-bbac-dc6bc1162d91,id=019fba17-5888-7ea1-ad2b-7ffdfb593191; trace=019fba16-f9af-76c1-bbac-dc6bc1162d91,id=019fba17-5889-7b81-bd43-2befaadf1804
Failed to send compressed multipart ingest: langsmith.utils.LangSmithRateLimitError: Rate limit exceeded for https://api.smith.langchain.com/runs/multipart. HTTPError('429 Client Error: Too Many Requests for url: https://api.smith.langchain.com/runs/multipart', '{"error":"Too many requests: tenant exceeded usage limits: Monthly unique traces usage limit exceeded"}\n')trace=019fba16-f9af-76c1-bbac-dc6bc1162d91,id=019fba17-5889-7b81-bd43-2befaadf1804; trace=019fba16-f9af-76c1-bbac-dc6bc1162d91,id=019fba17-7400-70f3-ac35-704b9344c262; trace=019fba16-f9af-76c1-bbac-dc6bc1162d91,id=019fba17-7400-70f3-ac35-704b9344c262; trace=019fba16-f9af-76c1-bbac-dc6bc1162d91,id=019fba17-5888-7ea1-ad2b-7ffdfb593191; trace=019fba16-f9af-76c1-bbac-dc6bc1162d91,id=019fba17-7401-7dd0-9744-86153fb5a323; trace=019fba16-f9af-76c1-bbac-dc6bc1162d91,id=019fba17-7401-7dd0-9744-8625a2b4dd88
Failed to send compressed multipart ingest: langsmith.utils.LangSmithRateLimitError: Rate limit exceeded for https://api.smith.langchain.com/runs/multipart. HTTPError('429 Client Error: Too Many Requests for url: https://api.smith.langchain.com/runs/multipart', '{"error":"Too many requests: tenant exceeded usage limits: Monthly unique traces usage limit exceeded"}\n')trace=019fba16-f9af-76c1-bbac-dc6bc1162d91,id=019fba17-7401-7dd0-9744-8625a2b4dd88; trace=019fba16-f9af-76c1-bbac-dc6bc1162d91,id=019fba17-7401-7dd0-9744-86153fb5a323; trace=019fba16-f9af-76c1-bbac-dc6bc1162d91,id=019fba17-881e-75c3-8194-f8a22a856169; trace=019fba16-f9af-76c1-bbac-dc6bc1162d91,id=019fba17-8820-72d3-9758-7d53e6ae80de
Calling Baseline Move server...
Calling Baseline Move server...
Calling Baseline Move server...
Calling Baseline Move server...
[baseline] 31/104 scenario_01_08 (repeat 3/4)
Failed to send compressed multipart ingest: langsmith.utils.LangSmithRateLimitError: Rate limit exceeded for https://api.smith.langchain.com/runs/multipart. HTTPError('429 Client Error: Too Many Requests for url: https://api.smith.langchain.com/runs/multipart', '{"error":"Too many requests: tenant exceeded usage limits: Monthly unique traces usage limit exceeded"}\n')trace=019fba16-f9af-76c1-bbac-dc6bc1162d91,id=019fba17-8820-72d3-9758-7d53e6ae80de; trace=019fba16-f9af-76c1-bbac-dc6bc1162d91,id=019fba17-995d-7cb2-a3e1-4fe12cc569b6; trace=019fba16-f9af-76c1-bbac-dc6bc1162d91,id=019fba17-995d-7cb2-a3e1-4fe12cc569b6; trace=019fba16-f9af-76c1-bbac-dc6bc1162d91,id=019fba17-881e-75c3-8194-f8a22a856169; trace=019fba16-f9af-76c1-bbac-dc6bc1162d91,id=019fba17-995e-7100-b5dd-3a79181138fc; trace=019fba16-f9af-76c1-bbac-dc6bc1162d91,id=019fba17-995e-7100-b5dd-3a79181138fc; trace=019fba16-f9af-76c1-bbac-dc6bc1162d91,id=019fba16-f9af-76c1-bbac-dc6bc1162d91; trace=019fba17-9983-7980-85a0-a30f6095cdc2,id=019fba17-9983-7980-85a0-a30f6095cdc2; trace=019fba17-9983-7980-85a0-a30f6095cdc2,id=019fba17-9983-7980-85a0-a311e7a7b6f0; trace=019fba17-9983-7980-85a0-a30f6095cdc2,id=019fba17-9983-7980-85a0-a311e7a7b6f0; trace=019fba17-9983-7980-85a0-a30f6095cdc2,id=019fba17-9984-77f2-8bef-5c057f151f95; trace=019fba17-9983-7980-85a0-a30f6095cdc2,id=019fba17-99a0-7981-83fe-5f0445aa409a; trace=019fba17-9983-7980-85a0-a30f6095cdc2,id=019fba17-99a0-7981-83fe-5f0445aa409a; trace=019fba17-9983-7980-85a0-a30f6095cdc2,id=019fba17-9984-77f2-8bef-5c057f151f95; trace=019fba17-9983-7980-85a0-a30f6095cdc2,id=019fba17-99a1-7da2-9cae-75af3a4cd24c; trace=019fba17-9983-7980-85a0-a30f6095cdc2,id=019fba17-99a1-7da2-9cae-75be24d1cd48
Failed to send compressed multipart ingest: langsmith.utils.LangSmithRateLimitError: Rate limit exceeded for https://api.smith.langchain.com/runs/multipart. HTTPError('429 Client Error: Too Many Requests for url: https://api.smith.langchain.com/runs/multipart', '{"error":"Too many requests: tenant exceeded usage limits: Monthly unique traces usage limit exceeded"}\n')trace=019fba17-9983-7980-85a0-a30f6095cdc2,id=019fba17-99a1-7da2-9cae-75be24d1cd48; trace=019fba17-9983-7980-85a0-a30f6095cdc2,id=019fba17-99a1-7da2-9cae-75af3a4cd24c; trace=019fba17-9983-7980-85a0-a30f6095cdc2,id=019fba17-d8e1-7e70-8103-4d5967f505de; trace=019fba17-9983-7980-85a0-a30f6095cdc2,id=019fba17-d8e3-7dd0-8f26-103645dd4249
Failed to send compressed multipart ingest: langsmith.utils.LangSmithRateLimitError: Rate limit exceeded for https://api.smith.langchain.com/runs/multipart. HTTPError('429 Client Error: Too Many Requests for url: https://api.smith.langchain.com/runs/multipart', '{"error":"Too many requests: tenant exceeded usage limits: Monthly unique traces usage limit exceeded"}\n')trace=019fba17-9983-7980-85a0-a30f6095cdc2,id=019fba17-d8e3-7dd0-8f26-103645dd4249; trace=019fba17-9983-7980-85a0-a30f6095cdc2,id=019fba17-ecc3-7541-a23f-8cc2b5679876
Failed to send compressed multipart ingest: langsmith.utils.LangSmithRateLimitError: Rate limit exceeded for https://api.smith.langchain.com/runs/multipart. HTTPError('429 Client Error: Too Many Requests for url: https://api.smith.langchain.com/runs/multipart', '{"error":"Too many requests: tenant exceeded usage limits: Monthly unique traces usage limit exceeded"}\n')trace=019fba17-9983-7980-85a0-a30f6095cdc2,id=019fba17-ecc3-7541-a23f-8cc2b5679876; trace=019fba17-9983-7980-85a0-a30f6095cdc2,id=019fba18-042e-7e31-92ea-aeaab083d4cb; trace=019fba17-9983-7980-85a0-a30f6095cdc2,id=019fba18-042e-7e31-92ea-aeaab083d4cb; trace=019fba17-9983-7980-85a0-a30f6095cdc2,id=019fba17-d8e1-7e70-8103-4d5967f505de; trace=019fba17-9983-7980-85a0-a30f6095cdc2,id=019fba18-042f-7930-8bd6-ee67b5665895; trace=019fba17-9983-7980-85a0-a30f6095cdc2,id=019fba18-0430-76b3-b2ae-15e761394a34
Failed to send compressed multipart ingest: langsmith.utils.LangSmithRateLimitError: Rate limit exceeded for https://api.smith.langchain.com/runs/multipart. HTTPError('429 Client Error: Too Many Requests for url: https://api.smith.langchain.com/runs/multipart', '{"error":"Too many requests: tenant exceeded usage limits: Monthly unique traces usage limit exceeded"}\n')trace=019fba17-9983-7980-85a0-a30f6095cdc2,id=019fba18-0430-76b3-b2ae-15e761394a34; trace=019fba17-9983-7980-85a0-a30f6095cdc2,id=019fba18-042f-7930-8bd6-ee67b5665895; trace=019fba17-9983-7980-85a0-a30f6095cdc2,id=019fba18-38c8-7d91-9e6f-dd366021b2db; trace=019fba17-9983-7980-85a0-a30f6095cdc2,id=019fba18-38c9-7ad1-99ca-e059b44b16d2
Failed to send compressed multipart ingest: langsmith.utils.LangSmithRateLimitError: Rate limit exceeded for https://api.smith.langchain.com/runs/multipart. HTTPError('429 Client Error: Too Many Requests for url: https://api.smith.langchain.com/runs/multipart', '{"error":"Too many requests: tenant exceeded usage limits: Monthly unique traces usage limit exceeded"}\n')trace=019fba17-9983-7980-85a0-a30f6095cdc2,id=019fba18-38c9-7ad1-99ca-e059b44b16d2; trace=019fba17-9983-7980-85a0-a30f6095cdc2,id=019fba18-52ba-7a23-954e-542214d73a78; trace=019fba17-9983-7980-85a0-a30f6095cdc2,id=019fba18-52ba-7a23-954e-542214d73a78; trace=019fba17-9983-7980-85a0-a30f6095cdc2,id=019fba18-38c8-7d91-9e6f-dd366021b2db; trace=019fba17-9983-7980-85a0-a30f6095cdc2,id=019fba18-52bb-7c22-82e1-c5b131fd16df; trace=019fba17-9983-7980-85a0-a30f6095cdc2,id=019fba18-52bb-7c22-82e1-c5cb86e5cb31
Failed to send compressed multipart ingest: langsmith.utils.LangSmithRateLimitError: Rate limit exceeded for https://api.smith.langchain.com/runs/multipart. HTTPError('429 Client Error: Too Many Requests for url: https://api.smith.langchain.com/runs/multipart', '{"error":"Too many requests: tenant exceeded usage limits: Monthly unique traces usage limit exceeded"}\n')trace=019fba17-9983-7980-85a0-a30f6095cdc2,id=019fba18-52bb-7c22-82e1-c5cb86e5cb31; trace=019fba17-9983-7980-85a0-a30f6095cdc2,id=019fba18-52bb-7c22-82e1-c5b131fd16df; trace=019fba17-9983-7980-85a0-a30f6095cdc2,id=019fba18-68d3-70e3-aa37-367b43205c76; trace=019fba17-9983-7980-85a0-a30f6095cdc2,id=019fba18-68d5-7433-980d-3f13553d9af4
Failed to send compressed multipart ingest: langsmith.utils.LangSmithRateLimitError: Rate limit exceeded for https://api.smith.langchain.com/runs/multipart. HTTPError('429 Client Error: Too Many Requests for url: https://api.smith.langchain.com/runs/multipart', '{"error":"Too many requests: tenant exceeded usage limits: Monthly unique traces usage limit exceeded"}\n')trace=019fba17-9983-7980-85a0-a30f6095cdc2,id=019fba18-68d5-7433-980d-3f13553d9af4; trace=019fba17-9983-7980-85a0-a30f6095cdc2,id=019fba18-7ab6-7280-b23b-da25d6b3e712; trace=019fba17-9983-7980-85a0-a30f6095cdc2,id=019fba18-7ab6-7280-b23b-da25d6b3e712; trace=019fba17-9983-7980-85a0-a30f6095cdc2,id=019fba18-68d3-70e3-aa37-367b43205c76; trace=019fba17-9983-7980-85a0-a30f6095cdc2,id=019fba18-7ab7-7a42-b6bf-86060ab93002; trace=019fba17-9983-7980-85a0-a30f6095cdc2,id=019fba18-7ab7-7a42-b6bf-8610307c3451
Failed to send compressed multipart ingest: langsmith.utils.LangSmithRateLimitError: Rate limit exceeded for https://api.smith.langchain.com/runs/multipart. HTTPError('429 Client Error: Too Many Requests for url: https://api.smith.langchain.com/runs/multipart', '{"error":"Too many requests: tenant exceeded usage limits: Monthly unique traces usage limit exceeded"}\n')trace=019fba17-9983-7980-85a0-a30f6095cdc2,id=019fba18-7ab7-7a42-b6bf-8610307c3451; trace=019fba17-9983-7980-85a0-a30f6095cdc2,id=019fba18-7ab7-7a42-b6bf-86060ab93002; trace=019fba17-9983-7980-85a0-a30f6095cdc2,id=019fba18-8e48-74f2-9ccd-734443a81f44; trace=019fba17-9983-7980-85a0-a30f6095cdc2,id=019fba18-8e4a-7ca3-9f3a-468ac09d93c6
Failed to send compressed multipart ingest: langsmith.utils.LangSmithRateLimitError: Rate limit exceeded for https://api.smith.langchain.com/runs/multipart. HTTPError('429 Client Error: Too Many Requests for url: https://api.smith.langchain.com/runs/multipart', '{"error":"Too many requests: tenant exceeded usage limits: Monthly unique traces usage limit exceeded"}\n')trace=019fba17-9983-7980-85a0-a30f6095cdc2,id=019fba18-8e4a-7ca3-9f3a-468ac09d93c6; trace=019fba17-9983-7980-85a0-a30f6095cdc2,id=019fba18-9dcc-78f3-b43f-03187ff25e18; trace=019fba17-9983-7980-85a0-a30f6095cdc2,id=019fba18-9dcc-78f3-b43f-03187ff25e18; trace=019fba17-9983-7980-85a0-a30f6095cdc2,id=019fba18-8e48-74f2-9ccd-734443a81f44; trace=019fba17-9983-7980-85a0-a30f6095cdc2,id=019fba18-9dcd-7882-b180-9fe67f9c7804; trace=019fba17-9983-7980-85a0-a30f6095cdc2,id=019fba18-9dcd-7882-b180-9ffe65c12428
Failed to send compressed multipart ingest: langsmith.utils.LangSmithRateLimitError: Rate limit exceeded for https://api.smith.langchain.com/runs/multipart. HTTPError('429 Client Error: Too Many Requests for url: https://api.smith.langchain.com/runs/multipart', '{"error":"Too many requests: tenant exceeded usage limits: Monthly unique traces usage limit exceeded"}\n')trace=019fba17-9983-7980-85a0-a30f6095cdc2,id=019fba18-9dcd-7882-b180-9ffe65c12428; trace=019fba17-9983-7980-85a0-a30f6095cdc2,id=019fba18-9dcd-7882-b180-9fe67f9c7804; trace=019fba17-9983-7980-85a0-a30f6095cdc2,id=019fba18-b1a4-75c1-b6b3-465df195c379; trace=019fba17-9983-7980-85a0-a30f6095cdc2,id=019fba18-b1a5-7b43-8c30-7ac9cf5210d6
Failed to send compressed multipart ingest: langsmith.utils.LangSmithRateLimitError: Rate limit exceeded for https://api.smith.langchain.com/runs/multipart. HTTPError('429 Client Error: Too Many Requests for url: https://api.smith.langchain.com/runs/multipart', '{"error":"Too many requests: tenant exceeded usage limits: Monthly unique traces usage limit exceeded"}\n')trace=019fba17-9983-7980-85a0-a30f6095cdc2,id=019fba18-b1a5-7b43-8c30-7ac9cf5210d6; trace=019fba17-9983-7980-85a0-a30f6095cdc2,id=019fba18-ce1b-7523-afcc-2fed14ce1443; trace=019fba17-9983-7980-85a0-a30f6095cdc2,id=019fba18-ce1b-7523-afcc-2fed14ce1443; trace=019fba17-9983-7980-85a0-a30f6095cdc2,id=019fba18-b1a4-75c1-b6b3-465df195c379; trace=019fba17-9983-7980-85a0-a30f6095cdc2,id=019fba18-ce1c-7f71-87b3-667e95bd0e89; trace=019fba17-9983-7980-85a0-a30f6095cdc2,id=019fba18-ce1c-7f71-87b3-668f4a9072ea
Failed to send compressed multipart ingest: langsmith.utils.LangSmithRateLimitError: Rate limit exceeded for https://api.smith.langchain.com/runs/multipart. HTTPError('429 Client Error: Too Many Requests for url: https://api.smith.langchain.com/runs/multipart', '{"error":"Too many requests: tenant exceeded usage limits: Monthly unique traces usage limit exceeded"}\n')trace=019fba17-9983-7980-85a0-a30f6095cdc2,id=019fba18-ce1c-7f71-87b3-668f4a9072ea; trace=019fba17-9983-7980-85a0-a30f6095cdc2,id=019fba18-ce1c-7f71-87b3-667e95bd0e89; trace=019fba17-9983-7980-85a0-a30f6095cdc2,id=019fba18-e8a8-76d0-b24a-86815d628b18; trace=019fba17-9983-7980-85a0-a30f6095cdc2,id=019fba18-e8aa-7183-90a5-979d425113ed
Calling Baseline Move server...
Calling Baseline Move server (JSON repair retry)...
Calling Baseline Move server...
Calling Baseline Move server...
Calling Baseline Move server...
Calling Baseline Move server...
Calling Baseline Move server...
[baseline] 32/104 scenario_01_08 (repeat 4/4)
Failed to send compressed multipart ingest: langsmith.utils.LangSmithRateLimitError: Rate limit exceeded for https://api.smith.langchain.com/runs/multipart. HTTPError('429 Client Error: Too Many Requests for url: https://api.smith.langchain.com/runs/multipart', '{"error":"Too many requests: tenant exceeded usage limits: Monthly unique traces usage limit exceeded"}\n')trace=019fba17-9983-7980-85a0-a30f6095cdc2,id=019fba18-e8aa-7183-90a5-979d425113ed; trace=019fba17-9983-7980-85a0-a30f6095cdc2,id=019fba19-46dd-7b31-855e-cb1d82bcbd0b; trace=019fba17-9983-7980-85a0-a30f6095cdc2,id=019fba19-46dd-7b31-855e-cb1d82bcbd0b; trace=019fba17-9983-7980-85a0-a30f6095cdc2,id=019fba18-e8a8-76d0-b24a-86815d628b18; trace=019fba17-9983-7980-85a0-a30f6095cdc2,id=019fba19-46df-78b0-b220-03affb0d1a76; trace=019fba17-9983-7980-85a0-a30f6095cdc2,id=019fba19-46df-78b0-b220-03affb0d1a76; trace=019fba17-9983-7980-85a0-a30f6095cdc2,id=019fba17-9983-7980-85a0-a30f6095cdc2; trace=019fba19-4729-78d1-b37b-f220b1316d28,id=019fba19-4729-78d1-b37b-f220b1316d28; trace=019fba19-4729-78d1-b37b-f220b1316d28,id=019fba19-472a-7f33-be32-7bc944cb9705; trace=019fba19-4729-78d1-b37b-f220b1316d28,id=019fba19-472a-7f33-be32-7bc944cb9705; trace=019fba19-4729-78d1-b37b-f220b1316d28,id=019fba19-472a-7f33-be32-7bdc3a6f3e46; trace=019fba19-4729-78d1-b37b-f220b1316d28,id=019fba19-4783-7432-bc60-333fff11be60; trace=019fba19-4729-78d1-b37b-f220b1316d28,id=019fba19-4783-7432-bc60-333fff11be60; trace=019fba19-4729-78d1-b37b-f220b1316d28,id=019fba19-472a-7f33-be32-7bdc3a6f3e46; trace=019fba19-4729-78d1-b37b-f220b1316d28,id=019fba19-4784-72d2-860c-63a9f1019acb; trace=019fba19-4729-78d1-b37b-f220b1316d28,id=019fba19-4784-72d2-860c-63bc9d7d995b
Failed to send compressed multipart ingest: langsmith.utils.LangSmithRateLimitError: Rate limit exceeded for https://api.smith.langchain.com/runs/multipart. HTTPError('429 Client Error: Too Many Requests for url: https://api.smith.langchain.com/runs/multipart', '{"error":"Too many requests: tenant exceeded usage limits: Monthly unique traces usage limit exceeded"}\n')trace=019fba19-4729-78d1-b37b-f220b1316d28,id=019fba19-4784-72d2-860c-63bc9d7d995b; trace=019fba19-4729-78d1-b37b-f220b1316d28,id=019fba19-4784-72d2-860c-63a9f1019acb; trace=019fba19-4729-78d1-b37b-f220b1316d28,id=019fba19-5a80-77a0-a2d6-258ad19d6f7c; trace=019fba19-4729-78d1-b37b-f220b1316d28,id=019fba19-5a81-7d90-9788-529fdc3f1589
Failed to send compressed multipart ingest: langsmith.utils.LangSmithRateLimitError: Rate limit exceeded for https://api.smith.langchain.com/runs/multipart. HTTPError('429 Client Error: Too Many Requests for url: https://api.smith.langchain.com/runs/multipart', '{"error":"Too many requests: tenant exceeded usage limits: Monthly unique traces usage limit exceeded"}\n')trace=019fba19-4729-78d1-b37b-f220b1316d28,id=019fba19-5a81-7d90-9788-529fdc3f1589; trace=019fba19-4729-78d1-b37b-f220b1316d28,id=019fba19-6e5c-7dd1-aa83-f1bea2005adc; trace=019fba19-4729-78d1-b37b-f220b1316d28,id=019fba19-6e5c-7dd1-aa83-f1bea2005adc; trace=019fba19-4729-78d1-b37b-f220b1316d28,id=019fba19-5a80-77a0-a2d6-258ad19d6f7c; trace=019fba19-4729-78d1-b37b-f220b1316d28,id=019fba19-6e5d-7800-8f18-90f3ab746ce9; trace=019fba19-4729-78d1-b37b-f220b1316d28,id=019fba19-6e5d-7800-8f18-91061e850e11
Failed to send compressed multipart ingest: langsmith.utils.LangSmithRateLimitError: Rate limit exceeded for https://api.smith.langchain.com/runs/multipart. HTTPError('429 Client Error: Too Many Requests for url: https://api.smith.langchain.com/runs/multipart', '{"error":"Too many requests: tenant exceeded usage limits: Monthly unique traces usage limit exceeded"}\n')trace=019fba19-4729-78d1-b37b-f220b1316d28,id=019fba19-6e5d-7800-8f18-91061e850e11; trace=019fba19-4729-78d1-b37b-f220b1316d28,id=019fba19-6e5d-7800-8f18-90f3ab746ce9; trace=019fba19-4729-78d1-b37b-f220b1316d28,id=019fba19-79ef-7ad1-a7f9-fbc545a920b4; trace=019fba19-4729-78d1-b37b-f220b1316d28,id=019fba19-79f0-7f12-8397-528141e482d3
Failed to send compressed multipart ingest: langsmith.utils.LangSmithRateLimitError: Rate limit exceeded for https://api.smith.langchain.com/runs/multipart. HTTPError('429 Client Error: Too Many Requests for url: https://api.smith.langchain.com/runs/multipart', '{"error":"Too many requests: tenant exceeded usage limits: Monthly unique traces usage limit exceeded"}\n')trace=019fba19-4729-78d1-b37b-f220b1316d28,id=019fba19-79f0-7f12-8397-528141e482d3; trace=019fba19-4729-78d1-b37b-f220b1316d28,id=019fba19-882a-74e1-9fac-bc4d9310f488; trace=019fba19-4729-78d1-b37b-f220b1316d28,id=019fba19-882a-74e1-9fac-bc4d9310f488; trace=019fba19-4729-78d1-b37b-f220b1316d28,id=019fba19-79ef-7ad1-a7f9-fbc545a920b4; trace=019fba19-4729-78d1-b37b-f220b1316d28,id=019fba19-882b-7eb3-b0ac-51eff84fcb4a; trace=019fba19-4729-78d1-b37b-f220b1316d28,id=019fba19-882c-76c1-85a0-1c5aa19e6c01
Failed to send compressed multipart ingest: langsmith.utils.LangSmithRateLimitError: Rate limit exceeded for https://api.smith.langchain.com/runs/multipart. HTTPError('429 Client Error: Too Many Requests for url: https://api.smith.langchain.com/runs/multipart', '{"error":"Too many requests: tenant exceeded usage limits: Monthly unique traces usage limit exceeded"}\n')trace=019fba19-4729-78d1-b37b-f220b1316d28,id=019fba19-882c-76c1-85a0-1c5aa19e6c01; trace=019fba19-4729-78d1-b37b-f220b1316d28,id=019fba19-882b-7eb3-b0ac-51eff84fcb4a; trace=019fba19-4729-78d1-b37b-f220b1316d28,id=019fba19-932d-7e33-8c2c-24d0b6f80136; trace=019fba19-4729-78d1-b37b-f220b1316d28,id=019fba19-932e-7560-96b0-4ecd3db43c92
Failed to send compressed multipart ingest: langsmith.utils.LangSmithRateLimitError: Rate limit exceeded for https://api.smith.langchain.com/runs/multipart. HTTPError('429 Client Error: Too Many Requests for url: https://api.smith.langchain.com/runs/multipart', '{"error":"Too many requests: tenant exceeded usage limits: Monthly unique traces usage limit exceeded"}\n')trace=019fba19-4729-78d1-b37b-f220b1316d28,id=019fba19-932e-7560-96b0-4ecd3db43c92; trace=019fba19-4729-78d1-b37b-f220b1316d28,id=019fba19-a816-78f1-a918-2b96217679bf; trace=019fba19-4729-78d1-b37b-f220b1316d28,id=019fba19-a816-78f1-a918-2b96217679bf; trace=019fba19-4729-78d1-b37b-f220b1316d28,id=019fba19-932d-7e33-8c2c-24d0b6f80136; trace=019fba19-4729-78d1-b37b-f220b1316d28,id=019fba19-a817-7ca3-b5ce-973c64801954; trace=019fba19-4729-78d1-b37b-f220b1316d28,id=019fba19-a817-7ca3-b5ce-974156c0d9a6
Failed to send compressed multipart ingest: langsmith.utils.LangSmithRateLimitError: Rate limit exceeded for https://api.smith.langchain.com/runs/multipart. HTTPError('429 Client Error: Too Many Requests for url: https://api.smith.langchain.com/runs/multipart', '{"error":"Too many requests: tenant exceeded usage limits: Monthly unique traces usage limit exceeded"}\n')trace=019fba19-4729-78d1-b37b-f220b1316d28,id=019fba19-a817-7ca3-b5ce-974156c0d9a6; trace=019fba19-4729-78d1-b37b-f220b1316d28,id=019fba19-a817-7ca3-b5ce-973c64801954; trace=019fba19-4729-78d1-b37b-f220b1316d28,id=019fba19-b214-7293-8b8a-ab9deadecfa6; trace=019fba19-4729-78d1-b37b-f220b1316d28,id=019fba19-b216-7741-813a-b57915bdb3df
Calling Baseline Move server...
Calling Baseline Move server...
Calling Baseline Move server...
Calling Baseline Move server...
[baseline] 33/104 scenario_02_01 (repeat 1/4)
Failed to send compressed multipart ingest: langsmith.utils.LangSmithRateLimitError: Rate limit exceeded for https://api.smith.langchain.com/runs/multipart. HTTPError('429 Client Error: Too Many Requests for url: https://api.smith.langchain.com/runs/multipart', '{"error":"Too many requests: tenant exceeded usage limits: Monthly unique traces usage limit exceeded"}\n')trace=019fba19-4729-78d1-b37b-f220b1316d28,id=019fba19-b216-7741-813a-b57915bdb3df; trace=019fba19-4729-78d1-b37b-f220b1316d28,id=019fba19-d001-7ce1-86d7-45c817916f24; trace=019fba19-4729-78d1-b37b-f220b1316d28,id=019fba19-d001-7ce1-86d7-45c817916f24; trace=019fba19-4729-78d1-b37b-f220b1316d28,id=019fba19-b214-7293-8b8a-ab9deadecfa6; trace=019fba19-4729-78d1-b37b-f220b1316d28,id=019fba19-d002-7993-aa49-272495ef4f91; trace=019fba19-4729-78d1-b37b-f220b1316d28,id=019fba19-d002-7993-aa49-272495ef4f91; trace=019fba19-4729-78d1-b37b-f220b1316d28,id=019fba19-4729-78d1-b37b-f220b1316d28; trace=019fba19-d088-79c1-9b00-919f7c8691ac,id=019fba19-d088-79c1-9b00-919f7c8691ac; trace=019fba19-d088-79c1-9b00-919f7c8691ac,id=019fba19-d089-72d1-8e71-3aa19389df90; trace=019fba19-d088-79c1-9b00-919f7c8691ac,id=019fba19-d089-72d1-8e71-3aa19389df90; trace=019fba19-d088-79c1-9b00-919f7c8691ac,id=019fba19-d08a-7b71-a390-5c7c004a4583; trace=019fba19-d088-79c1-9b00-919f7c8691ac,id=019fba19-d0db-7b40-b61f-c1332b7d49ba; trace=019fba19-d088-79c1-9b00-919f7c8691ac,id=019fba19-d0db-7b40-b61f-c1332b7d49ba; trace=019fba19-d088-79c1-9b00-919f7c8691ac,id=019fba19-d08a-7b71-a390-5c7c004a4583; trace=019fba19-d088-79c1-9b00-919f7c8691ac,id=019fba19-d0dc-74d3-9b0e-ed5a56e7577f; trace=019fba19-d088-79c1-9b00-919f7c8691ac,id=019fba19-d0dc-74d3-9b0e-ed66a2addddb
Failed to send compressed multipart ingest: langsmith.utils.LangSmithRateLimitError: Rate limit exceeded for https://api.smith.langchain.com/runs/multipart. HTTPError('429 Client Error: Too Many Requests for url: https://api.smith.langchain.com/runs/multipart', '{"error":"Too many requests: tenant exceeded usage limits: Monthly unique traces usage limit exceeded"}\n')trace=019fba19-d088-79c1-9b00-919f7c8691ac,id=019fba19-d0dc-74d3-9b0e-ed66a2addddb; trace=019fba19-d088-79c1-9b00-919f7c8691ac,id=019fba19-d0dc-74d3-9b0e-ed5a56e7577f; trace=019fba19-d088-79c1-9b00-919f7c8691ac,id=019fba19-fcbc-7b72-8581-9a089fae2ad3; trace=019fba19-d088-79c1-9b00-919f7c8691ac,id=019fba19-fcbd-7442-afb2-09900a77fa6d
Failed to send compressed multipart ingest: langsmith.utils.LangSmithRateLimitError: Rate limit exceeded for https://api.smith.langchain.com/runs/multipart. HTTPError('429 Client Error: Too Many Requests for url: https://api.smith.langchain.com/runs/multipart', '{"error":"Too many requests: tenant exceeded usage limits: Monthly unique traces usage limit exceeded"}\n')trace=019fba19-d088-79c1-9b00-919f7c8691ac,id=019fba19-fcbd-7442-afb2-09900a77fa6d; trace=019fba19-d088-79c1-9b00-919f7c8691ac,id=019fba1a-19f7-7832-baa2-947198393f00; trace=019fba19-d088-79c1-9b00-919f7c8691ac,id=019fba1a-19f7-7832-baa2-947198393f00; trace=019fba19-d088-79c1-9b00-919f7c8691ac,id=019fba19-fcbc-7b72-8581-9a089fae2ad3; trace=019fba19-d088-79c1-9b00-919f7c8691ac,id=019fba1a-19f8-7b71-99bd-bd0955be93d4; trace=019fba19-d088-79c1-9b00-919f7c8691ac,id=019fba1a-19f8-7b71-99bd-bd15279a8e20
Failed to send compressed multipart ingest: langsmith.utils.LangSmithRateLimitError: Rate limit exceeded for https://api.smith.langchain.com/runs/multipart. HTTPError('429 Client Error: Too Many Requests for url: https://api.smith.langchain.com/runs/multipart', '{"error":"Too many requests: tenant exceeded usage limits: Monthly unique traces usage limit exceeded"}\n')trace=019fba19-d088-79c1-9b00-919f7c8691ac,id=019fba1a-19f8-7b71-99bd-bd15279a8e20; trace=019fba19-d088-79c1-9b00-919f7c8691ac,id=019fba1a-19f8-7b71-99bd-bd0955be93d4; trace=019fba19-d088-79c1-9b00-919f7c8691ac,id=019fba1a-3e98-7922-9b83-3ade9985c515; trace=019fba19-d088-79c1-9b00-919f7c8691ac,id=019fba1a-3e9a-7c21-80b7-1294bc6169a0
Failed to send compressed multipart ingest: langsmith.utils.LangSmithRateLimitError: Rate limit exceeded for https://api.smith.langchain.com/runs/multipart. HTTPError('429 Client Error: Too Many Requests for url: https://api.smith.langchain.com/runs/multipart', '{"error":"Too many requests: tenant exceeded usage limits: Monthly unique traces usage limit exceeded"}\n')trace=019fba19-d088-79c1-9b00-919f7c8691ac,id=019fba1a-3e9a-7c21-80b7-1294bc6169a0; trace=019fba19-d088-79c1-9b00-919f7c8691ac,id=019fba1a-6757-7af2-9860-a22f5d750774; trace=019fba19-d088-79c1-9b00-919f7c8691ac,id=019fba1a-6757-7af2-9860-a22f5d750774; trace=019fba19-d088-79c1-9b00-919f7c8691ac,id=019fba1a-3e98-7922-9b83-3ade9985c515; trace=019fba19-d088-79c1-9b00-919f7c8691ac,id=019fba1a-6758-7512-94e8-7c369d1a901e; trace=019fba19-d088-79c1-9b00-919f7c8691ac,id=019fba1a-6759-74b0-bcc4-5cd6e8ff7d21
Failed to send compressed multipart ingest: langsmith.utils.LangSmithRateLimitError: Rate limit exceeded for https://api.smith.langchain.com/runs/multipart. HTTPError('429 Client Error: Too Many Requests for url: https://api.smith.langchain.com/runs/multipart', '{"error":"Too many requests: tenant exceeded usage limits: Monthly unique traces usage limit exceeded"}\n')trace=019fba19-d088-79c1-9b00-919f7c8691ac,id=019fba1a-6759-74b0-bcc4-5cd6e8ff7d21; trace=019fba19-d088-79c1-9b00-919f7c8691ac,id=019fba1a-6758-7512-94e8-7c369d1a901e; trace=019fba19-d088-79c1-9b00-919f7c8691ac,id=019fba1a-764f-70d0-bcde-ced74621242c; trace=019fba19-d088-79c1-9b00-919f7c8691ac,id=019fba1a-7651-79e1-a78c-879dddcdf48f
Failed to send compressed multipart ingest: langsmith.utils.LangSmithRateLimitError: Rate limit exceeded for https://api.smith.langchain.com/runs/multipart. HTTPError('429 Client Error: Too Many Requests for url: https://api.smith.langchain.com/runs/multipart', '{"error":"Too many requests: tenant exceeded usage limits: Monthly unique traces usage limit exceeded"}\n')trace=019fba19-d088-79c1-9b00-919f7c8691ac,id=019fba1a-7651-79e1-a78c-879dddcdf48f; trace=019fba19-d088-79c1-9b00-919f7c8691ac,id=019fba1a-b01f-7b72-b86f-1ba077cd77e1; trace=019fba19-d088-79c1-9b00-919f7c8691ac,id=019fba1a-b01f-7b72-b86f-1ba077cd77e1; trace=019fba19-d088-79c1-9b00-919f7c8691ac,id=019fba1a-764f-70d0-bcde-ced74621242c; trace=019fba19-d088-79c1-9b00-919f7c8691ac,id=019fba1a-b020-7462-9aa7-29bc1666b6c3; trace=019fba19-d088-79c1-9b00-919f7c8691ac,id=019fba1a-b021-70c0-b25a-51e5fc875928
Failed to send compressed multipart ingest: langsmith.utils.LangSmithRateLimitError: Rate limit exceeded for https://api.smith.langchain.com/runs/multipart. HTTPError('429 Client Error: Too Many Requests for url: https://api.smith.langchain.com/runs/multipart', '{"error":"Too many requests: tenant exceeded usage limits: Monthly unique traces usage limit exceeded"}\n')trace=019fba19-d088-79c1-9b00-919f7c8691ac,id=019fba1a-b021-70c0-b25a-51e5fc875928; trace=019fba19-d088-79c1-9b00-919f7c8691ac,id=019fba1a-b020-7462-9aa7-29bc1666b6c3; trace=019fba19-d088-79c1-9b00-919f7c8691ac,id=019fba1a-c208-7581-915d-d6be26e1c296; trace=019fba19-d088-79c1-9b00-919f7c8691ac,id=019fba1a-c20a-7df3-807b-f8cbdb94ccb3
Failed to send compressed multipart ingest: langsmith.utils.LangSmithRateLimitError: Rate limit exceeded for https://api.smith.langchain.com/runs/multipart. HTTPError('429 Client Error: Too Many Requests for url: https://api.smith.langchain.com/runs/multipart', '{"error":"Too many requests: tenant exceeded usage limits: Monthly unique traces usage limit exceeded"}\n')trace=019fba19-d088-79c1-9b00-919f7c8691ac,id=019fba1a-c20a-7df3-807b-f8cbdb94ccb3; trace=019fba19-d088-79c1-9b00-919f7c8691ac,id=019fba1a-f233-7e31-8787-26bd2b67c5bb; trace=019fba19-d088-79c1-9b00-919f7c8691ac,id=019fba1a-f233-7e31-8787-26bd2b67c5bb; trace=019fba19-d088-79c1-9b00-919f7c8691ac,id=019fba1a-c208-7581-915d-d6be26e1c296; trace=019fba19-d088-79c1-9b00-919f7c8691ac,id=019fba1a-f234-70c0-80b5-d80c287d5c99; trace=019fba19-d088-79c1-9b00-919f7c8691ac,id=019fba1a-f235-7932-8c10-e9dcc603bdde
Failed to send compressed multipart ingest: langsmith.utils.LangSmithRateLimitError: Rate limit exceeded for https://api.smith.langchain.com/runs/multipart. HTTPError('429 Client Error: Too Many Requests for url: https://api.smith.langchain.com/runs/multipart', '{"error":"Too many requests: tenant exceeded usage limits: Monthly unique traces usage limit exceeded"}\n')trace=019fba19-d088-79c1-9b00-919f7c8691ac,id=019fba1a-f235-7932-8c10-e9dcc603bdde; trace=019fba19-d088-79c1-9b00-919f7c8691ac,id=019fba1a-f234-70c0-80b5-d80c287d5c99; trace=019fba19-d088-79c1-9b00-919f7c8691ac,id=019fba1b-0c62-7743-9439-d2acf26efe9b; trace=019fba19-d088-79c1-9b00-919f7c8691ac,id=019fba1b-0c64-7150-b67a-6416ae5ba1c1
Failed to send compressed multipart ingest: langsmith.utils.LangSmithRateLimitError: Rate limit exceeded for https://api.smith.langchain.com/runs/multipart. HTTPError('429 Client Error: Too Many Requests for url: https://api.smith.langchain.com/runs/multipart', '{"error":"Too many requests: tenant exceeded usage limits: Monthly unique traces usage limit exceeded"}\n')trace=019fba19-d088-79c1-9b00-919f7c8691ac,id=019fba1b-0c64-7150-b67a-6416ae5ba1c1; trace=019fba19-d088-79c1-9b00-919f7c8691ac,id=019fba1b-4646-7c72-a553-a0acbf81cae6; trace=019fba19-d088-79c1-9b00-919f7c8691ac,id=019fba1b-4646-7c72-a553-a0acbf81cae6; trace=019fba19-d088-79c1-9b00-919f7c8691ac,id=019fba1b-0c62-7743-9439-d2acf26efe9b; trace=019fba19-d088-79c1-9b00-919f7c8691ac,id=019fba1b-4647-7d72-aceb-ed5508db7680; trace=019fba19-d088-79c1-9b00-919f7c8691ac,id=019fba1b-4647-7d72-aceb-ed6d6801bc94
Failed to send compressed multipart ingest: langsmith.utils.LangSmithRateLimitError: Rate limit exceeded for https://api.smith.langchain.com/runs/multipart. HTTPError('429 Client Error: Too Many Requests for url: https://api.smith.langchain.com/runs/multipart', '{"error":"Too many requests: tenant exceeded usage limits: Monthly unique traces usage limit exceeded"}\n')trace=019fba19-d088-79c1-9b00-919f7c8691ac,id=019fba1b-4647-7d72-aceb-ed6d6801bc94; trace=019fba19-d088-79c1-9b00-919f7c8691ac,id=019fba1b-4647-7d72-aceb-ed5508db7680; trace=019fba19-d088-79c1-9b00-919f7c8691ac,id=019fba1b-62f6-7c42-a67a-387c69cf3084; trace=019fba19-d088-79c1-9b00-919f7c8691ac,id=019fba1b-62f7-7411-a56d-29bed3e7326b
Calling Baseline Move server...
Calling Baseline Move server...
Calling Baseline Move server...
Calling Baseline Move server...
Calling Baseline Move server...
Calling Baseline Move server...
[baseline] 34/104 scenario_02_01 (repeat 2/4)
Failed to send compressed multipart ingest: langsmith.utils.LangSmithRateLimitError: Rate limit exceeded for https://api.smith.langchain.com/runs/multipart. HTTPError('429 Client Error: Too Many Requests for url: https://api.smith.langchain.com/runs/multipart', '{"error":"Too many requests: tenant exceeded usage limits: Monthly unique traces usage limit exceeded"}\n')trace=019fba19-d088-79c1-9b00-919f7c8691ac,id=019fba1b-62f7-7411-a56d-29bed3e7326b; trace=019fba19-d088-79c1-9b00-919f7c8691ac,id=019fba1b-f299-70a2-8ffa-a990fd3ed409; trace=019fba19-d088-79c1-9b00-919f7c8691ac,id=019fba1b-f299-70a2-8ffa-a990fd3ed409; trace=019fba19-d088-79c1-9b00-919f7c8691ac,id=019fba1b-62f6-7c42-a67a-387c69cf3084; trace=019fba19-d088-79c1-9b00-919f7c8691ac,id=019fba1b-f299-70a2-8ffa-a9adc00bb090; trace=019fba19-d088-79c1-9b00-919f7c8691ac,id=019fba1b-f299-70a2-8ffa-a9adc00bb090; trace=019fba19-d088-79c1-9b00-919f7c8691ac,id=019fba19-d088-79c1-9b00-919f7c8691ac; trace=019fba1b-f333-7813-bf0c-260fd40e96cd,id=019fba1b-f333-7813-bf0c-260fd40e96cd; trace=019fba1b-f333-7813-bf0c-260fd40e96cd,id=019fba1b-f333-7813-bf0c-26114c53143e; trace=019fba1b-f333-7813-bf0c-260fd40e96cd,id=019fba1b-f333-7813-bf0c-26114c53143e; trace=019fba1b-f333-7813-bf0c-260fd40e96cd,id=019fba1b-f334-7142-bcf5-3a2f2cec7ece; trace=019fba1b-f333-7813-bf0c-260fd40e96cd,id=019fba1b-f378-7a90-ad04-5689059d238a; trace=019fba1b-f333-7813-bf0c-260fd40e96cd,id=019fba1b-f378-7a90-ad04-5689059d238a; trace=019fba1b-f333-7813-bf0c-260fd40e96cd,id=019fba1b-f334-7142-bcf5-3a2f2cec7ece; trace=019fba1b-f333-7813-bf0c-260fd40e96cd,id=019fba1b-f379-75b0-b782-0cd45d9ed096; trace=019fba1b-f333-7813-bf0c-260fd40e96cd,id=019fba1b-f379-75b0-b782-0ceb932bb430
Failed to send compressed multipart ingest: langsmith.utils.LangSmithRateLimitError: Rate limit exceeded for https://api.smith.langchain.com/runs/multipart. HTTPError('429 Client Error: Too Many Requests for url: https://api.smith.langchain.com/runs/multipart', '{"error":"Too many requests: tenant exceeded usage limits: Monthly unique traces usage limit exceeded"}\n')trace=019fba1b-f333-7813-bf0c-260fd40e96cd,id=019fba1b-f379-75b0-b782-0ceb932bb430; trace=019fba1b-f333-7813-bf0c-260fd40e96cd,id=019fba1b-f379-75b0-b782-0cd45d9ed096; trace=019fba1b-f333-7813-bf0c-260fd40e96cd,id=019fba1c-0750-73a1-9d0f-6399d2a11982; trace=019fba1b-f333-7813-bf0c-260fd40e96cd,id=019fba1c-0752-78c1-8380-613ab88de19e
Failed to send compressed multipart ingest: langsmith.utils.LangSmithRateLimitError: Rate limit exceeded for https://api.smith.langchain.com/runs/multipart. HTTPError('429 Client Error: Too Many Requests for url: https://api.smith.langchain.com/runs/multipart', '{"error":"Too many requests: tenant exceeded usage limits: Monthly unique traces usage limit exceeded"}\n')trace=019fba1b-f333-7813-bf0c-260fd40e96cd,id=019fba1c-0752-78c1-8380-613ab88de19e; trace=019fba1b-f333-7813-bf0c-260fd40e96cd,id=019fba1c-2cd7-7710-9caf-57e380a376eb
Failed to send compressed multipart ingest: langsmith.utils.LangSmithRateLimitError: Rate limit exceeded for https://api.smith.langchain.com/runs/multipart. HTTPError('429 Client Error: Too Many Requests for url: https://api.smith.langchain.com/runs/multipart', '{"error":"Too many requests: tenant exceeded usage limits: Monthly unique traces usage limit exceeded"}\n')trace=019fba1b-f333-7813-bf0c-260fd40e96cd,id=019fba1c-2cd7-7710-9caf-57e380a376eb; trace=019fba1b-f333-7813-bf0c-260fd40e96cd,id=019fba1c-4c43-74a0-a965-c711f511840d
Failed to send compressed multipart ingest: langsmith.utils.LangSmithRateLimitError: Rate limit exceeded for https://api.smith.langchain.com/runs/multipart. HTTPError('429 Client Error: Too Many Requests for url: https://api.smith.langchain.com/runs/multipart', '{"error":"Too many requests: tenant exceeded usage limits: Monthly unique traces usage limit exceeded"}\n')trace=019fba1b-f333-7813-bf0c-260fd40e96cd,id=019fba1c-4c43-74a0-a965-c711f511840d; trace=019fba1b-f333-7813-bf0c-260fd40e96cd,id=019fba1c-70a0-74e1-9767-ec03246a602b; trace=019fba1b-f333-7813-bf0c-260fd40e96cd,id=019fba1c-70a0-74e1-9767-ec03246a602b; trace=019fba1b-f333-7813-bf0c-260fd40e96cd,id=019fba1c-0750-73a1-9d0f-6399d2a11982; trace=019fba1b-f333-7813-bf0c-260fd40e96cd,id=019fba1c-70a1-7611-9ad8-7a41f0616b7a; trace=019fba1b-f333-7813-bf0c-260fd40e96cd,id=019fba1c-70a2-71c2-9d2f-afcd448bb5fd
Failed to send compressed multipart ingest: langsmith.utils.LangSmithRateLimitError: Rate limit exceeded for https://api.smith.langchain.com/runs/multipart. HTTPError('429 Client Error: Too Many Requests for url: https://api.smith.langchain.com/runs/multipart', '{"error":"Too many requests: tenant exceeded usage limits: Monthly unique traces usage limit exceeded"}\n')trace=019fba1b-f333-7813-bf0c-260fd40e96cd,id=019fba1c-70a2-71c2-9d2f-afcd448bb5fd; trace=019fba1b-f333-7813-bf0c-260fd40e96cd,id=019fba1c-70a1-7611-9ad8-7a41f0616b7a; trace=019fba1b-f333-7813-bf0c-260fd40e96cd,id=019fba1c-8ad2-7473-8b9d-af821263582d; trace=019fba1b-f333-7813-bf0c-260fd40e96cd,id=019fba1c-8ad4-7043-9871-6758525f4085
Failed to send compressed multipart ingest: langsmith.utils.LangSmithRateLimitError: Rate limit exceeded for https://api.smith.langchain.com/runs/multipart. HTTPError('429 Client Error: Too Many Requests for url: https://api.smith.langchain.com/runs/multipart', '{"error":"Too many requests: tenant exceeded usage limits: Monthly unique traces usage limit exceeded"}\n')trace=019fba1b-f333-7813-bf0c-260fd40e96cd,id=019fba1c-8ad4-7043-9871-6758525f4085; trace=019fba1b-f333-7813-bf0c-260fd40e96cd,id=019fba1c-c065-7f73-a1ee-13b31f0ec31d; trace=019fba1b-f333-7813-bf0c-260fd40e96cd,id=019fba1c-c065-7f73-a1ee-13b31f0ec31d; trace=019fba1b-f333-7813-bf0c-260fd40e96cd,id=019fba1c-8ad2-7473-8b9d-af821263582d; trace=019fba1b-f333-7813-bf0c-260fd40e96cd,id=019fba1c-c066-7233-9e43-2d74521d8563; trace=019fba1b-f333-7813-bf0c-260fd40e96cd,id=019fba1c-c067-7a41-a4d2-a1304ef4a95c
Failed to send compressed multipart ingest: langsmith.utils.LangSmithRateLimitError: Rate limit exceeded for https://api.smith.langchain.com/runs/multipart. HTTPError('429 Client Error: Too Many Requests for url: https://api.smith.langchain.com/runs/multipart', '{"error":"Too many requests: tenant exceeded usage limits: Monthly unique traces usage limit exceeded"}\n')trace=019fba1b-f333-7813-bf0c-260fd40e96cd,id=019fba1c-c067-7a41-a4d2-a1304ef4a95c; trace=019fba1b-f333-7813-bf0c-260fd40e96cd,id=019fba1c-c066-7233-9e43-2d74521d8563; trace=019fba1b-f333-7813-bf0c-260fd40e96cd,id=019fba1c-df5d-78a1-9737-0f68a902cf13; trace=019fba1b-f333-7813-bf0c-260fd40e96cd,id=019fba1c-df5e-7f83-98ca-6ad73b81365c
Failed to send compressed multipart ingest: langsmith.utils.LangSmithRateLimitError: Rate limit exceeded for https://api.smith.langchain.com/runs/multipart. HTTPError('429 Client Error: Too Many Requests for url: https://api.smith.langchain.com/runs/multipart', '{"error":"Too many requests: tenant exceeded usage limits: Monthly unique traces usage limit exceeded"}\n')trace=019fba1b-f333-7813-bf0c-260fd40e96cd,id=019fba1c-df5e-7f83-98ca-6ad73b81365c; trace=019fba1b-f333-7813-bf0c-260fd40e96cd,id=019fba1d-01cc-7be3-b434-efd0f79a4e6e; trace=019fba1b-f333-7813-bf0c-260fd40e96cd,id=019fba1d-01cc-7be3-b434-efd0f79a4e6e; trace=019fba1b-f333-7813-bf0c-260fd40e96cd,id=019fba1c-df5d-78a1-9737-0f68a902cf13; trace=019fba1b-f333-7813-bf0c-260fd40e96cd,id=019fba1d-01cd-72b0-82de-faa1030efc9c; trace=019fba1b-f333-7813-bf0c-260fd40e96cd,id=019fba1d-01cd-72b0-82de-fab369410718
Failed to send compressed multipart ingest: langsmith.utils.LangSmithRateLimitError: Rate limit exceeded for https://api.smith.langchain.com/runs/multipart. HTTPError('429 Client Error: Too Many Requests for url: https://api.smith.langchain.com/runs/multipart', '{"error":"Too many requests: tenant exceeded usage limits: Monthly unique traces usage limit exceeded"}\n')trace=019fba1b-f333-7813-bf0c-260fd40e96cd,id=019fba1d-01cd-72b0-82de-fab369410718; trace=019fba1b-f333-7813-bf0c-260fd40e96cd,id=019fba1d-01cd-72b0-82de-faa1030efc9c; trace=019fba1b-f333-7813-bf0c-260fd40e96cd,id=019fba1d-2736-7451-a192-3e83654c8ac2; trace=019fba1b-f333-7813-bf0c-260fd40e96cd,id=019fba1d-2738-70e3-828c-fe6c03560f7e
Failed to send compressed multipart ingest: langsmith.utils.LangSmithRateLimitError: Rate limit exceeded for https://api.smith.langchain.com/runs/multipart. HTTPError('429 Client Error: Too Many Requests for url: https://api.smith.langchain.com/runs/multipart', '{"error":"Too many requests: tenant exceeded usage limits: Monthly unique traces usage limit exceeded"}\n')trace=019fba1b-f333-7813-bf0c-260fd40e96cd,id=019fba1d-2738-70e3-828c-fe6c03560f7e; trace=019fba1b-f333-7813-bf0c-260fd40e96cd,id=019fba1d-5863-74a2-8462-5f774cee27d4; trace=019fba1b-f333-7813-bf0c-260fd40e96cd,id=019fba1d-5863-74a2-8462-5f774cee27d4; trace=019fba1b-f333-7813-bf0c-260fd40e96cd,id=019fba1d-2736-7451-a192-3e83654c8ac2; trace=019fba1b-f333-7813-bf0c-260fd40e96cd,id=019fba1d-5864-7b01-94d4-22bbd6235feb; trace=019fba1b-f333-7813-bf0c-260fd40e96cd,id=019fba1d-5865-7a92-8096-ca75d3321e32
Failed to send compressed multipart ingest: langsmith.utils.LangSmithRateLimitError: Rate limit exceeded for https://api.smith.langchain.com/runs/multipart. HTTPError('429 Client Error: Too Many Requests for url: https://api.smith.langchain.com/runs/multipart', '{"error":"Too many requests: tenant exceeded usage limits: Monthly unique traces usage limit exceeded"}\n')trace=019fba1b-f333-7813-bf0c-260fd40e96cd,id=019fba1d-5865-7a92-8096-ca75d3321e32; trace=019fba1b-f333-7813-bf0c-260fd40e96cd,id=019fba1d-5864-7b01-94d4-22bbd6235feb; trace=019fba1b-f333-7813-bf0c-260fd40e96cd,id=019fba1d-8ede-72e2-9b62-ab7d25455ee5; trace=019fba1b-f333-7813-bf0c-260fd40e96cd,id=019fba1d-8edf-7171-b83a-939622b9243a
Failed to send compressed multipart ingest: langsmith.utils.LangSmithRateLimitError: Rate limit exceeded for https://api.smith.langchain.com/runs/multipart. HTTPError('429 Client Error: Too Many Requests for url: https://api.smith.langchain.com/runs/multipart', '{"error":"Too many requests: tenant exceeded usage limits: Monthly unique traces usage limit exceeded"}\n')trace=019fba1b-f333-7813-bf0c-260fd40e96cd,id=019fba1d-8edf-7171-b83a-939622b9243a; trace=019fba1b-f333-7813-bf0c-260fd40e96cd,id=019fba1d-c042-74a3-a02c-37832eb400a8; trace=019fba1b-f333-7813-bf0c-260fd40e96cd,id=019fba1d-c042-74a3-a02c-37832eb400a8; trace=019fba1b-f333-7813-bf0c-260fd40e96cd,id=019fba1d-8ede-72e2-9b62-ab7d25455ee5; trace=019fba1b-f333-7813-bf0c-260fd40e96cd,id=019fba1d-c043-7de0-89d8-ec029bbbefa1; trace=019fba1b-f333-7813-bf0c-260fd40e96cd,id=019fba1d-c043-7de0-89d8-ec1e50d25711
Failed to send compressed multipart ingest: langsmith.utils.LangSmithRateLimitError: Rate limit exceeded for https://api.smith.langchain.com/runs/multipart. HTTPError('429 Client Error: Too Many Requests for url: https://api.smith.langchain.com/runs/multipart', '{"error":"Too many requests: tenant exceeded usage limits: Monthly unique traces usage limit exceeded"}\n')trace=019fba1b-f333-7813-bf0c-260fd40e96cd,id=019fba1d-c043-7de0-89d8-ec1e50d25711; trace=019fba1b-f333-7813-bf0c-260fd40e96cd,id=019fba1d-c043-7de0-89d8-ec029bbbefa1; trace=019fba1b-f333-7813-bf0c-260fd40e96cd,id=019fba1d-fb2e-7e51-b0b7-6b797cbe8cf2; trace=019fba1b-f333-7813-bf0c-260fd40e96cd,id=019fba1d-fb30-74e2-8102-72d1a23ce622
Calling Baseline Move server...
Calling Baseline Move server (JSON repair retry)...
Calling Baseline Move server (JSON repair retry)...
Calling Baseline Move server...
Calling Baseline Move server...
Calling Baseline Move server...
Calling Baseline Move server...
Calling Baseline Move server...
[baseline] 35/104 scenario_02_01 (repeat 3/4)
Failed to send compressed multipart ingest: langsmith.utils.LangSmithRateLimitError: Rate limit exceeded for https://api.smith.langchain.com/runs/multipart. HTTPError('429 Client Error: Too Many Requests for url: https://api.smith.langchain.com/runs/multipart', '{"error":"Too many requests: tenant exceeded usage limits: Monthly unique traces usage limit exceeded"}\n')trace=019fba1b-f333-7813-bf0c-260fd40e96cd,id=019fba1d-fb30-74e2-8102-72d1a23ce622; trace=019fba1b-f333-7813-bf0c-260fd40e96cd,id=019fba1e-7b70-7ad0-adf7-bdeed40fb0f3; trace=019fba1b-f333-7813-bf0c-260fd40e96cd,id=019fba1e-7b70-7ad0-adf7-bdeed40fb0f3; trace=019fba1b-f333-7813-bf0c-260fd40e96cd,id=019fba1d-fb2e-7e51-b0b7-6b797cbe8cf2; trace=019fba1b-f333-7813-bf0c-260fd40e96cd,id=019fba1e-7b71-7cd3-8ceb-8abbada3f089; trace=019fba1b-f333-7813-bf0c-260fd40e96cd,id=019fba1e-7b71-7cd3-8ceb-8abbada3f089; trace=019fba1b-f333-7813-bf0c-260fd40e96cd,id=019fba1b-f333-7813-bf0c-260fd40e96cd; trace=019fba1e-7c3f-7e53-8dc6-ecdfb1433a50,id=019fba1e-7c3f-7e53-8dc6-ecdfb1433a50; trace=019fba1e-7c3f-7e53-8dc6-ecdfb1433a50,id=019fba1e-7c40-7651-8378-62b8f6c7a1ad; trace=019fba1e-7c3f-7e53-8dc6-ecdfb1433a50,id=019fba1e-7c40-7651-8378-62b8f6c7a1ad; trace=019fba1e-7c3f-7e53-8dc6-ecdfb1433a50,id=019fba1e-7c40-7651-8378-62cf17055bb0; trace=019fba1e-7c3f-7e53-8dc6-ecdfb1433a50,id=019fba1e-7c79-7e12-a319-04ec90fd305f; trace=019fba1e-7c3f-7e53-8dc6-ecdfb1433a50,id=019fba1e-7c79-7e12-a319-04ec90fd305f; trace=019fba1e-7c3f-7e53-8dc6-ecdfb1433a50,id=019fba1e-7c40-7651-8378-62cf17055bb0; trace=019fba1e-7c3f-7e53-8dc6-ecdfb1433a50,id=019fba1e-7c7a-7763-9143-c37ece2a9e68; trace=019fba1e-7c3f-7e53-8dc6-ecdfb1433a50,id=019fba1e-7c7a-7763-9143-c38bc5653aa3
Failed to send compressed multipart ingest: langsmith.utils.LangSmithRateLimitError: Rate limit exceeded for https://api.smith.langchain.com/runs/multipart. HTTPError('429 Client Error: Too Many Requests for url: https://api.smith.langchain.com/runs/multipart', '{"error":"Too many requests: tenant exceeded usage limits: Monthly unique traces usage limit exceeded"}\n')trace=019fba1e-7c3f-7e53-8dc6-ecdfb1433a50,id=019fba1e-7c7a-7763-9143-c38bc5653aa3; trace=019fba1e-7c3f-7e53-8dc6-ecdfb1433a50,id=019fba1e-7c7a-7763-9143-c37ece2a9e68; trace=019fba1e-7c3f-7e53-8dc6-ecdfb1433a50,id=019fba1e-8e6e-7ba2-9b89-1064267be30f; trace=019fba1e-7c3f-7e53-8dc6-ecdfb1433a50,id=019fba1e-8e70-7c60-85ed-95ea887d5e5b
Failed to send compressed multipart ingest: langsmith.utils.LangSmithRateLimitError: Rate limit exceeded for https://api.smith.langchain.com/runs/multipart. HTTPError('429 Client Error: Too Many Requests for url: https://api.smith.langchain.com/runs/multipart', '{"error":"Too many requests: tenant exceeded usage limits: Monthly unique traces usage limit exceeded"}\n')trace=019fba1e-7c3f-7e53-8dc6-ecdfb1433a50,id=019fba1e-8e70-7c60-85ed-95ea887d5e5b; trace=019fba1e-7c3f-7e53-8dc6-ecdfb1433a50,id=019fba1e-a7b2-7ad2-8938-cf4c983d333a
Failed to send compressed multipart ingest: langsmith.utils.LangSmithRateLimitError: Rate limit exceeded for https://api.smith.langchain.com/runs/multipart. HTTPError('429 Client Error: Too Many Requests for url: https://api.smith.langchain.com/runs/multipart', '{"error":"Too many requests: tenant exceeded usage limits: Monthly unique traces usage limit exceeded"}\n')trace=019fba1e-7c3f-7e53-8dc6-ecdfb1433a50,id=019fba1e-a7b2-7ad2-8938-cf4c983d333a; trace=019fba1e-7c3f-7e53-8dc6-ecdfb1433a50,id=019fba1e-cc06-70f0-a20c-53f0680aaf74; trace=019fba1e-7c3f-7e53-8dc6-ecdfb1433a50,id=019fba1e-cc06-70f0-a20c-53f0680aaf74; trace=019fba1e-7c3f-7e53-8dc6-ecdfb1433a50,id=019fba1e-8e6e-7ba2-9b89-1064267be30f; trace=019fba1e-7c3f-7e53-8dc6-ecdfb1433a50,id=019fba1e-cc07-7073-a673-6132074a0061; trace=019fba1e-7c3f-7e53-8dc6-ecdfb1433a50,id=019fba1e-cc07-7073-a673-61445dd0ad96
Failed to send compressed multipart ingest: langsmith.utils.LangSmithRateLimitError: Rate limit exceeded for https://api.smith.langchain.com/runs/multipart. HTTPError('429 Client Error: Too Many Requests for url: https://api.smith.langchain.com/runs/multipart', '{"error":"Too many requests: tenant exceeded usage limits: Monthly unique traces usage limit exceeded"}\n')trace=019fba1e-7c3f-7e53-8dc6-ecdfb1433a50,id=019fba1e-cc07-7073-a673-61445dd0ad96; trace=019fba1e-7c3f-7e53-8dc6-ecdfb1433a50,id=019fba1e-cc07-7073-a673-6132074a0061; trace=019fba1e-7c3f-7e53-8dc6-ecdfb1433a50,id=019fba1e-e0db-7fc2-a53f-43e1ad27c8da; trace=019fba1e-7c3f-7e53-8dc6-ecdfb1433a50,id=019fba1e-e0dc-71e3-848c-21bc82f9e626
Failed to send compressed multipart ingest: langsmith.utils.LangSmithRateLimitError: Rate limit exceeded for https://api.smith.langchain.com/runs/multipart. HTTPError('429 Client Error: Too Many Requests for url: https://api.smith.langchain.com/runs/multipart', '{"error":"Too many requests: tenant exceeded usage limits: Monthly unique traces usage limit exceeded"}\n')trace=019fba1e-7c3f-7e53-8dc6-ecdfb1433a50,id=019fba1e-e0dc-71e3-848c-21bc82f9e626; trace=019fba1e-7c3f-7e53-8dc6-ecdfb1433a50,id=019fba1f-08fe-7483-9251-19cca4b741dd; trace=019fba1e-7c3f-7e53-8dc6-ecdfb1433a50,id=019fba1f-08fe-7483-9251-19cca4b741dd; trace=019fba1e-7c3f-7e53-8dc6-ecdfb1433a50,id=019fba1e-e0db-7fc2-a53f-43e1ad27c8da; trace=019fba1e-7c3f-7e53-8dc6-ecdfb1433a50,id=019fba1f-08ff-79e2-a2af-fd683535ce60; trace=019fba1e-7c3f-7e53-8dc6-ecdfb1433a50,id=019fba1f-08ff-79e2-a2af-fd765244fa8e
Failed to send compressed multipart ingest: langsmith.utils.LangSmithRateLimitError: Rate limit exceeded for https://api.smith.langchain.com/runs/multipart. HTTPError('429 Client Error: Too Many Requests for url: https://api.smith.langchain.com/runs/multipart', '{"error":"Too many requests: tenant exceeded usage limits: Monthly unique traces usage limit exceeded"}\n')trace=019fba1e-7c3f-7e53-8dc6-ecdfb1433a50,id=019fba1f-08ff-79e2-a2af-fd765244fa8e; trace=019fba1e-7c3f-7e53-8dc6-ecdfb1433a50,id=019fba1f-08ff-79e2-a2af-fd683535ce60; trace=019fba1e-7c3f-7e53-8dc6-ecdfb1433a50,id=019fba1f-1efb-7b82-9f89-d45dc2a9cdb9; trace=019fba1e-7c3f-7e53-8dc6-ecdfb1433a50,id=019fba1f-1efd-7a82-856c-95b313094892
Failed to send compressed multipart ingest: langsmith.utils.LangSmithRateLimitError: Rate limit exceeded for https://api.smith.langchain.com/runs/multipart. HTTPError('429 Client Error: Too Many Requests for url: https://api.smith.langchain.com/runs/multipart', '{"error":"Too many requests: tenant exceeded usage limits: Monthly unique traces usage limit exceeded"}\n')trace=019fba1e-7c3f-7e53-8dc6-ecdfb1433a50,id=019fba1f-1efd-7a82-856c-95b313094892; trace=019fba1e-7c3f-7e53-8dc6-ecdfb1433a50,id=019fba1f-47eb-7742-bcc9-c001722cff77; trace=019fba1e-7c3f-7e53-8dc6-ecdfb1433a50,id=019fba1f-47eb-7742-bcc9-c001722cff77; trace=019fba1e-7c3f-7e53-8dc6-ecdfb1433a50,id=019fba1f-1efb-7b82-9f89-d45dc2a9cdb9; trace=019fba1e-7c3f-7e53-8dc6-ecdfb1433a50,id=019fba1f-47ec-7bf2-b4fd-924b50af10b8; trace=019fba1e-7c3f-7e53-8dc6-ecdfb1433a50,id=019fba1f-47ec-7bf2-b4fd-9251cc9576ac
Failed to send compressed multipart ingest: langsmith.utils.LangSmithRateLimitError: Rate limit exceeded for https://api.smith.langchain.com/runs/multipart. HTTPError('429 Client Error: Too Many Requests for url: https://api.smith.langchain.com/runs/multipart', '{"error":"Too many requests: tenant exceeded usage limits: Monthly unique traces usage limit exceeded"}\n')trace=019fba1e-7c3f-7e53-8dc6-ecdfb1433a50,id=019fba1f-47ec-7bf2-b4fd-9251cc9576ac; trace=019fba1e-7c3f-7e53-8dc6-ecdfb1433a50,id=019fba1f-47ec-7bf2-b4fd-924b50af10b8; trace=019fba1e-7c3f-7e53-8dc6-ecdfb1433a50,id=019fba1f-6439-7ab0-a811-08e21603cf6d; trace=019fba1e-7c3f-7e53-8dc6-ecdfb1433a50,id=019fba1f-643b-7a11-8ff6-04588c6415ec
Failed to send compressed multipart ingest: langsmith.utils.LangSmithRateLimitError: Rate limit exceeded for https://api.smith.langchain.com/runs/multipart. HTTPError('429 Client Error: Too Many Requests for url: https://api.smith.langchain.com/runs/multipart', '{"error":"Too many requests: tenant exceeded usage limits: Monthly unique traces usage limit exceeded"}\n')trace=019fba1e-7c3f-7e53-8dc6-ecdfb1433a50,id=019fba1f-643b-7a11-8ff6-04588c6415ec; trace=019fba1e-7c3f-7e53-8dc6-ecdfb1433a50,id=019fba1f-91ae-7b00-a1e8-185a8b4b2478; trace=019fba1e-7c3f-7e53-8dc6-ecdfb1433a50,id=019fba1f-91ae-7b00-a1e8-185a8b4b2478; trace=019fba1e-7c3f-7e53-8dc6-ecdfb1433a50,id=019fba1f-6439-7ab0-a811-08e21603cf6d; trace=019fba1e-7c3f-7e53-8dc6-ecdfb1433a50,id=019fba1f-91ae-7b00-a1e8-1864e16927c7; trace=019fba1e-7c3f-7e53-8dc6-ecdfb1433a50,id=019fba1f-91af-7271-9a17-dfa5c54cc4c8
Failed to send compressed multipart ingest: langsmith.utils.LangSmithRateLimitError: Rate limit exceeded for https://api.smith.langchain.com/runs/multipart. HTTPError('429 Client Error: Too Many Requests for url: https://api.smith.langchain.com/runs/multipart', '{"error":"Too many requests: tenant exceeded usage limits: Monthly unique traces usage limit exceeded"}\n')trace=019fba1e-7c3f-7e53-8dc6-ecdfb1433a50,id=019fba1f-91af-7271-9a17-dfa5c54cc4c8; trace=019fba1e-7c3f-7e53-8dc6-ecdfb1433a50,id=019fba1f-91ae-7b00-a1e8-1864e16927c7; trace=019fba1e-7c3f-7e53-8dc6-ecdfb1433a50,id=019fba1f-af4f-7c31-8a08-dc22fbf42979; trace=019fba1e-7c3f-7e53-8dc6-ecdfb1433a50,id=019fba1f-af51-7933-a777-bc6d790d17b4
Calling Baseline Move server...
Calling Baseline Move server (JSON repair retry)...
Calling Baseline Move server...
Calling Baseline Move server...
Calling Baseline Move server...
Calling Baseline Move server...
[baseline] 36/104 scenario_02_01 (repeat 4/4)
Failed to send compressed multipart ingest: langsmith.utils.LangSmithRateLimitError: Rate limit exceeded for https://api.smith.langchain.com/runs/multipart. HTTPError('429 Client Error: Too Many Requests for url: https://api.smith.langchain.com/runs/multipart', '{"error":"Too many requests: tenant exceeded usage limits: Monthly unique traces usage limit exceeded"}\n')trace=019fba1e-7c3f-7e53-8dc6-ecdfb1433a50,id=019fba1f-af51-7933-a777-bc6d790d17b4; trace=019fba1e-7c3f-7e53-8dc6-ecdfb1433a50,id=019fba20-2739-7302-82fe-728953d2fccf; trace=019fba1e-7c3f-7e53-8dc6-ecdfb1433a50,id=019fba20-2739-7302-82fe-728953d2fccf; trace=019fba1e-7c3f-7e53-8dc6-ecdfb1433a50,id=019fba1f-af4f-7c31-8a08-dc22fbf42979; trace=019fba1e-7c3f-7e53-8dc6-ecdfb1433a50,id=019fba20-273a-79a0-9e32-4116d79a70e2; trace=019fba1e-7c3f-7e53-8dc6-ecdfb1433a50,id=019fba20-273a-79a0-9e32-4116d79a70e2; trace=019fba1e-7c3f-7e53-8dc6-ecdfb1433a50,id=019fba1e-7c3f-7e53-8dc6-ecdfb1433a50; trace=019fba20-27ad-7880-9419-42becdeeb8f0,id=019fba20-27ad-7880-9419-42becdeeb8f0; trace=019fba20-27ad-7880-9419-42becdeeb8f0,id=019fba20-27ae-7bc1-a7ae-1a0752e48a94; trace=019fba20-27ad-7880-9419-42becdeeb8f0,id=019fba20-27ae-7bc1-a7ae-1a0752e48a94; trace=019fba20-27ad-7880-9419-42becdeeb8f0,id=019fba20-27af-77f2-b2dc-d4891be9f926; trace=019fba20-27ad-7880-9419-42becdeeb8f0,id=019fba20-2802-75d3-bb2a-a6056fa4ece0; trace=019fba20-27ad-7880-9419-42becdeeb8f0,id=019fba20-2802-75d3-bb2a-a6056fa4ece0; trace=019fba20-27ad-7880-9419-42becdeeb8f0,id=019fba20-27af-77f2-b2dc-d4891be9f926; trace=019fba20-27ad-7880-9419-42becdeeb8f0,id=019fba20-2803-7572-9977-61b256dade3e; trace=019fba20-27ad-7880-9419-42becdeeb8f0,id=019fba20-2803-7572-9977-61cb7dc05a3f
Failed to send compressed multipart ingest: langsmith.utils.LangSmithRateLimitError: Rate limit exceeded for https://api.smith.langchain.com/runs/multipart. HTTPError('429 Client Error: Too Many Requests for url: https://api.smith.langchain.com/runs/multipart', '{"error":"Too many requests: tenant exceeded usage limits: Monthly unique traces usage limit exceeded"}\n')trace=019fba20-27ad-7880-9419-42becdeeb8f0,id=019fba20-2803-7572-9977-61cb7dc05a3f; trace=019fba20-27ad-7880-9419-42becdeeb8f0,id=019fba20-2803-7572-9977-61b256dade3e; trace=019fba20-27ad-7880-9419-42becdeeb8f0,id=019fba20-3e58-7c40-9178-d345fe6d7a94; trace=019fba20-27ad-7880-9419-42becdeeb8f0,id=019fba20-3e5a-7d22-a25b-55c2e3de233f
Failed to send compressed multipart ingest: langsmith.utils.LangSmithRateLimitError: Rate limit exceeded for https://api.smith.langchain.com/runs/multipart. HTTPError('429 Client Error: Too Many Requests for url: https://api.smith.langchain.com/runs/multipart', '{"error":"Too many requests: tenant exceeded usage limits: Monthly unique traces usage limit exceeded"}\n')trace=019fba20-27ad-7880-9419-42becdeeb8f0,id=019fba20-3e5a-7d22-a25b-55c2e3de233f; trace=019fba20-27ad-7880-9419-42becdeeb8f0,id=019fba20-621b-75e1-aafc-9722690f42dd
Failed to send compressed multipart ingest: langsmith.utils.LangSmithRateLimitError: Rate limit exceeded for https://api.smith.langchain.com/runs/multipart. HTTPError('429 Client Error: Too Many Requests for url: https://api.smith.langchain.com/runs/multipart', '{"error":"Too many requests: tenant exceeded usage limits: Monthly unique traces usage limit exceeded"}\n')trace=019fba20-27ad-7880-9419-42becdeeb8f0,id=019fba20-621b-75e1-aafc-9722690f42dd; trace=019fba20-27ad-7880-9419-42becdeeb8f0,id=019fba20-9193-74c1-bc21-6cb11eff9c5a; trace=019fba20-27ad-7880-9419-42becdeeb8f0,id=019fba20-9193-74c1-bc21-6cb11eff9c5a; trace=019fba20-27ad-7880-9419-42becdeeb8f0,id=019fba20-3e58-7c40-9178-d345fe6d7a94; trace=019fba20-27ad-7880-9419-42becdeeb8f0,id=019fba20-9194-74e2-8eca-7a93d1840b2a; trace=019fba20-27ad-7880-9419-42becdeeb8f0,id=019fba20-9194-74e2-8eca-7aa43ee7fbea
Failed to send compressed multipart ingest: langsmith.utils.LangSmithRateLimitError: Rate limit exceeded for https://api.smith.langchain.com/runs/multipart. HTTPError('429 Client Error: Too Many Requests for url: https://api.smith.langchain.com/runs/multipart', '{"error":"Too many requests: tenant exceeded usage limits: Monthly unique traces usage limit exceeded"}\n')trace=019fba20-27ad-7880-9419-42becdeeb8f0,id=019fba20-9194-74e2-8eca-7aa43ee7fbea; trace=019fba20-27ad-7880-9419-42becdeeb8f0,id=019fba20-9194-74e2-8eca-7a93d1840b2a; trace=019fba20-27ad-7880-9419-42becdeeb8f0,id=019fba20-adf7-7ae0-a4d9-4a43878b47bd; trace=019fba20-27ad-7880-9419-42becdeeb8f0,id=019fba20-adf8-75d0-9c75-cbfc02864c8f
Failed to send compressed multipart ingest: langsmith.utils.LangSmithRateLimitError: Rate limit exceeded for https://api.smith.langchain.com/runs/multipart. HTTPError('429 Client Error: Too Many Requests for url: https://api.smith.langchain.com/runs/multipart', '{"error":"Too many requests: tenant exceeded usage limits: Monthly unique traces usage limit exceeded"}\n')trace=019fba20-27ad-7880-9419-42becdeeb8f0,id=019fba20-adf8-75d0-9c75-cbfc02864c8f; trace=019fba20-27ad-7880-9419-42becdeeb8f0,id=019fba20-e169-7e53-b6df-50f3744841f4; trace=019fba20-27ad-7880-9419-42becdeeb8f0,id=019fba20-e169-7e53-b6df-50f3744841f4; trace=019fba20-27ad-7880-9419-42becdeeb8f0,id=019fba20-adf7-7ae0-a4d9-4a43878b47bd; trace=019fba20-27ad-7880-9419-42becdeeb8f0,id=019fba20-e16a-7460-9e80-04c86e2c3561; trace=019fba20-27ad-7880-9419-42becdeeb8f0,id=019fba20-e16a-7460-9e80-04ddd73a8022
Failed to send compressed multipart ingest: langsmith.utils.LangSmithRateLimitError: Rate limit exceeded for https://api.smith.langchain.com/runs/multipart. HTTPError('429 Client Error: Too Many Requests for url: https://api.smith.langchain.com/runs/multipart', '{"error":"Too many requests: tenant exceeded usage limits: Monthly unique traces usage limit exceeded"}\n')trace=019fba20-27ad-7880-9419-42becdeeb8f0,id=019fba20-e16a-7460-9e80-04ddd73a8022; trace=019fba20-27ad-7880-9419-42becdeeb8f0,id=019fba20-e16a-7460-9e80-04c86e2c3561; trace=019fba20-27ad-7880-9419-42becdeeb8f0,id=019fba21-0bd9-75c2-92be-0f634fe60057; trace=019fba20-27ad-7880-9419-42becdeeb8f0,id=019fba21-0bda-7563-873c-d598d020b68d
Failed to send compressed multipart ingest: langsmith.utils.LangSmithRateLimitError: Rate limit exceeded for https://api.smith.langchain.com/runs/multipart. HTTPError('429 Client Error: Too Many Requests for url: https://api.smith.langchain.com/runs/multipart', '{"error":"Too many requests: tenant exceeded usage limits: Monthly unique traces usage limit exceeded"}\n')trace=019fba20-27ad-7880-9419-42becdeeb8f0,id=019fba21-0bda-7563-873c-d598d020b68d; trace=019fba20-27ad-7880-9419-42becdeeb8f0,id=019fba21-3b62-7642-bd26-c53ea265d9c8; trace=019fba20-27ad-7880-9419-42becdeeb8f0,id=019fba21-3b62-7642-bd26-c53ea265d9c8; trace=019fba20-27ad-7880-9419-42becdeeb8f0,id=019fba21-0bd9-75c2-92be-0f634fe60057; trace=019fba20-27ad-7880-9419-42becdeeb8f0,id=019fba21-3b63-7752-92f7-5601ebda5a14; trace=019fba20-27ad-7880-9419-42becdeeb8f0,id=019fba21-3b63-7752-92f7-561e0cccae4e
Failed to send compressed multipart ingest: langsmith.utils.LangSmithRateLimitError: Rate limit exceeded for https://api.smith.langchain.com/runs/multipart. HTTPError('429 Client Error: Too Many Requests for url: https://api.smith.langchain.com/runs/multipart', '{"error":"Too many requests: tenant exceeded usage limits: Monthly unique traces usage limit exceeded"}\n')trace=019fba20-27ad-7880-9419-42becdeeb8f0,id=019fba21-3b63-7752-92f7-561e0cccae4e; trace=019fba20-27ad-7880-9419-42becdeeb8f0,id=019fba21-3b63-7752-92f7-5601ebda5a14; trace=019fba20-27ad-7880-9419-42becdeeb8f0,id=019fba21-64a4-77c2-ae83-cbace4e2604e; trace=019fba20-27ad-7880-9419-42becdeeb8f0,id=019fba21-64a6-7420-aab5-75b19d4f9290
Failed to send compressed multipart ingest: langsmith.utils.LangSmithRateLimitError: Rate limit exceeded for https://api.smith.langchain.com/runs/multipart. HTTPError('429 Client Error: Too Many Requests for url: https://api.smith.langchain.com/runs/multipart', '{"error":"Too many requests: tenant exceeded usage limits: Monthly unique traces usage limit exceeded"}\n')trace=019fba20-27ad-7880-9419-42becdeeb8f0,id=019fba21-64a6-7420-aab5-75b19d4f9290; trace=019fba20-27ad-7880-9419-42becdeeb8f0,id=019fba21-92f2-7a11-98c4-638f4c50b345; trace=019fba20-27ad-7880-9419-42becdeeb8f0,id=019fba21-92f2-7a11-98c4-638f4c50b345; trace=019fba20-27ad-7880-9419-42becdeeb8f0,id=019fba21-64a4-77c2-ae83-cbace4e2604e; trace=019fba20-27ad-7880-9419-42becdeeb8f0,id=019fba21-92f3-7822-ab07-1fb40257b45f; trace=019fba20-27ad-7880-9419-42becdeeb8f0,id=019fba21-92f4-7d32-b581-c414fdff247c
Failed to send compressed multipart ingest: langsmith.utils.LangSmithRateLimitError: Rate limit exceeded for https://api.smith.langchain.com/runs/multipart. HTTPError('429 Client Error: Too Many Requests for url: https://api.smith.langchain.com/runs/multipart', '{"error":"Too many requests: tenant exceeded usage limits: Monthly unique traces usage limit exceeded"}\n')trace=019fba20-27ad-7880-9419-42becdeeb8f0,id=019fba21-92f4-7d32-b581-c414fdff247c; trace=019fba20-27ad-7880-9419-42becdeeb8f0,id=019fba21-92f3-7822-ab07-1fb40257b45f; trace=019fba20-27ad-7880-9419-42becdeeb8f0,id=019fba21-af3a-7d90-9470-bae656f62bc1; trace=019fba20-27ad-7880-9419-42becdeeb8f0,id=019fba21-af3c-7f72-9f2f-a6bd88f43f44
Failed to send compressed multipart ingest: langsmith.utils.LangSmithRateLimitError: Rate limit exceeded for https://api.smith.langchain.com/runs/multipart. HTTPError('429 Client Error: Too Many Requests for url: https://api.smith.langchain.com/runs/multipart', '{"error":"Too many requests: tenant exceeded usage limits: Monthly unique traces usage limit exceeded"}\n')trace=019fba20-27ad-7880-9419-42becdeeb8f0,id=019fba21-af3c-7f72-9f2f-a6bd88f43f44; trace=019fba20-27ad-7880-9419-42becdeeb8f0,id=019fba21-dc81-7271-99cb-556a94d09343; trace=019fba20-27ad-7880-9419-42becdeeb8f0,id=019fba21-dc81-7271-99cb-556a94d09343; trace=019fba20-27ad-7880-9419-42becdeeb8f0,id=019fba21-af3a-7d90-9470-bae656f62bc1; trace=019fba20-27ad-7880-9419-42becdeeb8f0,id=019fba21-dc82-7962-91b8-0bc5a9b5f319; trace=019fba20-27ad-7880-9419-42becdeeb8f0,id=019fba21-dc83-7972-aba4-7e163425ddf8
Failed to send compressed multipart ingest: langsmith.utils.LangSmithRateLimitError: Rate limit exceeded for https://api.smith.langchain.com/runs/multipart. HTTPError('429 Client Error: Too Many Requests for url: https://api.smith.langchain.com/runs/multipart', '{"error":"Too many requests: tenant exceeded usage limits: Monthly unique traces usage limit exceeded"}\n')trace=019fba20-27ad-7880-9419-42becdeeb8f0,id=019fba21-dc83-7972-aba4-7e163425ddf8; trace=019fba20-27ad-7880-9419-42becdeeb8f0,id=019fba21-dc82-7962-91b8-0bc5a9b5f319; trace=019fba20-27ad-7880-9419-42becdeeb8f0,id=019fba22-0fb0-7830-a230-901eed2479ff; trace=019fba20-27ad-7880-9419-42becdeeb8f0,id=019fba22-0fb1-73c0-9834-b41fc4b4bd23
Calling Baseline Move server...
Calling Baseline Move server (JSON repair retry)...
Calling Baseline Move server...
Calling Baseline Move server...
Calling Baseline Move server...
Calling Baseline Move server...
Calling Baseline Move server...
[baseline] 37/104 scenario_02_02 (repeat 1/4)
Failed to send compressed multipart ingest: langsmith.utils.LangSmithRateLimitError: Rate limit exceeded for https://api.smith.langchain.com/runs/multipart. HTTPError('429 Client Error: Too Many Requests for url: https://api.smith.langchain.com/runs/multipart', '{"error":"Too many requests: tenant exceeded usage limits: Monthly unique traces usage limit exceeded"}\n')trace=019fba20-27ad-7880-9419-42becdeeb8f0,id=019fba22-0fb1-73c0-9834-b41fc4b4bd23; trace=019fba20-27ad-7880-9419-42becdeeb8f0,id=019fba22-a75f-75c3-b6c4-ab3385cdfd88; trace=019fba20-27ad-7880-9419-42becdeeb8f0,id=019fba22-a75f-75c3-b6c4-ab3385cdfd88; trace=019fba20-27ad-7880-9419-42becdeeb8f0,id=019fba22-0fb0-7830-a230-901eed2479ff; trace=019fba20-27ad-7880-9419-42becdeeb8f0,id=019fba22-a760-77f2-ac72-7a7562a5233b; trace=019fba20-27ad-7880-9419-42becdeeb8f0,id=019fba22-a760-77f2-ac72-7a7562a5233b; trace=019fba20-27ad-7880-9419-42becdeeb8f0,id=019fba20-27ad-7880-9419-42becdeeb8f0; trace=019fba22-a814-76a3-8e05-000a8302042e,id=019fba22-a814-76a3-8e05-000a8302042e; trace=019fba22-a814-76a3-8e05-000a8302042e,id=019fba22-a815-76f0-b23c-57b96f31d5ff; trace=019fba22-a814-76a3-8e05-000a8302042e,id=019fba22-a815-76f0-b23c-57b96f31d5ff; trace=019fba22-a814-76a3-8e05-000a8302042e,id=019fba22-a815-76f0-b23c-57cac9d19a2b; trace=019fba22-a814-76a3-8e05-000a8302042e,id=019fba22-a878-7fb0-ba49-d0e2cbc2021d; trace=019fba22-a814-76a3-8e05-000a8302042e,id=019fba22-a878-7fb0-ba49-d0e2cbc2021d; trace=019fba22-a814-76a3-8e05-000a8302042e,id=019fba22-a815-76f0-b23c-57cac9d19a2b; trace=019fba22-a814-76a3-8e05-000a8302042e,id=019fba22-a879-7040-9c21-17e6ecb0f490; trace=019fba22-a814-76a3-8e05-000a8302042e,id=019fba22-a879-7040-9c21-17f4f052e3ae
Failed to send compressed multipart ingest: langsmith.utils.LangSmithRateLimitError: Rate limit exceeded for https://api.smith.langchain.com/runs/multipart. HTTPError('429 Client Error: Too Many Requests for url: https://api.smith.langchain.com/runs/multipart', '{"error":"Too many requests: tenant exceeded usage limits: Monthly unique traces usage limit exceeded"}\n')trace=019fba22-a814-76a3-8e05-000a8302042e,id=019fba22-a879-7040-9c21-17f4f052e3ae; trace=019fba22-a814-76a3-8e05-000a8302042e,id=019fba22-a879-7040-9c21-17e6ecb0f490; trace=019fba22-a814-76a3-8e05-000a8302042e,id=019fba22-baaa-7923-a13e-4c622c79ba0a; trace=019fba22-a814-76a3-8e05-000a8302042e,id=019fba22-baac-7793-b221-4f1f9c1d4c89
Failed to send compressed multipart ingest: langsmith.utils.LangSmithRateLimitError: Rate limit exceeded for https://api.smith.langchain.com/runs/multipart. HTTPError('429 Client Error: Too Many Requests for url: https://api.smith.langchain.com/runs/multipart', '{"error":"Too many requests: tenant exceeded usage limits: Monthly unique traces usage limit exceeded"}\n')trace=019fba22-a814-76a3-8e05-000a8302042e,id=019fba22-baac-7793-b221-4f1f9c1d4c89; trace=019fba22-a814-76a3-8e05-000a8302042e,id=019fba22-eef1-75f2-9027-9635cc325dda
Failed to send compressed multipart ingest: langsmith.utils.LangSmithRateLimitError: Rate limit exceeded for https://api.smith.langchain.com/runs/multipart. HTTPError('429 Client Error: Too Many Requests for url: https://api.smith.langchain.com/runs/multipart', '{"error":"Too many requests: tenant exceeded usage limits: Monthly unique traces usage limit exceeded"}\n')trace=019fba22-a814-76a3-8e05-000a8302042e,id=019fba22-eef1-75f2-9027-9635cc325dda; trace=019fba22-a814-76a3-8e05-000a8302042e,id=019fba23-34c2-7ba2-8499-8941c4881149; trace=019fba22-a814-76a3-8e05-000a8302042e,id=019fba23-34c2-7ba2-8499-8941c4881149; trace=019fba22-a814-76a3-8e05-000a8302042e,id=019fba22-baaa-7923-a13e-4c622c79ba0a; trace=019fba22-a814-76a3-8e05-000a8302042e,id=019fba23-34c3-7843-b402-780424a1728e; trace=019fba22-a814-76a3-8e05-000a8302042e,id=019fba23-34c3-7843-b402-78151cc58b1a
Failed to send compressed multipart ingest: langsmith.utils.LangSmithRateLimitError: Rate limit exceeded for https://api.smith.langchain.com/runs/multipart. HTTPError('429 Client Error: Too Many Requests for url: https://api.smith.langchain.com/runs/multipart', '{"error":"Too many requests: tenant exceeded usage limits: Monthly unique traces usage limit exceeded"}\n')trace=019fba22-a814-76a3-8e05-000a8302042e,id=019fba23-34c3-7843-b402-78151cc58b1a; trace=019fba22-a814-76a3-8e05-000a8302042e,id=019fba23-34c3-7843-b402-780424a1728e; trace=019fba22-a814-76a3-8e05-000a8302042e,id=019fba23-4ad9-76d3-bcd6-a02a7672b145; trace=019fba22-a814-76a3-8e05-000a8302042e,id=019fba23-4ada-7493-bc6a-4d7f280df74d
Failed to send compressed multipart ingest: langsmith.utils.LangSmithRateLimitError: Rate limit exceeded for https://api.smith.langchain.com/runs/multipart. HTTPError('429 Client Error: Too Many Requests for url: https://api.smith.langchain.com/runs/multipart', '{"error":"Too many requests: tenant exceeded usage limits: Monthly unique traces usage limit exceeded"}\n')trace=019fba22-a814-76a3-8e05-000a8302042e,id=019fba23-4ada-7493-bc6a-4d7f280df74d; trace=019fba22-a814-76a3-8e05-000a8302042e,id=019fba23-7d60-7bf0-94d2-028701510017
Failed to send compressed multipart ingest: langsmith.utils.LangSmithRateLimitError: Rate limit exceeded for https://api.smith.langchain.com/runs/multipart. HTTPError('429 Client Error: Too Many Requests for url: https://api.smith.langchain.com/runs/multipart', '{"error":"Too many requests: tenant exceeded usage limits: Monthly unique traces usage limit exceeded"}\n')trace=019fba22-a814-76a3-8e05-000a8302042e,id=019fba23-7d60-7bf0-94d2-028701510017; trace=019fba22-a814-76a3-8e05-000a8302042e,id=019fba23-aa60-78e3-87dc-92def85c8302; trace=019fba22-a814-76a3-8e05-000a8302042e,id=019fba23-aa60-78e3-87dc-92def85c8302; trace=019fba22-a814-76a3-8e05-000a8302042e,id=019fba23-4ad9-76d3-bcd6-a02a7672b145; trace=019fba22-a814-76a3-8e05-000a8302042e,id=019fba23-aa60-78e3-87dc-92e4a564190a; trace=019fba22-a814-76a3-8e05-000a8302042e,id=019fba23-aa61-7681-9d9f-6ad9a7fded9c
Failed to send compressed multipart ingest: langsmith.utils.LangSmithRateLimitError: Rate limit exceeded for https://api.smith.langchain.com/runs/multipart. HTTPError('429 Client Error: Too Many Requests for url: https://api.smith.langchain.com/runs/multipart', '{"error":"Too many requests: tenant exceeded usage limits: Monthly unique traces usage limit exceeded"}\n')trace=019fba22-a814-76a3-8e05-000a8302042e,id=019fba23-aa61-7681-9d9f-6ad9a7fded9c; trace=019fba22-a814-76a3-8e05-000a8302042e,id=019fba23-aa60-78e3-87dc-92e4a564190a; trace=019fba22-a814-76a3-8e05-000a8302042e,id=019fba23-ca8c-7a53-858e-6fa658081b17; trace=019fba22-a814-76a3-8e05-000a8302042e,id=019fba23-ca8d-79b1-a0b7-4059973ab730
Failed to send compressed multipart ingest: langsmith.utils.LangSmithRateLimitError: Rate limit exceeded for https://api.smith.langchain.com/runs/multipart. HTTPError('429 Client Error: Too Many Requests for url: https://api.smith.langchain.com/runs/multipart', '{"error":"Too many requests: tenant exceeded usage limits: Monthly unique traces usage limit exceeded"}\n')trace=019fba22-a814-76a3-8e05-000a8302042e,id=019fba23-ca8d-79b1-a0b7-4059973ab730; trace=019fba22-a814-76a3-8e05-000a8302042e,id=019fba24-0be5-7931-97ba-86b16d9fe49d; trace=019fba22-a814-76a3-8e05-000a8302042e,id=019fba24-0be5-7931-97ba-86b16d9fe49d; trace=019fba22-a814-76a3-8e05-000a8302042e,id=019fba23-ca8c-7a53-858e-6fa658081b17; trace=019fba22-a814-76a3-8e05-000a8302042e,id=019fba24-0be6-75f0-84ce-98e77c616626; trace=019fba22-a814-76a3-8e05-000a8302042e,id=019fba24-0be7-7830-be8e-380e5ffdf026
Failed to send compressed multipart ingest: langsmith.utils.LangSmithRateLimitError: Rate limit exceeded for https://api.smith.langchain.com/runs/multipart. HTTPError('429 Client Error: Too Many Requests for url: https://api.smith.langchain.com/runs/multipart', '{"error":"Too many requests: tenant exceeded usage limits: Monthly unique traces usage limit exceeded"}\n')trace=019fba22-a814-76a3-8e05-000a8302042e,id=019fba24-0be7-7830-be8e-380e5ffdf026; trace=019fba22-a814-76a3-8e05-000a8302042e,id=019fba24-0be6-75f0-84ce-98e77c616626; trace=019fba22-a814-76a3-8e05-000a8302042e,id=019fba24-2d0c-7e80-b809-f2b89eabaf88; trace=019fba22-a814-76a3-8e05-000a8302042e,id=019fba24-2d0e-7ce2-a2c3-7409ca40f7ea
Calling Baseline Move server...
Calling Baseline Move server (JSON repair retry)...
Calling Baseline Move server...
Calling Baseline Move server (JSON repair retry)...
Calling Baseline Move server...
Calling Baseline Move server...
[baseline] 38/104 scenario_02_02 (repeat 2/4)
Failed to send compressed multipart ingest: langsmith.utils.LangSmithRateLimitError: Rate limit exceeded for https://api.smith.langchain.com/runs/multipart. HTTPError('429 Client Error: Too Many Requests for url: https://api.smith.langchain.com/runs/multipart', '{"error":"Too many requests: tenant exceeded usage limits: Monthly unique traces usage limit exceeded"}\n')trace=019fba22-a814-76a3-8e05-000a8302042e,id=019fba24-2d0e-7ce2-a2c3-7409ca40f7ea; trace=019fba22-a814-76a3-8e05-000a8302042e,id=019fba24-5fe7-7902-b63e-e5a6c5bc786b; trace=019fba22-a814-76a3-8e05-000a8302042e,id=019fba24-5fe7-7902-b63e-e5a6c5bc786b; trace=019fba22-a814-76a3-8e05-000a8302042e,id=019fba24-2d0c-7e80-b809-f2b89eabaf88; trace=019fba22-a814-76a3-8e05-000a8302042e,id=019fba24-5fe8-7fc2-ae4f-bb0ac5c0539d; trace=019fba22-a814-76a3-8e05-000a8302042e,id=019fba24-5fe8-7fc2-ae4f-bb0ac5c0539d; trace=019fba22-a814-76a3-8e05-000a8302042e,id=019fba22-a814-76a3-8e05-000a8302042e; trace=019fba24-6049-7da1-861f-a5be62aea136,id=019fba24-6049-7da1-861f-a5be62aea136; trace=019fba24-6049-7da1-861f-a5be62aea136,id=019fba24-604a-7ff3-8ab7-7ea5c37ffc68; trace=019fba24-6049-7da1-861f-a5be62aea136,id=019fba24-604a-7ff3-8ab7-7ea5c37ffc68; trace=019fba24-6049-7da1-861f-a5be62aea136,id=019fba24-604b-7e40-8bfe-752a1c5b8e73; trace=019fba24-6049-7da1-861f-a5be62aea136,id=019fba24-606a-7a42-b2ab-8993092f0d05; trace=019fba24-6049-7da1-861f-a5be62aea136,id=019fba24-606a-7a42-b2ab-8993092f0d05; trace=019fba24-6049-7da1-861f-a5be62aea136,id=019fba24-604b-7e40-8bfe-752a1c5b8e73; trace=019fba24-6049-7da1-861f-a5be62aea136,id=019fba24-606b-77e0-9e20-46c3895bd552; trace=019fba24-6049-7da1-861f-a5be62aea136,id=019fba24-606b-77e0-9e20-46d0d0916b38
Failed to send compressed multipart ingest: langsmith.utils.LangSmithRateLimitError: Rate limit exceeded for https://api.smith.langchain.com/runs/multipart. HTTPError('429 Client Error: Too Many Requests for url: https://api.smith.langchain.com/runs/multipart', '{"error":"Too many requests: tenant exceeded usage limits: Monthly unique traces usage limit exceeded"}\n')trace=019fba24-6049-7da1-861f-a5be62aea136,id=019fba24-606b-77e0-9e20-46d0d0916b38; trace=019fba24-6049-7da1-861f-a5be62aea136,id=019fba24-606b-77e0-9e20-46c3895bd552; trace=019fba24-6049-7da1-861f-a5be62aea136,id=019fba24-714f-7021-a571-adb76b41d718; trace=019fba24-6049-7da1-861f-a5be62aea136,id=019fba24-7151-7591-afeb-6993ff949db4
Failed to send compressed multipart ingest: langsmith.utils.LangSmithRateLimitError: Rate limit exceeded for https://api.smith.langchain.com/runs/multipart. HTTPError('429 Client Error: Too Many Requests for url: https://api.smith.langchain.com/runs/multipart', '{"error":"Too many requests: tenant exceeded usage limits: Monthly unique traces usage limit exceeded"}\n')trace=019fba24-6049-7da1-861f-a5be62aea136,id=019fba24-7151-7591-afeb-6993ff949db4; trace=019fba24-6049-7da1-861f-a5be62aea136,id=019fba24-9dd7-7d11-8958-e69ac7fb53dd; trace=019fba24-6049-7da1-861f-a5be62aea136,id=019fba24-9dd7-7d11-8958-e69ac7fb53dd; trace=019fba24-6049-7da1-861f-a5be62aea136,id=019fba24-714f-7021-a571-adb76b41d718; trace=019fba24-6049-7da1-861f-a5be62aea136,id=019fba24-9dd8-7773-bcab-266655580147; trace=019fba24-6049-7da1-861f-a5be62aea136,id=019fba24-9dd8-7773-bcab-2673e6d63a24
Failed to send compressed multipart ingest: langsmith.utils.LangSmithRateLimitError: Rate limit exceeded for https://api.smith.langchain.com/runs/multipart. HTTPError('429 Client Error: Too Many Requests for url: https://api.smith.langchain.com/runs/multipart', '{"error":"Too many requests: tenant exceeded usage limits: Monthly unique traces usage limit exceeded"}\n')trace=019fba24-6049-7da1-861f-a5be62aea136,id=019fba24-9dd8-7773-bcab-2673e6d63a24; trace=019fba24-6049-7da1-861f-a5be62aea136,id=019fba24-9dd8-7773-bcab-266655580147; trace=019fba24-6049-7da1-861f-a5be62aea136,id=019fba24-b474-77c3-acfa-8c9e3fcdf163; trace=019fba24-6049-7da1-861f-a5be62aea136,id=019fba24-b476-7313-a537-f8ff19b849b9
Failed to send compressed multipart ingest: langsmith.utils.LangSmithRateLimitError: Rate limit exceeded for https://api.smith.langchain.com/runs/multipart. HTTPError('429 Client Error: Too Many Requests for url: https://api.smith.langchain.com/runs/multipart', '{"error":"Too many requests: tenant exceeded usage limits: Monthly unique traces usage limit exceeded"}\n')trace=019fba24-6049-7da1-861f-a5be62aea136,id=019fba24-b476-7313-a537-f8ff19b849b9; trace=019fba24-6049-7da1-861f-a5be62aea136,id=019fba24-f6fe-7b00-9f18-dbf5fbba762d
Failed to send compressed multipart ingest: langsmith.utils.LangSmithRateLimitError: Rate limit exceeded for https://api.smith.langchain.com/runs/multipart. HTTPError('429 Client Error: Too Many Requests for url: https://api.smith.langchain.com/runs/multipart', '{"error":"Too many requests: tenant exceeded usage limits: Monthly unique traces usage limit exceeded"}\n')trace=019fba24-6049-7da1-861f-a5be62aea136,id=019fba24-f6fe-7b00-9f18-dbf5fbba762d; trace=019fba24-6049-7da1-861f-a5be62aea136,id=019fba25-50b8-7fb0-abea-78db2844a670; trace=019fba24-6049-7da1-861f-a5be62aea136,id=019fba25-50b8-7fb0-abea-78db2844a670; trace=019fba24-6049-7da1-861f-a5be62aea136,id=019fba24-b474-77c3-acfa-8c9e3fcdf163; trace=019fba24-6049-7da1-861f-a5be62aea136,id=019fba25-50b9-7290-ac52-76d4bdb89591; trace=019fba24-6049-7da1-861f-a5be62aea136,id=019fba25-50ba-7951-a9aa-3790f90f06a2
Failed to send compressed multipart ingest: langsmith.utils.LangSmithRateLimitError: Rate limit exceeded for https://api.smith.langchain.com/runs/multipart. HTTPError('429 Client Error: Too Many Requests for url: https://api.smith.langchain.com/runs/multipart', '{"error":"Too many requests: tenant exceeded usage limits: Monthly unique traces usage limit exceeded"}\n')trace=019fba24-6049-7da1-861f-a5be62aea136,id=019fba25-50ba-7951-a9aa-3790f90f06a2; trace=019fba24-6049-7da1-861f-a5be62aea136,id=019fba25-50b9-7290-ac52-76d4bdb89591; trace=019fba24-6049-7da1-861f-a5be62aea136,id=019fba25-7222-7381-8740-501472f693f2; trace=019fba24-6049-7da1-861f-a5be62aea136,id=019fba25-7223-7902-824d-ab9758e77eb6
Failed to send compressed multipart ingest: langsmith.utils.LangSmithRateLimitError: Rate limit exceeded for https://api.smith.langchain.com/runs/multipart. HTTPError('429 Client Error: Too Many Requests for url: https://api.smith.langchain.com/runs/multipart', '{"error":"Too many requests: tenant exceeded usage limits: Monthly unique traces usage limit exceeded"}\n')trace=019fba24-6049-7da1-861f-a5be62aea136,id=019fba25-7223-7902-824d-ab9758e77eb6; trace=019fba24-6049-7da1-861f-a5be62aea136,id=019fba25-a89f-7293-91ed-881230e5a66a; trace=019fba24-6049-7da1-861f-a5be62aea136,id=019fba25-a89f-7293-91ed-881230e5a66a; trace=019fba24-6049-7da1-861f-a5be62aea136,id=019fba25-7222-7381-8740-501472f693f2; trace=019fba24-6049-7da1-861f-a5be62aea136,id=019fba25-a8a0-75f0-9690-f3e3a058fe8e; trace=019fba24-6049-7da1-861f-a5be62aea136,id=019fba25-a8a1-7cf2-a819-849648a2ce1a
Failed to send compressed multipart ingest: langsmith.utils.LangSmithRateLimitError: Rate limit exceeded for https://api.smith.langchain.com/runs/multipart. HTTPError('429 Client Error: Too Many Requests for url: https://api.smith.langchain.com/runs/multipart', '{"error":"Too many requests: tenant exceeded usage limits: Monthly unique traces usage limit exceeded"}\n')trace=019fba24-6049-7da1-861f-a5be62aea136,id=019fba25-a8a1-7cf2-a819-849648a2ce1a; trace=019fba24-6049-7da1-861f-a5be62aea136,id=019fba25-a8a0-75f0-9690-f3e3a058fe8e; trace=019fba24-6049-7da1-861f-a5be62aea136,id=019fba25-df25-7423-bd89-e05372177525; trace=019fba24-6049-7da1-861f-a5be62aea136,id=019fba25-df27-7403-8019-809d9ca95c1d
Failed to send compressed multipart ingest: langsmith.utils.LangSmithRateLimitError: Rate limit exceeded for https://api.smith.langchain.com/runs/multipart. HTTPError('429 Client Error: Too Many Requests for url: https://api.smith.langchain.com/runs/multipart', '{"error":"Too many requests: tenant exceeded usage limits: Monthly unique traces usage limit exceeded"}\n')trace=019fba24-6049-7da1-861f-a5be62aea136,id=019fba25-df27-7403-8019-809d9ca95c1d; trace=019fba24-6049-7da1-861f-a5be62aea136,id=019fba26-0f06-79d0-87db-1935b6134739; trace=019fba24-6049-7da1-861f-a5be62aea136,id=019fba26-0f06-79d0-87db-1935b6134739; trace=019fba24-6049-7da1-861f-a5be62aea136,id=019fba25-df25-7423-bd89-e05372177525; trace=019fba24-6049-7da1-861f-a5be62aea136,id=019fba26-0f07-7b62-b08c-38fcd72158fb; trace=019fba24-6049-7da1-861f-a5be62aea136,id=019fba26-0f08-7ca1-a83d-7effa3a6830f
Failed to send compressed multipart ingest: langsmith.utils.LangSmithRateLimitError: Rate limit exceeded for https://api.smith.langchain.com/runs/multipart. HTTPError('429 Client Error: Too Many Requests for url: https://api.smith.langchain.com/runs/multipart', '{"error":"Too many requests: tenant exceeded usage limits: Monthly unique traces usage limit exceeded"}\n')trace=019fba24-6049-7da1-861f-a5be62aea136,id=019fba26-0f08-7ca1-a83d-7effa3a6830f; trace=019fba24-6049-7da1-861f-a5be62aea136,id=019fba26-0f07-7b62-b08c-38fcd72158fb; trace=019fba24-6049-7da1-861f-a5be62aea136,id=019fba26-4e8e-7a22-9967-680d0009d686; trace=019fba24-6049-7da1-861f-a5be62aea136,id=019fba26-4e90-7671-8626-5a7ae325ae9f
Calling Baseline Move server...
Calling Baseline Move server...
Calling Baseline Move server (JSON repair retry)...
Calling Baseline Move server...
Calling Baseline Move server...
Calling Baseline Move server...
[baseline] 39/104 scenario_02_02 (repeat 3/4)
Failed to send compressed multipart ingest: langsmith.utils.LangSmithRateLimitError: Rate limit exceeded for https://api.smith.langchain.com/runs/multipart. HTTPError('429 Client Error: Too Many Requests for url: https://api.smith.langchain.com/runs/multipart', '{"error":"Too many requests: tenant exceeded usage limits: Monthly unique traces usage limit exceeded"}\n')trace=019fba24-6049-7da1-861f-a5be62aea136,id=019fba26-4e90-7671-8626-5a7ae325ae9f; trace=019fba24-6049-7da1-861f-a5be62aea136,id=019fba26-e5c9-7490-9478-7717db2e0569; trace=019fba24-6049-7da1-861f-a5be62aea136,id=019fba26-e5c9-7490-9478-7717db2e0569; trace=019fba24-6049-7da1-861f-a5be62aea136,id=019fba26-4e8e-7a22-9967-680d0009d686; trace=019fba24-6049-7da1-861f-a5be62aea136,id=019fba26-e5ca-78f2-a1be-1ee0b0dc7113; trace=019fba24-6049-7da1-861f-a5be62aea136,id=019fba26-e5ca-78f2-a1be-1ee0b0dc7113; trace=019fba24-6049-7da1-861f-a5be62aea136,id=019fba24-6049-7da1-861f-a5be62aea136; trace=019fba26-e623-7df3-b955-31478b285271,id=019fba26-e623-7df3-b955-31478b285271; trace=019fba26-e623-7df3-b955-31478b285271,id=019fba26-e624-7cd1-87a8-590e30176dc5; trace=019fba26-e623-7df3-b955-31478b285271,id=019fba26-e624-7cd1-87a8-590e30176dc5; trace=019fba26-e623-7df3-b955-31478b285271,id=019fba26-e624-7cd1-87a8-59123271e622; trace=019fba26-e623-7df3-b955-31478b285271,id=019fba26-e64e-7d60-84f4-89c733c325c1; trace=019fba26-e623-7df3-b955-31478b285271,id=019fba26-e64e-7d60-84f4-89c733c325c1; trace=019fba26-e623-7df3-b955-31478b285271,id=019fba26-e624-7cd1-87a8-59123271e622; trace=019fba26-e623-7df3-b955-31478b285271,id=019fba26-e64f-7822-8e28-34ac2beff58c; trace=019fba26-e623-7df3-b955-31478b285271,id=019fba26-e650-7d61-8acc-127fc3f2452f
Failed to send compressed multipart ingest: langsmith.utils.LangSmithRateLimitError: Rate limit exceeded for https://api.smith.langchain.com/runs/multipart. HTTPError('429 Client Error: Too Many Requests for url: https://api.smith.langchain.com/runs/multipart', '{"error":"Too many requests: tenant exceeded usage limits: Monthly unique traces usage limit exceeded"}\n')trace=019fba26-e623-7df3-b955-31478b285271,id=019fba26-e650-7d61-8acc-127fc3f2452f; trace=019fba26-e623-7df3-b955-31478b285271,id=019fba26-e64f-7822-8e28-34ac2beff58c; trace=019fba26-e623-7df3-b955-31478b285271,id=019fba27-04e4-7332-bac1-f65f643194e8; trace=019fba26-e623-7df3-b955-31478b285271,id=019fba27-04e6-7bc1-826f-aee2d8d3976f
Failed to send compressed multipart ingest: langsmith.utils.LangSmithRateLimitError: Rate limit exceeded for https://api.smith.langchain.com/runs/multipart. HTTPError('429 Client Error: Too Many Requests for url: https://api.smith.langchain.com/runs/multipart', '{"error":"Too many requests: tenant exceeded usage limits: Monthly unique traces usage limit exceeded"}\n')trace=019fba26-e623-7df3-b955-31478b285271,id=019fba27-04e6-7bc1-826f-aee2d8d3976f; trace=019fba26-e623-7df3-b955-31478b285271,id=019fba27-2ce7-7100-84b0-fdf0eb9022d0
Failed to send compressed multipart ingest: langsmith.utils.LangSmithRateLimitError: Rate limit exceeded for https://api.smith.langchain.com/runs/multipart. HTTPError('429 Client Error: Too Many Requests for url: https://api.smith.langchain.com/runs/multipart', '{"error":"Too many requests: tenant exceeded usage limits: Monthly unique traces usage limit exceeded"}\n')trace=019fba26-e623-7df3-b955-31478b285271,id=019fba27-2ce7-7100-84b0-fdf0eb9022d0; trace=019fba26-e623-7df3-b955-31478b285271,id=019fba27-622d-7871-88d8-a841350121ac; trace=019fba26-e623-7df3-b955-31478b285271,id=019fba27-622d-7871-88d8-a841350121ac; trace=019fba26-e623-7df3-b955-31478b285271,id=019fba27-04e4-7332-bac1-f65f643194e8; trace=019fba26-e623-7df3-b955-31478b285271,id=019fba27-622e-7133-aeea-f9df5cf39bac; trace=019fba26-e623-7df3-b955-31478b285271,id=019fba27-622e-7133-aeea-f9e4f86bcefc
Failed to send compressed multipart ingest: langsmith.utils.LangSmithRateLimitError: Rate limit exceeded for https://api.smith.langchain.com/runs/multipart. HTTPError('429 Client Error: Too Many Requests for url: https://api.smith.langchain.com/runs/multipart', '{"error":"Too many requests: tenant exceeded usage limits: Monthly unique traces usage limit exceeded"}\n')trace=019fba26-e623-7df3-b955-31478b285271,id=019fba27-622e-7133-aeea-f9e4f86bcefc; trace=019fba26-e623-7df3-b955-31478b285271,id=019fba27-622e-7133-aeea-f9df5cf39bac; trace=019fba26-e623-7df3-b955-31478b285271,id=019fba27-7b85-7081-83d3-fd85f041f6cb; trace=019fba26-e623-7df3-b955-31478b285271,id=019fba27-7b87-7dd1-b235-07c365eb5ec0
Failed to send compressed multipart ingest: langsmith.utils.LangSmithRateLimitError: Rate limit exceeded for https://api.smith.langchain.com/runs/multipart. HTTPError('429 Client Error: Too Many Requests for url: https://api.smith.langchain.com/runs/multipart', '{"error":"Too many requests: tenant exceeded usage limits: Monthly unique traces usage limit exceeded"}\n')trace=019fba26-e623-7df3-b955-31478b285271,id=019fba27-7b87-7dd1-b235-07c365eb5ec0; trace=019fba26-e623-7df3-b955-31478b285271,id=019fba27-b052-7de1-81d4-c49c6a45939f; trace=019fba26-e623-7df3-b955-31478b285271,id=019fba27-b052-7de1-81d4-c49c6a45939f; trace=019fba26-e623-7df3-b955-31478b285271,id=019fba27-7b85-7081-83d3-fd85f041f6cb; trace=019fba26-e623-7df3-b955-31478b285271,id=019fba27-b053-7d31-b3ab-476fc0e96fad; trace=019fba26-e623-7df3-b955-31478b285271,id=019fba27-b053-7d31-b3ab-47705997a3fa
Calling Baseline Move server...
Calling Baseline Move server (JSON repair retry)...
Calling Baseline Move server...
[baseline] 40/104 scenario_02_02 (repeat 4/4)
Failed to send compressed multipart ingest: langsmith.utils.LangSmithRateLimitError: Rate limit exceeded for https://api.smith.langchain.com/runs/multipart. HTTPError('429 Client Error: Too Many Requests for url: https://api.smith.langchain.com/runs/multipart', '{"error":"Too many requests: tenant exceeded usage limits: Monthly unique traces usage limit exceeded"}\n')trace=019fba26-e623-7df3-b955-31478b285271,id=019fba27-b053-7d31-b3ab-47705997a3fa; trace=019fba26-e623-7df3-b955-31478b285271,id=019fba27-b053-7d31-b3ab-476fc0e96fad; trace=019fba26-e623-7df3-b955-31478b285271,id=019fba26-e623-7df3-b955-31478b285271; trace=019fba27-fe50-7b33-8211-494b26a066a5,id=019fba27-fe50-7b33-8211-494b26a066a5; trace=019fba27-fe50-7b33-8211-494b26a066a5,id=019fba27-fe51-7350-b2d9-781c4d551670; trace=019fba27-fe50-7b33-8211-494b26a066a5,id=019fba27-fe51-7350-b2d9-781c4d551670; trace=019fba27-fe50-7b33-8211-494b26a066a5,id=019fba27-fe51-7350-b2d9-782cde3421df; trace=019fba27-fe50-7b33-8211-494b26a066a5,id=019fba27-feaf-7c63-8947-48efc2bba358; trace=019fba27-fe50-7b33-8211-494b26a066a5,id=019fba27-feaf-7c63-8947-48efc2bba358; trace=019fba27-fe50-7b33-8211-494b26a066a5,id=019fba27-fe51-7350-b2d9-782cde3421df; trace=019fba27-fe50-7b33-8211-494b26a066a5,id=019fba27-feb0-7ea2-aff3-4ab0dd59b502; trace=019fba27-fe50-7b33-8211-494b26a066a5,id=019fba27-feb0-7ea2-aff3-4ac31a95fd17
Failed to send compressed multipart ingest: langsmith.utils.LangSmithRateLimitError: Rate limit exceeded for https://api.smith.langchain.com/runs/multipart. HTTPError('429 Client Error: Too Many Requests for url: https://api.smith.langchain.com/runs/multipart', '{"error":"Too many requests: tenant exceeded usage limits: Monthly unique traces usage limit exceeded"}\n')trace=019fba27-fe50-7b33-8211-494b26a066a5,id=019fba27-feb0-7ea2-aff3-4ac31a95fd17; trace=019fba27-fe50-7b33-8211-494b26a066a5,id=019fba27-feb0-7ea2-aff3-4ab0dd59b502; trace=019fba27-fe50-7b33-8211-494b26a066a5,id=019fba28-1a10-7f62-8801-38f868eeafc0; trace=019fba27-fe50-7b33-8211-494b26a066a5,id=019fba28-1a12-78e3-8aa5-c20c8b41820a
Failed to send compressed multipart ingest: langsmith.utils.LangSmithRateLimitError: Rate limit exceeded for https://api.smith.langchain.com/runs/multipart. HTTPError('429 Client Error: Too Many Requests for url: https://api.smith.langchain.com/runs/multipart', '{"error":"Too many requests: tenant exceeded usage limits: Monthly unique traces usage limit exceeded"}\n')trace=019fba27-fe50-7b33-8211-494b26a066a5,id=019fba28-1a12-78e3-8aa5-c20c8b41820a; trace=019fba27-fe50-7b33-8211-494b26a066a5,id=019fba28-6a6a-7423-802d-9014538b3d37; trace=019fba27-fe50-7b33-8211-494b26a066a5,id=019fba28-6a6a-7423-802d-9014538b3d37; trace=019fba27-fe50-7b33-8211-494b26a066a5,id=019fba28-1a10-7f62-8801-38f868eeafc0; trace=019fba27-fe50-7b33-8211-494b26a066a5,id=019fba28-6a6b-73c1-bd1b-dc5ac96a9b16; trace=019fba27-fe50-7b33-8211-494b26a066a5,id=019fba28-6a6b-73c1-bd1b-dc62e36f0d8d
Failed to send compressed multipart ingest: langsmith.utils.LangSmithRateLimitError: Rate limit exceeded for https://api.smith.langchain.com/runs/multipart. HTTPError('429 Client Error: Too Many Requests for url: https://api.smith.langchain.com/runs/multipart', '{"error":"Too many requests: tenant exceeded usage limits: Monthly unique traces usage limit exceeded"}\n')trace=019fba27-fe50-7b33-8211-494b26a066a5,id=019fba28-6a6b-73c1-bd1b-dc62e36f0d8d; trace=019fba27-fe50-7b33-8211-494b26a066a5,id=019fba28-6a6b-73c1-bd1b-dc5ac96a9b16; trace=019fba27-fe50-7b33-8211-494b26a066a5,id=019fba28-a042-7c93-a3ed-579b6c95ae5d; trace=019fba27-fe50-7b33-8211-494b26a066a5,id=019fba28-a043-7b81-a6f0-77223f02d7b0
Failed to send compressed multipart ingest: langsmith.utils.LangSmithRateLimitError: Rate limit exceeded for https://api.smith.langchain.com/runs/multipart. HTTPError('429 Client Error: Too Many Requests for url: https://api.smith.langchain.com/runs/multipart', '{"error":"Too many requests: tenant exceeded usage limits: Monthly unique traces usage limit exceeded"}\n')trace=019fba27-fe50-7b33-8211-494b26a066a5,id=019fba28-a043-7b81-a6f0-77223f02d7b0; trace=019fba27-fe50-7b33-8211-494b26a066a5,id=019fba29-05ae-7e11-b118-5a84b7670da4
Failed to send compressed multipart ingest: langsmith.utils.LangSmithRateLimitError: Rate limit exceeded for https://api.smith.langchain.com/runs/multipart. HTTPError('429 Client Error: Too Many Requests for url: https://api.smith.langchain.com/runs/multipart', '{"error":"Too many requests: tenant exceeded usage limits: Monthly unique traces usage limit exceeded"}\n')trace=019fba27-fe50-7b33-8211-494b26a066a5,id=019fba29-05ae-7e11-b118-5a84b7670da4; trace=019fba27-fe50-7b33-8211-494b26a066a5,id=019fba29-4b7a-7dd0-a829-c4a0c7ff94c9; trace=019fba27-fe50-7b33-8211-494b26a066a5,id=019fba29-4b7a-7dd0-a829-c4a0c7ff94c9; trace=019fba27-fe50-7b33-8211-494b26a066a5,id=019fba28-a042-7c93-a3ed-579b6c95ae5d; trace=019fba27-fe50-7b33-8211-494b26a066a5,id=019fba29-4b7b-7201-94a5-d51bd90ebd02; trace=019fba27-fe50-7b33-8211-494b26a066a5,id=019fba29-4b7c-7730-bbc4-b0885e908160
Failed to send compressed multipart ingest: langsmith.utils.LangSmithRateLimitError: Rate limit exceeded for https://api.smith.langchain.com/runs/multipart. HTTPError('429 Client Error: Too Many Requests for url: https://api.smith.langchain.com/runs/multipart', '{"error":"Too many requests: tenant exceeded usage limits: Monthly unique traces usage limit exceeded"}\n')trace=019fba27-fe50-7b33-8211-494b26a066a5,id=019fba29-4b7c-7730-bbc4-b0885e908160; trace=019fba27-fe50-7b33-8211-494b26a066a5,id=019fba29-4b7b-7201-94a5-d51bd90ebd02; trace=019fba27-fe50-7b33-8211-494b26a066a5,id=019fba29-8e8e-7730-8b8c-a4371c7a1fce; trace=019fba27-fe50-7b33-8211-494b26a066a5,id=019fba29-8e90-7442-84a0-b30d0b1850e9
Failed to send compressed multipart ingest: langsmith.utils.LangSmithRateLimitError: Rate limit exceeded for https://api.smith.langchain.com/runs/multipart. HTTPError('429 Client Error: Too Many Requests for url: https://api.smith.langchain.com/runs/multipart', '{"error":"Too many requests: tenant exceeded usage limits: Monthly unique traces usage limit exceeded"}\n')trace=019fba27-fe50-7b33-8211-494b26a066a5,id=019fba29-8e90-7442-84a0-b30d0b1850e9; trace=019fba27-fe50-7b33-8211-494b26a066a5,id=019fba29-b077-7d73-bfe4-fd2dccfee587; trace=019fba27-fe50-7b33-8211-494b26a066a5,id=019fba29-b077-7d73-bfe4-fd2dccfee587; trace=019fba27-fe50-7b33-8211-494b26a066a5,id=019fba29-8e8e-7730-8b8c-a4371c7a1fce; trace=019fba27-fe50-7b33-8211-494b26a066a5,id=019fba29-b078-7d81-bb1c-c937b5c47757; trace=019fba27-fe50-7b33-8211-494b26a066a5,id=019fba29-b079-7242-8ba6-dcb8b89f669e
Failed to send compressed multipart ingest: langsmith.utils.LangSmithRateLimitError: Rate limit exceeded for https://api.smith.langchain.com/runs/multipart. HTTPError('429 Client Error: Too Many Requests for url: https://api.smith.langchain.com/runs/multipart', '{"error":"Too many requests: tenant exceeded usage limits: Monthly unique traces usage limit exceeded"}\n')trace=019fba27-fe50-7b33-8211-494b26a066a5,id=019fba29-b079-7242-8ba6-dcb8b89f669e; trace=019fba27-fe50-7b33-8211-494b26a066a5,id=019fba29-b078-7d81-bb1c-c937b5c47757; trace=019fba27-fe50-7b33-8211-494b26a066a5,id=019fba29-b930-7533-beb1-b1ab61de4b1b; trace=019fba27-fe50-7b33-8211-494b26a066a5,id=019fba29-b932-7bd1-a189-45151acbfd23
Failed to send compressed multipart ingest: langsmith.utils.LangSmithRateLimitError: Rate limit exceeded for https://api.smith.langchain.com/runs/multipart. HTTPError('429 Client Error: Too Many Requests for url: https://api.smith.langchain.com/runs/multipart', '{"error":"Too many requests: tenant exceeded usage limits: Monthly unique traces usage limit exceeded"}\n')trace=019fba27-fe50-7b33-8211-494b26a066a5,id=019fba29-b932-7bd1-a189-45151acbfd23; trace=019fba27-fe50-7b33-8211-494b26a066a5,id=019fba29-f01a-73c1-a7b4-6a26d6f56890; trace=019fba27-fe50-7b33-8211-494b26a066a5,id=019fba29-f01a-73c1-a7b4-6a26d6f56890; trace=019fba27-fe50-7b33-8211-494b26a066a5,id=019fba29-b930-7533-beb1-b1ab61de4b1b; trace=019fba27-fe50-7b33-8211-494b26a066a5,id=019fba29-f01b-7380-9aaf-9561e62231f0; trace=019fba27-fe50-7b33-8211-494b26a066a5,id=019fba29-f01b-7380-9aaf-957abce6e464
Failed to send compressed multipart ingest: langsmith.utils.LangSmithRateLimitError: Rate limit exceeded for https://api.smith.langchain.com/runs/multipart. HTTPError('429 Client Error: Too Many Requests for url: https://api.smith.langchain.com/runs/multipart', '{"error":"Too many requests: tenant exceeded usage limits: Monthly unique traces usage limit exceeded"}\n')trace=019fba27-fe50-7b33-8211-494b26a066a5,id=019fba29-f01b-7380-9aaf-957abce6e464; trace=019fba27-fe50-7b33-8211-494b26a066a5,id=019fba29-f01b-7380-9aaf-9561e62231f0; trace=019fba27-fe50-7b33-8211-494b26a066a5,id=019fba2a-05ca-79b1-ac78-d7a9128c34ed; trace=019fba27-fe50-7b33-8211-494b26a066a5,id=019fba2a-05cc-75d0-aaee-6500b64ff5e7
Failed to send compressed multipart ingest: langsmith.utils.LangSmithRateLimitError: Rate limit exceeded for https://api.smith.langchain.com/runs/multipart. HTTPError('429 Client Error: Too Many Requests for url: https://api.smith.langchain.com/runs/multipart', '{"error":"Too many requests: tenant exceeded usage limits: Monthly unique traces usage limit exceeded"}\n')trace=019fba27-fe50-7b33-8211-494b26a066a5,id=019fba2a-05cc-75d0-aaee-6500b64ff5e7; trace=019fba27-fe50-7b33-8211-494b26a066a5,id=019fba2a-3ef8-7360-b3a4-473211490aad; trace=019fba27-fe50-7b33-8211-494b26a066a5,id=019fba2a-3ef8-7360-b3a4-473211490aad; trace=019fba27-fe50-7b33-8211-494b26a066a5,id=019fba2a-05ca-79b1-ac78-d7a9128c34ed; trace=019fba27-fe50-7b33-8211-494b26a066a5,id=019fba2a-3ef9-70c3-ab39-a2024dcb5199; trace=019fba27-fe50-7b33-8211-494b26a066a5,id=019fba2a-3efa-7972-804c-84ed439ffbe6
Failed to send compressed multipart ingest: langsmith.utils.LangSmithRateLimitError: Rate limit exceeded for https://api.smith.langchain.com/runs/multipart. HTTPError('429 Client Error: Too Many Requests for url: https://api.smith.langchain.com/runs/multipart', '{"error":"Too many requests: tenant exceeded usage limits: Monthly unique traces usage limit exceeded"}\n')trace=019fba27-fe50-7b33-8211-494b26a066a5,id=019fba2a-3efa-7972-804c-84ed439ffbe6; trace=019fba27-fe50-7b33-8211-494b26a066a5,id=019fba2a-3ef9-70c3-ab39-a2024dcb5199; trace=019fba27-fe50-7b33-8211-494b26a066a5,id=019fba2a-5e41-7120-816e-7c40b8ec7bd9; trace=019fba27-fe50-7b33-8211-494b26a066a5,id=019fba2a-5e43-7190-8383-a804826806be
Failed to send compressed multipart ingest: langsmith.utils.LangSmithRateLimitError: Rate limit exceeded for https://api.smith.langchain.com/runs/multipart. HTTPError('429 Client Error: Too Many Requests for url: https://api.smith.langchain.com/runs/multipart', '{"error":"Too many requests: tenant exceeded usage limits: Monthly unique traces usage limit exceeded"}\n')trace=019fba27-fe50-7b33-8211-494b26a066a5,id=019fba2a-5e43-7190-8383-a804826806be; trace=019fba27-fe50-7b33-8211-494b26a066a5,id=019fba2a-7c94-7cc3-ba1f-5ace52e5aa92; trace=019fba27-fe50-7b33-8211-494b26a066a5,id=019fba2a-7c94-7cc3-ba1f-5ace52e5aa92; trace=019fba27-fe50-7b33-8211-494b26a066a5,id=019fba2a-5e41-7120-816e-7c40b8ec7bd9; trace=019fba27-fe50-7b33-8211-494b26a066a5,id=019fba2a-7c95-7393-a650-4c5fa1b66b9c; trace=019fba27-fe50-7b33-8211-494b26a066a5,id=019fba2a-7c95-7393-a650-4c66ed83eba6
Failed to send compressed multipart ingest: langsmith.utils.LangSmithRateLimitError: Rate limit exceeded for https://api.smith.langchain.com/runs/multipart. HTTPError('429 Client Error: Too Many Requests for url: https://api.smith.langchain.com/runs/multipart', '{"error":"Too many requests: tenant exceeded usage limits: Monthly unique traces usage limit exceeded"}\n')trace=019fba27-fe50-7b33-8211-494b26a066a5,id=019fba2a-7c95-7393-a650-4c66ed83eba6; trace=019fba27-fe50-7b33-8211-494b26a066a5,id=019fba2a-7c95-7393-a650-4c5fa1b66b9c; trace=019fba27-fe50-7b33-8211-494b26a066a5,id=019fba2a-b2b4-72e2-bd6e-0343e749e5bd; trace=019fba27-fe50-7b33-8211-494b26a066a5,id=019fba2a-b2b6-7951-a9cd-90b1d7348e80
Calling Baseline Move server...
Calling Baseline Move server...
Calling Baseline Move server (JSON repair retry)...
Calling Baseline Move server...
Calling Baseline Move server...
Calling Baseline Move server...
Calling Baseline Move server...
Calling Baseline Move server...
[baseline] 41/104 scenario_02_03 (repeat 1/4)
Failed to send compressed multipart ingest: langsmith.utils.LangSmithRateLimitError: Rate limit exceeded for https://api.smith.langchain.com/runs/multipart. HTTPError('429 Client Error: Too Many Requests for url: https://api.smith.langchain.com/runs/multipart', '{"error":"Too many requests: tenant exceeded usage limits: Monthly unique traces usage limit exceeded"}\n')trace=019fba27-fe50-7b33-8211-494b26a066a5,id=019fba2a-b2b6-7951-a9cd-90b1d7348e80; trace=019fba27-fe50-7b33-8211-494b26a066a5,id=019fba2a-c571-7b50-ba6d-044286e1c6c9; trace=019fba27-fe50-7b33-8211-494b26a066a5,id=019fba2a-c571-7b50-ba6d-044286e1c6c9; trace=019fba27-fe50-7b33-8211-494b26a066a5,id=019fba2a-b2b4-72e2-bd6e-0343e749e5bd; trace=019fba27-fe50-7b33-8211-494b26a066a5,id=019fba2a-c572-7243-a820-ea8c46c2068e; trace=019fba27-fe50-7b33-8211-494b26a066a5,id=019fba2a-c572-7243-a820-ea8c46c2068e; trace=019fba27-fe50-7b33-8211-494b26a066a5,id=019fba27-fe50-7b33-8211-494b26a066a5; trace=019fba2a-c606-77a2-b642-88d77ea02668,id=019fba2a-c606-77a2-b642-88d77ea02668; trace=019fba2a-c606-77a2-b642-88d77ea02668,id=019fba2a-c607-7062-8aa0-f188f1967054; trace=019fba2a-c606-77a2-b642-88d77ea02668,id=019fba2a-c607-7062-8aa0-f188f1967054; trace=019fba2a-c606-77a2-b642-88d77ea02668,id=019fba2a-c608-7a63-965c-12a9b1b22948; trace=019fba2a-c606-77a2-b642-88d77ea02668,id=019fba2a-c62d-7923-a5a4-b0f54b55499a; trace=019fba2a-c606-77a2-b642-88d77ea02668,id=019fba2a-c62d-7923-a5a4-b0f54b55499a; trace=019fba2a-c606-77a2-b642-88d77ea02668,id=019fba2a-c608-7a63-965c-12a9b1b22948; trace=019fba2a-c606-77a2-b642-88d77ea02668,id=019fba2a-c62d-7923-a5a4-b108b9dd56b6; trace=019fba2a-c606-77a2-b642-88d77ea02668,id=019fba2a-c62e-7d20-8ad3-5b2b874ba3f4
Failed to send compressed multipart ingest: langsmith.utils.LangSmithRateLimitError: Rate limit exceeded for https://api.smith.langchain.com/runs/multipart. HTTPError('429 Client Error: Too Many Requests for url: https://api.smith.langchain.com/runs/multipart', '{"error":"Too many requests: tenant exceeded usage limits: Monthly unique traces usage limit exceeded"}\n')trace=019fba2a-c606-77a2-b642-88d77ea02668,id=019fba2a-c62e-7d20-8ad3-5b2b874ba3f4; trace=019fba2a-c606-77a2-b642-88d77ea02668,id=019fba2a-c62d-7923-a5a4-b108b9dd56b6; trace=019fba2a-c606-77a2-b642-88d77ea02668,id=019fba2a-e77c-7733-a080-a37c7f23ccf3; trace=019fba2a-c606-77a2-b642-88d77ea02668,id=019fba2a-e77d-7221-a0f8-7c45ff576736
Failed to send compressed multipart ingest: langsmith.utils.LangSmithRateLimitError: Rate limit exceeded for https://api.smith.langchain.com/runs/multipart. HTTPError('429 Client Error: Too Many Requests for url: https://api.smith.langchain.com/runs/multipart', '{"error":"Too many requests: tenant exceeded usage limits: Monthly unique traces usage limit exceeded"}\n')trace=019fba2a-c606-77a2-b642-88d77ea02668,id=019fba2a-e77d-7221-a0f8-7c45ff576736; trace=019fba2a-c606-77a2-b642-88d77ea02668,id=019fba2a-fe2e-7df3-8027-1e23268c5411; trace=019fba2a-c606-77a2-b642-88d77ea02668,id=019fba2a-fe2e-7df3-8027-1e23268c5411; trace=019fba2a-c606-77a2-b642-88d77ea02668,id=019fba2a-e77c-7733-a080-a37c7f23ccf3; trace=019fba2a-c606-77a2-b642-88d77ea02668,id=019fba2a-fe2f-76f0-a4f4-deae9d1d2b6d; trace=019fba2a-c606-77a2-b642-88d77ea02668,id=019fba2a-fe2f-76f0-a4f4-deb11a80176e
Failed to send compressed multipart ingest: langsmith.utils.LangSmithRateLimitError: Rate limit exceeded for https://api.smith.langchain.com/runs/multipart. HTTPError('429 Client Error: Too Many Requests for url: https://api.smith.langchain.com/runs/multipart', '{"error":"Too many requests: tenant exceeded usage limits: Monthly unique traces usage limit exceeded"}\n')trace=019fba2a-c606-77a2-b642-88d77ea02668,id=019fba2a-fe2f-76f0-a4f4-deb11a80176e; trace=019fba2a-c606-77a2-b642-88d77ea02668,id=019fba2a-fe2f-76f0-a4f4-deae9d1d2b6d; trace=019fba2a-c606-77a2-b642-88d77ea02668,id=019fba2b-1814-7670-b137-edb0f993b20b; trace=019fba2a-c606-77a2-b642-88d77ea02668,id=019fba2b-1816-7a43-81f4-7fa079b0f0c9
Failed to send compressed multipart ingest: langsmith.utils.LangSmithRateLimitError: Rate limit exceeded for https://api.smith.langchain.com/runs/multipart. HTTPError('429 Client Error: Too Many Requests for url: https://api.smith.langchain.com/runs/multipart', '{"error":"Too many requests: tenant exceeded usage limits: Monthly unique traces usage limit exceeded"}\n')trace=019fba2a-c606-77a2-b642-88d77ea02668,id=019fba2b-1816-7a43-81f4-7fa079b0f0c9; trace=019fba2a-c606-77a2-b642-88d77ea02668,id=019fba2b-295d-7aa3-8281-3a487987d71a; trace=019fba2a-c606-77a2-b642-88d77ea02668,id=019fba2b-295d-7aa3-8281-3a487987d71a; trace=019fba2a-c606-77a2-b642-88d77ea02668,id=019fba2b-1814-7670-b137-edb0f993b20b; trace=019fba2a-c606-77a2-b642-88d77ea02668,id=019fba2b-295e-7683-a16d-8d29b09500f9; trace=019fba2a-c606-77a2-b642-88d77ea02668,id=019fba2b-295e-7683-a16d-8d3fbdf9b3d2
Failed to send compressed multipart ingest: langsmith.utils.LangSmithRateLimitError: Rate limit exceeded for https://api.smith.langchain.com/runs/multipart. HTTPError('429 Client Error: Too Many Requests for url: https://api.smith.langchain.com/runs/multipart', '{"error":"Too many requests: tenant exceeded usage limits: Monthly unique traces usage limit exceeded"}\n')trace=019fba2a-c606-77a2-b642-88d77ea02668,id=019fba2b-295e-7683-a16d-8d3fbdf9b3d2; trace=019fba2a-c606-77a2-b642-88d77ea02668,id=019fba2b-295e-7683-a16d-8d29b09500f9; trace=019fba2a-c606-77a2-b642-88d77ea02668,id=019fba2b-4123-7442-ba8b-1dcf78cae498; trace=019fba2a-c606-77a2-b642-88d77ea02668,id=019fba2b-4125-7bd1-9059-023a03ac4dc5
Failed to send compressed multipart ingest: langsmith.utils.LangSmithRateLimitError: Rate limit exceeded for https://api.smith.langchain.com/runs/multipart. HTTPError('429 Client Error: Too Many Requests for url: https://api.smith.langchain.com/runs/multipart', '{"error":"Too many requests: tenant exceeded usage limits: Monthly unique traces usage limit exceeded"}\n')trace=019fba2a-c606-77a2-b642-88d77ea02668,id=019fba2b-4125-7bd1-9059-023a03ac4dc5; trace=019fba2a-c606-77a2-b642-88d77ea02668,id=019fba2b-54c6-78e1-b9e8-ba9df157535f; trace=019fba2a-c606-77a2-b642-88d77ea02668,id=019fba2b-54c6-78e1-b9e8-ba9df157535f; trace=019fba2a-c606-77a2-b642-88d77ea02668,id=019fba2b-4123-7442-ba8b-1dcf78cae498; trace=019fba2a-c606-77a2-b642-88d77ea02668,id=019fba2b-54c7-7f12-9813-5a87efbfc366; trace=019fba2a-c606-77a2-b642-88d77ea02668,id=019fba2b-54c8-7422-b7ad-7811df448ff6
Failed to send compressed multipart ingest: langsmith.utils.LangSmithRateLimitError: Rate limit exceeded for https://api.smith.langchain.com/runs/multipart. HTTPError('429 Client Error: Too Many Requests for url: https://api.smith.langchain.com/runs/multipart', '{"error":"Too many requests: tenant exceeded usage limits: Monthly unique traces usage limit exceeded"}\n')trace=019fba2a-c606-77a2-b642-88d77ea02668,id=019fba2b-54c8-7422-b7ad-7811df448ff6; trace=019fba2a-c606-77a2-b642-88d77ea02668,id=019fba2b-54c7-7f12-9813-5a87efbfc366; trace=019fba2a-c606-77a2-b642-88d77ea02668,id=019fba2b-7e3c-7931-887c-823f70f1d2ad; trace=019fba2a-c606-77a2-b642-88d77ea02668,id=019fba2b-7e3e-75f2-93d0-b6943abbe9ad
Failed to send compressed multipart ingest: langsmith.utils.LangSmithRateLimitError: Rate limit exceeded for https://api.smith.langchain.com/runs/multipart. HTTPError('429 Client Error: Too Many Requests for url: https://api.smith.langchain.com/runs/multipart', '{"error":"Too many requests: tenant exceeded usage limits: Monthly unique traces usage limit exceeded"}\n')trace=019fba2a-c606-77a2-b642-88d77ea02668,id=019fba2b-7e3e-75f2-93d0-b6943abbe9ad; trace=019fba2a-c606-77a2-b642-88d77ea02668,id=019fba2b-8ee9-7bb3-893c-3330ab4a77be; trace=019fba2a-c606-77a2-b642-88d77ea02668,id=019fba2b-8ee9-7bb3-893c-3330ab4a77be; trace=019fba2a-c606-77a2-b642-88d77ea02668,id=019fba2b-7e3c-7931-887c-823f70f1d2ad; trace=019fba2a-c606-77a2-b642-88d77ea02668,id=019fba2b-8eea-74f2-a709-5915f3ac762f; trace=019fba2a-c606-77a2-b642-88d77ea02668,id=019fba2b-8eeb-78b3-bc3d-c9ecd693b897
Failed to send compressed multipart ingest: langsmith.utils.LangSmithRateLimitError: Rate limit exceeded for https://api.smith.langchain.com/runs/multipart. HTTPError('429 Client Error: Too Many Requests for url: https://api.smith.langchain.com/runs/multipart', '{"error":"Too many requests: tenant exceeded usage limits: Monthly unique traces usage limit exceeded"}\n')trace=019fba2a-c606-77a2-b642-88d77ea02668,id=019fba2b-8eeb-78b3-bc3d-c9ecd693b897; trace=019fba2a-c606-77a2-b642-88d77ea02668,id=019fba2b-8eea-74f2-a709-5915f3ac762f; trace=019fba2a-c606-77a2-b642-88d77ea02668,id=019fba2b-b851-7ce3-96df-d0c0f932bf1b; trace=019fba2a-c606-77a2-b642-88d77ea02668,id=019fba2b-b853-7e31-94a4-e849b1291285
Failed to send compressed multipart ingest: langsmith.utils.LangSmithRateLimitError: Rate limit exceeded for https://api.smith.langchain.com/runs/multipart. HTTPError('429 Client Error: Too Many Requests for url: https://api.smith.langchain.com/runs/multipart', '{"error":"Too many requests: tenant exceeded usage limits: Monthly unique traces usage limit exceeded"}\n')trace=019fba2a-c606-77a2-b642-88d77ea02668,id=019fba2b-b853-7e31-94a4-e849b1291285; trace=019fba2a-c606-77a2-b642-88d77ea02668,id=019fba2b-cb31-7b90-bbeb-04cf5f0df6de; trace=019fba2a-c606-77a2-b642-88d77ea02668,id=019fba2b-cb31-7b90-bbeb-04cf5f0df6de; trace=019fba2a-c606-77a2-b642-88d77ea02668,id=019fba2b-b851-7ce3-96df-d0c0f932bf1b; trace=019fba2a-c606-77a2-b642-88d77ea02668,id=019fba2b-cb32-7810-a819-25795d5d9298; trace=019fba2a-c606-77a2-b642-88d77ea02668,id=019fba2b-cb32-7810-a819-2588756891e7
Failed to send compressed multipart ingest: langsmith.utils.LangSmithRateLimitError: Rate limit exceeded for https://api.smith.langchain.com/runs/multipart. HTTPError('429 Client Error: Too Many Requests for url: https://api.smith.langchain.com/runs/multipart', '{"error":"Too many requests: tenant exceeded usage limits: Monthly unique traces usage limit exceeded"}\n')trace=019fba2a-c606-77a2-b642-88d77ea02668,id=019fba2b-cb32-7810-a819-2588756891e7; trace=019fba2a-c606-77a2-b642-88d77ea02668,id=019fba2b-cb32-7810-a819-25795d5d9298; trace=019fba2a-c606-77a2-b642-88d77ea02668,id=019fba2b-fc14-7b60-913b-94495482f19e; trace=019fba2a-c606-77a2-b642-88d77ea02668,id=019fba2b-fc16-78f0-bb2c-d539d3cd47ab
Calling Baseline Move server...
Calling Baseline Move server...
Calling Baseline Move server...
Calling Baseline Move server...
Calling Baseline Move server...
Calling Baseline Move server...
[baseline] 42/104 scenario_02_03 (repeat 2/4)
Failed to send compressed multipart ingest: langsmith.utils.LangSmithRateLimitError: Rate limit exceeded for https://api.smith.langchain.com/runs/multipart. HTTPError('429 Client Error: Too Many Requests for url: https://api.smith.langchain.com/runs/multipart', '{"error":"Too many requests: tenant exceeded usage limits: Monthly unique traces usage limit exceeded"}\n')trace=019fba2a-c606-77a2-b642-88d77ea02668,id=019fba2b-fc16-78f0-bb2c-d539d3cd47ab; trace=019fba2a-c606-77a2-b642-88d77ea02668,id=019fba2c-47ca-7230-bf0a-6515c3c3876b; trace=019fba2a-c606-77a2-b642-88d77ea02668,id=019fba2c-47ca-7230-bf0a-6515c3c3876b; trace=019fba2a-c606-77a2-b642-88d77ea02668,id=019fba2b-fc14-7b60-913b-94495482f19e; trace=019fba2a-c606-77a2-b642-88d77ea02668,id=019fba2c-47cb-7ed1-81bb-e0bd2dcc00cb; trace=019fba2a-c606-77a2-b642-88d77ea02668,id=019fba2c-47cb-7ed1-81bb-e0bd2dcc00cb; trace=019fba2a-c606-77a2-b642-88d77ea02668,id=019fba2a-c606-77a2-b642-88d77ea02668; trace=019fba2c-47ee-7573-909b-d73b467c2ebb,id=019fba2c-47ee-7573-909b-d73b467c2ebb; trace=019fba2c-47ee-7573-909b-d73b467c2ebb,id=019fba2c-47ee-7573-909b-d74a85d3f028; trace=019fba2c-47ee-7573-909b-d73b467c2ebb,id=019fba2c-47ee-7573-909b-d74a85d3f028; trace=019fba2c-47ee-7573-909b-d73b467c2ebb,id=019fba2c-47ef-7491-bde4-e176f9024fac; trace=019fba2c-47ee-7573-909b-d73b467c2ebb,id=019fba2c-4857-76e0-ab20-91923d58fd66; trace=019fba2c-47ee-7573-909b-d73b467c2ebb,id=019fba2c-4857-76e0-ab20-91923d58fd66; trace=019fba2c-47ee-7573-909b-d73b467c2ebb,id=019fba2c-47ef-7491-bde4-e176f9024fac; trace=019fba2c-47ee-7573-909b-d73b467c2ebb,id=019fba2c-4858-7e30-94dd-4a05c72a86b1; trace=019fba2c-47ee-7573-909b-d73b467c2ebb,id=019fba2c-4859-7cb1-9381-a1be8dddaff0
Failed to send compressed multipart ingest: langsmith.utils.LangSmithRateLimitError: Rate limit exceeded for https://api.smith.langchain.com/runs/multipart. HTTPError('429 Client Error: Too Many Requests for url: https://api.smith.langchain.com/runs/multipart', '{"error":"Too many requests: tenant exceeded usage limits: Monthly unique traces usage limit exceeded"}\n')trace=019fba2c-47ee-7573-909b-d73b467c2ebb,id=019fba2c-4859-7cb1-9381-a1be8dddaff0; trace=019fba2c-47ee-7573-909b-d73b467c2ebb,id=019fba2c-4858-7e30-94dd-4a05c72a86b1; trace=019fba2c-47ee-7573-909b-d73b467c2ebb,id=019fba2c-64ca-75a1-8a1f-68021ab8756a; trace=019fba2c-47ee-7573-909b-d73b467c2ebb,id=019fba2c-64cc-76d0-b12b-4f761dda0654
Failed to send compressed multipart ingest: langsmith.utils.LangSmithRateLimitError: Rate limit exceeded for https://api.smith.langchain.com/runs/multipart. HTTPError('429 Client Error: Too Many Requests for url: https://api.smith.langchain.com/runs/multipart', '{"error":"Too many requests: tenant exceeded usage limits: Monthly unique traces usage limit exceeded"}\n')trace=019fba2c-47ee-7573-909b-d73b467c2ebb,id=019fba2c-64cc-76d0-b12b-4f761dda0654; trace=019fba2c-47ee-7573-909b-d73b467c2ebb,id=019fba2c-77fd-7801-8dda-75d507251a86
Failed to send compressed multipart ingest: langsmith.utils.LangSmithRateLimitError: Rate limit exceeded for https://api.smith.langchain.com/runs/multipart. HTTPError('429 Client Error: Too Many Requests for url: https://api.smith.langchain.com/runs/multipart', '{"error":"Too many requests: tenant exceeded usage limits: Monthly unique traces usage limit exceeded"}\n')trace=019fba2c-47ee-7573-909b-d73b467c2ebb,id=019fba2c-77fd-7801-8dda-75d507251a86
Failed to send compressed multipart ingest: langsmith.utils.LangSmithRateLimitError: Rate limit exceeded for https://api.smith.langchain.com/runs/multipart. HTTPError('429 Client Error: Too Many Requests for url: https://api.smith.langchain.com/runs/multipart', '{"error":"Too many requests: tenant exceeded usage limits: Monthly unique traces usage limit exceeded"}\n')trace=019fba2c-47ee-7573-909b-d73b467c2ebb,id=019fba2c-8826-7c62-847f-d8387dfb52a9
Failed to send compressed multipart ingest: langsmith.utils.LangSmithRateLimitError: Rate limit exceeded for https://api.smith.langchain.com/runs/multipart. HTTPError('429 Client Error: Too Many Requests for url: https://api.smith.langchain.com/runs/multipart', '{"error":"Too many requests: tenant exceeded usage limits: Monthly unique traces usage limit exceeded"}\n')trace=019fba2c-47ee-7573-909b-d73b467c2ebb,id=019fba2c-8826-7c62-847f-d8387dfb52a9; trace=019fba2c-47ee-7573-909b-d73b467c2ebb,id=019fba2c-9587-7571-b530-08f253874584; trace=019fba2c-47ee-7573-909b-d73b467c2ebb,id=019fba2c-9587-7571-b530-08f253874584; trace=019fba2c-47ee-7573-909b-d73b467c2ebb,id=019fba2c-64ca-75a1-8a1f-68021ab8756a; trace=019fba2c-47ee-7573-909b-d73b467c2ebb,id=019fba2c-9588-7041-a784-249c29f2c2ba; trace=019fba2c-47ee-7573-909b-d73b467c2ebb,id=019fba2c-9588-7041-a784-24a7e85b06ad
Failed to send compressed multipart ingest: langsmith.utils.LangSmithRateLimitError: Rate limit exceeded for https://api.smith.langchain.com/runs/multipart. HTTPError('429 Client Error: Too Many Requests for url: https://api.smith.langchain.com/runs/multipart', '{"error":"Too many requests: tenant exceeded usage limits: Monthly unique traces usage limit exceeded"}\n')trace=019fba2c-47ee-7573-909b-d73b467c2ebb,id=019fba2c-9588-7041-a784-24a7e85b06ad; trace=019fba2c-47ee-7573-909b-d73b467c2ebb,id=019fba2c-9588-7041-a784-249c29f2c2ba; trace=019fba2c-47ee-7573-909b-d73b467c2ebb,id=019fba2c-a355-7a52-9536-dd80192ff49f; trace=019fba2c-47ee-7573-909b-d73b467c2ebb,id=019fba2c-a358-7543-baa1-470016149ee3
Failed to send compressed multipart ingest: langsmith.utils.LangSmithRateLimitError: Rate limit exceeded for https://api.smith.langchain.com/runs/multipart. HTTPError('429 Client Error: Too Many Requests for url: https://api.smith.langchain.com/runs/multipart', '{"error":"Too many requests: tenant exceeded usage limits: Monthly unique traces usage limit exceeded"}\n')trace=019fba2c-47ee-7573-909b-d73b467c2ebb,id=019fba2c-a358-7543-baa1-470016149ee3; trace=019fba2c-47ee-7573-909b-d73b467c2ebb,id=019fba2c-b9f3-7452-acd6-a70ca78d9e0a; trace=019fba2c-47ee-7573-909b-d73b467c2ebb,id=019fba2c-b9f3-7452-acd6-a70ca78d9e0a; trace=019fba2c-47ee-7573-909b-d73b467c2ebb,id=019fba2c-a355-7a52-9536-dd80192ff49f; trace=019fba2c-47ee-7573-909b-d73b467c2ebb,id=019fba2c-b9f4-7d01-b2bb-1519b1547c9f; trace=019fba2c-47ee-7573-909b-d73b467c2ebb,id=019fba2c-b9f5-7bf3-987e-45ed5d6a226f
Failed to send compressed multipart ingest: langsmith.utils.LangSmithRateLimitError: Rate limit exceeded for https://api.smith.langchain.com/runs/multipart. HTTPError('429 Client Error: Too Many Requests for url: https://api.smith.langchain.com/runs/multipart', '{"error":"Too many requests: tenant exceeded usage limits: Monthly unique traces usage limit exceeded"}\n')trace=019fba2c-47ee-7573-909b-d73b467c2ebb,id=019fba2c-b9f5-7bf3-987e-45ed5d6a226f; trace=019fba2c-47ee-7573-909b-d73b467c2ebb,id=019fba2c-b9f4-7d01-b2bb-1519b1547c9f; trace=019fba2c-47ee-7573-909b-d73b467c2ebb,id=019fba2c-cea7-77e0-9a9d-35eb637bc562; trace=019fba2c-47ee-7573-909b-d73b467c2ebb,id=019fba2c-cea9-7ee2-b841-abd61c3c061b
Failed to send compressed multipart ingest: langsmith.utils.LangSmithRateLimitError: Rate limit exceeded for https://api.smith.langchain.com/runs/multipart. HTTPError('429 Client Error: Too Many Requests for url: https://api.smith.langchain.com/runs/multipart', '{"error":"Too many requests: tenant exceeded usage limits: Monthly unique traces usage limit exceeded"}\n')trace=019fba2c-47ee-7573-909b-d73b467c2ebb,id=019fba2c-cea9-7ee2-b841-abd61c3c061b; trace=019fba2c-47ee-7573-909b-d73b467c2ebb,id=019fba2c-df5b-79e3-a911-36b51b87b879; trace=019fba2c-47ee-7573-909b-d73b467c2ebb,id=019fba2c-df5b-79e3-a911-36b51b87b879; trace=019fba2c-47ee-7573-909b-d73b467c2ebb,id=019fba2c-cea7-77e0-9a9d-35eb637bc562; trace=019fba2c-47ee-7573-909b-d73b467c2ebb,id=019fba2c-df5c-7051-98d0-1839cb95bde6; trace=019fba2c-47ee-7573-909b-d73b467c2ebb,id=019fba2c-df5d-7883-a46e-a2bcf3e0514e
Failed to send compressed multipart ingest: langsmith.utils.LangSmithRateLimitError: Rate limit exceeded for https://api.smith.langchain.com/runs/multipart. HTTPError('429 Client Error: Too Many Requests for url: https://api.smith.langchain.com/runs/multipart', '{"error":"Too many requests: tenant exceeded usage limits: Monthly unique traces usage limit exceeded"}\n')trace=019fba2c-47ee-7573-909b-d73b467c2ebb,id=019fba2c-df5d-7883-a46e-a2bcf3e0514e; trace=019fba2c-47ee-7573-909b-d73b467c2ebb,id=019fba2c-df5c-7051-98d0-1839cb95bde6; trace=019fba2c-47ee-7573-909b-d73b467c2ebb,id=019fba2c-f85d-7ca1-b1e1-ddbd6c291210; trace=019fba2c-47ee-7573-909b-d73b467c2ebb,id=019fba2c-f85f-75a3-af4b-26f1e1e05b96
Failed to send compressed multipart ingest: langsmith.utils.LangSmithRateLimitError: Rate limit exceeded for https://api.smith.langchain.com/runs/multipart. HTTPError('429 Client Error: Too Many Requests for url: https://api.smith.langchain.com/runs/multipart', '{"error":"Too many requests: tenant exceeded usage limits: Monthly unique traces usage limit exceeded"}\n')trace=019fba2c-47ee-7573-909b-d73b467c2ebb,id=019fba2c-f85f-75a3-af4b-26f1e1e05b96; trace=019fba2c-47ee-7573-909b-d73b467c2ebb,id=019fba2d-0872-76c0-8ba8-bfc769ecaf00; trace=019fba2c-47ee-7573-909b-d73b467c2ebb,id=019fba2d-0872-76c0-8ba8-bfc769ecaf00; trace=019fba2c-47ee-7573-909b-d73b467c2ebb,id=019fba2c-f85d-7ca1-b1e1-ddbd6c291210; trace=019fba2c-47ee-7573-909b-d73b467c2ebb,id=019fba2d-0873-7c41-951c-7599f2a9bca9; trace=019fba2c-47ee-7573-909b-d73b467c2ebb,id=019fba2d-0873-7c41-951c-75ad2b402e5f
Failed to send compressed multipart ingest: langsmith.utils.LangSmithRateLimitError: Rate limit exceeded for https://api.smith.langchain.com/runs/multipart. HTTPError('429 Client Error: Too Many Requests for url: https://api.smith.langchain.com/runs/multipart', '{"error":"Too many requests: tenant exceeded usage limits: Monthly unique traces usage limit exceeded"}\n')trace=019fba2c-47ee-7573-909b-d73b467c2ebb,id=019fba2d-0873-7c41-951c-75ad2b402e5f; trace=019fba2c-47ee-7573-909b-d73b467c2ebb,id=019fba2d-0873-7c41-951c-7599f2a9bca9; trace=019fba2c-47ee-7573-909b-d73b467c2ebb,id=019fba2d-2658-7143-897d-266c54aca6ae; trace=019fba2c-47ee-7573-909b-d73b467c2ebb,id=019fba2d-2659-7fc1-812d-a81348d5761e
Failed to send compressed multipart ingest: langsmith.utils.LangSmithRateLimitError: Rate limit exceeded for https://api.smith.langchain.com/runs/multipart. HTTPError('429 Client Error: Too Many Requests for url: https://api.smith.langchain.com/runs/multipart', '{"error":"Too many requests: tenant exceeded usage limits: Monthly unique traces usage limit exceeded"}\n')trace=019fba2c-47ee-7573-909b-d73b467c2ebb,id=019fba2d-2659-7fc1-812d-a81348d5761e; trace=019fba2c-47ee-7573-909b-d73b467c2ebb,id=019fba2d-3939-7942-b7d5-70fa579051f6; trace=019fba2c-47ee-7573-909b-d73b467c2ebb,id=019fba2d-3939-7942-b7d5-70fa579051f6; trace=019fba2c-47ee-7573-909b-d73b467c2ebb,id=019fba2d-2658-7143-897d-266c54aca6ae; trace=019fba2c-47ee-7573-909b-d73b467c2ebb,id=019fba2d-393a-7e62-a94a-d7aeac99885f; trace=019fba2c-47ee-7573-909b-d73b467c2ebb,id=019fba2d-393b-7111-bbb9-ca7c9c9662a4
Failed to send compressed multipart ingest: langsmith.utils.LangSmithRateLimitError: Rate limit exceeded for https://api.smith.langchain.com/runs/multipart. HTTPError('429 Client Error: Too Many Requests for url: https://api.smith.langchain.com/runs/multipart', '{"error":"Too many requests: tenant exceeded usage limits: Monthly unique traces usage limit exceeded"}\n')trace=019fba2c-47ee-7573-909b-d73b467c2ebb,id=019fba2d-393b-7111-bbb9-ca7c9c9662a4; trace=019fba2c-47ee-7573-909b-d73b467c2ebb,id=019fba2d-393a-7e62-a94a-d7aeac99885f; trace=019fba2c-47ee-7573-909b-d73b467c2ebb,id=019fba2d-674d-7f41-bda7-aa3160a748bd; trace=019fba2c-47ee-7573-909b-d73b467c2ebb,id=019fba2d-674f-7db0-af56-8d0ced976618
Calling Baseline Move server...
Calling Baseline Move server (JSON repair retry)...
Calling Baseline Move server (JSON repair retry)...
Calling Baseline Move server...
Calling Baseline Move server...
Calling Baseline Move server...
Calling Baseline Move server...
Calling Baseline Move server...
[baseline] 43/104 scenario_02_03 (repeat 3/4)
Failed to send compressed multipart ingest: langsmith.utils.LangSmithRateLimitError: Rate limit exceeded for https://api.smith.langchain.com/runs/multipart. HTTPError('429 Client Error: Too Many Requests for url: https://api.smith.langchain.com/runs/multipart', '{"error":"Too many requests: tenant exceeded usage limits: Monthly unique traces usage limit exceeded"}\n')trace=019fba2c-47ee-7573-909b-d73b467c2ebb,id=019fba2d-674f-7db0-af56-8d0ced976618; trace=019fba2c-47ee-7573-909b-d73b467c2ebb,id=019fba2d-af1e-72c0-9015-18cc9bd26842; trace=019fba2c-47ee-7573-909b-d73b467c2ebb,id=019fba2d-af1e-72c0-9015-18cc9bd26842; trace=019fba2c-47ee-7573-909b-d73b467c2ebb,id=019fba2d-674d-7f41-bda7-aa3160a748bd; trace=019fba2c-47ee-7573-909b-d73b467c2ebb,id=019fba2d-af1f-7e61-ad5c-32d0ed842cfd; trace=019fba2c-47ee-7573-909b-d73b467c2ebb,id=019fba2d-af1f-7e61-ad5c-32d0ed842cfd; trace=019fba2c-47ee-7573-909b-d73b467c2ebb,id=019fba2c-47ee-7573-909b-d73b467c2ebb; trace=019fba2d-af61-7cb2-9190-7160e075a955,id=019fba2d-af61-7cb2-9190-7160e075a955; trace=019fba2d-af61-7cb2-9190-7160e075a955,id=019fba2d-af62-7ac3-bb2e-23461f9d32e2; trace=019fba2d-af61-7cb2-9190-7160e075a955,id=019fba2d-af62-7ac3-bb2e-23461f9d32e2; trace=019fba2d-af61-7cb2-9190-7160e075a955,id=019fba2d-af63-72e0-a8f9-d0b85cfee929; trace=019fba2d-af61-7cb2-9190-7160e075a955,id=019fba2d-b008-7e31-9a3f-8c06abe94f19; trace=019fba2d-af61-7cb2-9190-7160e075a955,id=019fba2d-b008-7e31-9a3f-8c06abe94f19; trace=019fba2d-af61-7cb2-9190-7160e075a955,id=019fba2d-af63-72e0-a8f9-d0b85cfee929; trace=019fba2d-af61-7cb2-9190-7160e075a955,id=019fba2d-b008-7e31-9a3f-8c1a1b6984c2; trace=019fba2d-af61-7cb2-9190-7160e075a955,id=019fba2d-b009-7080-9a96-f56afe584f0b
Failed to send compressed multipart ingest: langsmith.utils.LangSmithRateLimitError: Rate limit exceeded for https://api.smith.langchain.com/runs/multipart. HTTPError('429 Client Error: Too Many Requests for url: https://api.smith.langchain.com/runs/multipart', '{"error":"Too many requests: tenant exceeded usage limits: Monthly unique traces usage limit exceeded"}\n')trace=019fba2d-af61-7cb2-9190-7160e075a955,id=019fba2d-b009-7080-9a96-f56afe584f0b; trace=019fba2d-af61-7cb2-9190-7160e075a955,id=019fba2d-b008-7e31-9a3f-8c1a1b6984c2; trace=019fba2d-af61-7cb2-9190-7160e075a955,id=019fba2d-dc1c-7a80-91ed-f59320a73134; trace=019fba2d-af61-7cb2-9190-7160e075a955,id=019fba2d-dc1e-70f0-8648-8fe876561447
Failed to send compressed multipart ingest: langsmith.utils.LangSmithRateLimitError: Rate limit exceeded for https://api.smith.langchain.com/runs/multipart. HTTPError('429 Client Error: Too Many Requests for url: https://api.smith.langchain.com/runs/multipart', '{"error":"Too many requests: tenant exceeded usage limits: Monthly unique traces usage limit exceeded"}\n')trace=019fba2d-af61-7cb2-9190-7160e075a955,id=019fba2d-dc1e-70f0-8648-8fe876561447; trace=019fba2d-af61-7cb2-9190-7160e075a955,id=019fba2d-eda0-7081-b58c-4166eea186e3
Failed to send compressed multipart ingest: langsmith.utils.LangSmithRateLimitError: Rate limit exceeded for https://api.smith.langchain.com/runs/multipart. HTTPError('429 Client Error: Too Many Requests for url: https://api.smith.langchain.com/runs/multipart', '{"error":"Too many requests: tenant exceeded usage limits: Monthly unique traces usage limit exceeded"}\n')trace=019fba2d-af61-7cb2-9190-7160e075a955,id=019fba2d-eda0-7081-b58c-4166eea186e3; trace=019fba2d-af61-7cb2-9190-7160e075a955,id=019fba2e-05d6-7151-8070-6db1197edee8; trace=019fba2d-af61-7cb2-9190-7160e075a955,id=019fba2e-05d6-7151-8070-6db1197edee8; trace=019fba2d-af61-7cb2-9190-7160e075a955,id=019fba2d-dc1c-7a80-91ed-f59320a73134; trace=019fba2d-af61-7cb2-9190-7160e075a955,id=019fba2e-05d7-7752-b618-3cdfd8f8c1b4; trace=019fba2d-af61-7cb2-9190-7160e075a955,id=019fba2e-05d8-7062-a356-4cfc4cdb3705
Failed to send compressed multipart ingest: langsmith.utils.LangSmithRateLimitError: Rate limit exceeded for https://api.smith.langchain.com/runs/multipart. HTTPError('429 Client Error: Too Many Requests for url: https://api.smith.langchain.com/runs/multipart', '{"error":"Too many requests: tenant exceeded usage limits: Monthly unique traces usage limit exceeded"}\n')trace=019fba2d-af61-7cb2-9190-7160e075a955,id=019fba2e-05d8-7062-a356-4cfc4cdb3705; trace=019fba2d-af61-7cb2-9190-7160e075a955,id=019fba2e-05d7-7752-b618-3cdfd8f8c1b4; trace=019fba2d-af61-7cb2-9190-7160e075a955,id=019fba2e-2bcc-7553-8e00-bb159956e1be; trace=019fba2d-af61-7cb2-9190-7160e075a955,id=019fba2e-2bce-7093-b6c4-a2db62d2cb5c
Failed to send compressed multipart ingest: langsmith.utils.LangSmithRateLimitError: Rate limit exceeded for https://api.smith.langchain.com/runs/multipart. HTTPError('429 Client Error: Too Many Requests for url: https://api.smith.langchain.com/runs/multipart', '{"error":"Too many requests: tenant exceeded usage limits: Monthly unique traces usage limit exceeded"}\n')trace=019fba2d-af61-7cb2-9190-7160e075a955,id=019fba2e-2bce-7093-b6c4-a2db62d2cb5c; trace=019fba2d-af61-7cb2-9190-7160e075a955,id=019fba2e-3bbe-7c53-86ee-3834596d667c; trace=019fba2d-af61-7cb2-9190-7160e075a955,id=019fba2e-3bbe-7c53-86ee-3834596d667c; trace=019fba2d-af61-7cb2-9190-7160e075a955,id=019fba2e-2bcc-7553-8e00-bb159956e1be; trace=019fba2d-af61-7cb2-9190-7160e075a955,id=019fba2e-3bbf-7630-a05e-ea34508854b8; trace=019fba2d-af61-7cb2-9190-7160e075a955,id=019fba2e-3bbf-7630-a05e-ea455591d62d
Failed to send compressed multipart ingest: langsmith.utils.LangSmithRateLimitError: Rate limit exceeded for https://api.smith.langchain.com/runs/multipart. HTTPError('429 Client Error: Too Many Requests for url: https://api.smith.langchain.com/runs/multipart', '{"error":"Too many requests: tenant exceeded usage limits: Monthly unique traces usage limit exceeded"}\n')trace=019fba2d-af61-7cb2-9190-7160e075a955,id=019fba2e-3bbf-7630-a05e-ea455591d62d; trace=019fba2d-af61-7cb2-9190-7160e075a955,id=019fba2e-3bbf-7630-a05e-ea34508854b8; trace=019fba2d-af61-7cb2-9190-7160e075a955,id=019fba2e-5912-7592-93e9-02f09ec6c682; trace=019fba2d-af61-7cb2-9190-7160e075a955,id=019fba2e-5913-7541-9df7-61f4cf7186f5
Failed to send compressed multipart ingest: langsmith.utils.LangSmithRateLimitError: Rate limit exceeded for https://api.smith.langchain.com/runs/multipart. HTTPError('429 Client Error: Too Many Requests for url: https://api.smith.langchain.com/runs/multipart', '{"error":"Too many requests: tenant exceeded usage limits: Monthly unique traces usage limit exceeded"}\n')trace=019fba2d-af61-7cb2-9190-7160e075a955,id=019fba2e-5913-7541-9df7-61f4cf7186f5
Failed to send compressed multipart ingest: langsmith.utils.LangSmithRateLimitError: Rate limit exceeded for https://api.smith.langchain.com/runs/multipart. HTTPError('429 Client Error: Too Many Requests for url: https://api.smith.langchain.com/runs/multipart', '{"error":"Too many requests: tenant exceeded usage limits: Monthly unique traces usage limit exceeded"}\n')trace=019fba2d-af61-7cb2-9190-7160e075a955,id=019fba2e-7006-74d0-9a35-6b6be829e26d; trace=019fba2d-af61-7cb2-9190-7160e075a955,id=019fba2e-7006-74d0-9a35-6b6be829e26d; trace=019fba2d-af61-7cb2-9190-7160e075a955,id=019fba2e-5912-7592-93e9-02f09ec6c682; trace=019fba2d-af61-7cb2-9190-7160e075a955,id=019fba2e-700a-7ea0-8798-847787d2ce1e; trace=019fba2d-af61-7cb2-9190-7160e075a955,id=019fba2e-700a-7ea0-8798-848f911af17b
Failed to send compressed multipart ingest: langsmith.utils.LangSmithRateLimitError: Rate limit exceeded for https://api.smith.langchain.com/runs/multipart. HTTPError('429 Client Error: Too Many Requests for url: https://api.smith.langchain.com/runs/multipart', '{"error":"Too many requests: tenant exceeded usage limits: Monthly unique traces usage limit exceeded"}\n')trace=019fba2d-af61-7cb2-9190-7160e075a955,id=019fba2e-700a-7ea0-8798-848f911af17b; trace=019fba2d-af61-7cb2-9190-7160e075a955,id=019fba2e-700a-7ea0-8798-847787d2ce1e; trace=019fba2d-af61-7cb2-9190-7160e075a955,id=019fba2e-aa18-72d3-9575-a5ec472dcb1d; trace=019fba2d-af61-7cb2-9190-7160e075a955,id=019fba2e-aa1a-7602-8d33-0cb399a12434
Failed to send compressed multipart ingest: langsmith.utils.LangSmithRateLimitError: Rate limit exceeded for https://api.smith.langchain.com/runs/multipart. HTTPError('429 Client Error: Too Many Requests for url: https://api.smith.langchain.com/runs/multipart', '{"error":"Too many requests: tenant exceeded usage limits: Monthly unique traces usage limit exceeded"}\n')trace=019fba2d-af61-7cb2-9190-7160e075a955,id=019fba2e-aa1a-7602-8d33-0cb399a12434
Failed to send compressed multipart ingest: langsmith.utils.LangSmithRateLimitError: Rate limit exceeded for https://api.smith.langchain.com/runs/multipart. HTTPError('429 Client Error: Too Many Requests for url: https://api.smith.langchain.com/runs/multipart', '{"error":"Too many requests: tenant exceeded usage limits: Monthly unique traces usage limit exceeded"}\n')trace=019fba2d-af61-7cb2-9190-7160e075a955,id=019fba2e-c156-7c60-b875-1e19dc19e7ec; trace=019fba2d-af61-7cb2-9190-7160e075a955,id=019fba2e-c156-7c60-b875-1e19dc19e7ec; trace=019fba2d-af61-7cb2-9190-7160e075a955,id=019fba2e-aa18-72d3-9575-a5ec472dcb1d; trace=019fba2d-af61-7cb2-9190-7160e075a955,id=019fba2e-c15b-73c3-b97d-00acd26e0906; trace=019fba2d-af61-7cb2-9190-7160e075a955,id=019fba2e-c15c-7702-8885-32fcadab3826
Calling Baseline Move server...
Calling Baseline Move server (JSON repair retry)...
Calling Baseline Move server...
Calling Baseline Move server...
Calling Baseline Move server...
[baseline] 44/104 scenario_02_03 (repeat 4/4)
Failed to send compressed multipart ingest: langsmith.utils.LangSmithRateLimitError: Rate limit exceeded for https://api.smith.langchain.com/runs/multipart. HTTPError('429 Client Error: Too Many Requests for url: https://api.smith.langchain.com/runs/multipart', '{"error":"Too many requests: tenant exceeded usage limits: Monthly unique traces usage limit exceeded"}\n')trace=019fba2d-af61-7cb2-9190-7160e075a955,id=019fba2e-c15c-7702-8885-32fcadab3826; trace=019fba2d-af61-7cb2-9190-7160e075a955,id=019fba2e-c15b-73c3-b97d-00acd26e0906; trace=019fba2d-af61-7cb2-9190-7160e075a955,id=019fba2d-af61-7cb2-9190-7160e075a955; trace=019fba2e-dfe8-75c2-b6b1-d8edc0956b3b,id=019fba2e-dfe8-75c2-b6b1-d8edc0956b3b; trace=019fba2e-dfe8-75c2-b6b1-d8edc0956b3b,id=019fba2e-dfe9-73d2-bdc1-c8d873f007e7; trace=019fba2e-dfe8-75c2-b6b1-d8edc0956b3b,id=019fba2e-dfe9-73d2-bdc1-c8d873f007e7; trace=019fba2e-dfe8-75c2-b6b1-d8edc0956b3b,id=019fba2e-dfe9-73d2-bdc1-c8ea6d121d74; trace=019fba2e-dfe8-75c2-b6b1-d8edc0956b3b,id=019fba2e-e024-7923-9873-a7d09970042a; trace=019fba2e-dfe8-75c2-b6b1-d8edc0956b3b,id=019fba2e-e024-7923-9873-a7d09970042a; trace=019fba2e-dfe8-75c2-b6b1-d8edc0956b3b,id=019fba2e-dfe9-73d2-bdc1-c8ea6d121d74; trace=019fba2e-dfe8-75c2-b6b1-d8edc0956b3b,id=019fba2e-e025-73f2-8009-0ccfc6d67ad0; trace=019fba2e-dfe8-75c2-b6b1-d8edc0956b3b,id=019fba2e-e026-7d13-bba5-085bad1c528d
Failed to send compressed multipart ingest: langsmith.utils.LangSmithRateLimitError: Rate limit exceeded for https://api.smith.langchain.com/runs/multipart. HTTPError('429 Client Error: Too Many Requests for url: https://api.smith.langchain.com/runs/multipart', '{"error":"Too many requests: tenant exceeded usage limits: Monthly unique traces usage limit exceeded"}\n')trace=019fba2e-dfe8-75c2-b6b1-d8edc0956b3b,id=019fba2e-e026-7d13-bba5-085bad1c528d; trace=019fba2e-dfe8-75c2-b6b1-d8edc0956b3b,id=019fba2e-e025-73f2-8009-0ccfc6d67ad0; trace=019fba2e-dfe8-75c2-b6b1-d8edc0956b3b,id=019fba2f-0080-7fe2-a33b-faf56b909afc; trace=019fba2e-dfe8-75c2-b6b1-d8edc0956b3b,id=019fba2f-0082-7a80-8795-64ed751425b2
Failed to send compressed multipart ingest: langsmith.utils.LangSmithRateLimitError: Rate limit exceeded for https://api.smith.langchain.com/runs/multipart. HTTPError('429 Client Error: Too Many Requests for url: https://api.smith.langchain.com/runs/multipart', '{"error":"Too many requests: tenant exceeded usage limits: Monthly unique traces usage limit exceeded"}\n')trace=019fba2e-dfe8-75c2-b6b1-d8edc0956b3b,id=019fba2f-0082-7a80-8795-64ed751425b2; trace=019fba2e-dfe8-75c2-b6b1-d8edc0956b3b,id=019fba2f-186b-7fe1-ac6e-31cdee0c9bf1; trace=019fba2e-dfe8-75c2-b6b1-d8edc0956b3b,id=019fba2f-186b-7fe1-ac6e-31cdee0c9bf1; trace=019fba2e-dfe8-75c2-b6b1-d8edc0956b3b,id=019fba2f-0080-7fe2-a33b-faf56b909afc; trace=019fba2e-dfe8-75c2-b6b1-d8edc0956b3b,id=019fba2f-186c-78a2-87d9-dbae0ee16b0c; trace=019fba2e-dfe8-75c2-b6b1-d8edc0956b3b,id=019fba2f-186c-78a2-87d9-dbb548c5d49a
Failed to send compressed multipart ingest: langsmith.utils.LangSmithRateLimitError: Rate limit exceeded for https://api.smith.langchain.com/runs/multipart. HTTPError('429 Client Error: Too Many Requests for url: https://api.smith.langchain.com/runs/multipart', '{"error":"Too many requests: tenant exceeded usage limits: Monthly unique traces usage limit exceeded"}\n')trace=019fba2e-dfe8-75c2-b6b1-d8edc0956b3b,id=019fba2f-186c-78a2-87d9-dbb548c5d49a; trace=019fba2e-dfe8-75c2-b6b1-d8edc0956b3b,id=019fba2f-186c-78a2-87d9-dbae0ee16b0c; trace=019fba2e-dfe8-75c2-b6b1-d8edc0956b3b,id=019fba2f-3c20-7702-a139-c196f9d6fae7; trace=019fba2e-dfe8-75c2-b6b1-d8edc0956b3b,id=019fba2f-3c22-7883-8422-4620cbc048ef
Failed to send compressed multipart ingest: langsmith.utils.LangSmithRateLimitError: Rate limit exceeded for https://api.smith.langchain.com/runs/multipart. HTTPError('429 Client Error: Too Many Requests for url: https://api.smith.langchain.com/runs/multipart', '{"error":"Too many requests: tenant exceeded usage limits: Monthly unique traces usage limit exceeded"}\n')trace=019fba2e-dfe8-75c2-b6b1-d8edc0956b3b,id=019fba2f-3c22-7883-8422-4620cbc048ef; trace=019fba2e-dfe8-75c2-b6b1-d8edc0956b3b,id=019fba2f-5169-7b61-addb-f75eae8b4ec1; trace=019fba2e-dfe8-75c2-b6b1-d8edc0956b3b,id=019fba2f-5169-7b61-addb-f75eae8b4ec1; trace=019fba2e-dfe8-75c2-b6b1-d8edc0956b3b,id=019fba2f-3c20-7702-a139-c196f9d6fae7; trace=019fba2e-dfe8-75c2-b6b1-d8edc0956b3b,id=019fba2f-516a-75d1-a31d-01475bf0ce2c; trace=019fba2e-dfe8-75c2-b6b1-d8edc0956b3b,id=019fba2f-516b-7d33-9067-cee53a4986bc
Failed to send compressed multipart ingest: langsmith.utils.LangSmithRateLimitError: Rate limit exceeded for https://api.smith.langchain.com/runs/multipart. HTTPError('429 Client Error: Too Many Requests for url: https://api.smith.langchain.com/runs/multipart', '{"error":"Too many requests: tenant exceeded usage limits: Monthly unique traces usage limit exceeded"}\n')trace=019fba2e-dfe8-75c2-b6b1-d8edc0956b3b,id=019fba2f-516b-7d33-9067-cee53a4986bc; trace=019fba2e-dfe8-75c2-b6b1-d8edc0956b3b,id=019fba2f-516a-75d1-a31d-01475bf0ce2c; trace=019fba2e-dfe8-75c2-b6b1-d8edc0956b3b,id=019fba2f-767d-76e2-8ff7-ca82a3d08690; trace=019fba2e-dfe8-75c2-b6b1-d8edc0956b3b,id=019fba2f-767f-7a41-97aa-41e542f8018c
Failed to send compressed multipart ingest: langsmith.utils.LangSmithRateLimitError: Rate limit exceeded for https://api.smith.langchain.com/runs/multipart. HTTPError('429 Client Error: Too Many Requests for url: https://api.smith.langchain.com/runs/multipart', '{"error":"Too many requests: tenant exceeded usage limits: Monthly unique traces usage limit exceeded"}\n')trace=019fba2e-dfe8-75c2-b6b1-d8edc0956b3b,id=019fba2f-767f-7a41-97aa-41e542f8018c; trace=019fba2e-dfe8-75c2-b6b1-d8edc0956b3b,id=019fba2f-8a4d-7f80-bd64-5dbce29b20f1; trace=019fba2e-dfe8-75c2-b6b1-d8edc0956b3b,id=019fba2f-8a4d-7f80-bd64-5dbce29b20f1; trace=019fba2e-dfe8-75c2-b6b1-d8edc0956b3b,id=019fba2f-767d-76e2-8ff7-ca82a3d08690; trace=019fba2e-dfe8-75c2-b6b1-d8edc0956b3b,id=019fba2f-8a4f-7761-9f77-af0827aa9280; trace=019fba2e-dfe8-75c2-b6b1-d8edc0956b3b,id=019fba2f-8a4f-7761-9f77-af15ffddda95
Failed to send compressed multipart ingest: langsmith.utils.LangSmithRateLimitError: Rate limit exceeded for https://api.smith.langchain.com/runs/multipart. HTTPError('429 Client Error: Too Many Requests for url: https://api.smith.langchain.com/runs/multipart', '{"error":"Too many requests: tenant exceeded usage limits: Monthly unique traces usage limit exceeded"}\n')trace=019fba2e-dfe8-75c2-b6b1-d8edc0956b3b,id=019fba2f-8a4f-7761-9f77-af15ffddda95; trace=019fba2e-dfe8-75c2-b6b1-d8edc0956b3b,id=019fba2f-8a4f-7761-9f77-af0827aa9280; trace=019fba2e-dfe8-75c2-b6b1-d8edc0956b3b,id=019fba2f-a949-72a3-b65e-dc5ac6a91ec5; trace=019fba2e-dfe8-75c2-b6b1-d8edc0956b3b,id=019fba2f-a94b-7ec1-9093-ed3d8f64c5ff
Failed to send compressed multipart ingest: langsmith.utils.LangSmithRateLimitError: Rate limit exceeded for https://api.smith.langchain.com/runs/multipart. HTTPError('429 Client Error: Too Many Requests for url: https://api.smith.langchain.com/runs/multipart', '{"error":"Too many requests: tenant exceeded usage limits: Monthly unique traces usage limit exceeded"}\n')trace=019fba2e-dfe8-75c2-b6b1-d8edc0956b3b,id=019fba2f-a94b-7ec1-9093-ed3d8f64c5ff; trace=019fba2e-dfe8-75c2-b6b1-d8edc0956b3b,id=019fba2f-b915-7803-a325-26dec3c3faf6; trace=019fba2e-dfe8-75c2-b6b1-d8edc0956b3b,id=019fba2f-b915-7803-a325-26dec3c3faf6; trace=019fba2e-dfe8-75c2-b6b1-d8edc0956b3b,id=019fba2f-a949-72a3-b65e-dc5ac6a91ec5; trace=019fba2e-dfe8-75c2-b6b1-d8edc0956b3b,id=019fba2f-b916-7ec2-8617-cc0e03aacc15; trace=019fba2e-dfe8-75c2-b6b1-d8edc0956b3b,id=019fba2f-b917-7263-9399-7483172a36fc
Failed to send compressed multipart ingest: langsmith.utils.LangSmithRateLimitError: Rate limit exceeded for https://api.smith.langchain.com/runs/multipart. HTTPError('429 Client Error: Too Many Requests for url: https://api.smith.langchain.com/runs/multipart', '{"error":"Too many requests: tenant exceeded usage limits: Monthly unique traces usage limit exceeded"}\n')trace=019fba2e-dfe8-75c2-b6b1-d8edc0956b3b,id=019fba2f-b917-7263-9399-7483172a36fc; trace=019fba2e-dfe8-75c2-b6b1-d8edc0956b3b,id=019fba2f-b916-7ec2-8617-cc0e03aacc15; trace=019fba2e-dfe8-75c2-b6b1-d8edc0956b3b,id=019fba30-00b9-7f00-bd70-c17b2b89ac97; trace=019fba2e-dfe8-75c2-b6b1-d8edc0956b3b,id=019fba30-00bb-7093-8fb7-aab86f268866
Calling Baseline Move server...
Calling Baseline Move server...
Calling Baseline Move server...
Calling Baseline Move server...
Calling Baseline Move server...
[baseline] 45/104 scenario_02_04 (repeat 1/4)
Failed to send compressed multipart ingest: langsmith.utils.LangSmithRateLimitError: Rate limit exceeded for https://api.smith.langchain.com/runs/multipart. HTTPError('429 Client Error: Too Many Requests for url: https://api.smith.langchain.com/runs/multipart', '{"error":"Too many requests: tenant exceeded usage limits: Monthly unique traces usage limit exceeded"}\n')trace=019fba2e-dfe8-75c2-b6b1-d8edc0956b3b,id=019fba30-00bb-7093-8fb7-aab86f268866; trace=019fba2e-dfe8-75c2-b6b1-d8edc0956b3b,id=019fba30-4ca1-7c23-a778-c0acd14d2213; trace=019fba2e-dfe8-75c2-b6b1-d8edc0956b3b,id=019fba30-4ca1-7c23-a778-c0acd14d2213; trace=019fba2e-dfe8-75c2-b6b1-d8edc0956b3b,id=019fba30-00b9-7f00-bd70-c17b2b89ac97; trace=019fba2e-dfe8-75c2-b6b1-d8edc0956b3b,id=019fba30-4ca2-7cf0-a629-c31ec448f888; trace=019fba2e-dfe8-75c2-b6b1-d8edc0956b3b,id=019fba30-4ca2-7cf0-a629-c31ec448f888; trace=019fba2e-dfe8-75c2-b6b1-d8edc0956b3b,id=019fba2e-dfe8-75c2-b6b1-d8edc0956b3b; trace=019fba30-4e55-74d3-bac3-de9f2c97d309,id=019fba30-4e55-74d3-bac3-de9f2c97d309; trace=019fba30-4e55-74d3-bac3-de9f2c97d309,id=019fba30-4e56-7f71-86e7-1efaa26297d5; trace=019fba30-4e55-74d3-bac3-de9f2c97d309,id=019fba30-4e56-7f71-86e7-1efaa26297d5; trace=019fba30-4e55-74d3-bac3-de9f2c97d309,id=019fba30-4e56-7f71-86e7-1f0226d62206; trace=019fba30-4e55-74d3-bac3-de9f2c97d309,id=019fba30-4ea4-7852-958c-daad60f80ff2; trace=019fba30-4e55-74d3-bac3-de9f2c97d309,id=019fba30-4ea4-7852-958c-daad60f80ff2; trace=019fba30-4e55-74d3-bac3-de9f2c97d309,id=019fba30-4e56-7f71-86e7-1f0226d62206; trace=019fba30-4e55-74d3-bac3-de9f2c97d309,id=019fba30-4ea5-7043-9241-be722c127499; trace=019fba30-4e55-74d3-bac3-de9f2c97d309,id=019fba30-4ea5-7043-9241-be8c95a6b826
Failed to send compressed multipart ingest: langsmith.utils.LangSmithRateLimitError: Rate limit exceeded for https://api.smith.langchain.com/runs/multipart. HTTPError('429 Client Error: Too Many Requests for url: https://api.smith.langchain.com/runs/multipart', '{"error":"Too many requests: tenant exceeded usage limits: Monthly unique traces usage limit exceeded"}\n')trace=019fba30-4e55-74d3-bac3-de9f2c97d309,id=019fba30-4ea5-7043-9241-be8c95a6b826; trace=019fba30-4e55-74d3-bac3-de9f2c97d309,id=019fba30-4ea5-7043-9241-be722c127499; trace=019fba30-4e55-74d3-bac3-de9f2c97d309,id=019fba30-6aab-7881-a30d-e3e9dc1194c8; trace=019fba30-4e55-74d3-bac3-de9f2c97d309,id=019fba30-6aad-79b2-8d10-fe5c25693b9f
Failed to send compressed multipart ingest: langsmith.utils.LangSmithRateLimitError: Rate limit exceeded for https://api.smith.langchain.com/runs/multipart. HTTPError('429 Client Error: Too Many Requests for url: https://api.smith.langchain.com/runs/multipart', '{"error":"Too many requests: tenant exceeded usage limits: Monthly unique traces usage limit exceeded"}\n')trace=019fba30-4e55-74d3-bac3-de9f2c97d309,id=019fba30-6aad-79b2-8d10-fe5c25693b9f; trace=019fba30-4e55-74d3-bac3-de9f2c97d309,id=019fba30-7bfa-7fc3-93d1-45a1a98a8440
Failed to send compressed multipart ingest: langsmith.utils.LangSmithRateLimitError: Rate limit exceeded for https://api.smith.langchain.com/runs/multipart. HTTPError('429 Client Error: Too Many Requests for url: https://api.smith.langchain.com/runs/multipart', '{"error":"Too many requests: tenant exceeded usage limits: Monthly unique traces usage limit exceeded"}\n')trace=019fba30-4e55-74d3-bac3-de9f2c97d309,id=019fba30-7bfa-7fc3-93d1-45a1a98a8440; trace=019fba30-4e55-74d3-bac3-de9f2c97d309,id=019fba30-90cc-7a50-8240-344b314a6f67; trace=019fba30-4e55-74d3-bac3-de9f2c97d309,id=019fba30-90cc-7a50-8240-344b314a6f67; trace=019fba30-4e55-74d3-bac3-de9f2c97d309,id=019fba30-6aab-7881-a30d-e3e9dc1194c8; trace=019fba30-4e55-74d3-bac3-de9f2c97d309,id=019fba30-90cd-7513-b744-8b5cf763fbd0; trace=019fba30-4e55-74d3-bac3-de9f2c97d309,id=019fba30-90ce-7143-a06b-a7044bf401bd
Failed to send compressed multipart ingest: langsmith.utils.LangSmithRateLimitError: Rate limit exceeded for https://api.smith.langchain.com/runs/multipart. HTTPError('429 Client Error: Too Many Requests for url: https://api.smith.langchain.com/runs/multipart', '{"error":"Too many requests: tenant exceeded usage limits: Monthly unique traces usage limit exceeded"}\n')trace=019fba30-4e55-74d3-bac3-de9f2c97d309,id=019fba30-90ce-7143-a06b-a7044bf401bd; trace=019fba30-4e55-74d3-bac3-de9f2c97d309,id=019fba30-90cd-7513-b744-8b5cf763fbd0; trace=019fba30-4e55-74d3-bac3-de9f2c97d309,id=019fba30-b4f7-7111-bb7f-65953767e624; trace=019fba30-4e55-74d3-bac3-de9f2c97d309,id=019fba30-b4f9-7eb1-9d39-51d976bfc5aa
Failed to send compressed multipart ingest: langsmith.utils.LangSmithRateLimitError: Rate limit exceeded for https://api.smith.langchain.com/runs/multipart. HTTPError('429 Client Error: Too Many Requests for url: https://api.smith.langchain.com/runs/multipart', '{"error":"Too many requests: tenant exceeded usage limits: Monthly unique traces usage limit exceeded"}\n')trace=019fba30-4e55-74d3-bac3-de9f2c97d309,id=019fba30-b4f9-7eb1-9d39-51d976bfc5aa; trace=019fba30-4e55-74d3-bac3-de9f2c97d309,id=019fba30-d0bc-7390-8361-54226b172775; trace=019fba30-4e55-74d3-bac3-de9f2c97d309,id=019fba30-d0bc-7390-8361-54226b172775; trace=019fba30-4e55-74d3-bac3-de9f2c97d309,id=019fba30-b4f7-7111-bb7f-65953767e624; trace=019fba30-4e55-74d3-bac3-de9f2c97d309,id=019fba30-d0bd-7900-9628-3fdb4ca848ef; trace=019fba30-4e55-74d3-bac3-de9f2c97d309,id=019fba30-d0be-72f1-8c18-4dd306602246
Failed to send compressed multipart ingest: langsmith.utils.LangSmithRateLimitError: Rate limit exceeded for https://api.smith.langchain.com/runs/multipart. HTTPError('429 Client Error: Too Many Requests for url: https://api.smith.langchain.com/runs/multipart', '{"error":"Too many requests: tenant exceeded usage limits: Monthly unique traces usage limit exceeded"}\n')trace=019fba30-4e55-74d3-bac3-de9f2c97d309,id=019fba30-d0be-72f1-8c18-4dd306602246; trace=019fba30-4e55-74d3-bac3-de9f2c97d309,id=019fba30-d0bd-7900-9628-3fdb4ca848ef; trace=019fba30-4e55-74d3-bac3-de9f2c97d309,id=019fba30-fb0d-7c11-9c8b-a527a41f6b78; trace=019fba30-4e55-74d3-bac3-de9f2c97d309,id=019fba30-fb0e-70f1-84a3-7e6292e53c4d
Failed to send compressed multipart ingest: langsmith.utils.LangSmithRateLimitError: Rate limit exceeded for https://api.smith.langchain.com/runs/multipart. HTTPError('429 Client Error: Too Many Requests for url: https://api.smith.langchain.com/runs/multipart', '{"error":"Too many requests: tenant exceeded usage limits: Monthly unique traces usage limit exceeded"}\n')trace=019fba30-4e55-74d3-bac3-de9f2c97d309,id=019fba30-fb0e-70f1-84a3-7e6292e53c4d; trace=019fba30-4e55-74d3-bac3-de9f2c97d309,id=019fba31-0b6a-7bb1-b21b-dfb45399c63e
Failed to send compressed multipart ingest: langsmith.utils.LangSmithRateLimitError: Rate limit exceeded for https://api.smith.langchain.com/runs/multipart. HTTPError('429 Client Error: Too Many Requests for url: https://api.smith.langchain.com/runs/multipart', '{"error":"Too many requests: tenant exceeded usage limits: Monthly unique traces usage limit exceeded"}\n')trace=019fba30-4e55-74d3-bac3-de9f2c97d309,id=019fba31-0b6a-7bb1-b21b-dfb45399c63e; trace=019fba30-4e55-74d3-bac3-de9f2c97d309,id=019fba31-1e78-7540-bda4-3647cf74dd37; trace=019fba30-4e55-74d3-bac3-de9f2c97d309,id=019fba31-1e78-7540-bda4-3647cf74dd37; trace=019fba30-4e55-74d3-bac3-de9f2c97d309,id=019fba30-fb0d-7c11-9c8b-a527a41f6b78; trace=019fba30-4e55-74d3-bac3-de9f2c97d309,id=019fba31-1e79-71b3-bbcd-08bd3222823b; trace=019fba30-4e55-74d3-bac3-de9f2c97d309,id=019fba31-1e79-71b3-bbcd-08c8f9837635
Failed to send compressed multipart ingest: langsmith.utils.LangSmithRateLimitError: Rate limit exceeded for https://api.smith.langchain.com/runs/multipart. HTTPError('429 Client Error: Too Many Requests for url: https://api.smith.langchain.com/runs/multipart', '{"error":"Too many requests: tenant exceeded usage limits: Monthly unique traces usage limit exceeded"}\n')trace=019fba30-4e55-74d3-bac3-de9f2c97d309,id=019fba31-1e79-71b3-bbcd-08c8f9837635; trace=019fba30-4e55-74d3-bac3-de9f2c97d309,id=019fba31-1e79-71b3-bbcd-08bd3222823b; trace=019fba30-4e55-74d3-bac3-de9f2c97d309,id=019fba31-37d2-7da0-a04a-b332869b1867; trace=019fba30-4e55-74d3-bac3-de9f2c97d309,id=019fba31-37d4-72b1-8c5c-7f9acc298133
Failed to send compressed multipart ingest: langsmith.utils.LangSmithRateLimitError: Rate limit exceeded for https://api.smith.langchain.com/runs/multipart. HTTPError('429 Client Error: Too Many Requests for url: https://api.smith.langchain.com/runs/multipart', '{"error":"Too many requests: tenant exceeded usage limits: Monthly unique traces usage limit exceeded"}\n')trace=019fba30-4e55-74d3-bac3-de9f2c97d309,id=019fba31-37d4-72b1-8c5c-7f9acc298133; trace=019fba30-4e55-74d3-bac3-de9f2c97d309,id=019fba31-522f-7da2-95e3-5c9137f45536; trace=019fba30-4e55-74d3-bac3-de9f2c97d309,id=019fba31-522f-7da2-95e3-5c9137f45536; trace=019fba30-4e55-74d3-bac3-de9f2c97d309,id=019fba31-37d2-7da0-a04a-b332869b1867; trace=019fba30-4e55-74d3-bac3-de9f2c97d309,id=019fba31-5230-7431-b76f-650f9eeec3ac; trace=019fba30-4e55-74d3-bac3-de9f2c97d309,id=019fba31-5231-7b53-a474-414d23bd07fb
Failed to send compressed multipart ingest: langsmith.utils.LangSmithRateLimitError: Rate limit exceeded for https://api.smith.langchain.com/runs/multipart. HTTPError('429 Client Error: Too Many Requests for url: https://api.smith.langchain.com/runs/multipart', '{"error":"Too many requests: tenant exceeded usage limits: Monthly unique traces usage limit exceeded"}\n')trace=019fba30-4e55-74d3-bac3-de9f2c97d309,id=019fba31-5231-7b53-a474-414d23bd07fb; trace=019fba30-4e55-74d3-bac3-de9f2c97d309,id=019fba31-5230-7431-b76f-650f9eeec3ac; trace=019fba30-4e55-74d3-bac3-de9f2c97d309,id=019fba31-8733-7012-9d5f-a7e7a07b4bcd; trace=019fba30-4e55-74d3-bac3-de9f2c97d309,id=019fba31-8735-7cd2-81f7-471ee331dd2c
Calling Baseline Move server...
Calling Baseline Move server (JSON repair retry)...
Calling Baseline Move server...
Calling Baseline Move server...
Calling Baseline Move server (JSON repair retry)...
Calling Baseline Move server...
Calling Baseline Move server...
[baseline] 46/104 scenario_02_04 (repeat 2/4)
Failed to send compressed multipart ingest: langsmith.utils.LangSmithRateLimitError: Rate limit exceeded for https://api.smith.langchain.com/runs/multipart. HTTPError('429 Client Error: Too Many Requests for url: https://api.smith.langchain.com/runs/multipart', '{"error":"Too many requests: tenant exceeded usage limits: Monthly unique traces usage limit exceeded"}\n')trace=019fba30-4e55-74d3-bac3-de9f2c97d309,id=019fba31-8735-7cd2-81f7-471ee331dd2c; trace=019fba30-4e55-74d3-bac3-de9f2c97d309,id=019fba31-e0a0-78d1-94dd-7a9919fa42ca; trace=019fba30-4e55-74d3-bac3-de9f2c97d309,id=019fba31-e0a0-78d1-94dd-7a9919fa42ca; trace=019fba30-4e55-74d3-bac3-de9f2c97d309,id=019fba31-8733-7012-9d5f-a7e7a07b4bcd; trace=019fba30-4e55-74d3-bac3-de9f2c97d309,id=019fba31-e0a1-7bf0-8c2d-2912d85795c8; trace=019fba30-4e55-74d3-bac3-de9f2c97d309,id=019fba31-e0a1-7bf0-8c2d-2912d85795c8; trace=019fba30-4e55-74d3-bac3-de9f2c97d309,id=019fba30-4e55-74d3-bac3-de9f2c97d309; trace=019fba31-e142-7551-958b-660ef8f6ac7f,id=019fba31-e142-7551-958b-660ef8f6ac7f; trace=019fba31-e142-7551-958b-660ef8f6ac7f,id=019fba31-e142-7551-958b-66122e04e52c; trace=019fba31-e142-7551-958b-660ef8f6ac7f,id=019fba31-e142-7551-958b-66122e04e52c; trace=019fba31-e142-7551-958b-660ef8f6ac7f,id=019fba31-e143-7cf2-b1d1-1061ab01737a; trace=019fba31-e142-7551-958b-660ef8f6ac7f,id=019fba31-e1f3-7e83-a71c-30d1a9969b61; trace=019fba31-e142-7551-958b-660ef8f6ac7f,id=019fba31-e1f3-7e83-a71c-30d1a9969b61; trace=019fba31-e142-7551-958b-660ef8f6ac7f,id=019fba31-e143-7cf2-b1d1-1061ab01737a; trace=019fba31-e142-7551-958b-660ef8f6ac7f,id=019fba31-e1f4-7e43-92d0-3ec42fc6f7f7; trace=019fba31-e142-7551-958b-660ef8f6ac7f,id=019fba31-e1f4-7e43-92d0-3ed42f25919d
Failed to send compressed multipart ingest: langsmith.utils.LangSmithRateLimitError: Rate limit exceeded for https://api.smith.langchain.com/runs/multipart. HTTPError('429 Client Error: Too Many Requests for url: https://api.smith.langchain.com/runs/multipart', '{"error":"Too many requests: tenant exceeded usage limits: Monthly unique traces usage limit exceeded"}\n')trace=019fba31-e142-7551-958b-660ef8f6ac7f,id=019fba31-e1f4-7e43-92d0-3ed42f25919d; trace=019fba31-e142-7551-958b-660ef8f6ac7f,id=019fba31-e1f4-7e43-92d0-3ec42fc6f7f7; trace=019fba31-e142-7551-958b-660ef8f6ac7f,id=019fba31-f512-7ac3-a25f-017dd25a0083; trace=019fba31-e142-7551-958b-660ef8f6ac7f,id=019fba31-f514-7672-a62a-d65c76e344cb
Failed to send compressed multipart ingest: langsmith.utils.LangSmithRateLimitError: Rate limit exceeded for https://api.smith.langchain.com/runs/multipart. HTTPError('429 Client Error: Too Many Requests for url: https://api.smith.langchain.com/runs/multipart', '{"error":"Too many requests: tenant exceeded usage limits: Monthly unique traces usage limit exceeded"}\n')trace=019fba31-e142-7551-958b-660ef8f6ac7f,id=019fba31-f514-7672-a62a-d65c76e344cb; trace=019fba31-e142-7551-958b-660ef8f6ac7f,id=019fba32-03d4-7380-9657-923164595be7; trace=019fba31-e142-7551-958b-660ef8f6ac7f,id=019fba32-03d4-7380-9657-923164595be7; trace=019fba31-e142-7551-958b-660ef8f6ac7f,id=019fba31-f512-7ac3-a25f-017dd25a0083; trace=019fba31-e142-7551-958b-660ef8f6ac7f,id=019fba32-03d5-78f0-919c-76e496cd2f41; trace=019fba31-e142-7551-958b-660ef8f6ac7f,id=019fba32-03d5-78f0-919c-76f01cf6a189
Failed to send compressed multipart ingest: langsmith.utils.LangSmithRateLimitError: Rate limit exceeded for https://api.smith.langchain.com/runs/multipart. HTTPError('429 Client Error: Too Many Requests for url: https://api.smith.langchain.com/runs/multipart', '{"error":"Too many requests: tenant exceeded usage limits: Monthly unique traces usage limit exceeded"}\n')trace=019fba31-e142-7551-958b-660ef8f6ac7f,id=019fba32-03d5-78f0-919c-76f01cf6a189; trace=019fba31-e142-7551-958b-660ef8f6ac7f,id=019fba32-03d5-78f0-919c-76e496cd2f41; trace=019fba31-e142-7551-958b-660ef8f6ac7f,id=019fba32-14b3-7b80-b753-2d43137f5594; trace=019fba31-e142-7551-958b-660ef8f6ac7f,id=019fba32-14b5-7c90-af63-79c7fd8422cf
Failed to send compressed multipart ingest: langsmith.utils.LangSmithRateLimitError: Rate limit exceeded for https://api.smith.langchain.com/runs/multipart. HTTPError('429 Client Error: Too Many Requests for url: https://api.smith.langchain.com/runs/multipart', '{"error":"Too many requests: tenant exceeded usage limits: Monthly unique traces usage limit exceeded"}\n')trace=019fba31-e142-7551-958b-660ef8f6ac7f,id=019fba32-14b5-7c90-af63-79c7fd8422cf; trace=019fba31-e142-7551-958b-660ef8f6ac7f,id=019fba32-254c-79a3-8336-6b443f7b7c83; trace=019fba31-e142-7551-958b-660ef8f6ac7f,id=019fba32-254c-79a3-8336-6b443f7b7c83; trace=019fba31-e142-7551-958b-660ef8f6ac7f,id=019fba32-14b3-7b80-b753-2d43137f5594; trace=019fba31-e142-7551-958b-660ef8f6ac7f,id=019fba32-254d-7061-be73-37358b73ffd1; trace=019fba31-e142-7551-958b-660ef8f6ac7f,id=019fba32-254d-7061-be73-37419b548970
Failed to send compressed multipart ingest: langsmith.utils.LangSmithRateLimitError: Rate limit exceeded for https://api.smith.langchain.com/runs/multipart. HTTPError('429 Client Error: Too Many Requests for url: https://api.smith.langchain.com/runs/multipart', '{"error":"Too many requests: tenant exceeded usage limits: Monthly unique traces usage limit exceeded"}\n')trace=019fba31-e142-7551-958b-660ef8f6ac7f,id=019fba32-254d-7061-be73-37419b548970; trace=019fba31-e142-7551-958b-660ef8f6ac7f,id=019fba32-254d-7061-be73-37358b73ffd1; trace=019fba31-e142-7551-958b-660ef8f6ac7f,id=019fba32-3e72-7c90-ad12-82fd751575cd; trace=019fba31-e142-7551-958b-660ef8f6ac7f,id=019fba32-3e74-7a11-b2b7-b39232700462
Failed to send compressed multipart ingest: langsmith.utils.LangSmithRateLimitError: Rate limit exceeded for https://api.smith.langchain.com/runs/multipart. HTTPError('429 Client Error: Too Many Requests for url: https://api.smith.langchain.com/runs/multipart', '{"error":"Too many requests: tenant exceeded usage limits: Monthly unique traces usage limit exceeded"}\n')trace=019fba31-e142-7551-958b-660ef8f6ac7f,id=019fba32-3e74-7a11-b2b7-b39232700462; trace=019fba31-e142-7551-958b-660ef8f6ac7f,id=019fba32-63f8-7fd1-a034-928925aa6bf4; trace=019fba31-e142-7551-958b-660ef8f6ac7f,id=019fba32-63f8-7fd1-a034-928925aa6bf4; trace=019fba31-e142-7551-958b-660ef8f6ac7f,id=019fba32-3e72-7c90-ad12-82fd751575cd; trace=019fba31-e142-7551-958b-660ef8f6ac7f,id=019fba32-63f9-7b10-a5be-1edc1aa8151a; trace=019fba31-e142-7551-958b-660ef8f6ac7f,id=019fba32-63fa-7d20-8fb3-e91f9d3b621b
Failed to send compressed multipart ingest: langsmith.utils.LangSmithRateLimitError: Rate limit exceeded for https://api.smith.langchain.com/runs/multipart. HTTPError('429 Client Error: Too Many Requests for url: https://api.smith.langchain.com/runs/multipart', '{"error":"Too many requests: tenant exceeded usage limits: Monthly unique traces usage limit exceeded"}\n')trace=019fba31-e142-7551-958b-660ef8f6ac7f,id=019fba32-63fa-7d20-8fb3-e91f9d3b621b; trace=019fba31-e142-7551-958b-660ef8f6ac7f,id=019fba32-63f9-7b10-a5be-1edc1aa8151a; trace=019fba31-e142-7551-958b-660ef8f6ac7f,id=019fba32-7921-7313-8297-62a1f3d40972; trace=019fba31-e142-7551-958b-660ef8f6ac7f,id=019fba32-7923-7de0-bbfe-ed4359490a50
Failed to send compressed multipart ingest: langsmith.utils.LangSmithRateLimitError: Rate limit exceeded for https://api.smith.langchain.com/runs/multipart. HTTPError('429 Client Error: Too Many Requests for url: https://api.smith.langchain.com/runs/multipart', '{"error":"Too many requests: tenant exceeded usage limits: Monthly unique traces usage limit exceeded"}\n')trace=019fba31-e142-7551-958b-660ef8f6ac7f,id=019fba32-7923-7de0-bbfe-ed4359490a50; trace=019fba31-e142-7551-958b-660ef8f6ac7f,id=019fba32-8f30-75b2-9a45-5bfb5a519998; trace=019fba31-e142-7551-958b-660ef8f6ac7f,id=019fba32-8f30-75b2-9a45-5bfb5a519998; trace=019fba31-e142-7551-958b-660ef8f6ac7f,id=019fba32-7921-7313-8297-62a1f3d40972; trace=019fba31-e142-7551-958b-660ef8f6ac7f,id=019fba32-8f31-7d92-b7f6-5b5743395f14; trace=019fba31-e142-7551-958b-660ef8f6ac7f,id=019fba32-8f32-73c3-bd5d-57d079e0163c
Failed to send compressed multipart ingest: langsmith.utils.LangSmithRateLimitError: Rate limit exceeded for https://api.smith.langchain.com/runs/multipart. HTTPError('429 Client Error: Too Many Requests for url: https://api.smith.langchain.com/runs/multipart', '{"error":"Too many requests: tenant exceeded usage limits: Monthly unique traces usage limit exceeded"}\n')trace=019fba31-e142-7551-958b-660ef8f6ac7f,id=019fba32-8f32-73c3-bd5d-57d079e0163c; trace=019fba31-e142-7551-958b-660ef8f6ac7f,id=019fba32-8f31-7d92-b7f6-5b5743395f14; trace=019fba31-e142-7551-958b-660ef8f6ac7f,id=019fba32-b271-7752-bb77-e566cffa226e; trace=019fba31-e142-7551-958b-660ef8f6ac7f,id=019fba32-b273-7f02-b3ee-36bd94749d36
Failed to send compressed multipart ingest: langsmith.utils.LangSmithRateLimitError: Rate limit exceeded for https://api.smith.langchain.com/runs/multipart. HTTPError('429 Client Error: Too Many Requests for url: https://api.smith.langchain.com/runs/multipart', '{"error":"Too many requests: tenant exceeded usage limits: Monthly unique traces usage limit exceeded"}\n')trace=019fba31-e142-7551-958b-660ef8f6ac7f,id=019fba32-b273-7f02-b3ee-36bd94749d36; trace=019fba31-e142-7551-958b-660ef8f6ac7f,id=019fba32-d618-7d33-aad8-cc28fada89e1; trace=019fba31-e142-7551-958b-660ef8f6ac7f,id=019fba32-d618-7d33-aad8-cc28fada89e1; trace=019fba31-e142-7551-958b-660ef8f6ac7f,id=019fba32-b271-7752-bb77-e566cffa226e; trace=019fba31-e142-7551-958b-660ef8f6ac7f,id=019fba32-d619-77f0-869f-965dabc13148; trace=019fba31-e142-7551-958b-660ef8f6ac7f,id=019fba32-d61a-7a20-a11b-0956282115e6
Failed to send compressed multipart ingest: langsmith.utils.LangSmithRateLimitError: Rate limit exceeded for https://api.smith.langchain.com/runs/multipart. HTTPError('429 Client Error: Too Many Requests for url: https://api.smith.langchain.com/runs/multipart', '{"error":"Too many requests: tenant exceeded usage limits: Monthly unique traces usage limit exceeded"}\n')trace=019fba31-e142-7551-958b-660ef8f6ac7f,id=019fba32-d61a-7a20-a11b-0956282115e6; trace=019fba31-e142-7551-958b-660ef8f6ac7f,id=019fba32-d619-77f0-869f-965dabc13148; trace=019fba31-e142-7551-958b-660ef8f6ac7f,id=019fba32-f8b5-7781-a573-819dc55919b2; trace=019fba31-e142-7551-958b-660ef8f6ac7f,id=019fba32-f8b7-73f1-91be-b07a06a7cb08
Calling Baseline Move server...
Calling Baseline Move server...
Calling Baseline Move server...
Calling Baseline Move server...
Calling Baseline Move server...
Calling Baseline Move server...
[baseline] 47/104 scenario_02_04 (repeat 3/4)
Failed to send compressed multipart ingest: langsmith.utils.LangSmithRateLimitError: Rate limit exceeded for https://api.smith.langchain.com/runs/multipart. HTTPError('429 Client Error: Too Many Requests for url: https://api.smith.langchain.com/runs/multipart', '{"error":"Too many requests: tenant exceeded usage limits: Monthly unique traces usage limit exceeded"}\n')trace=019fba31-e142-7551-958b-660ef8f6ac7f,id=019fba32-f8b7-73f1-91be-b07a06a7cb08; trace=019fba31-e142-7551-958b-660ef8f6ac7f,id=019fba33-4a44-7302-bf44-3665567100cd; trace=019fba31-e142-7551-958b-660ef8f6ac7f,id=019fba33-4a44-7302-bf44-3665567100cd; trace=019fba31-e142-7551-958b-660ef8f6ac7f,id=019fba32-f8b5-7781-a573-819dc55919b2; trace=019fba31-e142-7551-958b-660ef8f6ac7f,id=019fba33-4a46-7f83-b97c-f39cfe02fee2; trace=019fba31-e142-7551-958b-660ef8f6ac7f,id=019fba33-4a46-7f83-b97c-f39cfe02fee2; trace=019fba31-e142-7551-958b-660ef8f6ac7f,id=019fba31-e142-7551-958b-660ef8f6ac7f; trace=019fba33-4aca-7341-82f0-06b9455d8872,id=019fba33-4aca-7341-82f0-06b9455d8872; trace=019fba33-4aca-7341-82f0-06b9455d8872,id=019fba33-4acb-7163-9018-f5bc7c89ccbe; trace=019fba33-4aca-7341-82f0-06b9455d8872,id=019fba33-4acb-7163-9018-f5bc7c89ccbe; trace=019fba33-4aca-7341-82f0-06b9455d8872,id=019fba33-4acc-70a3-8b1c-5091fa396c9c; trace=019fba33-4aca-7341-82f0-06b9455d8872,id=019fba33-4b49-7a01-b6b5-25f7a3eac25e; trace=019fba33-4aca-7341-82f0-06b9455d8872,id=019fba33-4b49-7a01-b6b5-25f7a3eac25e; trace=019fba33-4aca-7341-82f0-06b9455d8872,id=019fba33-4acc-70a3-8b1c-5091fa396c9c; trace=019fba33-4aca-7341-82f0-06b9455d8872,id=019fba33-4b4a-77a0-9db9-aec6eba718f8; trace=019fba33-4aca-7341-82f0-06b9455d8872,id=019fba33-4b4b-7e00-9476-3a9675e36925
Failed to send compressed multipart ingest: langsmith.utils.LangSmithRateLimitError: Rate limit exceeded for https://api.smith.langchain.com/runs/multipart. HTTPError('429 Client Error: Too Many Requests for url: https://api.smith.langchain.com/runs/multipart', '{"error":"Too many requests: tenant exceeded usage limits: Monthly unique traces usage limit exceeded"}\n')trace=019fba33-4aca-7341-82f0-06b9455d8872,id=019fba33-4b4b-7e00-9476-3a9675e36925
Failed to send compressed multipart ingest: langsmith.utils.LangSmithRateLimitError: Rate limit exceeded for https://api.smith.langchain.com/runs/multipart. HTTPError('429 Client Error: Too Many Requests for url: https://api.smith.langchain.com/runs/multipart', '{"error":"Too many requests: tenant exceeded usage limits: Monthly unique traces usage limit exceeded"}\n')trace=019fba33-4aca-7341-82f0-06b9455d8872,id=019fba33-4b4a-77a0-9db9-aec6eba718f8; trace=019fba33-4aca-7341-82f0-06b9455d8872,id=019fba33-661a-7b73-9ea1-66c3a9b3bf8f; trace=019fba33-4aca-7341-82f0-06b9455d8872,id=019fba33-661c-75d1-943f-192f096de849
Failed to send compressed multipart ingest: langsmith.utils.LangSmithRateLimitError: Rate limit exceeded for https://api.smith.langchain.com/runs/multipart. HTTPError('429 Client Error: Too Many Requests for url: https://api.smith.langchain.com/runs/multipart', '{"error":"Too many requests: tenant exceeded usage limits: Monthly unique traces usage limit exceeded"}\n')trace=019fba33-4aca-7341-82f0-06b9455d8872,id=019fba33-661c-75d1-943f-192f096de849; trace=019fba33-4aca-7341-82f0-06b9455d8872,id=019fba33-908c-7721-9a7e-5d92419bee0a
Failed to send compressed multipart ingest: langsmith.utils.LangSmithRateLimitError: Rate limit exceeded for https://api.smith.langchain.com/runs/multipart. HTTPError('429 Client Error: Too Many Requests for url: https://api.smith.langchain.com/runs/multipart', '{"error":"Too many requests: tenant exceeded usage limits: Monthly unique traces usage limit exceeded"}\n')trace=019fba33-4aca-7341-82f0-06b9455d8872,id=019fba33-908c-7721-9a7e-5d92419bee0a; trace=019fba33-4aca-7341-82f0-06b9455d8872,id=019fba33-cdec-7033-a65c-178c34338fe6
Failed to send compressed multipart ingest: langsmith.utils.LangSmithRateLimitError: Rate limit exceeded for https://api.smith.langchain.com/runs/multipart. HTTPError('429 Client Error: Too Many Requests for url: https://api.smith.langchain.com/runs/multipart', '{"error":"Too many requests: tenant exceeded usage limits: Monthly unique traces usage limit exceeded"}\n')trace=019fba33-4aca-7341-82f0-06b9455d8872,id=019fba33-cdec-7033-a65c-178c34338fe6; trace=019fba33-4aca-7341-82f0-06b9455d8872,id=019fba33-f5bb-7823-b2bb-9c3badbb0b21; trace=019fba33-4aca-7341-82f0-06b9455d8872,id=019fba33-f5bb-7823-b2bb-9c3badbb0b21; trace=019fba33-4aca-7341-82f0-06b9455d8872,id=019fba33-661a-7b73-9ea1-66c3a9b3bf8f; trace=019fba33-4aca-7341-82f0-06b9455d8872,id=019fba33-f5bc-7530-ba70-4ff477c8ca95; trace=019fba33-4aca-7341-82f0-06b9455d8872,id=019fba33-f5bd-79b3-88d7-7898b22f9afb
Failed to send compressed multipart ingest: langsmith.utils.LangSmithRateLimitError: Rate limit exceeded for https://api.smith.langchain.com/runs/multipart. HTTPError('429 Client Error: Too Many Requests for url: https://api.smith.langchain.com/runs/multipart', '{"error":"Too many requests: tenant exceeded usage limits: Monthly unique traces usage limit exceeded"}\n')trace=019fba33-4aca-7341-82f0-06b9455d8872,id=019fba33-f5bd-79b3-88d7-7898b22f9afb; trace=019fba33-4aca-7341-82f0-06b9455d8872,id=019fba33-f5bc-7530-ba70-4ff477c8ca95; trace=019fba33-4aca-7341-82f0-06b9455d8872,id=019fba34-127a-76a2-8310-b871e2bbe914; trace=019fba33-4aca-7341-82f0-06b9455d8872,id=019fba34-127c-7400-8b31-99bc2088c352
Failed to send compressed multipart ingest: langsmith.utils.LangSmithRateLimitError: Rate limit exceeded for https://api.smith.langchain.com/runs/multipart. HTTPError('429 Client Error: Too Many Requests for url: https://api.smith.langchain.com/runs/multipart', '{"error":"Too many requests: tenant exceeded usage limits: Monthly unique traces usage limit exceeded"}\n')trace=019fba33-4aca-7341-82f0-06b9455d8872,id=019fba34-127c-7400-8b31-99bc2088c352; trace=019fba33-4aca-7341-82f0-06b9455d8872,id=019fba34-e1f0-73b0-ac6f-1d46e4b92b5f; trace=019fba33-4aca-7341-82f0-06b9455d8872,id=019fba34-e1f0-73b0-ac6f-1d46e4b92b5f; trace=019fba33-4aca-7341-82f0-06b9455d8872,id=019fba34-127a-76a2-8310-b871e2bbe914; trace=019fba33-4aca-7341-82f0-06b9455d8872,id=019fba34-e1f1-7af0-9ffc-5c5cc5beab94; trace=019fba33-4aca-7341-82f0-06b9455d8872,id=019fba34-e1f2-7550-b43a-86f89a072a17
Failed to send compressed multipart ingest: langsmith.utils.LangSmithRateLimitError: Rate limit exceeded for https://api.smith.langchain.com/runs/multipart. HTTPError('429 Client Error: Too Many Requests for url: https://api.smith.langchain.com/runs/multipart', '{"error":"Too many requests: tenant exceeded usage limits: Monthly unique traces usage limit exceeded"}\n')trace=019fba33-4aca-7341-82f0-06b9455d8872,id=019fba34-e1f2-7550-b43a-86f89a072a17; trace=019fba33-4aca-7341-82f0-06b9455d8872,id=019fba34-e1f1-7af0-9ffc-5c5cc5beab94; trace=019fba33-4aca-7341-82f0-06b9455d8872,id=019fba35-00bb-7501-bd25-df86fb95fb86; trace=019fba33-4aca-7341-82f0-06b9455d8872,id=019fba35-00bd-7bc0-9782-c2ba965c77bf
Failed to send compressed multipart ingest: langsmith.utils.LangSmithRateLimitError: Rate limit exceeded for https://api.smith.langchain.com/runs/multipart. HTTPError('429 Client Error: Too Many Requests for url: https://api.smith.langchain.com/runs/multipart', '{"error":"Too many requests: tenant exceeded usage limits: Monthly unique traces usage limit exceeded"}\n')trace=019fba33-4aca-7341-82f0-06b9455d8872,id=019fba35-00bd-7bc0-9782-c2ba965c77bf
Failed to send compressed multipart ingest: langsmith.utils.LangSmithRateLimitError: Rate limit exceeded for https://api.smith.langchain.com/runs/multipart. HTTPError('429 Client Error: Too Many Requests for url: https://api.smith.langchain.com/runs/multipart', '{"error":"Too many requests: tenant exceeded usage limits: Monthly unique traces usage limit exceeded"}\n')trace=019fba33-4aca-7341-82f0-06b9455d8872,id=019fba35-20d2-75e1-a4ae-8ebd910c14bf
Failed to send compressed multipart ingest: langsmith.utils.LangSmithRateLimitError: Rate limit exceeded for https://api.smith.langchain.com/runs/multipart. HTTPError('429 Client Error: Too Many Requests for url: https://api.smith.langchain.com/runs/multipart', '{"error":"Too many requests: tenant exceeded usage limits: Monthly unique traces usage limit exceeded"}\n')trace=019fba33-4aca-7341-82f0-06b9455d8872,id=019fba35-20d2-75e1-a4ae-8ebd910c14bf
Failed to send compressed multipart ingest: langsmith.utils.LangSmithRateLimitError: Rate limit exceeded for https://api.smith.langchain.com/runs/multipart. HTTPError('429 Client Error: Too Many Requests for url: https://api.smith.langchain.com/runs/multipart', '{"error":"Too many requests: tenant exceeded usage limits: Monthly unique traces usage limit exceeded"}\n')trace=019fba33-4aca-7341-82f0-06b9455d8872,id=019fba35-4fde-79c3-9468-a53cc55cb6c9
Failed to send compressed multipart ingest: langsmith.utils.LangSmithRateLimitError: Rate limit exceeded for https://api.smith.langchain.com/runs/multipart. HTTPError('429 Client Error: Too Many Requests for url: https://api.smith.langchain.com/runs/multipart', '{"error":"Too many requests: tenant exceeded usage limits: Monthly unique traces usage limit exceeded"}\n')trace=019fba33-4aca-7341-82f0-06b9455d8872,id=019fba35-4fde-79c3-9468-a53cc55cb6c9; trace=019fba33-4aca-7341-82f0-06b9455d8872,id=019fba35-584c-7252-94b0-b5485e8f72ec; trace=019fba33-4aca-7341-82f0-06b9455d8872,id=019fba35-584c-7252-94b0-b5485e8f72ec
Failed to send compressed multipart ingest: langsmith.utils.LangSmithRateLimitError: Rate limit exceeded for https://api.smith.langchain.com/runs/multipart. HTTPError('429 Client Error: Too Many Requests for url: https://api.smith.langchain.com/runs/multipart', '{"error":"Too many requests: tenant exceeded usage limits: Monthly unique traces usage limit exceeded"}\n')trace=019fba33-4aca-7341-82f0-06b9455d8872,id=019fba35-6d4e-7f53-a070-bee9de5e3852
Failed to send compressed multipart ingest: langsmith.utils.LangSmithRateLimitError: Rate limit exceeded for https://api.smith.langchain.com/runs/multipart. HTTPError('429 Client Error: Too Many Requests for url: https://api.smith.langchain.com/runs/multipart', '{"error":"Too many requests: tenant exceeded usage limits: Monthly unique traces usage limit exceeded"}\n')trace=019fba33-4aca-7341-82f0-06b9455d8872,id=019fba35-6d4e-7f53-a070-bee9de5e3852
Calling Baseline Move server...
Calling Baseline Move server (JSON repair retry)...
Calling Baseline Move server (JSON repair retry)...
Calling Baseline Move server...
Calling Baseline Move server...
Baseline Move server rate-limited (attempt 1/3); retrying in 5s...
Baseline Move server rate-limited (attempt 2/3); retrying in 10s...
Structured call to Baseline Move server failed (Error code: 429 - {'error': {'message': 'Provider returned error', 'code': 429, 'metadata': {'raw': 'qwen/qwen-2.5-72b-instruct is temporarily rate-limited upstream. Please retry shortly, or add your own key to accumulate your rate limits: https://openrouter.ai/settings/integrations', 'provider_name': 'DeepInfra', 'is_byok': False, 'provider_error_code': 'engine_overloaded', 'limit_source': 'upstream_provider_shared_pool', 'remedy_hint': 'Retry shortly, add your own provider key (https://openrouter.ai/settings/integrations), or route to another provider with provider routing: https://openrouter.ai/docs/features/provider-routing'}}, 'user_id': 'user_3GJo0fkBfUnouJ6Q4PCHo7kXw4J'}); retrying unconstrained.
Baseline Move server rate-limited (attempt 1/3); retrying in 5s...
Baseline Move server rate-limited (attempt 2/3); retrying in 10s...
Error calling Baseline Move server: Error code: 400 - {'error': {'message': 'Provider returned error', 'code': 400, 'metadata': {'raw': '{"code":400, "reason":"INVALID_REQUEST_BODY", "message":"model: qwen/qwen-2.5-72b-instruct does not support endpoint: completions", "metadata":{}}', 'provider_name': 'Novita', 'is_byok': False, 'previous_errors': [{'code': 429, 'message': 'Provider returned error', 'provider_name': 'DeepInfra', 'raw': 'qwen/qwen-2.5-72b-instruct is temporarily rate-limited upstream. Please retry shortly, or add your own key to accumulate your rate limits: https://openrouter.ai/settings/integrations'}]}}, 'user_id': 'user_3GJo0fkBfUnouJ6Q4PCHo7kXw4J'}
[baseline] 48/104 scenario_02_04 (repeat 4/4)
Failed to send compressed multipart ingest: langsmith.utils.LangSmithRateLimitError: Rate limit exceeded for https://api.smith.langchain.com/runs/multipart. HTTPError('429 Client Error: Too Many Requests for url: https://api.smith.langchain.com/runs/multipart', '{"error":"Too many requests: tenant exceeded usage limits: Monthly unique traces usage limit exceeded"}\n')trace=019fba33-4aca-7341-82f0-06b9455d8872,id=019fba35-966b-7330-9c65-a6a38391e409; trace=019fba33-4aca-7341-82f0-06b9455d8872,id=019fba35-966b-7330-9c65-a6a38391e409; trace=019fba33-4aca-7341-82f0-06b9455d8872,id=019fba35-00bb-7501-bd25-df86fb95fb86; trace=019fba33-4aca-7341-82f0-06b9455d8872,id=019fba33-4aca-7341-82f0-06b9455d8872; trace=019fba35-985c-77c2-8aeb-cbb91eaa89dd,id=019fba35-985c-77c2-8aeb-cbb91eaa89dd; trace=019fba35-985c-77c2-8aeb-cbb91eaa89dd,id=019fba35-985d-70e1-85bb-e752b82b3898; trace=019fba35-985c-77c2-8aeb-cbb91eaa89dd,id=019fba35-985d-70e1-85bb-e752b82b3898; trace=019fba35-985c-77c2-8aeb-cbb91eaa89dd,id=019fba35-985e-7023-afb4-756f4630220a; trace=019fba35-985c-77c2-8aeb-cbb91eaa89dd,id=019fba35-988d-7210-bbd8-369473803409; trace=019fba35-985c-77c2-8aeb-cbb91eaa89dd,id=019fba35-988d-7210-bbd8-369473803409; trace=019fba35-985c-77c2-8aeb-cbb91eaa89dd,id=019fba35-985e-7023-afb4-756f4630220a; trace=019fba35-985c-77c2-8aeb-cbb91eaa89dd,id=019fba35-988e-7881-8f9d-6b9ef2d99a42; trace=019fba35-985c-77c2-8aeb-cbb91eaa89dd,id=019fba35-988e-7881-8f9d-6ba08b76aa8f
Failed to send compressed multipart ingest: langsmith.utils.LangSmithRateLimitError: Rate limit exceeded for https://api.smith.langchain.com/runs/multipart. HTTPError('429 Client Error: Too Many Requests for url: https://api.smith.langchain.com/runs/multipart', '{"error":"Too many requests: tenant exceeded usage limits: Monthly unique traces usage limit exceeded"}\n')trace=019fba35-985c-77c2-8aeb-cbb91eaa89dd,id=019fba35-988e-7881-8f9d-6ba08b76aa8f; trace=019fba35-985c-77c2-8aeb-cbb91eaa89dd,id=019fba35-988e-7881-8f9d-6b9ef2d99a42; trace=019fba35-985c-77c2-8aeb-cbb91eaa89dd,id=019fba35-acb3-7be3-a0b1-2d94ea75e6b5; trace=019fba35-985c-77c2-8aeb-cbb91eaa89dd,id=019fba35-acb5-79d2-8616-777878f2a3de
Failed to send compressed multipart ingest: langsmith.utils.LangSmithRateLimitError: Rate limit exceeded for https://api.smith.langchain.com/runs/multipart. HTTPError('429 Client Error: Too Many Requests for url: https://api.smith.langchain.com/runs/multipart', '{"error":"Too many requests: tenant exceeded usage limits: Monthly unique traces usage limit exceeded"}\n')trace=019fba35-985c-77c2-8aeb-cbb91eaa89dd,id=019fba35-acb5-79d2-8616-777878f2a3de
Failed to send compressed multipart ingest: langsmith.utils.LangSmithRateLimitError: Rate limit exceeded for https://api.smith.langchain.com/runs/multipart. HTTPError('429 Client Error: Too Many Requests for url: https://api.smith.langchain.com/runs/multipart', '{"error":"Too many requests: tenant exceeded usage limits: Monthly unique traces usage limit exceeded"}\n')trace=019fba35-985c-77c2-8aeb-cbb91eaa89dd,id=019fba35-c81c-7821-a527-0266ef6c9309
Failed to send compressed multipart ingest: langsmith.utils.LangSmithRateLimitError: Rate limit exceeded for https://api.smith.langchain.com/runs/multipart. HTTPError('429 Client Error: Too Many Requests for url: https://api.smith.langchain.com/runs/multipart', '{"error":"Too many requests: tenant exceeded usage limits: Monthly unique traces usage limit exceeded"}\n')trace=019fba35-985c-77c2-8aeb-cbb91eaa89dd,id=019fba35-c81c-7821-a527-0266ef6c9309
Failed to send compressed multipart ingest: langsmith.utils.LangSmithRateLimitError: Rate limit exceeded for https://api.smith.langchain.com/runs/multipart. HTTPError('429 Client Error: Too Many Requests for url: https://api.smith.langchain.com/runs/multipart', '{"error":"Too many requests: tenant exceeded usage limits: Monthly unique traces usage limit exceeded"}\n')trace=019fba35-985c-77c2-8aeb-cbb91eaa89dd,id=019fba37-0c97-7442-8a76-57c980d4dc05; trace=019fba35-985c-77c2-8aeb-cbb91eaa89dd,id=019fba37-0c97-7442-8a76-57c980d4dc05; trace=019fba35-985c-77c2-8aeb-cbb91eaa89dd,id=019fba35-acb3-7be3-a0b1-2d94ea75e6b5; trace=019fba35-985c-77c2-8aeb-cbb91eaa89dd,id=019fba37-0c9c-7f90-bf1f-f616d99fbfad; trace=019fba35-985c-77c2-8aeb-cbb91eaa89dd,id=019fba37-0c9d-7b73-a49e-dbe9c110e29c
Failed to send compressed multipart ingest: langsmith.utils.LangSmithRateLimitError: Rate limit exceeded for https://api.smith.langchain.com/runs/multipart. HTTPError('429 Client Error: Too Many Requests for url: https://api.smith.langchain.com/runs/multipart', '{"error":"Too many requests: tenant exceeded usage limits: Monthly unique traces usage limit exceeded"}\n')trace=019fba35-985c-77c2-8aeb-cbb91eaa89dd,id=019fba37-0c9d-7b73-a49e-dbe9c110e29c; trace=019fba35-985c-77c2-8aeb-cbb91eaa89dd,id=019fba37-0c9c-7f90-bf1f-f616d99fbfad; trace=019fba35-985c-77c2-8aeb-cbb91eaa89dd,id=019fba37-2ea9-7f41-af97-4b11d8272d0e; trace=019fba35-985c-77c2-8aeb-cbb91eaa89dd,id=019fba37-2eac-72f0-9387-a63692953276
Failed to send compressed multipart ingest: langsmith.utils.LangSmithRateLimitError: Rate limit exceeded for https://api.smith.langchain.com/runs/multipart. HTTPError('429 Client Error: Too Many Requests for url: https://api.smith.langchain.com/runs/multipart', '{"error":"Too many requests: tenant exceeded usage limits: Monthly unique traces usage limit exceeded"}\n')trace=019fba35-985c-77c2-8aeb-cbb91eaa89dd,id=019fba37-2eac-72f0-9387-a63692953276
Failed to send compressed multipart ingest: langsmith.utils.LangSmithRateLimitError: Rate limit exceeded for https://api.smith.langchain.com/runs/multipart. HTTPError('429 Client Error: Too Many Requests for url: https://api.smith.langchain.com/runs/multipart', '{"error":"Too many requests: tenant exceeded usage limits: Monthly unique traces usage limit exceeded"}\n')trace=019fba35-985c-77c2-8aeb-cbb91eaa89dd,id=019fba37-4a40-79c1-9aec-71d73acee86f
Failed to send compressed multipart ingest: langsmith.utils.LangSmithRateLimitError: Rate limit exceeded for https://api.smith.langchain.com/runs/multipart. HTTPError('429 Client Error: Too Many Requests for url: https://api.smith.langchain.com/runs/multipart', '{"error":"Too many requests: tenant exceeded usage limits: Monthly unique traces usage limit exceeded"}\n')trace=019fba35-985c-77c2-8aeb-cbb91eaa89dd,id=019fba37-4a40-79c1-9aec-71d73acee86f
Failed to send compressed multipart ingest: langsmith.utils.LangSmithRateLimitError: Rate limit exceeded for https://api.smith.langchain.com/runs/multipart. HTTPError('429 Client Error: Too Many Requests for url: https://api.smith.langchain.com/runs/multipart', '{"error":"Too many requests: tenant exceeded usage limits: Monthly unique traces usage limit exceeded"}\n')trace=019fba35-985c-77c2-8aeb-cbb91eaa89dd,id=019fba37-7a43-7a11-b0bf-43384f119986
Failed to send compressed multipart ingest: langsmith.utils.LangSmithRateLimitError: Rate limit exceeded for https://api.smith.langchain.com/runs/multipart. HTTPError('429 Client Error: Too Many Requests for url: https://api.smith.langchain.com/runs/multipart', '{"error":"Too many requests: tenant exceeded usage limits: Monthly unique traces usage limit exceeded"}\n')trace=019fba35-985c-77c2-8aeb-cbb91eaa89dd,id=019fba37-7a43-7a11-b0bf-43384f119986; trace=019fba35-985c-77c2-8aeb-cbb91eaa89dd,id=019fba37-98b2-7d21-bd21-63cae436d0f5; trace=019fba35-985c-77c2-8aeb-cbb91eaa89dd,id=019fba37-98b2-7d21-bd21-63cae436d0f5; trace=019fba35-985c-77c2-8aeb-cbb91eaa89dd,id=019fba37-2ea9-7f41-af97-4b11d8272d0e; trace=019fba35-985c-77c2-8aeb-cbb91eaa89dd,id=019fba37-98b3-7e73-9089-66675120312b; trace=019fba35-985c-77c2-8aeb-cbb91eaa89dd,id=019fba37-98b3-7e73-9089-667542729b88
Failed to send compressed multipart ingest: langsmith.utils.LangSmithRateLimitError: Rate limit exceeded for https://api.smith.langchain.com/runs/multipart. HTTPError('429 Client Error: Too Many Requests for url: https://api.smith.langchain.com/runs/multipart', '{"error":"Too many requests: tenant exceeded usage limits: Monthly unique traces usage limit exceeded"}\n')trace=019fba35-985c-77c2-8aeb-cbb91eaa89dd,id=019fba37-98b3-7e73-9089-667542729b88; trace=019fba35-985c-77c2-8aeb-cbb91eaa89dd,id=019fba37-98b3-7e73-9089-66675120312b; trace=019fba35-985c-77c2-8aeb-cbb91eaa89dd,id=019fba37-a7e0-7632-b9e4-c0a6bd10e3dd; trace=019fba35-985c-77c2-8aeb-cbb91eaa89dd,id=019fba37-a7e2-7fe0-8f59-ad216f5b9ada
Failed to send compressed multipart ingest: langsmith.utils.LangSmithRateLimitError: Rate limit exceeded for https://api.smith.langchain.com/runs/multipart. HTTPError('429 Client Error: Too Many Requests for url: https://api.smith.langchain.com/runs/multipart', '{"error":"Too many requests: tenant exceeded usage limits: Monthly unique traces usage limit exceeded"}\n')trace=019fba35-985c-77c2-8aeb-cbb91eaa89dd,id=019fba37-a7e2-7fe0-8f59-ad216f5b9ada; trace=019fba35-985c-77c2-8aeb-cbb91eaa89dd,id=019fba37-bbe8-7f81-8836-edb5a665ae09; trace=019fba35-985c-77c2-8aeb-cbb91eaa89dd,id=019fba37-bbe8-7f81-8836-edb5a665ae09; trace=019fba35-985c-77c2-8aeb-cbb91eaa89dd,id=019fba37-a7e0-7632-b9e4-c0a6bd10e3dd; trace=019fba35-985c-77c2-8aeb-cbb91eaa89dd,id=019fba37-bbe9-7992-9a35-ba10a9fef851; trace=019fba35-985c-77c2-8aeb-cbb91eaa89dd,id=019fba37-bbe9-7992-9a35-ba2861c3ba13
Failed to send compressed multipart ingest: langsmith.utils.LangSmithRateLimitError: Rate limit exceeded for https://api.smith.langchain.com/runs/multipart. HTTPError('429 Client Error: Too Many Requests for url: https://api.smith.langchain.com/runs/multipart', '{"error":"Too many requests: tenant exceeded usage limits: Monthly unique traces usage limit exceeded"}\n')trace=019fba35-985c-77c2-8aeb-cbb91eaa89dd,id=019fba37-bbe9-7992-9a35-ba2861c3ba13; trace=019fba35-985c-77c2-8aeb-cbb91eaa89dd,id=019fba37-bbe9-7992-9a35-ba10a9fef851; trace=019fba35-985c-77c2-8aeb-cbb91eaa89dd,id=019fba37-dee5-7ad3-8cf8-db63db7434b7; trace=019fba35-985c-77c2-8aeb-cbb91eaa89dd,id=019fba37-dee7-7c22-af99-d2d70874a556
Failed to send compressed multipart ingest: langsmith.utils.LangSmithRateLimitError: Rate limit exceeded for https://api.smith.langchain.com/runs/multipart. HTTPError('429 Client Error: Too Many Requests for url: https://api.smith.langchain.com/runs/multipart', '{"error":"Too many requests: tenant exceeded usage limits: Monthly unique traces usage limit exceeded"}\n')trace=019fba35-985c-77c2-8aeb-cbb91eaa89dd,id=019fba37-dee7-7c22-af99-d2d70874a556; trace=019fba35-985c-77c2-8aeb-cbb91eaa89dd,id=019fba37-f1ca-7050-aedd-9aeed88afb66; trace=019fba35-985c-77c2-8aeb-cbb91eaa89dd,id=019fba37-f1ca-7050-aedd-9aeed88afb66; trace=019fba35-985c-77c2-8aeb-cbb91eaa89dd,id=019fba37-dee5-7ad3-8cf8-db63db7434b7; trace=019fba35-985c-77c2-8aeb-cbb91eaa89dd,id=019fba37-f1cb-7b03-a4be-92cceaeb01f9; trace=019fba35-985c-77c2-8aeb-cbb91eaa89dd,id=019fba37-f1cb-7b03-a4be-92db4ae580bb
Failed to send compressed multipart ingest: langsmith.utils.LangSmithRateLimitError: Rate limit exceeded for https://api.smith.langchain.com/runs/multipart. HTTPError('429 Client Error: Too Many Requests for url: https://api.smith.langchain.com/runs/multipart', '{"error":"Too many requests: tenant exceeded usage limits: Monthly unique traces usage limit exceeded"}\n')trace=019fba35-985c-77c2-8aeb-cbb91eaa89dd,id=019fba37-f1cb-7b03-a4be-92db4ae580bb; trace=019fba35-985c-77c2-8aeb-cbb91eaa89dd,id=019fba37-f1cb-7b03-a4be-92cceaeb01f9; trace=019fba35-985c-77c2-8aeb-cbb91eaa89dd,id=019fba38-2155-71a3-b577-95e71d399063; trace=019fba35-985c-77c2-8aeb-cbb91eaa89dd,id=019fba38-2157-7f50-8940-db4305e0867b
Failed to send compressed multipart ingest: langsmith.utils.LangSmithRateLimitError: Rate limit exceeded for https://api.smith.langchain.com/runs/multipart. HTTPError('429 Client Error: Too Many Requests for url: https://api.smith.langchain.com/runs/multipart', '{"error":"Too many requests: tenant exceeded usage limits: Monthly unique traces usage limit exceeded"}\n')trace=019fba35-985c-77c2-8aeb-cbb91eaa89dd,id=019fba38-2157-7f50-8940-db4305e0867b; trace=019fba35-985c-77c2-8aeb-cbb91eaa89dd,id=019fba38-34c4-79e3-87ed-0e315643ac2b; trace=019fba35-985c-77c2-8aeb-cbb91eaa89dd,id=019fba38-34c4-79e3-87ed-0e315643ac2b; trace=019fba35-985c-77c2-8aeb-cbb91eaa89dd,id=019fba38-2155-71a3-b577-95e71d399063; trace=019fba35-985c-77c2-8aeb-cbb91eaa89dd,id=019fba38-34c5-7da2-9622-9e7bb6d5c57d; trace=019fba35-985c-77c2-8aeb-cbb91eaa89dd,id=019fba38-34c5-7da2-9622-9e8aa14db476
Failed to send compressed multipart ingest: langsmith.utils.LangSmithRateLimitError: Rate limit exceeded for https://api.smith.langchain.com/runs/multipart. HTTPError('429 Client Error: Too Many Requests for url: https://api.smith.langchain.com/runs/multipart', '{"error":"Too many requests: tenant exceeded usage limits: Monthly unique traces usage limit exceeded"}\n')trace=019fba35-985c-77c2-8aeb-cbb91eaa89dd,id=019fba38-34c5-7da2-9622-9e8aa14db476; trace=019fba35-985c-77c2-8aeb-cbb91eaa89dd,id=019fba38-34c5-7da2-9622-9e7bb6d5c57d; trace=019fba35-985c-77c2-8aeb-cbb91eaa89dd,id=019fba38-7e0c-7ae3-b0ef-638e634ba6ff; trace=019fba35-985c-77c2-8aeb-cbb91eaa89dd,id=019fba38-7e0e-78c1-b7f9-30d60caa440c
Calling Baseline Move server...
Baseline Move server rate-limited (attempt 1/3); retrying in 5s...
Calling Baseline Move server...
Baseline Move server rate-limited (attempt 1/3); retrying in 5s...
Baseline Move server rate-limited (attempt 2/3); retrying in 10s...
Calling Baseline Move server...
Calling Baseline Move server...
Calling Baseline Move server...
Calling Baseline Move server...
[baseline] 49/104 scenario_02_05 (repeat 1/4)
Failed to send compressed multipart ingest: langsmith.utils.LangSmithRateLimitError: Rate limit exceeded for https://api.smith.langchain.com/runs/multipart. HTTPError('429 Client Error: Too Many Requests for url: https://api.smith.langchain.com/runs/multipart', '{"error":"Too many requests: tenant exceeded usage limits: Monthly unique traces usage limit exceeded"}\n')trace=019fba35-985c-77c2-8aeb-cbb91eaa89dd,id=019fba38-7e0e-78c1-b7f9-30d60caa440c; trace=019fba35-985c-77c2-8aeb-cbb91eaa89dd,id=019fba38-cd87-7551-9741-57f97f9417a3; trace=019fba35-985c-77c2-8aeb-cbb91eaa89dd,id=019fba38-cd87-7551-9741-57f97f9417a3; trace=019fba35-985c-77c2-8aeb-cbb91eaa89dd,id=019fba38-7e0c-7ae3-b0ef-638e634ba6ff; trace=019fba35-985c-77c2-8aeb-cbb91eaa89dd,id=019fba38-cd88-7600-8666-b70406ff3ba6; trace=019fba35-985c-77c2-8aeb-cbb91eaa89dd,id=019fba38-cd88-7600-8666-b70406ff3ba6; trace=019fba35-985c-77c2-8aeb-cbb91eaa89dd,id=019fba35-985c-77c2-8aeb-cbb91eaa89dd; trace=019fba38-ce37-7643-8a5d-0e0a4e633125,id=019fba38-ce37-7643-8a5d-0e0a4e633125; trace=019fba38-ce37-7643-8a5d-0e0a4e633125,id=019fba38-ce38-7da1-b6f4-d915b2874b89; trace=019fba38-ce37-7643-8a5d-0e0a4e633125,id=019fba38-ce38-7da1-b6f4-d915b2874b89; trace=019fba38-ce37-7643-8a5d-0e0a4e633125,id=019fba38-ce38-7da1-b6f4-d92708ace6c3; trace=019fba38-ce37-7643-8a5d-0e0a4e633125,id=019fba38-cedb-7a20-87fe-07def0aa8e90; trace=019fba38-ce37-7643-8a5d-0e0a4e633125,id=019fba38-cedb-7a20-87fe-07def0aa8e90; trace=019fba38-ce37-7643-8a5d-0e0a4e633125,id=019fba38-ce38-7da1-b6f4-d92708ace6c3; trace=019fba38-ce37-7643-8a5d-0e0a4e633125,id=019fba38-cedc-70a2-9c1b-79a0ea86f555; trace=019fba38-ce37-7643-8a5d-0e0a4e633125,id=019fba38-cedc-70a2-9c1b-79b60a4005a3
Failed to send compressed multipart ingest: langsmith.utils.LangSmithRateLimitError: Rate limit exceeded for https://api.smith.langchain.com/runs/multipart. HTTPError('429 Client Error: Too Many Requests for url: https://api.smith.langchain.com/runs/multipart', '{"error":"Too many requests: tenant exceeded usage limits: Monthly unique traces usage limit exceeded"}\n')trace=019fba38-ce37-7643-8a5d-0e0a4e633125,id=019fba38-cedc-70a2-9c1b-79b60a4005a3; trace=019fba38-ce37-7643-8a5d-0e0a4e633125,id=019fba38-cedc-70a2-9c1b-79a0ea86f555; trace=019fba38-ce37-7643-8a5d-0e0a4e633125,id=019fba38-f411-7452-b6a2-b9f9420c264e; trace=019fba38-ce37-7643-8a5d-0e0a4e633125,id=019fba38-f413-75e2-bb6b-ce8610f116e5
Failed to send compressed multipart ingest: langsmith.utils.LangSmithRateLimitError: Rate limit exceeded for https://api.smith.langchain.com/runs/multipart. HTTPError('429 Client Error: Too Many Requests for url: https://api.smith.langchain.com/runs/multipart', '{"error":"Too many requests: tenant exceeded usage limits: Monthly unique traces usage limit exceeded"}\n')trace=019fba38-ce37-7643-8a5d-0e0a4e633125,id=019fba38-f413-75e2-bb6b-ce8610f116e5; trace=019fba38-ce37-7643-8a5d-0e0a4e633125,id=019fba39-054d-7302-b33c-1b10ecbb9130
Failed to send compressed multipart ingest: langsmith.utils.LangSmithRateLimitError: Rate limit exceeded for https://api.smith.langchain.com/runs/multipart. HTTPError('429 Client Error: Too Many Requests for url: https://api.smith.langchain.com/runs/multipart', '{"error":"Too many requests: tenant exceeded usage limits: Monthly unique traces usage limit exceeded"}\n')trace=019fba38-ce37-7643-8a5d-0e0a4e633125,id=019fba39-054d-7302-b33c-1b10ecbb9130; trace=019fba38-ce37-7643-8a5d-0e0a4e633125,id=019fba39-16a7-7280-ae46-1f3ccabd76fd; trace=019fba38-ce37-7643-8a5d-0e0a4e633125,id=019fba39-16a7-7280-ae46-1f3ccabd76fd; trace=019fba38-ce37-7643-8a5d-0e0a4e633125,id=019fba38-f411-7452-b6a2-b9f9420c264e; trace=019fba38-ce37-7643-8a5d-0e0a4e633125,id=019fba39-16a7-7280-ae46-1f4924dfac11; trace=019fba38-ce37-7643-8a5d-0e0a4e633125,id=019fba39-16a8-7ae0-9c04-a3a18811b5d7
Failed to send compressed multipart ingest: langsmith.utils.LangSmithRateLimitError: Rate limit exceeded for https://api.smith.langchain.com/runs/multipart. HTTPError('429 Client Error: Too Many Requests for url: https://api.smith.langchain.com/runs/multipart', '{"error":"Too many requests: tenant exceeded usage limits: Monthly unique traces usage limit exceeded"}\n')trace=019fba38-ce37-7643-8a5d-0e0a4e633125,id=019fba39-16a8-7ae0-9c04-a3a18811b5d7; trace=019fba38-ce37-7643-8a5d-0e0a4e633125,id=019fba39-16a7-7280-ae46-1f4924dfac11; trace=019fba38-ce37-7643-8a5d-0e0a4e633125,id=019fba39-5ff7-7b72-ab59-b08823b9c854; trace=019fba38-ce37-7643-8a5d-0e0a4e633125,id=019fba39-5ff8-7a81-affe-d0a613f41980
Failed to send compressed multipart ingest: langsmith.utils.LangSmithRateLimitError: Rate limit exceeded for https://api.smith.langchain.com/runs/multipart. HTTPError('429 Client Error: Too Many Requests for url: https://api.smith.langchain.com/runs/multipart', '{"error":"Too many requests: tenant exceeded usage limits: Monthly unique traces usage limit exceeded"}\n')trace=019fba38-ce37-7643-8a5d-0e0a4e633125,id=019fba39-5ff8-7a81-affe-d0a613f41980; trace=019fba38-ce37-7643-8a5d-0e0a4e633125,id=019fba39-77b2-7cf2-ad77-8eb57a92ae6c; trace=019fba38-ce37-7643-8a5d-0e0a4e633125,id=019fba39-77b2-7cf2-ad77-8eb57a92ae6c; trace=019fba38-ce37-7643-8a5d-0e0a4e633125,id=019fba39-5ff7-7b72-ab59-b08823b9c854; trace=019fba38-ce37-7643-8a5d-0e0a4e633125,id=019fba39-77b3-7681-9d90-1994e3450a72; trace=019fba38-ce37-7643-8a5d-0e0a4e633125,id=019fba39-77b4-79b2-a40b-c1331824e6e9
Failed to send compressed multipart ingest: langsmith.utils.LangSmithRateLimitError: Rate limit exceeded for https://api.smith.langchain.com/runs/multipart. HTTPError('429 Client Error: Too Many Requests for url: https://api.smith.langchain.com/runs/multipart', '{"error":"Too many requests: tenant exceeded usage limits: Monthly unique traces usage limit exceeded"}\n')trace=019fba38-ce37-7643-8a5d-0e0a4e633125,id=019fba39-77b4-79b2-a40b-c1331824e6e9; trace=019fba38-ce37-7643-8a5d-0e0a4e633125,id=019fba39-77b3-7681-9d90-1994e3450a72; trace=019fba38-ce37-7643-8a5d-0e0a4e633125,id=019fba39-95b3-77c0-9555-8258b6e23a77; trace=019fba38-ce37-7643-8a5d-0e0a4e633125,id=019fba39-95b5-72d3-954a-823d8065f9dc
Failed to send compressed multipart ingest: langsmith.utils.LangSmithRateLimitError: Rate limit exceeded for https://api.smith.langchain.com/runs/multipart. HTTPError('429 Client Error: Too Many Requests for url: https://api.smith.langchain.com/runs/multipart', '{"error":"Too many requests: tenant exceeded usage limits: Monthly unique traces usage limit exceeded"}\n')trace=019fba38-ce37-7643-8a5d-0e0a4e633125,id=019fba39-95b5-72d3-954a-823d8065f9dc; trace=019fba38-ce37-7643-8a5d-0e0a4e633125,id=019fba39-c005-72f0-88e3-4f1bda505473; trace=019fba38-ce37-7643-8a5d-0e0a4e633125,id=019fba39-c005-72f0-88e3-4f1bda505473; trace=019fba38-ce37-7643-8a5d-0e0a4e633125,id=019fba39-95b3-77c0-9555-8258b6e23a77; trace=019fba38-ce37-7643-8a5d-0e0a4e633125,id=019fba39-c006-7af2-bb57-f64d143d96db; trace=019fba38-ce37-7643-8a5d-0e0a4e633125,id=019fba39-c006-7af2-bb57-f65ca430df3f
Failed to send compressed multipart ingest: langsmith.utils.LangSmithRateLimitError: Rate limit exceeded for https://api.smith.langchain.com/runs/multipart. HTTPError('429 Client Error: Too Many Requests for url: https://api.smith.langchain.com/runs/multipart', '{"error":"Too many requests: tenant exceeded usage limits: Monthly unique traces usage limit exceeded"}\n')trace=019fba38-ce37-7643-8a5d-0e0a4e633125,id=019fba39-c006-7af2-bb57-f65ca430df3f; trace=019fba38-ce37-7643-8a5d-0e0a4e633125,id=019fba39-c006-7af2-bb57-f64d143d96db; trace=019fba38-ce37-7643-8a5d-0e0a4e633125,id=019fba39-e44f-74b2-8215-5491d10b12bb; trace=019fba38-ce37-7643-8a5d-0e0a4e633125,id=019fba39-e451-7d12-b700-5cdeba119ef9
Failed to send compressed multipart ingest: langsmith.utils.LangSmithRateLimitError: Rate limit exceeded for https://api.smith.langchain.com/runs/multipart. HTTPError('429 Client Error: Too Many Requests for url: https://api.smith.langchain.com/runs/multipart', '{"error":"Too many requests: tenant exceeded usage limits: Monthly unique traces usage limit exceeded"}\n')trace=019fba38-ce37-7643-8a5d-0e0a4e633125,id=019fba39-e451-7d12-b700-5cdeba119ef9; trace=019fba38-ce37-7643-8a5d-0e0a4e633125,id=019fba39-fc56-7842-a72b-93d590db323d; trace=019fba38-ce37-7643-8a5d-0e0a4e633125,id=019fba39-fc56-7842-a72b-93d590db323d; trace=019fba38-ce37-7643-8a5d-0e0a4e633125,id=019fba39-e44f-74b2-8215-5491d10b12bb; trace=019fba38-ce37-7643-8a5d-0e0a4e633125,id=019fba39-fc57-7871-bd36-3d220b2d8570; trace=019fba38-ce37-7643-8a5d-0e0a4e633125,id=019fba39-fc58-7873-9dad-62710b6f4897
Failed to send compressed multipart ingest: langsmith.utils.LangSmithRateLimitError: Rate limit exceeded for https://api.smith.langchain.com/runs/multipart. HTTPError('429 Client Error: Too Many Requests for url: https://api.smith.langchain.com/runs/multipart', '{"error":"Too many requests: tenant exceeded usage limits: Monthly unique traces usage limit exceeded"}\n')trace=019fba38-ce37-7643-8a5d-0e0a4e633125,id=019fba39-fc58-7873-9dad-62710b6f4897; trace=019fba38-ce37-7643-8a5d-0e0a4e633125,id=019fba39-fc57-7871-bd36-3d220b2d8570; trace=019fba38-ce37-7643-8a5d-0e0a4e633125,id=019fba3a-42c8-7db3-9a16-55983f60bfe4; trace=019fba38-ce37-7643-8a5d-0e0a4e633125,id=019fba3a-42ca-72c2-a9c3-b43d12850295
Failed to send compressed multipart ingest: langsmith.utils.LangSmithRateLimitError: Rate limit exceeded for https://api.smith.langchain.com/runs/multipart. HTTPError('429 Client Error: Too Many Requests for url: https://api.smith.langchain.com/runs/multipart', '{"error":"Too many requests: tenant exceeded usage limits: Monthly unique traces usage limit exceeded"}\n')trace=019fba38-ce37-7643-8a5d-0e0a4e633125,id=019fba3a-42ca-72c2-a9c3-b43d12850295
Calling Baseline Move server...
Calling Baseline Move server (JSON repair retry)...
Calling Baseline Move server...
Calling Baseline Move server...
Calling Baseline Move server...
Calling Baseline Move server...
[baseline] 50/104 scenario_02_05 (repeat 2/4)
Failed to send compressed multipart ingest: langsmith.utils.LangSmithRateLimitError: Rate limit exceeded for https://api.smith.langchain.com/runs/multipart. HTTPError('429 Client Error: Too Many Requests for url: https://api.smith.langchain.com/runs/multipart', '{"error":"Too many requests: tenant exceeded usage limits: Monthly unique traces usage limit exceeded"}\n')trace=019fba38-ce37-7643-8a5d-0e0a4e633125,id=019fba3a-ebf4-7ef3-85b2-18012be33226; trace=019fba38-ce37-7643-8a5d-0e0a4e633125,id=019fba3a-ebf4-7ef3-85b2-18012be33226; trace=019fba38-ce37-7643-8a5d-0e0a4e633125,id=019fba3a-42c8-7db3-9a16-55983f60bfe4; trace=019fba38-ce37-7643-8a5d-0e0a4e633125,id=019fba3a-ebf9-7e32-9469-5493440939be; trace=019fba38-ce37-7643-8a5d-0e0a4e633125,id=019fba3a-ebf9-7e32-9469-5493440939be; trace=019fba38-ce37-7643-8a5d-0e0a4e633125,id=019fba38-ce37-7643-8a5d-0e0a4e633125; trace=019fba3a-ec3c-7cd3-97d4-56d2bb50b911,id=019fba3a-ec3c-7cd3-97d4-56d2bb50b911; trace=019fba3a-ec3c-7cd3-97d4-56d2bb50b911,id=019fba3a-ec3d-7532-b500-2f0e06e4d544; trace=019fba3a-ec3c-7cd3-97d4-56d2bb50b911,id=019fba3a-ec3d-7532-b500-2f0e06e4d544; trace=019fba3a-ec3c-7cd3-97d4-56d2bb50b911,id=019fba3a-ec3e-7dd1-b54e-dddc7127683b; trace=019fba3a-ec3c-7cd3-97d4-56d2bb50b911,id=019fba3a-ecd8-7311-bbf1-6f0a9b0419ba; trace=019fba3a-ec3c-7cd3-97d4-56d2bb50b911,id=019fba3a-ecd8-7311-bbf1-6f0a9b0419ba; trace=019fba3a-ec3c-7cd3-97d4-56d2bb50b911,id=019fba3a-ec3e-7dd1-b54e-dddc7127683b; trace=019fba3a-ec3c-7cd3-97d4-56d2bb50b911,id=019fba3a-ecda-7023-9deb-459498a75bde; trace=019fba3a-ec3c-7cd3-97d4-56d2bb50b911,id=019fba3a-ecda-7023-9deb-45a1ad19ebd9
Failed to send compressed multipart ingest: langsmith.utils.LangSmithRateLimitError: Rate limit exceeded for https://api.smith.langchain.com/runs/multipart. HTTPError('429 Client Error: Too Many Requests for url: https://api.smith.langchain.com/runs/multipart', '{"error":"Too many requests: tenant exceeded usage limits: Monthly unique traces usage limit exceeded"}\n')trace=019fba3a-ec3c-7cd3-97d4-56d2bb50b911,id=019fba3a-ecda-7023-9deb-45a1ad19ebd9; trace=019fba3a-ec3c-7cd3-97d4-56d2bb50b911,id=019fba3a-ecda-7023-9deb-459498a75bde; trace=019fba3a-ec3c-7cd3-97d4-56d2bb50b911,id=019fba3b-0c4b-7c52-991c-226158ce9b46; trace=019fba3a-ec3c-7cd3-97d4-56d2bb50b911,id=019fba3b-0c4d-72b0-8814-933ed4674bb1
Failed to send compressed multipart ingest: langsmith.utils.LangSmithRateLimitError: Rate limit exceeded for https://api.smith.langchain.com/runs/multipart. HTTPError('429 Client Error: Too Many Requests for url: https://api.smith.langchain.com/runs/multipart', '{"error":"Too many requests: tenant exceeded usage limits: Monthly unique traces usage limit exceeded"}\n')trace=019fba3a-ec3c-7cd3-97d4-56d2bb50b911,id=019fba3b-0c4d-72b0-8814-933ed4674bb1; trace=019fba3a-ec3c-7cd3-97d4-56d2bb50b911,id=019fba3b-2020-7430-ba9a-55ac99086d55
Failed to send compressed multipart ingest: langsmith.utils.LangSmithRateLimitError: Rate limit exceeded for https://api.smith.langchain.com/runs/multipart. HTTPError('429 Client Error: Too Many Requests for url: https://api.smith.langchain.com/runs/multipart', '{"error":"Too many requests: tenant exceeded usage limits: Monthly unique traces usage limit exceeded"}\n')trace=019fba3a-ec3c-7cd3-97d4-56d2bb50b911,id=019fba3b-2020-7430-ba9a-55ac99086d55; trace=019fba3a-ec3c-7cd3-97d4-56d2bb50b911,id=019fba3b-482c-7a51-a884-751e7399e96a; trace=019fba3a-ec3c-7cd3-97d4-56d2bb50b911,id=019fba3b-482c-7a51-a884-751e7399e96a; trace=019fba3a-ec3c-7cd3-97d4-56d2bb50b911,id=019fba3b-0c4b-7c52-991c-226158ce9b46; trace=019fba3a-ec3c-7cd3-97d4-56d2bb50b911,id=019fba3b-482e-7ce1-aca0-2237702e529c; trace=019fba3a-ec3c-7cd3-97d4-56d2bb50b911,id=019fba3b-482e-7ce1-aca0-224dc36e617d
Failed to send compressed multipart ingest: langsmith.utils.LangSmithRateLimitError: Rate limit exceeded for https://api.smith.langchain.com/runs/multipart. HTTPError('429 Client Error: Too Many Requests for url: https://api.smith.langchain.com/runs/multipart', '{"error":"Too many requests: tenant exceeded usage limits: Monthly unique traces usage limit exceeded"}\n')trace=019fba3a-ec3c-7cd3-97d4-56d2bb50b911,id=019fba3b-482e-7ce1-aca0-224dc36e617d; trace=019fba3a-ec3c-7cd3-97d4-56d2bb50b911,id=019fba3b-482e-7ce1-aca0-2237702e529c; trace=019fba3a-ec3c-7cd3-97d4-56d2bb50b911,id=019fba3b-6b09-7cb2-ace3-da1ec8f8a704; trace=019fba3a-ec3c-7cd3-97d4-56d2bb50b911,id=019fba3b-6b0b-7df2-8451-a0960e0fdd7d
Failed to send compressed multipart ingest: langsmith.utils.LangSmithRateLimitError: Rate limit exceeded for https://api.smith.langchain.com/runs/multipart. HTTPError('429 Client Error: Too Many Requests for url: https://api.smith.langchain.com/runs/multipart', '{"error":"Too many requests: tenant exceeded usage limits: Monthly unique traces usage limit exceeded"}\n')trace=019fba3a-ec3c-7cd3-97d4-56d2bb50b911,id=019fba3b-6b0b-7df2-8451-a0960e0fdd7d; trace=019fba3a-ec3c-7cd3-97d4-56d2bb50b911,id=019fba3b-87aa-7cc0-a38e-babba43349fa; trace=019fba3a-ec3c-7cd3-97d4-56d2bb50b911,id=019fba3b-87aa-7cc0-a38e-babba43349fa; trace=019fba3a-ec3c-7cd3-97d4-56d2bb50b911,id=019fba3b-6b09-7cb2-ace3-da1ec8f8a704; trace=019fba3a-ec3c-7cd3-97d4-56d2bb50b911,id=019fba3b-87ab-7fc2-bc89-38244e3ca7a9; trace=019fba3a-ec3c-7cd3-97d4-56d2bb50b911,id=019fba3b-87ac-70a1-b6ec-d50006b26583
Failed to send compressed multipart ingest: langsmith.utils.LangSmithRateLimitError: Rate limit exceeded for https://api.smith.langchain.com/runs/multipart. HTTPError('429 Client Error: Too Many Requests for url: https://api.smith.langchain.com/runs/multipart', '{"error":"Too many requests: tenant exceeded usage limits: Monthly unique traces usage limit exceeded"}\n')trace=019fba3a-ec3c-7cd3-97d4-56d2bb50b911,id=019fba3b-87ac-70a1-b6ec-d50006b26583; trace=019fba3a-ec3c-7cd3-97d4-56d2bb50b911,id=019fba3b-87ab-7fc2-bc89-38244e3ca7a9; trace=019fba3a-ec3c-7cd3-97d4-56d2bb50b911,id=019fba3b-b030-7e40-b06e-5a1b5ddd0b0f; trace=019fba3a-ec3c-7cd3-97d4-56d2bb50b911,id=019fba3b-b032-7f62-a292-ab661ce17ae0
Failed to send compressed multipart ingest: langsmith.utils.LangSmithRateLimitError: Rate limit exceeded for https://api.smith.langchain.com/runs/multipart. HTTPError('429 Client Error: Too Many Requests for url: https://api.smith.langchain.com/runs/multipart', '{"error":"Too many requests: tenant exceeded usage limits: Monthly unique traces usage limit exceeded"}\n')trace=019fba3a-ec3c-7cd3-97d4-56d2bb50b911,id=019fba3b-b032-7f62-a292-ab661ce17ae0
Failed to send compressed multipart ingest: langsmith.utils.LangSmithRateLimitError: Rate limit exceeded for https://api.smith.langchain.com/runs/multipart. HTTPError('429 Client Error: Too Many Requests for url: https://api.smith.langchain.com/runs/multipart', '{"error":"Too many requests: tenant exceeded usage limits: Monthly unique traces usage limit exceeded"}\n')trace=019fba3a-ec3c-7cd3-97d4-56d2bb50b911,id=019fba3b-d078-70d3-94d3-a1c87f84c9f7; trace=019fba3a-ec3c-7cd3-97d4-56d2bb50b911,id=019fba3b-d078-70d3-94d3-a1c87f84c9f7; trace=019fba3a-ec3c-7cd3-97d4-56d2bb50b911,id=019fba3b-b030-7e40-b06e-5a1b5ddd0b0f; trace=019fba3a-ec3c-7cd3-97d4-56d2bb50b911,id=019fba3b-d07c-7970-a053-02e6a40e16c9; trace=019fba3a-ec3c-7cd3-97d4-56d2bb50b911,id=019fba3b-d07d-7eb2-8287-8a3dbc2f0183
Failed to send compressed multipart ingest: langsmith.utils.LangSmithRateLimitError: Rate limit exceeded for https://api.smith.langchain.com/runs/multipart. HTTPError('429 Client Error: Too Many Requests for url: https://api.smith.langchain.com/runs/multipart', '{"error":"Too many requests: tenant exceeded usage limits: Monthly unique traces usage limit exceeded"}\n')trace=019fba3a-ec3c-7cd3-97d4-56d2bb50b911,id=019fba3b-d07d-7eb2-8287-8a3dbc2f0183; trace=019fba3a-ec3c-7cd3-97d4-56d2bb50b911,id=019fba3b-d07c-7970-a053-02e6a40e16c9; trace=019fba3a-ec3c-7cd3-97d4-56d2bb50b911,id=019fba3b-f0c6-7dd2-96ad-2ed8eed30fd2; trace=019fba3a-ec3c-7cd3-97d4-56d2bb50b911,id=019fba3b-f0c8-7b43-a1d0-54430795c6fa
Failed to send compressed multipart ingest: langsmith.utils.LangSmithRateLimitError: Rate limit exceeded for https://api.smith.langchain.com/runs/multipart. HTTPError('429 Client Error: Too Many Requests for url: https://api.smith.langchain.com/runs/multipart', '{"error":"Too many requests: tenant exceeded usage limits: Monthly unique traces usage limit exceeded"}\n')trace=019fba3a-ec3c-7cd3-97d4-56d2bb50b911,id=019fba3b-f0c8-7b43-a1d0-54430795c6fa; trace=019fba3a-ec3c-7cd3-97d4-56d2bb50b911,id=019fba3c-1869-7b01-8ac8-abfb1d8b26ca; trace=019fba3a-ec3c-7cd3-97d4-56d2bb50b911,id=019fba3c-1869-7b01-8ac8-abfb1d8b26ca; trace=019fba3a-ec3c-7cd3-97d4-56d2bb50b911,id=019fba3b-f0c6-7dd2-96ad-2ed8eed30fd2; trace=019fba3a-ec3c-7cd3-97d4-56d2bb50b911,id=019fba3c-186a-7c03-abf8-74fd9f8f6a0c; trace=019fba3a-ec3c-7cd3-97d4-56d2bb50b911,id=019fba3c-186b-7152-96df-6faf75b7e058
Failed to send compressed multipart ingest: langsmith.utils.LangSmithRateLimitError: Rate limit exceeded for https://api.smith.langchain.com/runs/multipart. HTTPError('429 Client Error: Too Many Requests for url: https://api.smith.langchain.com/runs/multipart', '{"error":"Too many requests: tenant exceeded usage limits: Monthly unique traces usage limit exceeded"}\n')trace=019fba3a-ec3c-7cd3-97d4-56d2bb50b911,id=019fba3c-186b-7152-96df-6faf75b7e058; trace=019fba3a-ec3c-7cd3-97d4-56d2bb50b911,id=019fba3c-186a-7c03-abf8-74fd9f8f6a0c; trace=019fba3a-ec3c-7cd3-97d4-56d2bb50b911,id=019fba3c-4892-7660-b231-7bae49032190; trace=019fba3a-ec3c-7cd3-97d4-56d2bb50b911,id=019fba3c-4894-7410-9d66-e46ba513b7aa
Calling Baseline Move server...
Calling Baseline Move server (JSON repair retry)...
Calling Baseline Move server...
Calling Baseline Move server...
Calling Baseline Move server...
Calling Baseline Move server...
[baseline] 51/104 scenario_02_05 (repeat 3/4)
Failed to send compressed multipart ingest: langsmith.utils.LangSmithRateLimitError: Rate limit exceeded for https://api.smith.langchain.com/runs/multipart. HTTPError('429 Client Error: Too Many Requests for url: https://api.smith.langchain.com/runs/multipart', '{"error":"Too many requests: tenant exceeded usage limits: Monthly unique traces usage limit exceeded"}\n')trace=019fba3a-ec3c-7cd3-97d4-56d2bb50b911,id=019fba3c-4894-7410-9d66-e46ba513b7aa; trace=019fba3a-ec3c-7cd3-97d4-56d2bb50b911,id=019fba3d-389e-7fd3-b734-950c43acb09a; trace=019fba3a-ec3c-7cd3-97d4-56d2bb50b911,id=019fba3d-389e-7fd3-b734-950c43acb09a; trace=019fba3a-ec3c-7cd3-97d4-56d2bb50b911,id=019fba3c-4892-7660-b231-7bae49032190; trace=019fba3a-ec3c-7cd3-97d4-56d2bb50b911,id=019fba3d-389f-75c2-8904-2cbba84ee7b0; trace=019fba3a-ec3c-7cd3-97d4-56d2bb50b911,id=019fba3d-389f-75c2-8904-2cbba84ee7b0; trace=019fba3a-ec3c-7cd3-97d4-56d2bb50b911,id=019fba3a-ec3c-7cd3-97d4-56d2bb50b911; trace=019fba3d-38ff-7893-9c33-e7a33875debe,id=019fba3d-38ff-7893-9c33-e7a33875debe; trace=019fba3d-38ff-7893-9c33-e7a33875debe,id=019fba3d-3900-7082-b6a5-9fc48fa39cf4; trace=019fba3d-38ff-7893-9c33-e7a33875debe,id=019fba3d-3900-7082-b6a5-9fc48fa39cf4; trace=019fba3d-38ff-7893-9c33-e7a33875debe,id=019fba3d-3900-7082-b6a5-9fd7bec0c7b3; trace=019fba3d-38ff-7893-9c33-e7a33875debe,id=019fba3d-39bb-7a10-a8cc-6cd7cb28a5a6; trace=019fba3d-38ff-7893-9c33-e7a33875debe,id=019fba3d-39bb-7a10-a8cc-6cd7cb28a5a6; trace=019fba3d-38ff-7893-9c33-e7a33875debe,id=019fba3d-3900-7082-b6a5-9fd7bec0c7b3; trace=019fba3d-38ff-7893-9c33-e7a33875debe,id=019fba3d-39bc-7b81-9cd5-fb70464c5f8c; trace=019fba3d-38ff-7893-9c33-e7a33875debe,id=019fba3d-39bd-7863-aeac-5a53a8891528
Failed to send compressed multipart ingest: langsmith.utils.LangSmithRateLimitError: Rate limit exceeded for https://api.smith.langchain.com/runs/multipart. HTTPError('429 Client Error: Too Many Requests for url: https://api.smith.langchain.com/runs/multipart', '{"error":"Too many requests: tenant exceeded usage limits: Monthly unique traces usage limit exceeded"}\n')trace=019fba3d-38ff-7893-9c33-e7a33875debe,id=019fba3d-39bd-7863-aeac-5a53a8891528; trace=019fba3d-38ff-7893-9c33-e7a33875debe,id=019fba3d-39bc-7b81-9cd5-fb70464c5f8c; trace=019fba3d-38ff-7893-9c33-e7a33875debe,id=019fba3d-54e1-73e2-8d84-4201b6f2c2de; trace=019fba3d-38ff-7893-9c33-e7a33875debe,id=019fba3d-54e3-7911-9cd2-ea55d88c3ca8
Failed to send compressed multipart ingest: langsmith.utils.LangSmithRateLimitError: Rate limit exceeded for https://api.smith.langchain.com/runs/multipart. HTTPError('429 Client Error: Too Many Requests for url: https://api.smith.langchain.com/runs/multipart', '{"error":"Too many requests: tenant exceeded usage limits: Monthly unique traces usage limit exceeded"}\n')trace=019fba3d-38ff-7893-9c33-e7a33875debe,id=019fba3d-54e3-7911-9cd2-ea55d88c3ca8; trace=019fba3d-38ff-7893-9c33-e7a33875debe,id=019fba3d-641a-7681-919a-81731d70db86
Failed to send compressed multipart ingest: langsmith.utils.LangSmithRateLimitError: Rate limit exceeded for https://api.smith.langchain.com/runs/multipart. HTTPError('429 Client Error: Too Many Requests for url: https://api.smith.langchain.com/runs/multipart', '{"error":"Too many requests: tenant exceeded usage limits: Monthly unique traces usage limit exceeded"}\n')trace=019fba3d-38ff-7893-9c33-e7a33875debe,id=019fba3d-641a-7681-919a-81731d70db86; trace=019fba3d-38ff-7893-9c33-e7a33875debe,id=019fba3d-9597-79f3-9d77-d0fd598fe76b; trace=019fba3d-38ff-7893-9c33-e7a33875debe,id=019fba3d-9597-79f3-9d77-d0fd598fe76b; trace=019fba3d-38ff-7893-9c33-e7a33875debe,id=019fba3d-54e1-73e2-8d84-4201b6f2c2de; trace=019fba3d-38ff-7893-9c33-e7a33875debe,id=019fba3d-9598-7172-ba7a-a6975da8261b; trace=019fba3d-38ff-7893-9c33-e7a33875debe,id=019fba3d-9598-7172-ba7a-a6a0e0327ca7
Failed to send compressed multipart ingest: langsmith.utils.LangSmithRateLimitError: Rate limit exceeded for https://api.smith.langchain.com/runs/multipart. HTTPError('429 Client Error: Too Many Requests for url: https://api.smith.langchain.com/runs/multipart', '{"error":"Too many requests: tenant exceeded usage limits: Monthly unique traces usage limit exceeded"}\n')trace=019fba3d-38ff-7893-9c33-e7a33875debe,id=019fba3d-9598-7172-ba7a-a6a0e0327ca7; trace=019fba3d-38ff-7893-9c33-e7a33875debe,id=019fba3d-9598-7172-ba7a-a6975da8261b; trace=019fba3d-38ff-7893-9c33-e7a33875debe,id=019fba3d-adba-7933-8aac-d7a22fb24c4c; trace=019fba3d-38ff-7893-9c33-e7a33875debe,id=019fba3d-adbc-7d73-80ff-7b1343278e2b
Failed to send compressed multipart ingest: langsmith.utils.LangSmithRateLimitError: Rate limit exceeded for https://api.smith.langchain.com/runs/multipart. HTTPError('429 Client Error: Too Many Requests for url: https://api.smith.langchain.com/runs/multipart', '{"error":"Too many requests: tenant exceeded usage limits: Monthly unique traces usage limit exceeded"}\n')trace=019fba3d-38ff-7893-9c33-e7a33875debe,id=019fba3d-adbc-7d73-80ff-7b1343278e2b
Failed to send compressed multipart ingest: langsmith.utils.LangSmithRateLimitError: Rate limit exceeded for https://api.smith.langchain.com/runs/multipart. HTTPError('429 Client Error: Too Many Requests for url: https://api.smith.langchain.com/runs/multipart', '{"error":"Too many requests: tenant exceeded usage limits: Monthly unique traces usage limit exceeded"}\n')trace=019fba3d-38ff-7893-9c33-e7a33875debe,id=019fba3d-c4bb-7f91-a8ed-ac13d812cf55; trace=019fba3d-38ff-7893-9c33-e7a33875debe,id=019fba3d-c4bb-7f91-a8ed-ac13d812cf55; trace=019fba3d-38ff-7893-9c33-e7a33875debe,id=019fba3d-adba-7933-8aac-d7a22fb24c4c; trace=019fba3d-38ff-7893-9c33-e7a33875debe,id=019fba3d-c4c0-7053-b20a-fbea52ebb701; trace=019fba3d-38ff-7893-9c33-e7a33875debe,id=019fba3d-c4c0-7053-b20a-fbfd4a192329
Failed to send compressed multipart ingest: langsmith.utils.LangSmithRateLimitError: Rate limit exceeded for https://api.smith.langchain.com/runs/multipart. HTTPError('429 Client Error: Too Many Requests for url: https://api.smith.langchain.com/runs/multipart', '{"error":"Too many requests: tenant exceeded usage limits: Monthly unique traces usage limit exceeded"}\n')trace=019fba3d-38ff-7893-9c33-e7a33875debe,id=019fba3d-c4c0-7053-b20a-fbfd4a192329; trace=019fba3d-38ff-7893-9c33-e7a33875debe,id=019fba3d-c4c0-7053-b20a-fbea52ebb701; trace=019fba3d-38ff-7893-9c33-e7a33875debe,id=019fba3d-dd3b-7da2-bc9b-63e6a6739dcf; trace=019fba3d-38ff-7893-9c33-e7a33875debe,id=019fba3d-dd3d-7722-ad44-82655e3b1dd8
Failed to send compressed multipart ingest: langsmith.utils.LangSmithRateLimitError: Rate limit exceeded for https://api.smith.langchain.com/runs/multipart. HTTPError('429 Client Error: Too Many Requests for url: https://api.smith.langchain.com/runs/multipart', '{"error":"Too many requests: tenant exceeded usage limits: Monthly unique traces usage limit exceeded"}\n')trace=019fba3d-38ff-7893-9c33-e7a33875debe,id=019fba3d-dd3d-7722-ad44-82655e3b1dd8; trace=019fba3d-38ff-7893-9c33-e7a33875debe,id=019fba3e-05bd-7571-b8a8-69887e20e79a; trace=019fba3d-38ff-7893-9c33-e7a33875debe,id=019fba3e-05bd-7571-b8a8-69887e20e79a; trace=019fba3d-38ff-7893-9c33-e7a33875debe,id=019fba3d-dd3b-7da2-bc9b-63e6a6739dcf; trace=019fba3d-38ff-7893-9c33-e7a33875debe,id=019fba3e-05be-7e33-adb0-1393218ed42e; trace=019fba3d-38ff-7893-9c33-e7a33875debe,id=019fba3e-05bf-7d03-8724-1823060c84e6
Failed to send compressed multipart ingest: langsmith.utils.LangSmithRateLimitError: Rate limit exceeded for https://api.smith.langchain.com/runs/multipart. HTTPError('429 Client Error: Too Many Requests for url: https://api.smith.langchain.com/runs/multipart', '{"error":"Too many requests: tenant exceeded usage limits: Monthly unique traces usage limit exceeded"}\n')trace=019fba3d-38ff-7893-9c33-e7a33875debe,id=019fba3e-05bf-7d03-8724-1823060c84e6; trace=019fba3d-38ff-7893-9c33-e7a33875debe,id=019fba3e-05be-7e33-adb0-1393218ed42e; trace=019fba3d-38ff-7893-9c33-e7a33875debe,id=019fba3e-1bba-7780-9279-721e83fba0e6; trace=019fba3d-38ff-7893-9c33-e7a33875debe,id=019fba3e-1bbc-75a1-8195-e72da800b72e
Failed to send compressed multipart ingest: langsmith.utils.LangSmithRateLimitError: Rate limit exceeded for https://api.smith.langchain.com/runs/multipart. HTTPError('429 Client Error: Too Many Requests for url: https://api.smith.langchain.com/runs/multipart', '{"error":"Too many requests: tenant exceeded usage limits: Monthly unique traces usage limit exceeded"}\n')trace=019fba3d-38ff-7893-9c33-e7a33875debe,id=019fba3e-1bbc-75a1-8195-e72da800b72e; trace=019fba3d-38ff-7893-9c33-e7a33875debe,id=019fba3e-4a4d-7951-a136-4d64584accd1; trace=019fba3d-38ff-7893-9c33-e7a33875debe,id=019fba3e-4a4d-7951-a136-4d64584accd1; trace=019fba3d-38ff-7893-9c33-e7a33875debe,id=019fba3e-1bba-7780-9279-721e83fba0e6; trace=019fba3d-38ff-7893-9c33-e7a33875debe,id=019fba3e-4a4e-7060-b763-da2597ceeb48; trace=019fba3d-38ff-7893-9c33-e7a33875debe,id=019fba3e-4a4f-7b10-bd51-a2cd60210901
Failed to send compressed multipart ingest: langsmith.utils.LangSmithRateLimitError: Rate limit exceeded for https://api.smith.langchain.com/runs/multipart. HTTPError('429 Client Error: Too Many Requests for url: https://api.smith.langchain.com/runs/multipart', '{"error":"Too many requests: tenant exceeded usage limits: Monthly unique traces usage limit exceeded"}\n')trace=019fba3d-38ff-7893-9c33-e7a33875debe,id=019fba3e-4a4f-7b10-bd51-a2cd60210901; trace=019fba3d-38ff-7893-9c33-e7a33875debe,id=019fba3e-4a4e-7060-b763-da2597ceeb48; trace=019fba3d-38ff-7893-9c33-e7a33875debe,id=019fba3e-71cb-7d83-98ee-b0f6f4318616; trace=019fba3d-38ff-7893-9c33-e7a33875debe,id=019fba3e-71cd-7e03-85ec-58dcbf260ba3
Calling Baseline Move server...
Calling Baseline Move server (JSON repair retry)...
Calling Baseline Move server...
Calling Baseline Move server...
Calling Baseline Move server...
Calling Baseline Move server...
[baseline] 52/104 scenario_02_05 (repeat 4/4)
Failed to send compressed multipart ingest: langsmith.utils.LangSmithRateLimitError: Rate limit exceeded for https://api.smith.langchain.com/runs/multipart. HTTPError('429 Client Error: Too Many Requests for url: https://api.smith.langchain.com/runs/multipart', '{"error":"Too many requests: tenant exceeded usage limits: Monthly unique traces usage limit exceeded"}\n')trace=019fba3d-38ff-7893-9c33-e7a33875debe,id=019fba3e-71cd-7e03-85ec-58dcbf260ba3; trace=019fba3d-38ff-7893-9c33-e7a33875debe,id=019fba3f-24df-7b92-b0cd-18e7ef86d3de; trace=019fba3d-38ff-7893-9c33-e7a33875debe,id=019fba3f-24df-7b92-b0cd-18e7ef86d3de; trace=019fba3d-38ff-7893-9c33-e7a33875debe,id=019fba3e-71cb-7d83-98ee-b0f6f4318616; trace=019fba3d-38ff-7893-9c33-e7a33875debe,id=019fba3f-24e0-7842-9be2-e6a560a1ba64; trace=019fba3d-38ff-7893-9c33-e7a33875debe,id=019fba3f-24e0-7842-9be2-e6a560a1ba64; trace=019fba3d-38ff-7893-9c33-e7a33875debe,id=019fba3d-38ff-7893-9c33-e7a33875debe; trace=019fba3f-2547-7e92-8375-b2d28b75f916,id=019fba3f-2547-7e92-8375-b2d28b75f916; trace=019fba3f-2547-7e92-8375-b2d28b75f916,id=019fba3f-2548-7640-b0c7-fd0b2fe97ea6; trace=019fba3f-2547-7e92-8375-b2d28b75f916,id=019fba3f-2548-7640-b0c7-fd0b2fe97ea6; trace=019fba3f-2547-7e92-8375-b2d28b75f916,id=019fba3f-2549-7073-bd08-6d48d7fd2cf5; trace=019fba3f-2547-7e92-8375-b2d28b75f916,id=019fba3f-25c2-7da3-a84b-a3779ecf7ff8; trace=019fba3f-2547-7e92-8375-b2d28b75f916,id=019fba3f-25c2-7da3-a84b-a3779ecf7ff8; trace=019fba3f-2547-7e92-8375-b2d28b75f916,id=019fba3f-2549-7073-bd08-6d48d7fd2cf5; trace=019fba3f-2547-7e92-8375-b2d28b75f916,id=019fba3f-25c3-74d2-ae90-5cb8b6f939fa; trace=019fba3f-2547-7e92-8375-b2d28b75f916,id=019fba3f-25c4-7ad1-80fc-d69477976f1e
Failed to send compressed multipart ingest: langsmith.utils.LangSmithRateLimitError: Rate limit exceeded for https://api.smith.langchain.com/runs/multipart. HTTPError('429 Client Error: Too Many Requests for url: https://api.smith.langchain.com/runs/multipart', '{"error":"Too many requests: tenant exceeded usage limits: Monthly unique traces usage limit exceeded"}\n')trace=019fba3f-2547-7e92-8375-b2d28b75f916,id=019fba3f-25c4-7ad1-80fc-d69477976f1e; trace=019fba3f-2547-7e92-8375-b2d28b75f916,id=019fba3f-25c3-74d2-ae90-5cb8b6f939fa; trace=019fba3f-2547-7e92-8375-b2d28b75f916,id=019fba3f-3f8c-7d30-9d71-83b09cc5cb17; trace=019fba3f-2547-7e92-8375-b2d28b75f916,id=019fba3f-3f8d-7d41-bc0a-df3a92ddafa0
Failed to send compressed multipart ingest: langsmith.utils.LangSmithRateLimitError: Rate limit exceeded for https://api.smith.langchain.com/runs/multipart. HTTPError('429 Client Error: Too Many Requests for url: https://api.smith.langchain.com/runs/multipart', '{"error":"Too many requests: tenant exceeded usage limits: Monthly unique traces usage limit exceeded"}\n')trace=019fba3f-2547-7e92-8375-b2d28b75f916,id=019fba3f-3f8d-7d41-bc0a-df3a92ddafa0; trace=019fba3f-2547-7e92-8375-b2d28b75f916,id=019fba3f-539d-7c72-995d-64f13e878310
Failed to send compressed multipart ingest: langsmith.utils.LangSmithRateLimitError: Rate limit exceeded for https://api.smith.langchain.com/runs/multipart. HTTPError('429 Client Error: Too Many Requests for url: https://api.smith.langchain.com/runs/multipart', '{"error":"Too many requests: tenant exceeded usage limits: Monthly unique traces usage limit exceeded"}\n')trace=019fba3f-2547-7e92-8375-b2d28b75f916,id=019fba3f-539d-7c72-995d-64f13e878310; trace=019fba3f-2547-7e92-8375-b2d28b75f916,id=019fba3f-696a-7b23-83a0-32a96d97d99a; trace=019fba3f-2547-7e92-8375-b2d28b75f916,id=019fba3f-696a-7b23-83a0-32a96d97d99a; trace=019fba3f-2547-7e92-8375-b2d28b75f916,id=019fba3f-3f8c-7d30-9d71-83b09cc5cb17; trace=019fba3f-2547-7e92-8375-b2d28b75f916,id=019fba3f-696b-7cb0-9a29-f81f01e75a3b; trace=019fba3f-2547-7e92-8375-b2d28b75f916,id=019fba3f-696b-7cb0-9a29-f8267db6df7a
Failed to send compressed multipart ingest: langsmith.utils.LangSmithRateLimitError: Rate limit exceeded for https://api.smith.langchain.com/runs/multipart. HTTPError('429 Client Error: Too Many Requests for url: https://api.smith.langchain.com/runs/multipart', '{"error":"Too many requests: tenant exceeded usage limits: Monthly unique traces usage limit exceeded"}\n')trace=019fba3f-2547-7e92-8375-b2d28b75f916,id=019fba3f-696b-7cb0-9a29-f8267db6df7a; trace=019fba3f-2547-7e92-8375-b2d28b75f916,id=019fba3f-696b-7cb0-9a29-f81f01e75a3b; trace=019fba3f-2547-7e92-8375-b2d28b75f916,id=019fba3f-85e3-73f2-b24f-24b2d2310a27; trace=019fba3f-2547-7e92-8375-b2d28b75f916,id=019fba3f-85e5-7fd2-9b08-38efe8c23fd3
Failed to send compressed multipart ingest: langsmith.utils.LangSmithRateLimitError: Rate limit exceeded for https://api.smith.langchain.com/runs/multipart. HTTPError('429 Client Error: Too Many Requests for url: https://api.smith.langchain.com/runs/multipart', '{"error":"Too many requests: tenant exceeded usage limits: Monthly unique traces usage limit exceeded"}\n')trace=019fba3f-2547-7e92-8375-b2d28b75f916,id=019fba3f-85e5-7fd2-9b08-38efe8c23fd3; trace=019fba3f-2547-7e92-8375-b2d28b75f916,id=019fba3f-9ff1-77b0-82e2-61111c9bbfe1; trace=019fba3f-2547-7e92-8375-b2d28b75f916,id=019fba3f-9ff1-77b0-82e2-61111c9bbfe1; trace=019fba3f-2547-7e92-8375-b2d28b75f916,id=019fba3f-85e3-73f2-b24f-24b2d2310a27; trace=019fba3f-2547-7e92-8375-b2d28b75f916,id=019fba3f-9ff2-78e1-aa87-daab03fd3f49; trace=019fba3f-2547-7e92-8375-b2d28b75f916,id=019fba3f-9ff2-78e1-aa87-dabbf05ef272
Failed to send compressed multipart ingest: langsmith.utils.LangSmithRateLimitError: Rate limit exceeded for https://api.smith.langchain.com/runs/multipart. HTTPError('429 Client Error: Too Many Requests for url: https://api.smith.langchain.com/runs/multipart', '{"error":"Too many requests: tenant exceeded usage limits: Monthly unique traces usage limit exceeded"}\n')trace=019fba3f-2547-7e92-8375-b2d28b75f916,id=019fba3f-9ff2-78e1-aa87-dabbf05ef272; trace=019fba3f-2547-7e92-8375-b2d28b75f916,id=019fba3f-9ff2-78e1-aa87-daab03fd3f49; trace=019fba3f-2547-7e92-8375-b2d28b75f916,id=019fba3f-b176-7102-a7cb-61ee8011ad96; trace=019fba3f-2547-7e92-8375-b2d28b75f916,id=019fba3f-b178-72b1-a292-66c40b5da551
Failed to send compressed multipart ingest: langsmith.utils.LangSmithRateLimitError: Rate limit exceeded for https://api.smith.langchain.com/runs/multipart. HTTPError('429 Client Error: Too Many Requests for url: https://api.smith.langchain.com/runs/multipart', '{"error":"Too many requests: tenant exceeded usage limits: Monthly unique traces usage limit exceeded"}\n')trace=019fba3f-2547-7e92-8375-b2d28b75f916,id=019fba3f-b178-72b1-a292-66c40b5da551; trace=019fba3f-2547-7e92-8375-b2d28b75f916,id=019fba3f-c975-77b3-9290-cda133db9865; trace=019fba3f-2547-7e92-8375-b2d28b75f916,id=019fba3f-c975-77b3-9290-cda133db9865; trace=019fba3f-2547-7e92-8375-b2d28b75f916,id=019fba3f-b176-7102-a7cb-61ee8011ad96; trace=019fba3f-2547-7e92-8375-b2d28b75f916,id=019fba3f-c976-7d12-be74-eda6d793739f; trace=019fba3f-2547-7e92-8375-b2d28b75f916,id=019fba3f-c977-7f83-b9be-f1bcb14cffb5
Failed to send compressed multipart ingest: langsmith.utils.LangSmithRateLimitError: Rate limit exceeded for https://api.smith.langchain.com/runs/multipart. HTTPError('429 Client Error: Too Many Requests for url: https://api.smith.langchain.com/runs/multipart', '{"error":"Too many requests: tenant exceeded usage limits: Monthly unique traces usage limit exceeded"}\n')trace=019fba3f-2547-7e92-8375-b2d28b75f916,id=019fba3f-c977-7f83-b9be-f1bcb14cffb5; trace=019fba3f-2547-7e92-8375-b2d28b75f916,id=019fba3f-c976-7d12-be74-eda6d793739f; trace=019fba3f-2547-7e92-8375-b2d28b75f916,id=019fba3f-e775-7403-9962-fa8de3e6f24d; trace=019fba3f-2547-7e92-8375-b2d28b75f916,id=019fba3f-e777-73f0-ad57-9b7a84a8a923
Failed to send compressed multipart ingest: langsmith.utils.LangSmithRateLimitError: Rate limit exceeded for https://api.smith.langchain.com/runs/multipart. HTTPError('429 Client Error: Too Many Requests for url: https://api.smith.langchain.com/runs/multipart', '{"error":"Too many requests: tenant exceeded usage limits: Monthly unique traces usage limit exceeded"}\n')trace=019fba3f-2547-7e92-8375-b2d28b75f916,id=019fba3f-e777-73f0-ad57-9b7a84a8a923; trace=019fba3f-2547-7e92-8375-b2d28b75f916,id=019fba40-0167-7351-8fa5-4d676971fe3a; trace=019fba3f-2547-7e92-8375-b2d28b75f916,id=019fba40-0167-7351-8fa5-4d676971fe3a; trace=019fba3f-2547-7e92-8375-b2d28b75f916,id=019fba3f-e775-7403-9962-fa8de3e6f24d; trace=019fba3f-2547-7e92-8375-b2d28b75f916,id=019fba40-0168-76a0-935c-bacb4778d22f; trace=019fba3f-2547-7e92-8375-b2d28b75f916,id=019fba40-0168-76a0-935c-badf988a5322
Failed to send compressed multipart ingest: langsmith.utils.LangSmithRateLimitError: Rate limit exceeded for https://api.smith.langchain.com/runs/multipart. HTTPError('429 Client Error: Too Many Requests for url: https://api.smith.langchain.com/runs/multipart', '{"error":"Too many requests: tenant exceeded usage limits: Monthly unique traces usage limit exceeded"}\n')trace=019fba3f-2547-7e92-8375-b2d28b75f916,id=019fba40-0168-76a0-935c-badf988a5322; trace=019fba3f-2547-7e92-8375-b2d28b75f916,id=019fba40-0168-76a0-935c-bacb4778d22f; trace=019fba3f-2547-7e92-8375-b2d28b75f916,id=019fba40-2044-7b73-b69c-286aac6e6080; trace=019fba3f-2547-7e92-8375-b2d28b75f916,id=019fba40-2046-7762-a4a7-762424a11cd9
Calling Baseline Move server...
Calling Baseline Move server (JSON repair retry)...
Calling Baseline Move server...
Calling Baseline Move server...
Calling Baseline Move server...
Calling Baseline Move server...
[baseline] 53/104 scenario_02_06 (repeat 1/4)
Failed to send compressed multipart ingest: langsmith.utils.LangSmithRateLimitError: Rate limit exceeded for https://api.smith.langchain.com/runs/multipart. HTTPError('429 Client Error: Too Many Requests for url: https://api.smith.langchain.com/runs/multipart', '{"error":"Too many requests: tenant exceeded usage limits: Monthly unique traces usage limit exceeded"}\n')trace=019fba3f-2547-7e92-8375-b2d28b75f916,id=019fba40-2046-7762-a4a7-762424a11cd9; trace=019fba3f-2547-7e92-8375-b2d28b75f916,id=019fba40-3575-78c2-be9f-71a3bf675c43; trace=019fba3f-2547-7e92-8375-b2d28b75f916,id=019fba40-3575-78c2-be9f-71a3bf675c43; trace=019fba3f-2547-7e92-8375-b2d28b75f916,id=019fba40-2044-7b73-b69c-286aac6e6080; trace=019fba3f-2547-7e92-8375-b2d28b75f916,id=019fba40-3576-7ba2-94c1-576b96212132; trace=019fba3f-2547-7e92-8375-b2d28b75f916,id=019fba40-3576-7ba2-94c1-576b96212132; trace=019fba3f-2547-7e92-8375-b2d28b75f916,id=019fba3f-2547-7e92-8375-b2d28b75f916; trace=019fba40-3691-7862-89fb-2010d2145073,id=019fba40-3691-7862-89fb-2010d2145073; trace=019fba40-3691-7862-89fb-2010d2145073,id=019fba40-3692-73d3-9364-1f514aeef91c; trace=019fba40-3691-7862-89fb-2010d2145073,id=019fba40-3692-73d3-9364-1f514aeef91c; trace=019fba40-3691-7862-89fb-2010d2145073,id=019fba40-3692-73d3-9364-1f629aa029db; trace=019fba40-3691-7862-89fb-2010d2145073,id=019fba40-3701-7441-ba07-0306a5dd2727; trace=019fba40-3691-7862-89fb-2010d2145073,id=019fba40-3701-7441-ba07-0306a5dd2727; trace=019fba40-3691-7862-89fb-2010d2145073,id=019fba40-3692-73d3-9364-1f629aa029db; trace=019fba40-3691-7862-89fb-2010d2145073,id=019fba40-3702-71c1-a81a-f3da0a5cf14a; trace=019fba40-3691-7862-89fb-2010d2145073,id=019fba40-3703-74e0-a826-bb6de71e5265
Failed to send compressed multipart ingest: langsmith.utils.LangSmithRateLimitError: Rate limit exceeded for https://api.smith.langchain.com/runs/multipart. HTTPError('429 Client Error: Too Many Requests for url: https://api.smith.langchain.com/runs/multipart', '{"error":"Too many requests: tenant exceeded usage limits: Monthly unique traces usage limit exceeded"}\n')trace=019fba40-3691-7862-89fb-2010d2145073,id=019fba40-3703-74e0-a826-bb6de71e5265; trace=019fba40-3691-7862-89fb-2010d2145073,id=019fba40-3702-71c1-a81a-f3da0a5cf14a; trace=019fba40-3691-7862-89fb-2010d2145073,id=019fba40-6811-7360-a284-e69f2db753db; trace=019fba40-3691-7862-89fb-2010d2145073,id=019fba40-6813-7c83-9610-d121a0a348ef
Failed to send compressed multipart ingest: langsmith.utils.LangSmithRateLimitError: Rate limit exceeded for https://api.smith.langchain.com/runs/multipart. HTTPError('429 Client Error: Too Many Requests for url: https://api.smith.langchain.com/runs/multipart', '{"error":"Too many requests: tenant exceeded usage limits: Monthly unique traces usage limit exceeded"}\n')trace=019fba40-3691-7862-89fb-2010d2145073,id=019fba40-6813-7c83-9610-d121a0a348ef; trace=019fba40-3691-7862-89fb-2010d2145073,id=019fba40-7724-7f72-b2d6-20e46e54c497; trace=019fba40-3691-7862-89fb-2010d2145073,id=019fba40-7724-7f72-b2d6-20e46e54c497; trace=019fba40-3691-7862-89fb-2010d2145073,id=019fba40-6811-7360-a284-e69f2db753db; trace=019fba40-3691-7862-89fb-2010d2145073,id=019fba40-7725-71c0-bba5-9d0294eec3b5; trace=019fba40-3691-7862-89fb-2010d2145073,id=019fba40-7725-71c0-bba5-9d1f90abff39
Failed to send compressed multipart ingest: langsmith.utils.LangSmithRateLimitError: Rate limit exceeded for https://api.smith.langchain.com/runs/multipart. HTTPError('429 Client Error: Too Many Requests for url: https://api.smith.langchain.com/runs/multipart', '{"error":"Too many requests: tenant exceeded usage limits: Monthly unique traces usage limit exceeded"}\n')trace=019fba40-3691-7862-89fb-2010d2145073,id=019fba40-7725-71c0-bba5-9d1f90abff39; trace=019fba40-3691-7862-89fb-2010d2145073,id=019fba40-7725-71c0-bba5-9d0294eec3b5; trace=019fba40-3691-7862-89fb-2010d2145073,id=019fba41-0544-7a83-83af-eaea31b8e360; trace=019fba40-3691-7862-89fb-2010d2145073,id=019fba41-0546-76a2-8b1c-39959524fb63
Failed to send compressed multipart ingest: langsmith.utils.LangSmithRateLimitError: Rate limit exceeded for https://api.smith.langchain.com/runs/multipart. HTTPError('429 Client Error: Too Many Requests for url: https://api.smith.langchain.com/runs/multipart', '{"error":"Too many requests: tenant exceeded usage limits: Monthly unique traces usage limit exceeded"}\n')trace=019fba40-3691-7862-89fb-2010d2145073,id=019fba41-0546-76a2-8b1c-39959524fb63; trace=019fba40-3691-7862-89fb-2010d2145073,id=019fba41-1c2c-7431-9449-0f15018bf650; trace=019fba40-3691-7862-89fb-2010d2145073,id=019fba41-1c2c-7431-9449-0f15018bf650; trace=019fba40-3691-7862-89fb-2010d2145073,id=019fba41-0544-7a83-83af-eaea31b8e360; trace=019fba40-3691-7862-89fb-2010d2145073,id=019fba41-1c2d-7c42-a670-eed969dac95f; trace=019fba40-3691-7862-89fb-2010d2145073,id=019fba41-1c2d-7c42-a670-eeec3fec5b0c
Failed to send compressed multipart ingest: langsmith.utils.LangSmithRateLimitError: Rate limit exceeded for https://api.smith.langchain.com/runs/multipart. HTTPError('429 Client Error: Too Many Requests for url: https://api.smith.langchain.com/runs/multipart', '{"error":"Too many requests: tenant exceeded usage limits: Monthly unique traces usage limit exceeded"}\n')trace=019fba40-3691-7862-89fb-2010d2145073,id=019fba41-1c2d-7c42-a670-eeec3fec5b0c; trace=019fba40-3691-7862-89fb-2010d2145073,id=019fba41-1c2d-7c42-a670-eed969dac95f; trace=019fba40-3691-7862-89fb-2010d2145073,id=019fba41-d04a-7d00-81ab-cd798c17e533; trace=019fba40-3691-7862-89fb-2010d2145073,id=019fba41-d04c-7731-aac6-0111f5339e44
Failed to send compressed multipart ingest: langsmith.utils.LangSmithRateLimitError: Rate limit exceeded for https://api.smith.langchain.com/runs/multipart. HTTPError('429 Client Error: Too Many Requests for url: https://api.smith.langchain.com/runs/multipart', '{"error":"Too many requests: tenant exceeded usage limits: Monthly unique traces usage limit exceeded"}\n')trace=019fba40-3691-7862-89fb-2010d2145073,id=019fba41-d04c-7731-aac6-0111f5339e44; trace=019fba40-3691-7862-89fb-2010d2145073,id=019fba41-fd2c-7740-b4a9-ae7bce51eb75; trace=019fba40-3691-7862-89fb-2010d2145073,id=019fba41-fd2c-7740-b4a9-ae7bce51eb75; trace=019fba40-3691-7862-89fb-2010d2145073,id=019fba41-d04a-7d00-81ab-cd798c17e533; trace=019fba40-3691-7862-89fb-2010d2145073,id=019fba41-fd2e-79d1-9d6d-71dc8fb5d492; trace=019fba40-3691-7862-89fb-2010d2145073,id=019fba41-fd2e-79d1-9d6d-71e9f341bc54
Failed to send compressed multipart ingest: langsmith.utils.LangSmithRateLimitError: Rate limit exceeded for https://api.smith.langchain.com/runs/multipart. HTTPError('429 Client Error: Too Many Requests for url: https://api.smith.langchain.com/runs/multipart', '{"error":"Too many requests: tenant exceeded usage limits: Monthly unique traces usage limit exceeded"}\n')trace=019fba40-3691-7862-89fb-2010d2145073,id=019fba41-fd2e-79d1-9d6d-71e9f341bc54; trace=019fba40-3691-7862-89fb-2010d2145073,id=019fba41-fd2e-79d1-9d6d-71dc8fb5d492; trace=019fba40-3691-7862-89fb-2010d2145073,id=019fba42-281e-7413-9a4c-9e93f84444bc; trace=019fba40-3691-7862-89fb-2010d2145073,id=019fba42-2821-78f1-9d6f-13824445f87e
Failed to send compressed multipart ingest: langsmith.utils.LangSmithRateLimitError: Rate limit exceeded for https://api.smith.langchain.com/runs/multipart. HTTPError('429 Client Error: Too Many Requests for url: https://api.smith.langchain.com/runs/multipart', '{"error":"Too many requests: tenant exceeded usage limits: Monthly unique traces usage limit exceeded"}\n')trace=019fba40-3691-7862-89fb-2010d2145073,id=019fba42-2821-78f1-9d6f-13824445f87e
Failed to send compressed multipart ingest: langsmith.utils.LangSmithRateLimitError: Rate limit exceeded for https://api.smith.langchain.com/runs/multipart. HTTPError('429 Client Error: Too Many Requests for url: https://api.smith.langchain.com/runs/multipart', '{"error":"Too many requests: tenant exceeded usage limits: Monthly unique traces usage limit exceeded"}\n')trace=019fba40-3691-7862-89fb-2010d2145073,id=019fba42-5228-7eb2-a887-f5242dc79474; trace=019fba40-3691-7862-89fb-2010d2145073,id=019fba42-5228-7eb2-a887-f5242dc79474; trace=019fba40-3691-7862-89fb-2010d2145073,id=019fba42-281e-7413-9a4c-9e93f84444bc; trace=019fba40-3691-7862-89fb-2010d2145073,id=019fba42-522d-7b52-95d3-ace000384c10; trace=019fba40-3691-7862-89fb-2010d2145073,id=019fba42-522e-7031-94ca-483a4de9396c
Failed to send compressed multipart ingest: langsmith.utils.LangSmithRateLimitError: Rate limit exceeded for https://api.smith.langchain.com/runs/multipart. HTTPError('429 Client Error: Too Many Requests for url: https://api.smith.langchain.com/runs/multipart', '{"error":"Too many requests: tenant exceeded usage limits: Monthly unique traces usage limit exceeded"}\n')trace=019fba40-3691-7862-89fb-2010d2145073,id=019fba42-522e-7031-94ca-483a4de9396c; trace=019fba40-3691-7862-89fb-2010d2145073,id=019fba42-522d-7b52-95d3-ace000384c10; trace=019fba40-3691-7862-89fb-2010d2145073,id=019fba42-9555-79a2-9599-7ca98a359803; trace=019fba40-3691-7862-89fb-2010d2145073,id=019fba42-9557-7041-9685-f6467bb441c7
Calling Baseline Move server...
Calling Baseline Move server...
Calling Baseline Move server...
Calling Baseline Move server...
Calling Baseline Move server...
[baseline] 54/104 scenario_02_06 (repeat 2/4)
Failed to send compressed multipart ingest: langsmith.utils.LangSmithRateLimitError: Rate limit exceeded for https://api.smith.langchain.com/runs/multipart. HTTPError('429 Client Error: Too Many Requests for url: https://api.smith.langchain.com/runs/multipart', '{"error":"Too many requests: tenant exceeded usage limits: Monthly unique traces usage limit exceeded"}\n')trace=019fba40-3691-7862-89fb-2010d2145073,id=019fba42-9557-7041-9685-f6467bb441c7; trace=019fba40-3691-7862-89fb-2010d2145073,id=019fba43-16a1-75c1-bfea-bc5a75afdeb5; trace=019fba40-3691-7862-89fb-2010d2145073,id=019fba43-16a1-75c1-bfea-bc5a75afdeb5; trace=019fba40-3691-7862-89fb-2010d2145073,id=019fba42-9555-79a2-9599-7ca98a359803; trace=019fba40-3691-7862-89fb-2010d2145073,id=019fba43-16a2-76a3-ae15-a164aace3ec7; trace=019fba40-3691-7862-89fb-2010d2145073,id=019fba43-16a2-76a3-ae15-a164aace3ec7; trace=019fba40-3691-7862-89fb-2010d2145073,id=019fba40-3691-7862-89fb-2010d2145073; trace=019fba43-16df-7ac2-af26-23e291f49eec,id=019fba43-16df-7ac2-af26-23e291f49eec; trace=019fba43-16df-7ac2-af26-23e291f49eec,id=019fba43-16df-7ac2-af26-23fa64a09901; trace=019fba43-16df-7ac2-af26-23e291f49eec,id=019fba43-16df-7ac2-af26-23fa64a09901; trace=019fba43-16df-7ac2-af26-23e291f49eec,id=019fba43-16e0-79f1-a105-71c3d0653bc9; trace=019fba43-16df-7ac2-af26-23e291f49eec,id=019fba43-16f4-7633-87b1-193947a85eca; trace=019fba43-16df-7ac2-af26-23e291f49eec,id=019fba43-16f4-7633-87b1-193947a85eca; trace=019fba43-16df-7ac2-af26-23e291f49eec,id=019fba43-16e0-79f1-a105-71c3d0653bc9; trace=019fba43-16df-7ac2-af26-23e291f49eec,id=019fba43-16f5-78c3-ac15-94ae543c562c; trace=019fba43-16df-7ac2-af26-23e291f49eec,id=019fba43-16f5-78c3-ac15-94b074fc71d4
Failed to send compressed multipart ingest: langsmith.utils.LangSmithRateLimitError: Rate limit exceeded for https://api.smith.langchain.com/runs/multipart. HTTPError('429 Client Error: Too Many Requests for url: https://api.smith.langchain.com/runs/multipart', '{"error":"Too many requests: tenant exceeded usage limits: Monthly unique traces usage limit exceeded"}\n')trace=019fba43-16df-7ac2-af26-23e291f49eec,id=019fba43-16f5-78c3-ac15-94b074fc71d4; trace=019fba43-16df-7ac2-af26-23e291f49eec,id=019fba43-16f5-78c3-ac15-94ae543c562c; trace=019fba43-16df-7ac2-af26-23e291f49eec,id=019fba43-54a9-7a83-976b-191db13b9410; trace=019fba43-16df-7ac2-af26-23e291f49eec,id=019fba43-54ab-7110-9918-67e1e3b4fd23
Failed to send compressed multipart ingest: langsmith.utils.LangSmithRateLimitError: Rate limit exceeded for https://api.smith.langchain.com/runs/multipart. HTTPError('429 Client Error: Too Many Requests for url: https://api.smith.langchain.com/runs/multipart', '{"error":"Too many requests: tenant exceeded usage limits: Monthly unique traces usage limit exceeded"}\n')trace=019fba43-16df-7ac2-af26-23e291f49eec,id=019fba43-54ab-7110-9918-67e1e3b4fd23; trace=019fba43-16df-7ac2-af26-23e291f49eec,id=019fba43-72fa-7ab3-9afc-dbf7e66331fa; trace=019fba43-16df-7ac2-af26-23e291f49eec,id=019fba43-72fa-7ab3-9afc-dbf7e66331fa; trace=019fba43-16df-7ac2-af26-23e291f49eec,id=019fba43-54a9-7a83-976b-191db13b9410; trace=019fba43-16df-7ac2-af26-23e291f49eec,id=019fba43-72fb-7100-a85e-303fac3c665b; trace=019fba43-16df-7ac2-af26-23e291f49eec,id=019fba43-72fb-7100-a85e-304b2fe7ba12
Failed to send compressed multipart ingest: langsmith.utils.LangSmithRateLimitError: Rate limit exceeded for https://api.smith.langchain.com/runs/multipart. HTTPError('429 Client Error: Too Many Requests for url: https://api.smith.langchain.com/runs/multipart', '{"error":"Too many requests: tenant exceeded usage limits: Monthly unique traces usage limit exceeded"}\n')trace=019fba43-16df-7ac2-af26-23e291f49eec,id=019fba43-72fb-7100-a85e-304b2fe7ba12; trace=019fba43-16df-7ac2-af26-23e291f49eec,id=019fba43-72fb-7100-a85e-303fac3c665b; trace=019fba43-16df-7ac2-af26-23e291f49eec,id=019fba43-beee-7823-8888-99feaccd9810; trace=019fba43-16df-7ac2-af26-23e291f49eec,id=019fba43-bef0-7b22-bfaf-95fb961d5223
Failed to send compressed multipart ingest: langsmith.utils.LangSmithRateLimitError: Rate limit exceeded for https://api.smith.langchain.com/runs/multipart. HTTPError('429 Client Error: Too Many Requests for url: https://api.smith.langchain.com/runs/multipart', '{"error":"Too many requests: tenant exceeded usage limits: Monthly unique traces usage limit exceeded"}\n')trace=019fba43-16df-7ac2-af26-23e291f49eec,id=019fba43-bef0-7b22-bfaf-95fb961d5223; trace=019fba43-16df-7ac2-af26-23e291f49eec,id=019fba43-eeb7-7ed0-99e3-3309051e9781; trace=019fba43-16df-7ac2-af26-23e291f49eec,id=019fba43-eeb7-7ed0-99e3-3309051e9781; trace=019fba43-16df-7ac2-af26-23e291f49eec,id=019fba43-beee-7823-8888-99feaccd9810; trace=019fba43-16df-7ac2-af26-23e291f49eec,id=019fba43-eeb8-7bd1-86fe-5c1335ca0afd; trace=019fba43-16df-7ac2-af26-23e291f49eec,id=019fba43-eeb8-7bd1-86fe-5c2b9658c625
Failed to send compressed multipart ingest: langsmith.utils.LangSmithRateLimitError: Rate limit exceeded for https://api.smith.langchain.com/runs/multipart. HTTPError('429 Client Error: Too Many Requests for url: https://api.smith.langchain.com/runs/multipart', '{"error":"Too many requests: tenant exceeded usage limits: Monthly unique traces usage limit exceeded"}\n')trace=019fba43-16df-7ac2-af26-23e291f49eec,id=019fba43-eeb8-7bd1-86fe-5c2b9658c625; trace=019fba43-16df-7ac2-af26-23e291f49eec,id=019fba43-eeb8-7bd1-86fe-5c1335ca0afd; trace=019fba43-16df-7ac2-af26-23e291f49eec,id=019fba44-6ae5-78f0-800e-0bd62dfcadd4; trace=019fba43-16df-7ac2-af26-23e291f49eec,id=019fba44-6ae6-7da0-baad-29bf061d2378
Calling Baseline Move server...
Calling Baseline Move server...
Calling Baseline Move server...
[baseline] 55/104 scenario_02_06 (repeat 3/4)
Failed to send compressed multipart ingest: langsmith.utils.LangSmithRateLimitError: Rate limit exceeded for https://api.smith.langchain.com/runs/multipart. HTTPError('429 Client Error: Too Many Requests for url: https://api.smith.langchain.com/runs/multipart', '{"error":"Too many requests: tenant exceeded usage limits: Monthly unique traces usage limit exceeded"}\n')trace=019fba43-16df-7ac2-af26-23e291f49eec,id=019fba44-6ae6-7da0-baad-29bf061d2378; trace=019fba43-16df-7ac2-af26-23e291f49eec,id=019fba44-9fb1-7903-83ed-530c1a9876d2; trace=019fba43-16df-7ac2-af26-23e291f49eec,id=019fba44-9fb1-7903-83ed-530c1a9876d2; trace=019fba43-16df-7ac2-af26-23e291f49eec,id=019fba44-6ae5-78f0-800e-0bd62dfcadd4; trace=019fba43-16df-7ac2-af26-23e291f49eec,id=019fba44-9fb2-7511-909a-af012b724c1d; trace=019fba43-16df-7ac2-af26-23e291f49eec,id=019fba44-9fb2-7511-909a-af012b724c1d; trace=019fba43-16df-7ac2-af26-23e291f49eec,id=019fba43-16df-7ac2-af26-23e291f49eec; trace=019fba44-a041-7c50-9b6d-11bf54745e7a,id=019fba44-a041-7c50-9b6d-11bf54745e7a; trace=019fba44-a041-7c50-9b6d-11bf54745e7a,id=019fba44-a042-7410-9a16-3360ffceaf23; trace=019fba44-a041-7c50-9b6d-11bf54745e7a,id=019fba44-a042-7410-9a16-3360ffceaf23; trace=019fba44-a041-7c50-9b6d-11bf54745e7a,id=019fba44-a043-7263-abf7-94d911074bbc; trace=019fba44-a041-7c50-9b6d-11bf54745e7a,id=019fba44-a0d8-7250-a97a-e3ae6082e2b1; trace=019fba44-a041-7c50-9b6d-11bf54745e7a,id=019fba44-a0d8-7250-a97a-e3ae6082e2b1; trace=019fba44-a041-7c50-9b6d-11bf54745e7a,id=019fba44-a043-7263-abf7-94d911074bbc; trace=019fba44-a041-7c50-9b6d-11bf54745e7a,id=019fba44-a0d9-7c93-bc18-6d8f9b1f2252; trace=019fba44-a041-7c50-9b6d-11bf54745e7a,id=019fba44-a0da-7083-ba60-60d3449b5e18
Failed to send compressed multipart ingest: langsmith.utils.LangSmithRateLimitError: Rate limit exceeded for https://api.smith.langchain.com/runs/multipart. HTTPError('429 Client Error: Too Many Requests for url: https://api.smith.langchain.com/runs/multipart', '{"error":"Too many requests: tenant exceeded usage limits: Monthly unique traces usage limit exceeded"}\n')trace=019fba44-a041-7c50-9b6d-11bf54745e7a,id=019fba44-a0da-7083-ba60-60d3449b5e18; trace=019fba44-a041-7c50-9b6d-11bf54745e7a,id=019fba44-a0d9-7c93-bc18-6d8f9b1f2252; trace=019fba44-a041-7c50-9b6d-11bf54745e7a,id=019fba44-e4c1-7e52-a699-aadd838a99b5; trace=019fba44-a041-7c50-9b6d-11bf54745e7a,id=019fba44-e4c3-7460-8533-09c250625df7
Failed to send compressed multipart ingest: langsmith.utils.LangSmithRateLimitError: Rate limit exceeded for https://api.smith.langchain.com/runs/multipart. HTTPError('429 Client Error: Too Many Requests for url: https://api.smith.langchain.com/runs/multipart', '{"error":"Too many requests: tenant exceeded usage limits: Monthly unique traces usage limit exceeded"}\n')trace=019fba44-a041-7c50-9b6d-11bf54745e7a,id=019fba44-e4c3-7460-8533-09c250625df7; trace=019fba44-a041-7c50-9b6d-11bf54745e7a,id=019fba45-2429-7a50-92d6-87a83ef32576; trace=019fba44-a041-7c50-9b6d-11bf54745e7a,id=019fba45-2429-7a50-92d6-87a83ef32576; trace=019fba44-a041-7c50-9b6d-11bf54745e7a,id=019fba44-e4c1-7e52-a699-aadd838a99b5; trace=019fba44-a041-7c50-9b6d-11bf54745e7a,id=019fba45-242b-7a03-80c8-9e91a4caf46a; trace=019fba44-a041-7c50-9b6d-11bf54745e7a,id=019fba45-242b-7a03-80c8-9eaa9c319f7f
Failed to send compressed multipart ingest: langsmith.utils.LangSmithRateLimitError: Rate limit exceeded for https://api.smith.langchain.com/runs/multipart. HTTPError('429 Client Error: Too Many Requests for url: https://api.smith.langchain.com/runs/multipart', '{"error":"Too many requests: tenant exceeded usage limits: Monthly unique traces usage limit exceeded"}\n')trace=019fba44-a041-7c50-9b6d-11bf54745e7a,id=019fba45-242b-7a03-80c8-9eaa9c319f7f; trace=019fba44-a041-7c50-9b6d-11bf54745e7a,id=019fba45-242b-7a03-80c8-9e91a4caf46a; trace=019fba44-a041-7c50-9b6d-11bf54745e7a,id=019fba45-8930-7e31-b51f-d9b6dbae8c4b; trace=019fba44-a041-7c50-9b6d-11bf54745e7a,id=019fba45-8932-7ca2-8a0f-df7f2fc6b24b
Failed to send compressed multipart ingest: langsmith.utils.LangSmithRateLimitError: Rate limit exceeded for https://api.smith.langchain.com/runs/multipart. HTTPError('429 Client Error: Too Many Requests for url: https://api.smith.langchain.com/runs/multipart', '{"error":"Too many requests: tenant exceeded usage limits: Monthly unique traces usage limit exceeded"}\n')trace=019fba44-a041-7c50-9b6d-11bf54745e7a,id=019fba45-8932-7ca2-8a0f-df7f2fc6b24b; trace=019fba44-a041-7c50-9b6d-11bf54745e7a,id=019fba45-e570-75a2-92a2-9d12fa0c6b35; trace=019fba44-a041-7c50-9b6d-11bf54745e7a,id=019fba45-e570-75a2-92a2-9d12fa0c6b35; trace=019fba44-a041-7c50-9b6d-11bf54745e7a,id=019fba45-8930-7e31-b51f-d9b6dbae8c4b; trace=019fba44-a041-7c50-9b6d-11bf54745e7a,id=019fba45-e571-73f2-b385-1c3285531b6b; trace=019fba44-a041-7c50-9b6d-11bf54745e7a,id=019fba45-e571-73f2-b385-1c454cf7672e
Failed to send compressed multipart ingest: langsmith.utils.LangSmithRateLimitError: Rate limit exceeded for https://api.smith.langchain.com/runs/multipart. HTTPError('429 Client Error: Too Many Requests for url: https://api.smith.langchain.com/runs/multipart', '{"error":"Too many requests: tenant exceeded usage limits: Monthly unique traces usage limit exceeded"}\n')trace=019fba44-a041-7c50-9b6d-11bf54745e7a,id=019fba45-e571-73f2-b385-1c454cf7672e; trace=019fba44-a041-7c50-9b6d-11bf54745e7a,id=019fba45-e571-73f2-b385-1c3285531b6b; trace=019fba44-a041-7c50-9b6d-11bf54745e7a,id=019fba46-22d2-7902-8bcb-7a2823b800d6; trace=019fba44-a041-7c50-9b6d-11bf54745e7a,id=019fba46-22d4-7ca2-a370-636564d744c8
Failed to send compressed multipart ingest: langsmith.utils.LangSmithRateLimitError: Rate limit exceeded for https://api.smith.langchain.com/runs/multipart. HTTPError('429 Client Error: Too Many Requests for url: https://api.smith.langchain.com/runs/multipart', '{"error":"Too many requests: tenant exceeded usage limits: Monthly unique traces usage limit exceeded"}\n')trace=019fba44-a041-7c50-9b6d-11bf54745e7a,id=019fba46-22d4-7ca2-a370-636564d744c8; trace=019fba44-a041-7c50-9b6d-11bf54745e7a,id=019fba46-92a7-7591-b017-d5ef8c24859a; trace=019fba44-a041-7c50-9b6d-11bf54745e7a,id=019fba46-92a7-7591-b017-d5ef8c24859a; trace=019fba44-a041-7c50-9b6d-11bf54745e7a,id=019fba46-22d2-7902-8bcb-7a2823b800d6; trace=019fba44-a041-7c50-9b6d-11bf54745e7a,id=019fba46-92a8-79e0-92aa-0d2ae5f2bb37; trace=019fba44-a041-7c50-9b6d-11bf54745e7a,id=019fba46-92a9-7b50-b549-431ec0b98e3a
Failed to send compressed multipart ingest: langsmith.utils.LangSmithRateLimitError: Rate limit exceeded for https://api.smith.langchain.com/runs/multipart. HTTPError('429 Client Error: Too Many Requests for url: https://api.smith.langchain.com/runs/multipart', '{"error":"Too many requests: tenant exceeded usage limits: Monthly unique traces usage limit exceeded"}\n')trace=019fba44-a041-7c50-9b6d-11bf54745e7a,id=019fba46-92a9-7b50-b549-431ec0b98e3a; trace=019fba44-a041-7c50-9b6d-11bf54745e7a,id=019fba46-92a8-79e0-92aa-0d2ae5f2bb37; trace=019fba44-a041-7c50-9b6d-11bf54745e7a,id=019fba46-c002-7010-b1a0-8ef5d13e76d1; trace=019fba44-a041-7c50-9b6d-11bf54745e7a,id=019fba46-c004-7932-9f63-c31bd71edd72
Failed to send compressed multipart ingest: langsmith.utils.LangSmithRateLimitError: Rate limit exceeded for https://api.smith.langchain.com/runs/multipart. HTTPError('429 Client Error: Too Many Requests for url: https://api.smith.langchain.com/runs/multipart', '{"error":"Too many requests: tenant exceeded usage limits: Monthly unique traces usage limit exceeded"}\n')trace=019fba44-a041-7c50-9b6d-11bf54745e7a,id=019fba46-c004-7932-9f63-c31bd71edd72; trace=019fba44-a041-7c50-9b6d-11bf54745e7a,id=019fba47-1c08-7fa2-89d4-1e580dceffd4; trace=019fba44-a041-7c50-9b6d-11bf54745e7a,id=019fba47-1c08-7fa2-89d4-1e580dceffd4; trace=019fba44-a041-7c50-9b6d-11bf54745e7a,id=019fba46-c002-7010-b1a0-8ef5d13e76d1; trace=019fba44-a041-7c50-9b6d-11bf54745e7a,id=019fba47-1c09-7d82-a29e-232f1266c0a4; trace=019fba44-a041-7c50-9b6d-11bf54745e7a,id=019fba47-1c0a-7522-90f7-f3bad50aa51e
Failed to send compressed multipart ingest: langsmith.utils.LangSmithRateLimitError: Rate limit exceeded for https://api.smith.langchain.com/runs/multipart. HTTPError('429 Client Error: Too Many Requests for url: https://api.smith.langchain.com/runs/multipart', '{"error":"Too many requests: tenant exceeded usage limits: Monthly unique traces usage limit exceeded"}\n')trace=019fba44-a041-7c50-9b6d-11bf54745e7a,id=019fba47-1c0a-7522-90f7-f3bad50aa51e; trace=019fba44-a041-7c50-9b6d-11bf54745e7a,id=019fba47-1c09-7d82-a29e-232f1266c0a4; trace=019fba44-a041-7c50-9b6d-11bf54745e7a,id=019fba47-4933-72a3-8b4a-91be2289bbf2; trace=019fba44-a041-7c50-9b6d-11bf54745e7a,id=019fba47-4935-7c62-9adf-c562f4b07a88
Failed to send compressed multipart ingest: langsmith.utils.LangSmithRateLimitError: Rate limit exceeded for https://api.smith.langchain.com/runs/multipart. HTTPError('429 Client Error: Too Many Requests for url: https://api.smith.langchain.com/runs/multipart', '{"error":"Too many requests: tenant exceeded usage limits: Monthly unique traces usage limit exceeded"}\n')trace=019fba44-a041-7c50-9b6d-11bf54745e7a,id=019fba47-4935-7c62-9adf-c562f4b07a88; trace=019fba44-a041-7c50-9b6d-11bf54745e7a,id=019fba47-a3d6-7a90-a852-92528283c790; trace=019fba44-a041-7c50-9b6d-11bf54745e7a,id=019fba47-a3d6-7a90-a852-92528283c790; trace=019fba44-a041-7c50-9b6d-11bf54745e7a,id=019fba47-4933-72a3-8b4a-91be2289bbf2; trace=019fba44-a041-7c50-9b6d-11bf54745e7a,id=019fba47-a3d7-7720-916e-bc4b611d2d0b; trace=019fba44-a041-7c50-9b6d-11bf54745e7a,id=019fba47-a3d8-7201-8c1d-e7c7557709a6
Failed to send compressed multipart ingest: langsmith.utils.LangSmithRateLimitError: Rate limit exceeded for https://api.smith.langchain.com/runs/multipart. HTTPError('429 Client Error: Too Many Requests for url: https://api.smith.langchain.com/runs/multipart', '{"error":"Too many requests: tenant exceeded usage limits: Monthly unique traces usage limit exceeded"}\n')trace=019fba44-a041-7c50-9b6d-11bf54745e7a,id=019fba47-a3d8-7201-8c1d-e7c7557709a6; trace=019fba44-a041-7c50-9b6d-11bf54745e7a,id=019fba47-a3d7-7720-916e-bc4b611d2d0b; trace=019fba44-a041-7c50-9b6d-11bf54745e7a,id=019fba47-de69-7fa3-8468-4c278e124193; trace=019fba44-a041-7c50-9b6d-11bf54745e7a,id=019fba47-de6b-7710-b110-383f2091273b
Failed to send compressed multipart ingest: langsmith.utils.LangSmithRateLimitError: Rate limit exceeded for https://api.smith.langchain.com/runs/multipart. HTTPError('429 Client Error: Too Many Requests for url: https://api.smith.langchain.com/runs/multipart', '{"error":"Too many requests: tenant exceeded usage limits: Monthly unique traces usage limit exceeded"}\n')trace=019fba44-a041-7c50-9b6d-11bf54745e7a,id=019fba47-de6b-7710-b110-383f2091273b; trace=019fba44-a041-7c50-9b6d-11bf54745e7a,id=019fba47-fec6-78f0-9348-23a24d78e2a9; trace=019fba44-a041-7c50-9b6d-11bf54745e7a,id=019fba47-fec6-78f0-9348-23a24d78e2a9; trace=019fba44-a041-7c50-9b6d-11bf54745e7a,id=019fba47-de69-7fa3-8468-4c278e124193; trace=019fba44-a041-7c50-9b6d-11bf54745e7a,id=019fba47-fec7-7850-8eed-9e08dccfb0ad; trace=019fba44-a041-7c50-9b6d-11bf54745e7a,id=019fba47-fec8-7142-88b0-3c6f4391e552
Failed to send compressed multipart ingest: langsmith.utils.LangSmithRateLimitError: Rate limit exceeded for https://api.smith.langchain.com/runs/multipart. HTTPError('429 Client Error: Too Many Requests for url: https://api.smith.langchain.com/runs/multipart', '{"error":"Too many requests: tenant exceeded usage limits: Monthly unique traces usage limit exceeded"}\n')trace=019fba44-a041-7c50-9b6d-11bf54745e7a,id=019fba47-fec8-7142-88b0-3c6f4391e552; trace=019fba44-a041-7c50-9b6d-11bf54745e7a,id=019fba47-fec7-7850-8eed-9e08dccfb0ad; trace=019fba44-a041-7c50-9b6d-11bf54745e7a,id=019fba48-2b49-7f31-8afa-f54b736d737c; trace=019fba44-a041-7c50-9b6d-11bf54745e7a,id=019fba48-2b4c-7e50-9a76-df06c62278cd
Calling Baseline Move server...
Calling Baseline Move server...
Calling Baseline Move server...
Calling Baseline Move server...
Calling Baseline Move server...
Calling Baseline Move server...
Calling Baseline Move server...
[baseline] 56/104 scenario_02_06 (repeat 4/4)
Failed to send compressed multipart ingest: langsmith.utils.LangSmithRateLimitError: Rate limit exceeded for https://api.smith.langchain.com/runs/multipart. HTTPError('429 Client Error: Too Many Requests for url: https://api.smith.langchain.com/runs/multipart', '{"error":"Too many requests: tenant exceeded usage limits: Monthly unique traces usage limit exceeded"}\n')trace=019fba44-a041-7c50-9b6d-11bf54745e7a,id=019fba48-2b4c-7e50-9a76-df06c62278cd; trace=019fba44-a041-7c50-9b6d-11bf54745e7a,id=019fba48-8a7b-7c92-a245-8afc30336998; trace=019fba44-a041-7c50-9b6d-11bf54745e7a,id=019fba48-8a7b-7c92-a245-8afc30336998; trace=019fba44-a041-7c50-9b6d-11bf54745e7a,id=019fba48-2b49-7f31-8afa-f54b736d737c; trace=019fba44-a041-7c50-9b6d-11bf54745e7a,id=019fba48-8a7c-7802-9c74-873f8281e860; trace=019fba44-a041-7c50-9b6d-11bf54745e7a,id=019fba48-8a7c-7802-9c74-873f8281e860; trace=019fba44-a041-7c50-9b6d-11bf54745e7a,id=019fba44-a041-7c50-9b6d-11bf54745e7a; trace=019fba48-8bb6-7153-9f54-8e25c3d6667b,id=019fba48-8bb6-7153-9f54-8e25c3d6667b; trace=019fba48-8bb6-7153-9f54-8e25c3d6667b,id=019fba48-8bb7-7391-aded-5ef95dc08fb1; trace=019fba48-8bb6-7153-9f54-8e25c3d6667b,id=019fba48-8bb7-7391-aded-5ef95dc08fb1; trace=019fba48-8bb6-7153-9f54-8e25c3d6667b,id=019fba48-8bb8-7a62-85be-65356f00bd8a; trace=019fba48-8bb6-7153-9f54-8e25c3d6667b,id=019fba48-8ca1-7a10-940e-5dfccc402e7d; trace=019fba48-8bb6-7153-9f54-8e25c3d6667b,id=019fba48-8ca1-7a10-940e-5dfccc402e7d; trace=019fba48-8bb6-7153-9f54-8e25c3d6667b,id=019fba48-8bb8-7a62-85be-65356f00bd8a; trace=019fba48-8bb6-7153-9f54-8e25c3d6667b,id=019fba48-8ca2-74c3-9207-96889adb02d6; trace=019fba48-8bb6-7153-9f54-8e25c3d6667b,id=019fba48-8ca3-73d2-b4d5-16e1ca0e453a
Failed to send compressed multipart ingest: langsmith.utils.LangSmithRateLimitError: Rate limit exceeded for https://api.smith.langchain.com/runs/multipart. HTTPError('429 Client Error: Too Many Requests for url: https://api.smith.langchain.com/runs/multipart', '{"error":"Too many requests: tenant exceeded usage limits: Monthly unique traces usage limit exceeded"}\n')trace=019fba48-8bb6-7153-9f54-8e25c3d6667b,id=019fba48-8ca3-73d2-b4d5-16e1ca0e453a; trace=019fba48-8bb6-7153-9f54-8e25c3d6667b,id=019fba48-8ca2-74c3-9207-96889adb02d6; trace=019fba48-8bb6-7153-9f54-8e25c3d6667b,id=019fba48-a680-7091-93a4-ace6c40e1c8c; trace=019fba48-8bb6-7153-9f54-8e25c3d6667b,id=019fba48-a682-7133-ac63-d2b039255723
Failed to send compressed multipart ingest: langsmith.utils.LangSmithRateLimitError: Rate limit exceeded for https://api.smith.langchain.com/runs/multipart. HTTPError('429 Client Error: Too Many Requests for url: https://api.smith.langchain.com/runs/multipart', '{"error":"Too many requests: tenant exceeded usage limits: Monthly unique traces usage limit exceeded"}\n')trace=019fba48-8bb6-7153-9f54-8e25c3d6667b,id=019fba48-a682-7133-ac63-d2b039255723; trace=019fba48-8bb6-7153-9f54-8e25c3d6667b,id=019fba48-bb65-7cd0-88dd-1db8c45f5866; trace=019fba48-8bb6-7153-9f54-8e25c3d6667b,id=019fba48-bb65-7cd0-88dd-1db8c45f5866; trace=019fba48-8bb6-7153-9f54-8e25c3d6667b,id=019fba48-a680-7091-93a4-ace6c40e1c8c; trace=019fba48-8bb6-7153-9f54-8e25c3d6667b,id=019fba48-bb66-7cb0-9257-60d01a3259cd; trace=019fba48-8bb6-7153-9f54-8e25c3d6667b,id=019fba48-bb67-71b2-99bc-fc3004023a77
Failed to send compressed multipart ingest: langsmith.utils.LangSmithRateLimitError: Rate limit exceeded for https://api.smith.langchain.com/runs/multipart. HTTPError('429 Client Error: Too Many Requests for url: https://api.smith.langchain.com/runs/multipart', '{"error":"Too many requests: tenant exceeded usage limits: Monthly unique traces usage limit exceeded"}\n')trace=019fba48-8bb6-7153-9f54-8e25c3d6667b,id=019fba48-bb67-71b2-99bc-fc3004023a77; trace=019fba48-8bb6-7153-9f54-8e25c3d6667b,id=019fba48-bb66-7cb0-9257-60d01a3259cd; trace=019fba48-8bb6-7153-9f54-8e25c3d6667b,id=019fba48-cc9b-7761-baa4-5f318ca93ffe; trace=019fba48-8bb6-7153-9f54-8e25c3d6667b,id=019fba48-cc9d-7a60-b809-6423606d5312
Failed to send compressed multipart ingest: langsmith.utils.LangSmithRateLimitError: Rate limit exceeded for https://api.smith.langchain.com/runs/multipart. HTTPError('429 Client Error: Too Many Requests for url: https://api.smith.langchain.com/runs/multipart', '{"error":"Too many requests: tenant exceeded usage limits: Monthly unique traces usage limit exceeded"}\n')trace=019fba48-8bb6-7153-9f54-8e25c3d6667b,id=019fba48-cc9d-7a60-b809-6423606d5312; trace=019fba48-8bb6-7153-9f54-8e25c3d6667b,id=019fba48-e8e3-78e2-b47a-d3ada59d51c2; trace=019fba48-8bb6-7153-9f54-8e25c3d6667b,id=019fba48-e8e3-78e2-b47a-d3ada59d51c2; trace=019fba48-8bb6-7153-9f54-8e25c3d6667b,id=019fba48-cc9b-7761-baa4-5f318ca93ffe; trace=019fba48-8bb6-7153-9f54-8e25c3d6667b,id=019fba48-e8e4-7f92-b76d-60944a133ffa; trace=019fba48-8bb6-7153-9f54-8e25c3d6667b,id=019fba48-e8e5-7321-8521-7a8f0679b60f
Failed to send compressed multipart ingest: langsmith.utils.LangSmithRateLimitError: Rate limit exceeded for https://api.smith.langchain.com/runs/multipart. HTTPError('429 Client Error: Too Many Requests for url: https://api.smith.langchain.com/runs/multipart', '{"error":"Too many requests: tenant exceeded usage limits: Monthly unique traces usage limit exceeded"}\n')trace=019fba48-8bb6-7153-9f54-8e25c3d6667b,id=019fba48-e8e5-7321-8521-7a8f0679b60f; trace=019fba48-8bb6-7153-9f54-8e25c3d6667b,id=019fba48-e8e4-7f92-b76d-60944a133ffa; trace=019fba48-8bb6-7153-9f54-8e25c3d6667b,id=019fba48-fb2b-70a2-8f21-97ebda44b74b; trace=019fba48-8bb6-7153-9f54-8e25c3d6667b,id=019fba48-fb2d-7180-9c83-c4db87ccbde2
Failed to send compressed multipart ingest: langsmith.utils.LangSmithRateLimitError: Rate limit exceeded for https://api.smith.langchain.com/runs/multipart. HTTPError('429 Client Error: Too Many Requests for url: https://api.smith.langchain.com/runs/multipart', '{"error":"Too many requests: tenant exceeded usage limits: Monthly unique traces usage limit exceeded"}\n')trace=019fba48-8bb6-7153-9f54-8e25c3d6667b,id=019fba48-fb2d-7180-9c83-c4db87ccbde2; trace=019fba48-8bb6-7153-9f54-8e25c3d6667b,id=019fba49-0cfc-7ae1-947e-38cb5ef6aa6b; trace=019fba48-8bb6-7153-9f54-8e25c3d6667b,id=019fba49-0cfc-7ae1-947e-38cb5ef6aa6b; trace=019fba48-8bb6-7153-9f54-8e25c3d6667b,id=019fba48-fb2b-70a2-8f21-97ebda44b74b; trace=019fba48-8bb6-7153-9f54-8e25c3d6667b,id=019fba49-0cfd-7fc0-901e-3a89ebbe8925; trace=019fba48-8bb6-7153-9f54-8e25c3d6667b,id=019fba49-0cfe-7573-804a-790c29294068
Failed to send compressed multipart ingest: langsmith.utils.LangSmithRateLimitError: Rate limit exceeded for https://api.smith.langchain.com/runs/multipart. HTTPError('429 Client Error: Too Many Requests for url: https://api.smith.langchain.com/runs/multipart', '{"error":"Too many requests: tenant exceeded usage limits: Monthly unique traces usage limit exceeded"}\n')trace=019fba48-8bb6-7153-9f54-8e25c3d6667b,id=019fba49-0cfe-7573-804a-790c29294068; trace=019fba48-8bb6-7153-9f54-8e25c3d6667b,id=019fba49-0cfd-7fc0-901e-3a89ebbe8925; trace=019fba48-8bb6-7153-9f54-8e25c3d6667b,id=019fba49-2459-7a51-b920-adc1ea518990; trace=019fba48-8bb6-7153-9f54-8e25c3d6667b,id=019fba49-245b-7bf0-9bd0-11f1fb9026a9
Failed to send compressed multipart ingest: langsmith.utils.LangSmithRateLimitError: Rate limit exceeded for https://api.smith.langchain.com/runs/multipart. HTTPError('429 Client Error: Too Many Requests for url: https://api.smith.langchain.com/runs/multipart', '{"error":"Too many requests: tenant exceeded usage limits: Monthly unique traces usage limit exceeded"}\n')trace=019fba48-8bb6-7153-9f54-8e25c3d6667b,id=019fba49-245b-7bf0-9bd0-11f1fb9026a9; trace=019fba48-8bb6-7153-9f54-8e25c3d6667b,id=019fba49-386c-7543-8d59-b1037281e26b; trace=019fba48-8bb6-7153-9f54-8e25c3d6667b,id=019fba49-386c-7543-8d59-b1037281e26b; trace=019fba48-8bb6-7153-9f54-8e25c3d6667b,id=019fba49-2459-7a51-b920-adc1ea518990; trace=019fba48-8bb6-7153-9f54-8e25c3d6667b,id=019fba49-386d-7652-aac7-16b8f7141eae; trace=019fba48-8bb6-7153-9f54-8e25c3d6667b,id=019fba49-386d-7652-aac7-16cda679649a
Failed to send compressed multipart ingest: langsmith.utils.LangSmithRateLimitError: Rate limit exceeded for https://api.smith.langchain.com/runs/multipart. HTTPError('429 Client Error: Too Many Requests for url: https://api.smith.langchain.com/runs/multipart', '{"error":"Too many requests: tenant exceeded usage limits: Monthly unique traces usage limit exceeded"}\n')trace=019fba48-8bb6-7153-9f54-8e25c3d6667b,id=019fba49-386d-7652-aac7-16cda679649a; trace=019fba48-8bb6-7153-9f54-8e25c3d6667b,id=019fba49-386d-7652-aac7-16b8f7141eae; trace=019fba48-8bb6-7153-9f54-8e25c3d6667b,id=019fba49-5027-7063-884f-075ecd18822d; trace=019fba48-8bb6-7153-9f54-8e25c3d6667b,id=019fba49-5029-7f60-bd94-cf53e03a0b4e
Failed to send compressed multipart ingest: langsmith.utils.LangSmithRateLimitError: Rate limit exceeded for https://api.smith.langchain.com/runs/multipart. HTTPError('429 Client Error: Too Many Requests for url: https://api.smith.langchain.com/runs/multipart', '{"error":"Too many requests: tenant exceeded usage limits: Monthly unique traces usage limit exceeded"}\n')trace=019fba48-8bb6-7153-9f54-8e25c3d6667b,id=019fba49-5029-7f60-bd94-cf53e03a0b4e; trace=019fba48-8bb6-7153-9f54-8e25c3d6667b,id=019fba49-6039-7ca3-b30b-03a034b84531; trace=019fba48-8bb6-7153-9f54-8e25c3d6667b,id=019fba49-6039-7ca3-b30b-03a034b84531; trace=019fba48-8bb6-7153-9f54-8e25c3d6667b,id=019fba49-5027-7063-884f-075ecd18822d; trace=019fba48-8bb6-7153-9f54-8e25c3d6667b,id=019fba49-603b-74a2-b83e-2587d9cf62d3; trace=019fba48-8bb6-7153-9f54-8e25c3d6667b,id=019fba49-603b-74a2-b83e-259ff4cd4071
Failed to send compressed multipart ingest: langsmith.utils.LangSmithRateLimitError: Rate limit exceeded for https://api.smith.langchain.com/runs/multipart. HTTPError('429 Client Error: Too Many Requests for url: https://api.smith.langchain.com/runs/multipart', '{"error":"Too many requests: tenant exceeded usage limits: Monthly unique traces usage limit exceeded"}\n')trace=019fba48-8bb6-7153-9f54-8e25c3d6667b,id=019fba49-603b-74a2-b83e-259ff4cd4071; trace=019fba48-8bb6-7153-9f54-8e25c3d6667b,id=019fba49-603b-74a2-b83e-2587d9cf62d3; trace=019fba48-8bb6-7153-9f54-8e25c3d6667b,id=019fba49-843c-7a01-a7fd-77ea354e305c; trace=019fba48-8bb6-7153-9f54-8e25c3d6667b,id=019fba49-843e-7791-bae5-de2931e63dd6
Calling Baseline Move server...
Calling Baseline Move server...
Calling Baseline Move server...
Calling Baseline Move server...
Calling Baseline Move server...
Calling Baseline Move server...
[baseline] 57/104 scenario_02_07 (repeat 1/4)
Failed to send compressed multipart ingest: langsmith.utils.LangSmithRateLimitError: Rate limit exceeded for https://api.smith.langchain.com/runs/multipart. HTTPError('429 Client Error: Too Many Requests for url: https://api.smith.langchain.com/runs/multipart', '{"error":"Too many requests: tenant exceeded usage limits: Monthly unique traces usage limit exceeded"}\n')trace=019fba48-8bb6-7153-9f54-8e25c3d6667b,id=019fba49-843e-7791-bae5-de2931e63dd6; trace=019fba48-8bb6-7153-9f54-8e25c3d6667b,id=019fba49-d410-7fb1-b9a1-ca7e4bcdb7ec; trace=019fba48-8bb6-7153-9f54-8e25c3d6667b,id=019fba49-d410-7fb1-b9a1-ca7e4bcdb7ec; trace=019fba48-8bb6-7153-9f54-8e25c3d6667b,id=019fba49-843c-7a01-a7fd-77ea354e305c; trace=019fba48-8bb6-7153-9f54-8e25c3d6667b,id=019fba49-d411-7103-a9a1-dad6605484dd; trace=019fba48-8bb6-7153-9f54-8e25c3d6667b,id=019fba49-d411-7103-a9a1-dad6605484dd; trace=019fba48-8bb6-7153-9f54-8e25c3d6667b,id=019fba48-8bb6-7153-9f54-8e25c3d6667b; trace=019fba49-d592-75e2-ad1b-603e9009450f,id=019fba49-d592-75e2-ad1b-603e9009450f; trace=019fba49-d592-75e2-ad1b-603e9009450f,id=019fba49-d593-7472-94dc-08ec749e6ae9; trace=019fba49-d592-75e2-ad1b-603e9009450f,id=019fba49-d593-7472-94dc-08ec749e6ae9; trace=019fba49-d592-75e2-ad1b-603e9009450f,id=019fba49-d594-7351-a4d9-ddf239d42218; trace=019fba49-d592-75e2-ad1b-603e9009450f,id=019fba49-d640-7003-be76-304d66cd1263; trace=019fba49-d592-75e2-ad1b-603e9009450f,id=019fba49-d640-7003-be76-304d66cd1263; trace=019fba49-d592-75e2-ad1b-603e9009450f,id=019fba49-d594-7351-a4d9-ddf239d42218; trace=019fba49-d592-75e2-ad1b-603e9009450f,id=019fba49-d641-74f2-82a0-c700bc212797; trace=019fba49-d592-75e2-ad1b-603e9009450f,id=019fba49-d642-7f72-aaec-5fc5223441b0
Failed to send compressed multipart ingest: langsmith.utils.LangSmithRateLimitError: Rate limit exceeded for https://api.smith.langchain.com/runs/multipart. HTTPError('429 Client Error: Too Many Requests for url: https://api.smith.langchain.com/runs/multipart', '{"error":"Too many requests: tenant exceeded usage limits: Monthly unique traces usage limit exceeded"}\n')trace=019fba49-d592-75e2-ad1b-603e9009450f,id=019fba49-d642-7f72-aaec-5fc5223441b0; trace=019fba49-d592-75e2-ad1b-603e9009450f,id=019fba49-d641-74f2-82a0-c700bc212797; trace=019fba49-d592-75e2-ad1b-603e9009450f,id=019fba49-ea44-7fe3-a473-2eaad4369d5e; trace=019fba49-d592-75e2-ad1b-603e9009450f,id=019fba49-ea46-71a2-b893-b7b36c19f3c3
Failed to send compressed multipart ingest: langsmith.utils.LangSmithRateLimitError: Rate limit exceeded for https://api.smith.langchain.com/runs/multipart. HTTPError('429 Client Error: Too Many Requests for url: https://api.smith.langchain.com/runs/multipart', '{"error":"Too many requests: tenant exceeded usage limits: Monthly unique traces usage limit exceeded"}\n')trace=019fba49-d592-75e2-ad1b-603e9009450f,id=019fba49-ea46-71a2-b893-b7b36c19f3c3; trace=019fba49-d592-75e2-ad1b-603e9009450f,id=019fba4a-02b4-70f0-9d0d-81d917c5364d; trace=019fba49-d592-75e2-ad1b-603e9009450f,id=019fba4a-02b4-70f0-9d0d-81d917c5364d; trace=019fba49-d592-75e2-ad1b-603e9009450f,id=019fba49-ea44-7fe3-a473-2eaad4369d5e; trace=019fba49-d592-75e2-ad1b-603e9009450f,id=019fba4a-02b5-7a22-9aeb-0e400101ff58; trace=019fba49-d592-75e2-ad1b-603e9009450f,id=019fba4a-02b6-72d2-a976-ab4588ae9374
Failed to send compressed multipart ingest: langsmith.utils.LangSmithRateLimitError: Rate limit exceeded for https://api.smith.langchain.com/runs/multipart. HTTPError('429 Client Error: Too Many Requests for url: https://api.smith.langchain.com/runs/multipart', '{"error":"Too many requests: tenant exceeded usage limits: Monthly unique traces usage limit exceeded"}\n')trace=019fba49-d592-75e2-ad1b-603e9009450f,id=019fba4a-02b6-72d2-a976-ab4588ae9374; trace=019fba49-d592-75e2-ad1b-603e9009450f,id=019fba4a-02b5-7a22-9aeb-0e400101ff58; trace=019fba49-d592-75e2-ad1b-603e9009450f,id=019fba4a-1baf-7b31-8873-759f13d9da70; trace=019fba49-d592-75e2-ad1b-603e9009450f,id=019fba4a-1bb2-72b3-8ed7-67eadb71a0dc
Failed to send compressed multipart ingest: langsmith.utils.LangSmithRateLimitError: Rate limit exceeded for https://api.smith.langchain.com/runs/multipart. HTTPError('429 Client Error: Too Many Requests for url: https://api.smith.langchain.com/runs/multipart', '{"error":"Too many requests: tenant exceeded usage limits: Monthly unique traces usage limit exceeded"}\n')trace=019fba49-d592-75e2-ad1b-603e9009450f,id=019fba4a-1bb2-72b3-8ed7-67eadb71a0dc; trace=019fba49-d592-75e2-ad1b-603e9009450f,id=019fba4a-34a4-7251-b68c-5da7caf77655; trace=019fba49-d592-75e2-ad1b-603e9009450f,id=019fba4a-34a4-7251-b68c-5da7caf77655; trace=019fba49-d592-75e2-ad1b-603e9009450f,id=019fba4a-1baf-7b31-8873-759f13d9da70; trace=019fba49-d592-75e2-ad1b-603e9009450f,id=019fba4a-34a5-7de2-b0db-f5f3aa0edc90; trace=019fba49-d592-75e2-ad1b-603e9009450f,id=019fba4a-34a6-7702-b1df-f39d13587604
Failed to send compressed multipart ingest: langsmith.utils.LangSmithRateLimitError: Rate limit exceeded for https://api.smith.langchain.com/runs/multipart. HTTPError('429 Client Error: Too Many Requests for url: https://api.smith.langchain.com/runs/multipart', '{"error":"Too many requests: tenant exceeded usage limits: Monthly unique traces usage limit exceeded"}\n')trace=019fba49-d592-75e2-ad1b-603e9009450f,id=019fba4a-34a6-7702-b1df-f39d13587604; trace=019fba49-d592-75e2-ad1b-603e9009450f,id=019fba4a-34a5-7de2-b0db-f5f3aa0edc90; trace=019fba49-d592-75e2-ad1b-603e9009450f,id=019fba4a-4fd0-78d2-9e9c-0129b7a5f23b; trace=019fba49-d592-75e2-ad1b-603e9009450f,id=019fba4a-4fd2-7a81-a194-e96328b42afa
Failed to send compressed multipart ingest: langsmith.utils.LangSmithRateLimitError: Rate limit exceeded for https://api.smith.langchain.com/runs/multipart. HTTPError('429 Client Error: Too Many Requests for url: https://api.smith.langchain.com/runs/multipart', '{"error":"Too many requests: tenant exceeded usage limits: Monthly unique traces usage limit exceeded"}\n')trace=019fba49-d592-75e2-ad1b-603e9009450f,id=019fba4a-4fd2-7a81-a194-e96328b42afa; trace=019fba49-d592-75e2-ad1b-603e9009450f,id=019fba4a-6774-7f32-b033-4a18102c42d4; trace=019fba49-d592-75e2-ad1b-603e9009450f,id=019fba4a-6774-7f32-b033-4a18102c42d4; trace=019fba49-d592-75e2-ad1b-603e9009450f,id=019fba4a-4fd0-78d2-9e9c-0129b7a5f23b; trace=019fba49-d592-75e2-ad1b-603e9009450f,id=019fba4a-6775-7802-bf31-c2fcb7f2c170; trace=019fba49-d592-75e2-ad1b-603e9009450f,id=019fba4a-6775-7802-bf31-c306473704bd
Failed to send compressed multipart ingest: langsmith.utils.LangSmithRateLimitError: Rate limit exceeded for https://api.smith.langchain.com/runs/multipart. HTTPError('429 Client Error: Too Many Requests for url: https://api.smith.langchain.com/runs/multipart', '{"error":"Too many requests: tenant exceeded usage limits: Monthly unique traces usage limit exceeded"}\n')trace=019fba49-d592-75e2-ad1b-603e9009450f,id=019fba4a-6775-7802-bf31-c306473704bd; trace=019fba49-d592-75e2-ad1b-603e9009450f,id=019fba4a-6775-7802-bf31-c2fcb7f2c170; trace=019fba49-d592-75e2-ad1b-603e9009450f,id=019fba4a-895c-7b92-a809-d4c7e4d6c999; trace=019fba49-d592-75e2-ad1b-603e9009450f,id=019fba4a-895e-7353-bd5a-25612d0901b8
Calling Baseline Move server...
Calling Baseline Move server...
Calling Baseline Move server...
Calling Baseline Move server...
[baseline] 58/104 scenario_02_07 (repeat 2/4)
Failed to send compressed multipart ingest: langsmith.utils.LangSmithRateLimitError: Rate limit exceeded for https://api.smith.langchain.com/runs/multipart. HTTPError('429 Client Error: Too Many Requests for url: https://api.smith.langchain.com/runs/multipart', '{"error":"Too many requests: tenant exceeded usage limits: Monthly unique traces usage limit exceeded"}\n')trace=019fba49-d592-75e2-ad1b-603e9009450f,id=019fba4a-895e-7353-bd5a-25612d0901b8; trace=019fba49-d592-75e2-ad1b-603e9009450f,id=019fba4a-ed78-7012-aff7-fcd5dd9d1dd8; trace=019fba49-d592-75e2-ad1b-603e9009450f,id=019fba4a-ed78-7012-aff7-fcd5dd9d1dd8; trace=019fba49-d592-75e2-ad1b-603e9009450f,id=019fba4a-895c-7b92-a809-d4c7e4d6c999; trace=019fba49-d592-75e2-ad1b-603e9009450f,id=019fba4a-ed79-7530-82ad-53efd176ebbe; trace=019fba49-d592-75e2-ad1b-603e9009450f,id=019fba4a-ed79-7530-82ad-53efd176ebbe; trace=019fba49-d592-75e2-ad1b-603e9009450f,id=019fba49-d592-75e2-ad1b-603e9009450f; trace=019fba4a-ef0c-71e2-a7c5-2fb81a14ac27,id=019fba4a-ef0c-71e2-a7c5-2fb81a14ac27; trace=019fba4a-ef0c-71e2-a7c5-2fb81a14ac27,id=019fba4a-ef0d-78d2-b8f4-7f26a6d9fba7; trace=019fba4a-ef0c-71e2-a7c5-2fb81a14ac27,id=019fba4a-ef0d-78d2-b8f4-7f26a6d9fba7; trace=019fba4a-ef0c-71e2-a7c5-2fb81a14ac27,id=019fba4a-ef0e-7621-be2f-7a42d7bc350a; trace=019fba4a-ef0c-71e2-a7c5-2fb81a14ac27,id=019fba4a-efa0-7e21-be46-1be6ffc4830d; trace=019fba4a-ef0c-71e2-a7c5-2fb81a14ac27,id=019fba4a-efa0-7e21-be46-1be6ffc4830d; trace=019fba4a-ef0c-71e2-a7c5-2fb81a14ac27,id=019fba4a-ef0e-7621-be2f-7a42d7bc350a; trace=019fba4a-ef0c-71e2-a7c5-2fb81a14ac27,id=019fba4a-efa2-7aa1-a354-b42c74e2f0d9; trace=019fba4a-ef0c-71e2-a7c5-2fb81a14ac27,id=019fba4a-efa2-7aa1-a354-b4311aab0eeb
Failed to send compressed multipart ingest: langsmith.utils.LangSmithRateLimitError: Rate limit exceeded for https://api.smith.langchain.com/runs/multipart. HTTPError('429 Client Error: Too Many Requests for url: https://api.smith.langchain.com/runs/multipart', '{"error":"Too many requests: tenant exceeded usage limits: Monthly unique traces usage limit exceeded"}\n')trace=019fba4a-ef0c-71e2-a7c5-2fb81a14ac27,id=019fba4a-efa2-7aa1-a354-b4311aab0eeb; trace=019fba4a-ef0c-71e2-a7c5-2fb81a14ac27,id=019fba4a-efa2-7aa1-a354-b42c74e2f0d9; trace=019fba4a-ef0c-71e2-a7c5-2fb81a14ac27,id=019fba4b-0ad5-7a81-955b-54f686ab12d3; trace=019fba4a-ef0c-71e2-a7c5-2fb81a14ac27,id=019fba4b-0ad7-76b0-94b0-0e70f6e68a3e
Failed to send compressed multipart ingest: langsmith.utils.LangSmithRateLimitError: Rate limit exceeded for https://api.smith.langchain.com/runs/multipart. HTTPError('429 Client Error: Too Many Requests for url: https://api.smith.langchain.com/runs/multipart', '{"error":"Too many requests: tenant exceeded usage limits: Monthly unique traces usage limit exceeded"}\n')trace=019fba4a-ef0c-71e2-a7c5-2fb81a14ac27,id=019fba4b-0ad7-76b0-94b0-0e70f6e68a3e
Failed to send compressed multipart ingest: langsmith.utils.LangSmithRateLimitError: Rate limit exceeded for https://api.smith.langchain.com/runs/multipart. HTTPError('429 Client Error: Too Many Requests for url: https://api.smith.langchain.com/runs/multipart', '{"error":"Too many requests: tenant exceeded usage limits: Monthly unique traces usage limit exceeded"}\n')trace=019fba4a-ef0c-71e2-a7c5-2fb81a14ac27,id=019fba4b-2143-7ad3-b2be-c8e5c0f3c38a; trace=019fba4a-ef0c-71e2-a7c5-2fb81a14ac27,id=019fba4b-2143-7ad3-b2be-c8e5c0f3c38a; trace=019fba4a-ef0c-71e2-a7c5-2fb81a14ac27,id=019fba4b-0ad5-7a81-955b-54f686ab12d3; trace=019fba4a-ef0c-71e2-a7c5-2fb81a14ac27,id=019fba4b-2148-7303-80cd-1be4c694d1c3; trace=019fba4a-ef0c-71e2-a7c5-2fb81a14ac27,id=019fba4b-2148-7303-80cd-1bfac4f818bb
Failed to send compressed multipart ingest: langsmith.utils.LangSmithRateLimitError: Rate limit exceeded for https://api.smith.langchain.com/runs/multipart. HTTPError('429 Client Error: Too Many Requests for url: https://api.smith.langchain.com/runs/multipart', '{"error":"Too many requests: tenant exceeded usage limits: Monthly unique traces usage limit exceeded"}\n')trace=019fba4a-ef0c-71e2-a7c5-2fb81a14ac27,id=019fba4b-2148-7303-80cd-1bfac4f818bb; trace=019fba4a-ef0c-71e2-a7c5-2fb81a14ac27,id=019fba4b-2148-7303-80cd-1be4c694d1c3; trace=019fba4a-ef0c-71e2-a7c5-2fb81a14ac27,id=019fba4b-3994-7ca1-9177-50e6adba18c9; trace=019fba4a-ef0c-71e2-a7c5-2fb81a14ac27,id=019fba4b-3996-7602-9a29-21a3d8496e8c
Failed to send compressed multipart ingest: langsmith.utils.LangSmithRateLimitError: Rate limit exceeded for https://api.smith.langchain.com/runs/multipart. HTTPError('429 Client Error: Too Many Requests for url: https://api.smith.langchain.com/runs/multipart', '{"error":"Too many requests: tenant exceeded usage limits: Monthly unique traces usage limit exceeded"}\n')trace=019fba4a-ef0c-71e2-a7c5-2fb81a14ac27,id=019fba4b-3996-7602-9a29-21a3d8496e8c; trace=019fba4a-ef0c-71e2-a7c5-2fb81a14ac27,id=019fba4b-5170-7f23-8ac3-b5283bdfdffe; trace=019fba4a-ef0c-71e2-a7c5-2fb81a14ac27,id=019fba4b-5170-7f23-8ac3-b5283bdfdffe; trace=019fba4a-ef0c-71e2-a7c5-2fb81a14ac27,id=019fba4b-3994-7ca1-9177-50e6adba18c9; trace=019fba4a-ef0c-71e2-a7c5-2fb81a14ac27,id=019fba4b-5171-74c0-8344-0a5d6c39c2a8; trace=019fba4a-ef0c-71e2-a7c5-2fb81a14ac27,id=019fba4b-5172-78c3-a66b-c899f45252b4
Failed to send compressed multipart ingest: langsmith.utils.LangSmithRateLimitError: Rate limit exceeded for https://api.smith.langchain.com/runs/multipart. HTTPError('429 Client Error: Too Many Requests for url: https://api.smith.langchain.com/runs/multipart', '{"error":"Too many requests: tenant exceeded usage limits: Monthly unique traces usage limit exceeded"}\n')trace=019fba4a-ef0c-71e2-a7c5-2fb81a14ac27,id=019fba4b-5172-78c3-a66b-c899f45252b4; trace=019fba4a-ef0c-71e2-a7c5-2fb81a14ac27,id=019fba4b-5171-74c0-8344-0a5d6c39c2a8; trace=019fba4a-ef0c-71e2-a7c5-2fb81a14ac27,id=019fba4b-707b-7c10-9fff-760c720327c0; trace=019fba4a-ef0c-71e2-a7c5-2fb81a14ac27,id=019fba4b-707d-7490-8549-f850061047b4
Failed to send compressed multipart ingest: langsmith.utils.LangSmithRateLimitError: Rate limit exceeded for https://api.smith.langchain.com/runs/multipart. HTTPError('429 Client Error: Too Many Requests for url: https://api.smith.langchain.com/runs/multipart', '{"error":"Too many requests: tenant exceeded usage limits: Monthly unique traces usage limit exceeded"}\n')trace=019fba4a-ef0c-71e2-a7c5-2fb81a14ac27,id=019fba4b-707d-7490-8549-f850061047b4; trace=019fba4a-ef0c-71e2-a7c5-2fb81a14ac27,id=019fba4b-83c9-7871-86ee-7c7187befec5; trace=019fba4a-ef0c-71e2-a7c5-2fb81a14ac27,id=019fba4b-83c9-7871-86ee-7c7187befec5; trace=019fba4a-ef0c-71e2-a7c5-2fb81a14ac27,id=019fba4b-707b-7c10-9fff-760c720327c0; trace=019fba4a-ef0c-71e2-a7c5-2fb81a14ac27,id=019fba4b-83ca-7f81-bd9b-4a53dd009045; trace=019fba4a-ef0c-71e2-a7c5-2fb81a14ac27,id=019fba4b-83cb-7c81-90ef-291713c9c87a
Failed to send compressed multipart ingest: langsmith.utils.LangSmithRateLimitError: Rate limit exceeded for https://api.smith.langchain.com/runs/multipart. HTTPError('429 Client Error: Too Many Requests for url: https://api.smith.langchain.com/runs/multipart', '{"error":"Too many requests: tenant exceeded usage limits: Monthly unique traces usage limit exceeded"}\n')trace=019fba4a-ef0c-71e2-a7c5-2fb81a14ac27,id=019fba4b-83cb-7c81-90ef-291713c9c87a; trace=019fba4a-ef0c-71e2-a7c5-2fb81a14ac27,id=019fba4b-83ca-7f81-bd9b-4a53dd009045; trace=019fba4a-ef0c-71e2-a7c5-2fb81a14ac27,id=019fba4b-ad3f-7d22-a2ed-6c948f37a66f; trace=019fba4a-ef0c-71e2-a7c5-2fb81a14ac27,id=019fba4b-ad41-78c2-b6ba-e100c99170ad
Calling Baseline Move server...
Calling Baseline Move server...
Calling Baseline Move server...
Calling Baseline Move server...
[baseline] 59/104 scenario_02_07 (repeat 3/4)
Failed to send compressed multipart ingest: langsmith.utils.LangSmithRateLimitError: Rate limit exceeded for https://api.smith.langchain.com/runs/multipart. HTTPError('429 Client Error: Too Many Requests for url: https://api.smith.langchain.com/runs/multipart', '{"error":"Too many requests: tenant exceeded usage limits: Monthly unique traces usage limit exceeded"}\n')trace=019fba4a-ef0c-71e2-a7c5-2fb81a14ac27,id=019fba4b-ad41-78c2-b6ba-e100c99170ad; trace=019fba4a-ef0c-71e2-a7c5-2fb81a14ac27,id=019fba4b-fccd-7bb1-b9cc-c0809f3b7906; trace=019fba4a-ef0c-71e2-a7c5-2fb81a14ac27,id=019fba4b-fccd-7bb1-b9cc-c0809f3b7906; trace=019fba4a-ef0c-71e2-a7c5-2fb81a14ac27,id=019fba4b-ad3f-7d22-a2ed-6c948f37a66f; trace=019fba4a-ef0c-71e2-a7c5-2fb81a14ac27,id=019fba4b-fcce-7313-9442-6b0dd8f1721e; trace=019fba4a-ef0c-71e2-a7c5-2fb81a14ac27,id=019fba4b-fcce-7313-9442-6b0dd8f1721e; trace=019fba4a-ef0c-71e2-a7c5-2fb81a14ac27,id=019fba4a-ef0c-71e2-a7c5-2fb81a14ac27; trace=019fba4b-fdea-7a30-836b-fc91fb8cdc80,id=019fba4b-fdea-7a30-836b-fc91fb8cdc80; trace=019fba4b-fdea-7a30-836b-fc91fb8cdc80,id=019fba4b-fdeb-7163-a8ec-40ebc1523390; trace=019fba4b-fdea-7a30-836b-fc91fb8cdc80,id=019fba4b-fdeb-7163-a8ec-40ebc1523390; trace=019fba4b-fdea-7a30-836b-fc91fb8cdc80,id=019fba4b-fdec-7d10-af4f-592b7208604d; trace=019fba4b-fdea-7a30-836b-fc91fb8cdc80,id=019fba4b-fe82-7832-b485-15fca1b5ac03; trace=019fba4b-fdea-7a30-836b-fc91fb8cdc80,id=019fba4b-fe82-7832-b485-15fca1b5ac03; trace=019fba4b-fdea-7a30-836b-fc91fb8cdc80,id=019fba4b-fdec-7d10-af4f-592b7208604d; trace=019fba4b-fdea-7a30-836b-fc91fb8cdc80,id=019fba4b-fe84-7aa2-9b91-68186e832007; trace=019fba4b-fdea-7a30-836b-fc91fb8cdc80,id=019fba4b-fe84-7aa2-9b91-682cbdca7f89
Failed to send compressed multipart ingest: langsmith.utils.LangSmithRateLimitError: Rate limit exceeded for https://api.smith.langchain.com/runs/multipart. HTTPError('429 Client Error: Too Many Requests for url: https://api.smith.langchain.com/runs/multipart', '{"error":"Too many requests: tenant exceeded usage limits: Monthly unique traces usage limit exceeded"}\n')trace=019fba4b-fdea-7a30-836b-fc91fb8cdc80,id=019fba4b-fe84-7aa2-9b91-682cbdca7f89; trace=019fba4b-fdea-7a30-836b-fc91fb8cdc80,id=019fba4b-fe84-7aa2-9b91-68186e832007; trace=019fba4b-fdea-7a30-836b-fc91fb8cdc80,id=019fba4c-1aad-73f3-a176-d6742729c765; trace=019fba4b-fdea-7a30-836b-fc91fb8cdc80,id=019fba4c-1aaf-7723-bdf5-f46baa2cfb9b
Failed to send compressed multipart ingest: langsmith.utils.LangSmithRateLimitError: Rate limit exceeded for https://api.smith.langchain.com/runs/multipart. HTTPError('429 Client Error: Too Many Requests for url: https://api.smith.langchain.com/runs/multipart', '{"error":"Too many requests: tenant exceeded usage limits: Monthly unique traces usage limit exceeded"}\n')trace=019fba4b-fdea-7a30-836b-fc91fb8cdc80,id=019fba4c-1aaf-7723-bdf5-f46baa2cfb9b; trace=019fba4b-fdea-7a30-836b-fc91fb8cdc80,id=019fba4c-2aad-7d61-9578-0c3a7006d530; trace=019fba4b-fdea-7a30-836b-fc91fb8cdc80,id=019fba4c-2aad-7d61-9578-0c3a7006d530; trace=019fba4b-fdea-7a30-836b-fc91fb8cdc80,id=019fba4c-1aad-73f3-a176-d6742729c765; trace=019fba4b-fdea-7a30-836b-fc91fb8cdc80,id=019fba4c-2aae-7553-a49c-c57097d680c1; trace=019fba4b-fdea-7a30-836b-fc91fb8cdc80,id=019fba4c-2aae-7553-a49c-c587b3df4e90
Failed to send compressed multipart ingest: langsmith.utils.LangSmithRateLimitError: Rate limit exceeded for https://api.smith.langchain.com/runs/multipart. HTTPError('429 Client Error: Too Many Requests for url: https://api.smith.langchain.com/runs/multipart', '{"error":"Too many requests: tenant exceeded usage limits: Monthly unique traces usage limit exceeded"}\n')trace=019fba4b-fdea-7a30-836b-fc91fb8cdc80,id=019fba4c-2aae-7553-a49c-c587b3df4e90; trace=019fba4b-fdea-7a30-836b-fc91fb8cdc80,id=019fba4c-2aae-7553-a49c-c57097d680c1; trace=019fba4b-fdea-7a30-836b-fc91fb8cdc80,id=019fba4c-4e05-7c41-9b5b-c531b5215985; trace=019fba4b-fdea-7a30-836b-fc91fb8cdc80,id=019fba4c-4e07-7590-b196-f685a036a157
Failed to send compressed multipart ingest: langsmith.utils.LangSmithRateLimitError: Rate limit exceeded for https://api.smith.langchain.com/runs/multipart. HTTPError('429 Client Error: Too Many Requests for url: https://api.smith.langchain.com/runs/multipart', '{"error":"Too many requests: tenant exceeded usage limits: Monthly unique traces usage limit exceeded"}\n')trace=019fba4b-fdea-7a30-836b-fc91fb8cdc80,id=019fba4c-4e07-7590-b196-f685a036a157; trace=019fba4b-fdea-7a30-836b-fc91fb8cdc80,id=019fba4c-631f-71f0-836f-416f2f734a19; trace=019fba4b-fdea-7a30-836b-fc91fb8cdc80,id=019fba4c-631f-71f0-836f-416f2f734a19; trace=019fba4b-fdea-7a30-836b-fc91fb8cdc80,id=019fba4c-4e05-7c41-9b5b-c531b5215985; trace=019fba4b-fdea-7a30-836b-fc91fb8cdc80,id=019fba4c-6320-7ba0-9934-a8f76a8ec95b; trace=019fba4b-fdea-7a30-836b-fc91fb8cdc80,id=019fba4c-6321-7e41-8395-b6184e669a41
Failed to send compressed multipart ingest: langsmith.utils.LangSmithRateLimitError: Rate limit exceeded for https://api.smith.langchain.com/runs/multipart. HTTPError('429 Client Error: Too Many Requests for url: https://api.smith.langchain.com/runs/multipart', '{"error":"Too many requests: tenant exceeded usage limits: Monthly unique traces usage limit exceeded"}\n')trace=019fba4b-fdea-7a30-836b-fc91fb8cdc80,id=019fba4c-6321-7e41-8395-b6184e669a41; trace=019fba4b-fdea-7a30-836b-fc91fb8cdc80,id=019fba4c-6320-7ba0-9934-a8f76a8ec95b; trace=019fba4b-fdea-7a30-836b-fc91fb8cdc80,id=019fba4c-84a3-72b2-9d3b-e6f38c3a4cd3; trace=019fba4b-fdea-7a30-836b-fc91fb8cdc80,id=019fba4c-84a5-71d1-af0a-ca0da3aa6fc7
Failed to send compressed multipart ingest: langsmith.utils.LangSmithRateLimitError: Rate limit exceeded for https://api.smith.langchain.com/runs/multipart. HTTPError('429 Client Error: Too Many Requests for url: https://api.smith.langchain.com/runs/multipart', '{"error":"Too many requests: tenant exceeded usage limits: Monthly unique traces usage limit exceeded"}\n')trace=019fba4b-fdea-7a30-836b-fc91fb8cdc80,id=019fba4c-84a5-71d1-af0a-ca0da3aa6fc7; trace=019fba4b-fdea-7a30-836b-fc91fb8cdc80,id=019fba4c-aa18-76c2-a4e2-888ab38f2441; trace=019fba4b-fdea-7a30-836b-fc91fb8cdc80,id=019fba4c-aa18-76c2-a4e2-888ab38f2441; trace=019fba4b-fdea-7a30-836b-fc91fb8cdc80,id=019fba4c-84a3-72b2-9d3b-e6f38c3a4cd3; trace=019fba4b-fdea-7a30-836b-fc91fb8cdc80,id=019fba4c-aa19-7ae0-a8ce-d7a24c18a988; trace=019fba4b-fdea-7a30-836b-fc91fb8cdc80,id=019fba4c-aa19-7ae0-a8ce-d7b0f02460b5
Calling Baseline Move server...
Calling Baseline Move server...
Calling Baseline Move server...
[baseline] 60/104 scenario_02_07 (repeat 4/4)
Failed to send compressed multipart ingest: langsmith.utils.LangSmithRateLimitError: Rate limit exceeded for https://api.smith.langchain.com/runs/multipart. HTTPError('429 Client Error: Too Many Requests for url: https://api.smith.langchain.com/runs/multipart', '{"error":"Too many requests: tenant exceeded usage limits: Monthly unique traces usage limit exceeded"}\n')trace=019fba4b-fdea-7a30-836b-fc91fb8cdc80,id=019fba4c-aa19-7ae0-a8ce-d7b0f02460b5; trace=019fba4b-fdea-7a30-836b-fc91fb8cdc80,id=019fba4c-aa19-7ae0-a8ce-d7a24c18a988; trace=019fba4b-fdea-7a30-836b-fc91fb8cdc80,id=019fba4b-fdea-7a30-836b-fc91fb8cdc80; trace=019fba4c-d0fe-7b23-a9e3-633db84af12f,id=019fba4c-d0fe-7b23-a9e3-633db84af12f; trace=019fba4c-d0fe-7b23-a9e3-633db84af12f,id=019fba4c-d0ff-7e21-97b9-ae5eb90967dc; trace=019fba4c-d0fe-7b23-a9e3-633db84af12f,id=019fba4c-d0ff-7e21-97b9-ae5eb90967dc; trace=019fba4c-d0fe-7b23-a9e3-633db84af12f,id=019fba4c-d100-78d3-9317-657bc5a54971; trace=019fba4c-d0fe-7b23-a9e3-633db84af12f,id=019fba4c-d156-71f3-ac2b-eefbe8dea325; trace=019fba4c-d0fe-7b23-a9e3-633db84af12f,id=019fba4c-d156-71f3-ac2b-eefbe8dea325; trace=019fba4c-d0fe-7b23-a9e3-633db84af12f,id=019fba4c-d100-78d3-9317-657bc5a54971; trace=019fba4c-d0fe-7b23-a9e3-633db84af12f,id=019fba4c-d157-7312-9e6a-7f4a2c89dc41; trace=019fba4c-d0fe-7b23-a9e3-633db84af12f,id=019fba4c-d157-7312-9e6a-7f568fc2d1c7
Failed to send compressed multipart ingest: langsmith.utils.LangSmithRateLimitError: Rate limit exceeded for https://api.smith.langchain.com/runs/multipart. HTTPError('429 Client Error: Too Many Requests for url: https://api.smith.langchain.com/runs/multipart', '{"error":"Too many requests: tenant exceeded usage limits: Monthly unique traces usage limit exceeded"}\n')trace=019fba4c-d0fe-7b23-a9e3-633db84af12f,id=019fba4c-d157-7312-9e6a-7f568fc2d1c7; trace=019fba4c-d0fe-7b23-a9e3-633db84af12f,id=019fba4c-d157-7312-9e6a-7f4a2c89dc41; trace=019fba4c-d0fe-7b23-a9e3-633db84af12f,id=019fba4c-f57c-7e30-89da-6824da18dc44; trace=019fba4c-d0fe-7b23-a9e3-633db84af12f,id=019fba4c-f57e-78a0-acf6-b737e0204b2c
Failed to send compressed multipart ingest: langsmith.utils.LangSmithRateLimitError: Rate limit exceeded for https://api.smith.langchain.com/runs/multipart. HTTPError('429 Client Error: Too Many Requests for url: https://api.smith.langchain.com/runs/multipart', '{"error":"Too many requests: tenant exceeded usage limits: Monthly unique traces usage limit exceeded"}\n')trace=019fba4c-d0fe-7b23-a9e3-633db84af12f,id=019fba4c-f57e-78a0-acf6-b737e0204b2c; trace=019fba4c-d0fe-7b23-a9e3-633db84af12f,id=019fba4d-169f-75d3-a113-3c41b0510994; trace=019fba4c-d0fe-7b23-a9e3-633db84af12f,id=019fba4d-169f-75d3-a113-3c41b0510994; trace=019fba4c-d0fe-7b23-a9e3-633db84af12f,id=019fba4c-f57c-7e30-89da-6824da18dc44; trace=019fba4c-d0fe-7b23-a9e3-633db84af12f,id=019fba4d-16a1-7981-9ab9-cae192c99d8d; trace=019fba4c-d0fe-7b23-a9e3-633db84af12f,id=019fba4d-16a1-7981-9ab9-cafbe71f7c34
Failed to send compressed multipart ingest: langsmith.utils.LangSmithRateLimitError: Rate limit exceeded for https://api.smith.langchain.com/runs/multipart. HTTPError('429 Client Error: Too Many Requests for url: https://api.smith.langchain.com/runs/multipart', '{"error":"Too many requests: tenant exceeded usage limits: Monthly unique traces usage limit exceeded"}\n')trace=019fba4c-d0fe-7b23-a9e3-633db84af12f,id=019fba4d-16a1-7981-9ab9-cafbe71f7c34; trace=019fba4c-d0fe-7b23-a9e3-633db84af12f,id=019fba4d-16a1-7981-9ab9-cae192c99d8d; trace=019fba4c-d0fe-7b23-a9e3-633db84af12f,id=019fba4d-3733-7141-bfa8-caa935d9f216; trace=019fba4c-d0fe-7b23-a9e3-633db84af12f,id=019fba4d-3735-7ef1-8256-4a2ce4ce4c50
Failed to send compressed multipart ingest: langsmith.utils.LangSmithRateLimitError: Rate limit exceeded for https://api.smith.langchain.com/runs/multipart. HTTPError('429 Client Error: Too Many Requests for url: https://api.smith.langchain.com/runs/multipart', '{"error":"Too many requests: tenant exceeded usage limits: Monthly unique traces usage limit exceeded"}\n')trace=019fba4c-d0fe-7b23-a9e3-633db84af12f,id=019fba4d-3735-7ef1-8256-4a2ce4ce4c50; trace=019fba4c-d0fe-7b23-a9e3-633db84af12f,id=019fba4d-6c05-7422-ba71-be68f439c98f; trace=019fba4c-d0fe-7b23-a9e3-633db84af12f,id=019fba4d-6c05-7422-ba71-be68f439c98f; trace=019fba4c-d0fe-7b23-a9e3-633db84af12f,id=019fba4d-3733-7141-bfa8-caa935d9f216; trace=019fba4c-d0fe-7b23-a9e3-633db84af12f,id=019fba4d-6c06-7430-a458-e83066656e6c; trace=019fba4c-d0fe-7b23-a9e3-633db84af12f,id=019fba4d-6c07-7972-a41e-8b513e0441db
Failed to send compressed multipart ingest: langsmith.utils.LangSmithRateLimitError: Rate limit exceeded for https://api.smith.langchain.com/runs/multipart. HTTPError('429 Client Error: Too Many Requests for url: https://api.smith.langchain.com/runs/multipart', '{"error":"Too many requests: tenant exceeded usage limits: Monthly unique traces usage limit exceeded"}\n')trace=019fba4c-d0fe-7b23-a9e3-633db84af12f,id=019fba4d-6c07-7972-a41e-8b513e0441db; trace=019fba4c-d0fe-7b23-a9e3-633db84af12f,id=019fba4d-6c06-7430-a458-e83066656e6c; trace=019fba4c-d0fe-7b23-a9e3-633db84af12f,id=019fba4d-ab4e-7323-907e-362b563ba033; trace=019fba4c-d0fe-7b23-a9e3-633db84af12f,id=019fba4d-ab50-7573-bf3b-ca89e87a049f
Failed to send compressed multipart ingest: langsmith.utils.LangSmithRateLimitError: Rate limit exceeded for https://api.smith.langchain.com/runs/multipart. HTTPError('429 Client Error: Too Many Requests for url: https://api.smith.langchain.com/runs/multipart', '{"error":"Too many requests: tenant exceeded usage limits: Monthly unique traces usage limit exceeded"}\n')trace=019fba4c-d0fe-7b23-a9e3-633db84af12f,id=019fba4d-ab50-7573-bf3b-ca89e87a049f; trace=019fba4c-d0fe-7b23-a9e3-633db84af12f,id=019fba4d-f1aa-78a1-a879-00f5dd47fef3; trace=019fba4c-d0fe-7b23-a9e3-633db84af12f,id=019fba4d-f1aa-78a1-a879-00f5dd47fef3; trace=019fba4c-d0fe-7b23-a9e3-633db84af12f,id=019fba4d-ab4e-7323-907e-362b563ba033; trace=019fba4c-d0fe-7b23-a9e3-633db84af12f,id=019fba4d-f1ac-7463-88ae-8521eebc4a5d; trace=019fba4c-d0fe-7b23-a9e3-633db84af12f,id=019fba4d-f1ac-7463-88ae-853086f6e104
Failed to send compressed multipart ingest: langsmith.utils.LangSmithRateLimitError: Rate limit exceeded for https://api.smith.langchain.com/runs/multipart. HTTPError('429 Client Error: Too Many Requests for url: https://api.smith.langchain.com/runs/multipart', '{"error":"Too many requests: tenant exceeded usage limits: Monthly unique traces usage limit exceeded"}\n')trace=019fba4c-d0fe-7b23-a9e3-633db84af12f,id=019fba4d-f1ac-7463-88ae-853086f6e104; trace=019fba4c-d0fe-7b23-a9e3-633db84af12f,id=019fba4d-f1ac-7463-88ae-8521eebc4a5d; trace=019fba4c-d0fe-7b23-a9e3-633db84af12f,id=019fba4e-4413-7973-9814-8018074696b0; trace=019fba4c-d0fe-7b23-a9e3-633db84af12f,id=019fba4e-4415-7303-adf4-3825cef65c5e
Failed to send compressed multipart ingest: langsmith.utils.LangSmithRateLimitError: Rate limit exceeded for https://api.smith.langchain.com/runs/multipart. HTTPError('429 Client Error: Too Many Requests for url: https://api.smith.langchain.com/runs/multipart', '{"error":"Too many requests: tenant exceeded usage limits: Monthly unique traces usage limit exceeded"}\n')trace=019fba4c-d0fe-7b23-a9e3-633db84af12f,id=019fba4e-4415-7303-adf4-3825cef65c5e; trace=019fba4c-d0fe-7b23-a9e3-633db84af12f,id=019fba4e-792b-74c2-a0ca-eeb4a65194a8; trace=019fba4c-d0fe-7b23-a9e3-633db84af12f,id=019fba4e-792b-74c2-a0ca-eeb4a65194a8; trace=019fba4c-d0fe-7b23-a9e3-633db84af12f,id=019fba4e-4413-7973-9814-8018074696b0; trace=019fba4c-d0fe-7b23-a9e3-633db84af12f,id=019fba4e-792c-73b0-94eb-4e5da7ca4679; trace=019fba4c-d0fe-7b23-a9e3-633db84af12f,id=019fba4e-792d-70a3-b90c-fd965d901f1b
Failed to send compressed multipart ingest: langsmith.utils.LangSmithRateLimitError: Rate limit exceeded for https://api.smith.langchain.com/runs/multipart. HTTPError('429 Client Error: Too Many Requests for url: https://api.smith.langchain.com/runs/multipart', '{"error":"Too many requests: tenant exceeded usage limits: Monthly unique traces usage limit exceeded"}\n')trace=019fba4c-d0fe-7b23-a9e3-633db84af12f,id=019fba4e-792d-70a3-b90c-fd965d901f1b; trace=019fba4c-d0fe-7b23-a9e3-633db84af12f,id=019fba4e-792c-73b0-94eb-4e5da7ca4679; trace=019fba4c-d0fe-7b23-a9e3-633db84af12f,id=019fba4e-e638-7163-971f-effbdd3dd345; trace=019fba4c-d0fe-7b23-a9e3-633db84af12f,id=019fba4e-e63a-7332-8756-bd77ad352025
Calling Baseline Move server...
Calling Baseline Move server...
Calling Baseline Move server...
Calling Baseline Move server...
Calling Baseline Move server...
[baseline] 61/104 scenario_02_08 (repeat 1/4)
Failed to send compressed multipart ingest: langsmith.utils.LangSmithRateLimitError: Rate limit exceeded for https://api.smith.langchain.com/runs/multipart. HTTPError('429 Client Error: Too Many Requests for url: https://api.smith.langchain.com/runs/multipart', '{"error":"Too many requests: tenant exceeded usage limits: Monthly unique traces usage limit exceeded"}\n')trace=019fba4c-d0fe-7b23-a9e3-633db84af12f,id=019fba4e-e63a-7332-8756-bd77ad352025; trace=019fba4c-d0fe-7b23-a9e3-633db84af12f,id=019fba4f-78d0-76e3-984d-b6a7cf311699; trace=019fba4c-d0fe-7b23-a9e3-633db84af12f,id=019fba4f-78d0-76e3-984d-b6a7cf311699; trace=019fba4c-d0fe-7b23-a9e3-633db84af12f,id=019fba4e-e638-7163-971f-effbdd3dd345; trace=019fba4c-d0fe-7b23-a9e3-633db84af12f,id=019fba4f-78d1-7ea0-bccd-75c7843a3ca9; trace=019fba4c-d0fe-7b23-a9e3-633db84af12f,id=019fba4f-78d1-7ea0-bccd-75c7843a3ca9; trace=019fba4c-d0fe-7b23-a9e3-633db84af12f,id=019fba4c-d0fe-7b23-a9e3-633db84af12f; trace=019fba4f-79e2-7900-a9f7-4712009a1843,id=019fba4f-79e2-7900-a9f7-4712009a1843; trace=019fba4f-79e2-7900-a9f7-4712009a1843,id=019fba4f-79e3-7d40-b23e-9894c3a1666c; trace=019fba4f-79e2-7900-a9f7-4712009a1843,id=019fba4f-79e3-7d40-b23e-9894c3a1666c; trace=019fba4f-79e2-7900-a9f7-4712009a1843,id=019fba4f-79e4-7ee0-bbce-5fbac9a95cdf; trace=019fba4f-79e2-7900-a9f7-4712009a1843,id=019fba4f-7a66-7d53-9f39-7ab3b59ac726; trace=019fba4f-79e2-7900-a9f7-4712009a1843,id=019fba4f-7a66-7d53-9f39-7ab3b59ac726; trace=019fba4f-79e2-7900-a9f7-4712009a1843,id=019fba4f-79e4-7ee0-bbce-5fbac9a95cdf; trace=019fba4f-79e2-7900-a9f7-4712009a1843,id=019fba4f-7a67-7a21-86ef-62d52be78d52; trace=019fba4f-79e2-7900-a9f7-4712009a1843,id=019fba4f-7a67-7a21-86ef-62e76750b9d9
Failed to send compressed multipart ingest: langsmith.utils.LangSmithRateLimitError: Rate limit exceeded for https://api.smith.langchain.com/runs/multipart. HTTPError('429 Client Error: Too Many Requests for url: https://api.smith.langchain.com/runs/multipart', '{"error":"Too many requests: tenant exceeded usage limits: Monthly unique traces usage limit exceeded"}\n')trace=019fba4f-79e2-7900-a9f7-4712009a1843,id=019fba4f-7a67-7a21-86ef-62e76750b9d9; trace=019fba4f-79e2-7900-a9f7-4712009a1843,id=019fba4f-7a67-7a21-86ef-62d52be78d52; trace=019fba4f-79e2-7900-a9f7-4712009a1843,id=019fba4f-901c-7450-9ed2-24b917cf5f9d; trace=019fba4f-79e2-7900-a9f7-4712009a1843,id=019fba4f-901e-7431-a840-e390b0de6c06
Failed to send compressed multipart ingest: langsmith.utils.LangSmithRateLimitError: Rate limit exceeded for https://api.smith.langchain.com/runs/multipart. HTTPError('429 Client Error: Too Many Requests for url: https://api.smith.langchain.com/runs/multipart', '{"error":"Too many requests: tenant exceeded usage limits: Monthly unique traces usage limit exceeded"}\n')trace=019fba4f-79e2-7900-a9f7-4712009a1843,id=019fba4f-901e-7431-a840-e390b0de6c06; trace=019fba4f-79e2-7900-a9f7-4712009a1843,id=019fba4f-b9b5-76e2-b44c-9cb98a4712ee
Failed to send compressed multipart ingest: langsmith.utils.LangSmithRateLimitError: Rate limit exceeded for https://api.smith.langchain.com/runs/multipart. HTTPError('429 Client Error: Too Many Requests for url: https://api.smith.langchain.com/runs/multipart', '{"error":"Too many requests: tenant exceeded usage limits: Monthly unique traces usage limit exceeded"}\n')trace=019fba4f-79e2-7900-a9f7-4712009a1843,id=019fba4f-b9b5-76e2-b44c-9cb98a4712ee; trace=019fba4f-79e2-7900-a9f7-4712009a1843,id=019fba4f-fd87-7b82-919a-aa9ecb6fff90; trace=019fba4f-79e2-7900-a9f7-4712009a1843,id=019fba4f-fd87-7b82-919a-aa9ecb6fff90; trace=019fba4f-79e2-7900-a9f7-4712009a1843,id=019fba4f-901c-7450-9ed2-24b917cf5f9d; trace=019fba4f-79e2-7900-a9f7-4712009a1843,id=019fba4f-fd88-7171-83d9-4d45bc491d82; trace=019fba4f-79e2-7900-a9f7-4712009a1843,id=019fba4f-fd89-7541-8dbf-d4caa82f6514
Failed to send compressed multipart ingest: langsmith.utils.LangSmithRateLimitError: Rate limit exceeded for https://api.smith.langchain.com/runs/multipart. HTTPError('429 Client Error: Too Many Requests for url: https://api.smith.langchain.com/runs/multipart', '{"error":"Too many requests: tenant exceeded usage limits: Monthly unique traces usage limit exceeded"}\n')trace=019fba4f-79e2-7900-a9f7-4712009a1843,id=019fba4f-fd89-7541-8dbf-d4caa82f6514; trace=019fba4f-79e2-7900-a9f7-4712009a1843,id=019fba4f-fd88-7171-83d9-4d45bc491d82; trace=019fba4f-79e2-7900-a9f7-4712009a1843,id=019fba50-3779-7393-855c-60ad5c6a6205; trace=019fba4f-79e2-7900-a9f7-4712009a1843,id=019fba50-377b-7ab0-92eb-45e5eb53f4e7
Failed to send compressed multipart ingest: langsmith.utils.LangSmithRateLimitError: Rate limit exceeded for https://api.smith.langchain.com/runs/multipart. HTTPError('429 Client Error: Too Many Requests for url: https://api.smith.langchain.com/runs/multipart', '{"error":"Too many requests: tenant exceeded usage limits: Monthly unique traces usage limit exceeded"}\n')trace=019fba4f-79e2-7900-a9f7-4712009a1843,id=019fba50-377b-7ab0-92eb-45e5eb53f4e7; trace=019fba4f-79e2-7900-a9f7-4712009a1843,id=019fba50-64f5-7c40-b0a2-7b080733478f; trace=019fba4f-79e2-7900-a9f7-4712009a1843,id=019fba50-64f5-7c40-b0a2-7b080733478f; trace=019fba4f-79e2-7900-a9f7-4712009a1843,id=019fba50-3779-7393-855c-60ad5c6a6205; trace=019fba4f-79e2-7900-a9f7-4712009a1843,id=019fba50-64f6-7921-a3dd-004be36bce24; trace=019fba4f-79e2-7900-a9f7-4712009a1843,id=019fba50-64f7-7462-a33d-8b9acdf9aa18
Failed to send compressed multipart ingest: langsmith.utils.LangSmithRateLimitError: Rate limit exceeded for https://api.smith.langchain.com/runs/multipart. HTTPError('429 Client Error: Too Many Requests for url: https://api.smith.langchain.com/runs/multipart', '{"error":"Too many requests: tenant exceeded usage limits: Monthly unique traces usage limit exceeded"}\n')trace=019fba4f-79e2-7900-a9f7-4712009a1843,id=019fba50-64f7-7462-a33d-8b9acdf9aa18; trace=019fba4f-79e2-7900-a9f7-4712009a1843,id=019fba50-64f6-7921-a3dd-004be36bce24; trace=019fba4f-79e2-7900-a9f7-4712009a1843,id=019fba50-a95e-78d2-832e-6cb34d74ebc8; trace=019fba4f-79e2-7900-a9f7-4712009a1843,id=019fba50-a960-7a10-b360-2c26b90fc5fa
Failed to send compressed multipart ingest: langsmith.utils.LangSmithRateLimitError: Rate limit exceeded for https://api.smith.langchain.com/runs/multipart. HTTPError('429 Client Error: Too Many Requests for url: https://api.smith.langchain.com/runs/multipart', '{"error":"Too many requests: tenant exceeded usage limits: Monthly unique traces usage limit exceeded"}\n')trace=019fba4f-79e2-7900-a9f7-4712009a1843,id=019fba50-a960-7a10-b360-2c26b90fc5fa; trace=019fba4f-79e2-7900-a9f7-4712009a1843,id=019fba50-d41f-7d20-a611-c4d2743c55ae; trace=019fba4f-79e2-7900-a9f7-4712009a1843,id=019fba50-d41f-7d20-a611-c4d2743c55ae; trace=019fba4f-79e2-7900-a9f7-4712009a1843,id=019fba50-a95e-78d2-832e-6cb34d74ebc8; trace=019fba4f-79e2-7900-a9f7-4712009a1843,id=019fba50-d420-7eb0-8f86-aaf32f04b15c; trace=019fba4f-79e2-7900-a9f7-4712009a1843,id=019fba50-d421-76f2-b68c-0721d1c75776
Failed to send compressed multipart ingest: langsmith.utils.LangSmithRateLimitError: Rate limit exceeded for https://api.smith.langchain.com/runs/multipart. HTTPError('429 Client Error: Too Many Requests for url: https://api.smith.langchain.com/runs/multipart', '{"error":"Too many requests: tenant exceeded usage limits: Monthly unique traces usage limit exceeded"}\n')trace=019fba4f-79e2-7900-a9f7-4712009a1843,id=019fba50-d421-76f2-b68c-0721d1c75776; trace=019fba4f-79e2-7900-a9f7-4712009a1843,id=019fba50-d420-7eb0-8f86-aaf32f04b15c; trace=019fba4f-79e2-7900-a9f7-4712009a1843,id=019fba50-f909-7213-8a1c-6b1f85a7a70d; trace=019fba4f-79e2-7900-a9f7-4712009a1843,id=019fba50-f90b-7660-857f-8effc57ddebb
Calling Baseline Move server...
Calling Baseline Move server (JSON repair retry)...
Calling Baseline Move server...
Calling Baseline Move server...
Calling Baseline Move server...
[baseline] 62/104 scenario_02_08 (repeat 2/4)
Failed to send compressed multipart ingest: langsmith.utils.LangSmithRateLimitError: Rate limit exceeded for https://api.smith.langchain.com/runs/multipart. HTTPError('429 Client Error: Too Many Requests for url: https://api.smith.langchain.com/runs/multipart', '{"error":"Too many requests: tenant exceeded usage limits: Monthly unique traces usage limit exceeded"}\n')trace=019fba4f-79e2-7900-a9f7-4712009a1843,id=019fba50-f90b-7660-857f-8effc57ddebb; trace=019fba4f-79e2-7900-a9f7-4712009a1843,id=019fba51-7fce-7221-b531-927cd136ffe4; trace=019fba4f-79e2-7900-a9f7-4712009a1843,id=019fba51-7fce-7221-b531-927cd136ffe4; trace=019fba4f-79e2-7900-a9f7-4712009a1843,id=019fba50-f909-7213-8a1c-6b1f85a7a70d; trace=019fba4f-79e2-7900-a9f7-4712009a1843,id=019fba51-7fcf-7e70-96bc-82f81d9f1f92; trace=019fba4f-79e2-7900-a9f7-4712009a1843,id=019fba51-7fcf-7e70-96bc-82f81d9f1f92; trace=019fba4f-79e2-7900-a9f7-4712009a1843,id=019fba4f-79e2-7900-a9f7-4712009a1843; trace=019fba51-7fee-7b33-a027-a1433dca3b43,id=019fba51-7fee-7b33-a027-a1433dca3b43; trace=019fba51-7fee-7b33-a027-a1433dca3b43,id=019fba51-7fef-7820-b5b7-3720f3507056; trace=019fba51-7fee-7b33-a027-a1433dca3b43,id=019fba51-7fef-7820-b5b7-3720f3507056; trace=019fba51-7fee-7b33-a027-a1433dca3b43,id=019fba51-7fef-7820-b5b7-373f03acb09b; trace=019fba51-7fee-7b33-a027-a1433dca3b43,id=019fba51-806c-7b31-bf71-7cda2bbacc85; trace=019fba51-7fee-7b33-a027-a1433dca3b43,id=019fba51-806c-7b31-bf71-7cda2bbacc85; trace=019fba51-7fee-7b33-a027-a1433dca3b43,id=019fba51-7fef-7820-b5b7-373f03acb09b; trace=019fba51-7fee-7b33-a027-a1433dca3b43,id=019fba51-806d-7d70-addd-e6218f41f77b; trace=019fba51-7fee-7b33-a027-a1433dca3b43,id=019fba51-806e-7573-9c8b-7b96f0aca716
Failed to send compressed multipart ingest: langsmith.utils.LangSmithRateLimitError: Rate limit exceeded for https://api.smith.langchain.com/runs/multipart. HTTPError('429 Client Error: Too Many Requests for url: https://api.smith.langchain.com/runs/multipart', '{"error":"Too many requests: tenant exceeded usage limits: Monthly unique traces usage limit exceeded"}\n')trace=019fba51-7fee-7b33-a027-a1433dca3b43,id=019fba51-806e-7573-9c8b-7b96f0aca716; trace=019fba51-7fee-7b33-a027-a1433dca3b43,id=019fba51-806d-7d70-addd-e6218f41f77b; trace=019fba51-7fee-7b33-a027-a1433dca3b43,id=019fba51-9388-7902-94ff-c54d9dba6a01; trace=019fba51-7fee-7b33-a027-a1433dca3b43,id=019fba51-9389-7f42-84b2-13b36b9e2e69
Failed to send compressed multipart ingest: langsmith.utils.LangSmithRateLimitError: Rate limit exceeded for https://api.smith.langchain.com/runs/multipart. HTTPError('429 Client Error: Too Many Requests for url: https://api.smith.langchain.com/runs/multipart', '{"error":"Too many requests: tenant exceeded usage limits: Monthly unique traces usage limit exceeded"}\n')trace=019fba51-7fee-7b33-a027-a1433dca3b43,id=019fba51-9389-7f42-84b2-13b36b9e2e69; trace=019fba51-7fee-7b33-a027-a1433dca3b43,id=019fba51-c3d8-79c3-9fb3-4ec6bdd2013c
Failed to send compressed multipart ingest: langsmith.utils.LangSmithRateLimitError: Rate limit exceeded for https://api.smith.langchain.com/runs/multipart. HTTPError('429 Client Error: Too Many Requests for url: https://api.smith.langchain.com/runs/multipart', '{"error":"Too many requests: tenant exceeded usage limits: Monthly unique traces usage limit exceeded"}\n')trace=019fba51-7fee-7b33-a027-a1433dca3b43,id=019fba51-c3d8-79c3-9fb3-4ec6bdd2013c; trace=019fba51-7fee-7b33-a027-a1433dca3b43,id=019fba52-0b47-7210-82f2-d1b16fb02702; trace=019fba51-7fee-7b33-a027-a1433dca3b43,id=019fba52-0b47-7210-82f2-d1b16fb02702; trace=019fba51-7fee-7b33-a027-a1433dca3b43,id=019fba51-9388-7902-94ff-c54d9dba6a01; trace=019fba51-7fee-7b33-a027-a1433dca3b43,id=019fba52-0b48-7652-956b-8995982b0e18; trace=019fba51-7fee-7b33-a027-a1433dca3b43,id=019fba52-0b49-79a0-aa43-f612cb3f24e1
Failed to send compressed multipart ingest: langsmith.utils.LangSmithRateLimitError: Rate limit exceeded for https://api.smith.langchain.com/runs/multipart. HTTPError('429 Client Error: Too Many Requests for url: https://api.smith.langchain.com/runs/multipart', '{"error":"Too many requests: tenant exceeded usage limits: Monthly unique traces usage limit exceeded"}\n')trace=019fba51-7fee-7b33-a027-a1433dca3b43,id=019fba52-0b49-79a0-aa43-f612cb3f24e1; trace=019fba51-7fee-7b33-a027-a1433dca3b43,id=019fba52-0b48-7652-956b-8995982b0e18; trace=019fba51-7fee-7b33-a027-a1433dca3b43,id=019fba52-1f1c-7d61-8484-fafd9dabe94e; trace=019fba51-7fee-7b33-a027-a1433dca3b43,id=019fba52-1f1e-75b2-b0e3-09b300457c72
Failed to send compressed multipart ingest: langsmith.utils.LangSmithRateLimitError: Rate limit exceeded for https://api.smith.langchain.com/runs/multipart. HTTPError('429 Client Error: Too Many Requests for url: https://api.smith.langchain.com/runs/multipart', '{"error":"Too many requests: tenant exceeded usage limits: Monthly unique traces usage limit exceeded"}\n')trace=019fba51-7fee-7b33-a027-a1433dca3b43,id=019fba52-1f1e-75b2-b0e3-09b300457c72; trace=019fba51-7fee-7b33-a027-a1433dca3b43,id=019fba52-5246-79e0-9bad-12b4f6b0f4fc; trace=019fba51-7fee-7b33-a027-a1433dca3b43,id=019fba52-5246-79e0-9bad-12b4f6b0f4fc; trace=019fba51-7fee-7b33-a027-a1433dca3b43,id=019fba52-1f1c-7d61-8484-fafd9dabe94e; trace=019fba51-7fee-7b33-a027-a1433dca3b43,id=019fba52-5247-7282-8479-b69cbfa238c5; trace=019fba51-7fee-7b33-a027-a1433dca3b43,id=019fba52-5248-7262-aefb-0ee639533c17
Failed to send compressed multipart ingest: langsmith.utils.LangSmithRateLimitError: Rate limit exceeded for https://api.smith.langchain.com/runs/multipart. HTTPError('429 Client Error: Too Many Requests for url: https://api.smith.langchain.com/runs/multipart', '{"error":"Too many requests: tenant exceeded usage limits: Monthly unique traces usage limit exceeded"}\n')trace=019fba51-7fee-7b33-a027-a1433dca3b43,id=019fba52-5248-7262-aefb-0ee639533c17; trace=019fba51-7fee-7b33-a027-a1433dca3b43,id=019fba52-5247-7282-8479-b69cbfa238c5; trace=019fba51-7fee-7b33-a027-a1433dca3b43,id=019fba52-784a-7302-a69b-0713670fde45; trace=019fba51-7fee-7b33-a027-a1433dca3b43,id=019fba52-784c-7151-b1ab-64131d198fec
Failed to send compressed multipart ingest: langsmith.utils.LangSmithRateLimitError: Rate limit exceeded for https://api.smith.langchain.com/runs/multipart. HTTPError('429 Client Error: Too Many Requests for url: https://api.smith.langchain.com/runs/multipart', '{"error":"Too many requests: tenant exceeded usage limits: Monthly unique traces usage limit exceeded"}\n')trace=019fba51-7fee-7b33-a027-a1433dca3b43,id=019fba52-784c-7151-b1ab-64131d198fec; trace=019fba51-7fee-7b33-a027-a1433dca3b43,id=019fba52-ac96-7001-9e6b-0defb1cddd1b; trace=019fba51-7fee-7b33-a027-a1433dca3b43,id=019fba52-ac96-7001-9e6b-0defb1cddd1b; trace=019fba51-7fee-7b33-a027-a1433dca3b43,id=019fba52-784a-7302-a69b-0713670fde45; trace=019fba51-7fee-7b33-a027-a1433dca3b43,id=019fba52-ac97-7ab3-b156-1fbc21ef5a1b; trace=019fba51-7fee-7b33-a027-a1433dca3b43,id=019fba52-ac98-7f91-a3d3-34975a3c10f7
Failed to send compressed multipart ingest: langsmith.utils.LangSmithRateLimitError: Rate limit exceeded for https://api.smith.langchain.com/runs/multipart. HTTPError('429 Client Error: Too Many Requests for url: https://api.smith.langchain.com/runs/multipart', '{"error":"Too many requests: tenant exceeded usage limits: Monthly unique traces usage limit exceeded"}\n')trace=019fba51-7fee-7b33-a027-a1433dca3b43,id=019fba52-ac98-7f91-a3d3-34975a3c10f7; trace=019fba51-7fee-7b33-a027-a1433dca3b43,id=019fba52-ac97-7ab3-b156-1fbc21ef5a1b; trace=019fba51-7fee-7b33-a027-a1433dca3b43,id=019fba52-d847-7ee3-895e-9e215a383314; trace=019fba51-7fee-7b33-a027-a1433dca3b43,id=019fba52-d849-7593-905d-41288bee89be
Failed to send compressed multipart ingest: langsmith.utils.LangSmithRateLimitError: Rate limit exceeded for https://api.smith.langchain.com/runs/multipart. HTTPError('429 Client Error: Too Many Requests for url: https://api.smith.langchain.com/runs/multipart', '{"error":"Too many requests: tenant exceeded usage limits: Monthly unique traces usage limit exceeded"}\n')trace=019fba51-7fee-7b33-a027-a1433dca3b43,id=019fba52-d849-7593-905d-41288bee89be; trace=019fba51-7fee-7b33-a027-a1433dca3b43,id=019fba53-05e6-7742-8c35-f4267ce85fca; trace=019fba51-7fee-7b33-a027-a1433dca3b43,id=019fba53-05e6-7742-8c35-f4267ce85fca; trace=019fba51-7fee-7b33-a027-a1433dca3b43,id=019fba52-d847-7ee3-895e-9e215a383314; trace=019fba51-7fee-7b33-a027-a1433dca3b43,id=019fba53-05e7-7e32-bc11-93db28c85da4; trace=019fba51-7fee-7b33-a027-a1433dca3b43,id=019fba53-05e8-7ee0-b623-9b3ac813f031
Failed to send compressed multipart ingest: langsmith.utils.LangSmithRateLimitError: Rate limit exceeded for https://api.smith.langchain.com/runs/multipart. HTTPError('429 Client Error: Too Many Requests for url: https://api.smith.langchain.com/runs/multipart', '{"error":"Too many requests: tenant exceeded usage limits: Monthly unique traces usage limit exceeded"}\n')trace=019fba51-7fee-7b33-a027-a1433dca3b43,id=019fba53-05e8-7ee0-b623-9b3ac813f031; trace=019fba51-7fee-7b33-a027-a1433dca3b43,id=019fba53-05e7-7e32-bc11-93db28c85da4; trace=019fba51-7fee-7b33-a027-a1433dca3b43,id=019fba53-34bd-7932-95b7-1a4c23b7f565; trace=019fba51-7fee-7b33-a027-a1433dca3b43,id=019fba53-34bf-75c2-b997-d6ba9748d77b
Calling Baseline Move server...
Calling Baseline Move server (JSON repair retry)...
Calling Baseline Move server...
Calling Baseline Move server...
Calling Baseline Move server...
Calling Baseline Move server...
[baseline] 63/104 scenario_02_08 (repeat 3/4)
Failed to send compressed multipart ingest: langsmith.utils.LangSmithRateLimitError: Rate limit exceeded for https://api.smith.langchain.com/runs/multipart. HTTPError('429 Client Error: Too Many Requests for url: https://api.smith.langchain.com/runs/multipart', '{"error":"Too many requests: tenant exceeded usage limits: Monthly unique traces usage limit exceeded"}\n')trace=019fba51-7fee-7b33-a027-a1433dca3b43,id=019fba53-34bf-75c2-b997-d6ba9748d77b; trace=019fba51-7fee-7b33-a027-a1433dca3b43,id=019fba53-7e1d-7a40-8643-e610dd70af5f; trace=019fba51-7fee-7b33-a027-a1433dca3b43,id=019fba53-7e1d-7a40-8643-e610dd70af5f; trace=019fba51-7fee-7b33-a027-a1433dca3b43,id=019fba53-34bd-7932-95b7-1a4c23b7f565; trace=019fba51-7fee-7b33-a027-a1433dca3b43,id=019fba53-7e1e-7af3-a160-6b8632275469; trace=019fba51-7fee-7b33-a027-a1433dca3b43,id=019fba53-7e1e-7af3-a160-6b8632275469; trace=019fba51-7fee-7b33-a027-a1433dca3b43,id=019fba51-7fee-7b33-a027-a1433dca3b43; trace=019fba53-7ee3-7523-9030-02eaa9b12046,id=019fba53-7ee3-7523-9030-02eaa9b12046; trace=019fba53-7ee3-7523-9030-02eaa9b12046,id=019fba53-7ee4-7fa3-b3f7-75fc9b486115; trace=019fba53-7ee3-7523-9030-02eaa9b12046,id=019fba53-7ee4-7fa3-b3f7-75fc9b486115; trace=019fba53-7ee3-7523-9030-02eaa9b12046,id=019fba53-7ee5-7d11-8d9a-be07a3ab5e74; trace=019fba53-7ee3-7523-9030-02eaa9b12046,id=019fba53-7fe0-7370-b0df-2783dbf447ab; trace=019fba53-7ee3-7523-9030-02eaa9b12046,id=019fba53-7fe0-7370-b0df-2783dbf447ab; trace=019fba53-7ee3-7523-9030-02eaa9b12046,id=019fba53-7ee5-7d11-8d9a-be07a3ab5e74; trace=019fba53-7ee3-7523-9030-02eaa9b12046,id=019fba53-7fe1-73f2-bc3e-18b00ddd3c04; trace=019fba53-7ee3-7523-9030-02eaa9b12046,id=019fba53-7fe2-75d0-906a-d95a005ae8e2
Failed to send compressed multipart ingest: langsmith.utils.LangSmithRateLimitError: Rate limit exceeded for https://api.smith.langchain.com/runs/multipart. HTTPError('429 Client Error: Too Many Requests for url: https://api.smith.langchain.com/runs/multipart', '{"error":"Too many requests: tenant exceeded usage limits: Monthly unique traces usage limit exceeded"}\n')trace=019fba53-7ee3-7523-9030-02eaa9b12046,id=019fba53-7fe2-75d0-906a-d95a005ae8e2; trace=019fba53-7ee3-7523-9030-02eaa9b12046,id=019fba53-7fe1-73f2-bc3e-18b00ddd3c04; trace=019fba53-7ee3-7523-9030-02eaa9b12046,id=019fba53-a07d-7b02-9cfc-f2b3c4cea138; trace=019fba53-7ee3-7523-9030-02eaa9b12046,id=019fba53-a07f-7241-a538-c285c09c2247
Failed to send compressed multipart ingest: langsmith.utils.LangSmithRateLimitError: Rate limit exceeded for https://api.smith.langchain.com/runs/multipart. HTTPError('429 Client Error: Too Many Requests for url: https://api.smith.langchain.com/runs/multipart', '{"error":"Too many requests: tenant exceeded usage limits: Monthly unique traces usage limit exceeded"}\n')trace=019fba53-7ee3-7523-9030-02eaa9b12046,id=019fba53-a07f-7241-a538-c285c09c2247; trace=019fba53-7ee3-7523-9030-02eaa9b12046,id=019fba53-ddb0-72d3-82d5-3c103a99c32c
Calling Baseline Move server...
Calling Baseline Move server (JSON repair retry)...
Error calling Baseline Move server: {'message': 'model: qwen/qwen-2.5-72b-instruct does not support endpoint: completions', 'code': 400}
[baseline] 64/104 scenario_02_08 (repeat 4/4)
Failed to send compressed multipart ingest: langsmith.utils.LangSmithRateLimitError: Rate limit exceeded for https://api.smith.langchain.com/runs/multipart. HTTPError('429 Client Error: Too Many Requests for url: https://api.smith.langchain.com/runs/multipart', '{"error":"Too many requests: tenant exceeded usage limits: Monthly unique traces usage limit exceeded"}\n')trace=019fba53-7ee3-7523-9030-02eaa9b12046,id=019fba53-ddb0-72d3-82d5-3c103a99c32c; trace=019fba53-7ee3-7523-9030-02eaa9b12046,id=019fba53-a07d-7b02-9cfc-f2b3c4cea138; trace=019fba53-7ee3-7523-9030-02eaa9b12046,id=019fba53-7ee3-7523-9030-02eaa9b12046; trace=019fba54-1c1a-7810-8655-f65c30f9de0a,id=019fba54-1c1a-7810-8655-f65c30f9de0a; trace=019fba54-1c1a-7810-8655-f65c30f9de0a,id=019fba54-1c1b-7193-8269-eb50d7bb52a2; trace=019fba54-1c1a-7810-8655-f65c30f9de0a,id=019fba54-1c1b-7193-8269-eb50d7bb52a2; trace=019fba54-1c1a-7810-8655-f65c30f9de0a,id=019fba54-1c1c-7ef2-a791-2e0da3f40396; trace=019fba54-1c1a-7810-8655-f65c30f9de0a,id=019fba54-1c60-7c63-adec-79b07e887daf; trace=019fba54-1c1a-7810-8655-f65c30f9de0a,id=019fba54-1c60-7c63-adec-79b07e887daf; trace=019fba54-1c1a-7810-8655-f65c30f9de0a,id=019fba54-1c1c-7ef2-a791-2e0da3f40396; trace=019fba54-1c1a-7810-8655-f65c30f9de0a,id=019fba54-1c61-7670-b7b6-50e69d21fe3d; trace=019fba54-1c1a-7810-8655-f65c30f9de0a,id=019fba54-1c61-7670-b7b6-50f4238b12ae
Failed to send compressed multipart ingest: langsmith.utils.LangSmithRateLimitError: Rate limit exceeded for https://api.smith.langchain.com/runs/multipart. HTTPError('429 Client Error: Too Many Requests for url: https://api.smith.langchain.com/runs/multipart', '{"error":"Too many requests: tenant exceeded usage limits: Monthly unique traces usage limit exceeded"}\n')trace=019fba54-1c1a-7810-8655-f65c30f9de0a,id=019fba54-1c61-7670-b7b6-50f4238b12ae; trace=019fba54-1c1a-7810-8655-f65c30f9de0a,id=019fba54-1c61-7670-b7b6-50e69d21fe3d; trace=019fba54-1c1a-7810-8655-f65c30f9de0a,id=019fba54-452b-7fd0-b839-31e7c40f65eb; trace=019fba54-1c1a-7810-8655-f65c30f9de0a,id=019fba54-452d-7a21-90c4-af6edd712d1b
Failed to send compressed multipart ingest: langsmith.utils.LangSmithRateLimitError: Rate limit exceeded for https://api.smith.langchain.com/runs/multipart. HTTPError('429 Client Error: Too Many Requests for url: https://api.smith.langchain.com/runs/multipart', '{"error":"Too many requests: tenant exceeded usage limits: Monthly unique traces usage limit exceeded"}\n')trace=019fba54-1c1a-7810-8655-f65c30f9de0a,id=019fba54-452d-7a21-90c4-af6edd712d1b; trace=019fba54-1c1a-7810-8655-f65c30f9de0a,id=019fba54-83fd-7093-a2f4-af63f113923d
Failed to send compressed multipart ingest: langsmith.utils.LangSmithRateLimitError: Rate limit exceeded for https://api.smith.langchain.com/runs/multipart. HTTPError('429 Client Error: Too Many Requests for url: https://api.smith.langchain.com/runs/multipart', '{"error":"Too many requests: tenant exceeded usage limits: Monthly unique traces usage limit exceeded"}\n')trace=019fba54-1c1a-7810-8655-f65c30f9de0a,id=019fba54-83fd-7093-a2f4-af63f113923d; trace=019fba54-1c1a-7810-8655-f65c30f9de0a,id=019fba54-b51f-7083-9a50-5e7740062cf3; trace=019fba54-1c1a-7810-8655-f65c30f9de0a,id=019fba54-b51f-7083-9a50-5e7740062cf3; trace=019fba54-1c1a-7810-8655-f65c30f9de0a,id=019fba54-452b-7fd0-b839-31e7c40f65eb; trace=019fba54-1c1a-7810-8655-f65c30f9de0a,id=019fba54-b520-7c41-8809-5e636da07765; trace=019fba54-1c1a-7810-8655-f65c30f9de0a,id=019fba54-b521-79b3-9514-2bf460c39d11
Failed to send compressed multipart ingest: langsmith.utils.LangSmithRateLimitError: Rate limit exceeded for https://api.smith.langchain.com/runs/multipart. HTTPError('429 Client Error: Too Many Requests for url: https://api.smith.langchain.com/runs/multipart', '{"error":"Too many requests: tenant exceeded usage limits: Monthly unique traces usage limit exceeded"}\n')trace=019fba54-1c1a-7810-8655-f65c30f9de0a,id=019fba54-b521-79b3-9514-2bf460c39d11; trace=019fba54-1c1a-7810-8655-f65c30f9de0a,id=019fba54-b520-7c41-8809-5e636da07765; trace=019fba54-1c1a-7810-8655-f65c30f9de0a,id=019fba54-d042-7001-8198-1153c8f521a4; trace=019fba54-1c1a-7810-8655-f65c30f9de0a,id=019fba54-d044-7040-944b-91a03c0f6310
Failed to send compressed multipart ingest: langsmith.utils.LangSmithRateLimitError: Rate limit exceeded for https://api.smith.langchain.com/runs/multipart. HTTPError('429 Client Error: Too Many Requests for url: https://api.smith.langchain.com/runs/multipart', '{"error":"Too many requests: tenant exceeded usage limits: Monthly unique traces usage limit exceeded"}\n')trace=019fba54-1c1a-7810-8655-f65c30f9de0a,id=019fba54-d044-7040-944b-91a03c0f6310; trace=019fba54-1c1a-7810-8655-f65c30f9de0a,id=019fba55-0873-74a1-8544-3ef0146cb97a; trace=019fba54-1c1a-7810-8655-f65c30f9de0a,id=019fba55-0873-74a1-8544-3ef0146cb97a; trace=019fba54-1c1a-7810-8655-f65c30f9de0a,id=019fba54-d042-7001-8198-1153c8f521a4; trace=019fba54-1c1a-7810-8655-f65c30f9de0a,id=019fba55-0874-7352-a520-5091561e763f; trace=019fba54-1c1a-7810-8655-f65c30f9de0a,id=019fba55-0874-7352-a520-50af274d1ea9
Failed to send compressed multipart ingest: langsmith.utils.LangSmithRateLimitError: Rate limit exceeded for https://api.smith.langchain.com/runs/multipart. HTTPError('429 Client Error: Too Many Requests for url: https://api.smith.langchain.com/runs/multipart', '{"error":"Too many requests: tenant exceeded usage limits: Monthly unique traces usage limit exceeded"}\n')trace=019fba54-1c1a-7810-8655-f65c30f9de0a,id=019fba55-0874-7352-a520-50af274d1ea9; trace=019fba54-1c1a-7810-8655-f65c30f9de0a,id=019fba55-0874-7352-a520-5091561e763f; trace=019fba54-1c1a-7810-8655-f65c30f9de0a,id=019fba55-31be-7943-97cd-1b950add292c; trace=019fba54-1c1a-7810-8655-f65c30f9de0a,id=019fba55-31c0-7843-af03-87be04875d28
Failed to send compressed multipart ingest: langsmith.utils.LangSmithRateLimitError: Rate limit exceeded for https://api.smith.langchain.com/runs/multipart. HTTPError('429 Client Error: Too Many Requests for url: https://api.smith.langchain.com/runs/multipart', '{"error":"Too many requests: tenant exceeded usage limits: Monthly unique traces usage limit exceeded"}\n')trace=019fba54-1c1a-7810-8655-f65c30f9de0a,id=019fba55-31c0-7843-af03-87be04875d28; trace=019fba54-1c1a-7810-8655-f65c30f9de0a,id=019fba55-676b-7a71-83de-2f2ea0f6fb61; trace=019fba54-1c1a-7810-8655-f65c30f9de0a,id=019fba55-676b-7a71-83de-2f2ea0f6fb61; trace=019fba54-1c1a-7810-8655-f65c30f9de0a,id=019fba55-31be-7943-97cd-1b950add292c; trace=019fba54-1c1a-7810-8655-f65c30f9de0a,id=019fba55-676c-71c2-a806-b529b53268a9; trace=019fba54-1c1a-7810-8655-f65c30f9de0a,id=019fba55-676d-7272-97a2-1b9174d842f8
Failed to send compressed multipart ingest: langsmith.utils.LangSmithRateLimitError: Rate limit exceeded for https://api.smith.langchain.com/runs/multipart. HTTPError('429 Client Error: Too Many Requests for url: https://api.smith.langchain.com/runs/multipart', '{"error":"Too many requests: tenant exceeded usage limits: Monthly unique traces usage limit exceeded"}\n')trace=019fba54-1c1a-7810-8655-f65c30f9de0a,id=019fba55-676d-7272-97a2-1b9174d842f8; trace=019fba54-1c1a-7810-8655-f65c30f9de0a,id=019fba55-676c-71c2-a806-b529b53268a9; trace=019fba54-1c1a-7810-8655-f65c30f9de0a,id=019fba55-bf64-7b80-a1ec-162d601fe641; trace=019fba54-1c1a-7810-8655-f65c30f9de0a,id=019fba55-bf66-7980-9fb7-79b1eacf0147
Failed to send compressed multipart ingest: langsmith.utils.LangSmithRateLimitError: Rate limit exceeded for https://api.smith.langchain.com/runs/multipart. HTTPError('429 Client Error: Too Many Requests for url: https://api.smith.langchain.com/runs/multipart', '{"error":"Too many requests: tenant exceeded usage limits: Monthly unique traces usage limit exceeded"}\n')trace=019fba54-1c1a-7810-8655-f65c30f9de0a,id=019fba55-bf66-7980-9fb7-79b1eacf0147; trace=019fba54-1c1a-7810-8655-f65c30f9de0a,id=019fba55-ea1d-7492-ad2c-b5a80c6f705a; trace=019fba54-1c1a-7810-8655-f65c30f9de0a,id=019fba55-ea1d-7492-ad2c-b5a80c6f705a; trace=019fba54-1c1a-7810-8655-f65c30f9de0a,id=019fba55-bf64-7b80-a1ec-162d601fe641; trace=019fba54-1c1a-7810-8655-f65c30f9de0a,id=019fba55-ea1e-7af0-9180-45515877f9ad; trace=019fba54-1c1a-7810-8655-f65c30f9de0a,id=019fba55-ea1f-79c0-8550-c35fb96081cd
Failed to send compressed multipart ingest: langsmith.utils.LangSmithRateLimitError: Rate limit exceeded for https://api.smith.langchain.com/runs/multipart. HTTPError('429 Client Error: Too Many Requests for url: https://api.smith.langchain.com/runs/multipart', '{"error":"Too many requests: tenant exceeded usage limits: Monthly unique traces usage limit exceeded"}\n')trace=019fba54-1c1a-7810-8655-f65c30f9de0a,id=019fba55-ea1f-79c0-8550-c35fb96081cd; trace=019fba54-1c1a-7810-8655-f65c30f9de0a,id=019fba55-ea1e-7af0-9180-45515877f9ad; trace=019fba54-1c1a-7810-8655-f65c30f9de0a,id=019fba56-2860-7273-9afc-2bfe7f04513b; trace=019fba54-1c1a-7810-8655-f65c30f9de0a,id=019fba56-2862-77a2-9dcc-56907297f421
Calling Baseline Move server...
Calling Baseline Move server (JSON repair retry)...
Calling Baseline Move server...
Calling Baseline Move server...
Calling Baseline Move server...
Calling Baseline Move server...
[baseline] 65/104 scenario_02_09 (repeat 1/4)
Failed to send compressed multipart ingest: langsmith.utils.LangSmithRateLimitError: Rate limit exceeded for https://api.smith.langchain.com/runs/multipart. HTTPError('429 Client Error: Too Many Requests for url: https://api.smith.langchain.com/runs/multipart', '{"error":"Too many requests: tenant exceeded usage limits: Monthly unique traces usage limit exceeded"}\n')trace=019fba54-1c1a-7810-8655-f65c30f9de0a,id=019fba56-2862-77a2-9dcc-56907297f421; trace=019fba54-1c1a-7810-8655-f65c30f9de0a,id=019fba56-bc97-7e60-b857-bb43ae9346e6; trace=019fba54-1c1a-7810-8655-f65c30f9de0a,id=019fba56-bc97-7e60-b857-bb43ae9346e6; trace=019fba54-1c1a-7810-8655-f65c30f9de0a,id=019fba56-2860-7273-9afc-2bfe7f04513b; trace=019fba54-1c1a-7810-8655-f65c30f9de0a,id=019fba56-bc98-7513-a07c-901d90eb8892; trace=019fba54-1c1a-7810-8655-f65c30f9de0a,id=019fba56-bc98-7513-a07c-901d90eb8892; trace=019fba54-1c1a-7810-8655-f65c30f9de0a,id=019fba54-1c1a-7810-8655-f65c30f9de0a; trace=019fba56-bcd8-7a92-abaf-b19761912335,id=019fba56-bcd8-7a92-abaf-b19761912335; trace=019fba56-bcd8-7a92-abaf-b19761912335,id=019fba56-bcd9-70f2-841f-bc27688e9e76; trace=019fba56-bcd8-7a92-abaf-b19761912335,id=019fba56-bcd9-70f2-841f-bc27688e9e76; trace=019fba56-bcd8-7a92-abaf-b19761912335,id=019fba56-bcda-7411-a999-df83618fd663; trace=019fba56-bcd8-7a92-abaf-b19761912335,id=019fba56-bd3b-7821-b95d-ec5efbdbef1b; trace=019fba56-bcd8-7a92-abaf-b19761912335,id=019fba56-bd3b-7821-b95d-ec5efbdbef1b; trace=019fba56-bcd8-7a92-abaf-b19761912335,id=019fba56-bcda-7411-a999-df83618fd663; trace=019fba56-bcd8-7a92-abaf-b19761912335,id=019fba56-bd3c-7de1-b986-5b11f2ab9670; trace=019fba56-bcd8-7a92-abaf-b19761912335,id=019fba56-bd3c-7de1-b986-5b22b518e666
Failed to send compressed multipart ingest: langsmith.utils.LangSmithRateLimitError: Rate limit exceeded for https://api.smith.langchain.com/runs/multipart. HTTPError('429 Client Error: Too Many Requests for url: https://api.smith.langchain.com/runs/multipart', '{"error":"Too many requests: tenant exceeded usage limits: Monthly unique traces usage limit exceeded"}\n')trace=019fba56-bcd8-7a92-abaf-b19761912335,id=019fba56-bd3c-7de1-b986-5b22b518e666; trace=019fba56-bcd8-7a92-abaf-b19761912335,id=019fba56-bd3c-7de1-b986-5b11f2ab9670; trace=019fba56-bcd8-7a92-abaf-b19761912335,id=019fba56-e446-7d02-b5b8-8d690fd93ecd; trace=019fba56-bcd8-7a92-abaf-b19761912335,id=019fba56-e448-7d11-a155-264456bdc05f
Failed to send compressed multipart ingest: langsmith.utils.LangSmithRateLimitError: Rate limit exceeded for https://api.smith.langchain.com/runs/multipart. HTTPError('429 Client Error: Too Many Requests for url: https://api.smith.langchain.com/runs/multipart', '{"error":"Too many requests: tenant exceeded usage limits: Monthly unique traces usage limit exceeded"}\n')trace=019fba56-bcd8-7a92-abaf-b19761912335,id=019fba56-e448-7d11-a155-264456bdc05f; trace=019fba56-bcd8-7a92-abaf-b19761912335,id=019fba57-1b9c-7d81-a1d5-377f888df2cf; trace=019fba56-bcd8-7a92-abaf-b19761912335,id=019fba57-1b9c-7d81-a1d5-377f888df2cf; trace=019fba56-bcd8-7a92-abaf-b19761912335,id=019fba56-e446-7d02-b5b8-8d690fd93ecd; trace=019fba56-bcd8-7a92-abaf-b19761912335,id=019fba57-1b9d-7b21-a8bf-2c3f455c6ee5; trace=019fba56-bcd8-7a92-abaf-b19761912335,id=019fba57-1b9e-7d90-89cf-bfdac096533a
Failed to send compressed multipart ingest: langsmith.utils.LangSmithRateLimitError: Rate limit exceeded for https://api.smith.langchain.com/runs/multipart. HTTPError('429 Client Error: Too Many Requests for url: https://api.smith.langchain.com/runs/multipart', '{"error":"Too many requests: tenant exceeded usage limits: Monthly unique traces usage limit exceeded"}\n')trace=019fba56-bcd8-7a92-abaf-b19761912335,id=019fba57-1b9e-7d90-89cf-bfdac096533a; trace=019fba56-bcd8-7a92-abaf-b19761912335,id=019fba57-1b9d-7b21-a8bf-2c3f455c6ee5; trace=019fba56-bcd8-7a92-abaf-b19761912335,id=019fba57-39b7-7a63-8673-24476ac24ab4; trace=019fba56-bcd8-7a92-abaf-b19761912335,id=019fba57-39b9-76c2-b025-f21dc29ce123
Failed to send compressed multipart ingest: langsmith.utils.LangSmithRateLimitError: Rate limit exceeded for https://api.smith.langchain.com/runs/multipart. HTTPError('429 Client Error: Too Many Requests for url: https://api.smith.langchain.com/runs/multipart', '{"error":"Too many requests: tenant exceeded usage limits: Monthly unique traces usage limit exceeded"}\n')trace=019fba56-bcd8-7a92-abaf-b19761912335,id=019fba57-39b9-76c2-b025-f21dc29ce123; trace=019fba56-bcd8-7a92-abaf-b19761912335,id=019fba57-6b4b-7172-856e-48f3b861e9c3; trace=019fba56-bcd8-7a92-abaf-b19761912335,id=019fba57-6b4b-7172-856e-48f3b861e9c3; trace=019fba56-bcd8-7a92-abaf-b19761912335,id=019fba57-39b7-7a63-8673-24476ac24ab4; trace=019fba56-bcd8-7a92-abaf-b19761912335,id=019fba57-6b4c-7730-8990-c1cd0ceb868f; trace=019fba56-bcd8-7a92-abaf-b19761912335,id=019fba57-6b4c-7730-8990-c1d541d140bc
Failed to send compressed multipart ingest: langsmith.utils.LangSmithRateLimitError: Rate limit exceeded for https://api.smith.langchain.com/runs/multipart. HTTPError('429 Client Error: Too Many Requests for url: https://api.smith.langchain.com/runs/multipart', '{"error":"Too many requests: tenant exceeded usage limits: Monthly unique traces usage limit exceeded"}\n')trace=019fba56-bcd8-7a92-abaf-b19761912335,id=019fba57-6b4c-7730-8990-c1d541d140bc; trace=019fba56-bcd8-7a92-abaf-b19761912335,id=019fba57-6b4c-7730-8990-c1cd0ceb868f; trace=019fba56-bcd8-7a92-abaf-b19761912335,id=019fba57-7c86-7170-bcde-8b1baef0c4de; trace=019fba56-bcd8-7a92-abaf-b19761912335,id=019fba57-7c88-7da0-9dbd-8effbbaab36a
Failed to send compressed multipart ingest: langsmith.utils.LangSmithRateLimitError: Rate limit exceeded for https://api.smith.langchain.com/runs/multipart. HTTPError('429 Client Error: Too Many Requests for url: https://api.smith.langchain.com/runs/multipart', '{"error":"Too many requests: tenant exceeded usage limits: Monthly unique traces usage limit exceeded"}\n')trace=019fba56-bcd8-7a92-abaf-b19761912335,id=019fba57-7c88-7da0-9dbd-8effbbaab36a; trace=019fba56-bcd8-7a92-abaf-b19761912335,id=019fba57-bcc6-7b90-81a7-d9a08d011eea; trace=019fba56-bcd8-7a92-abaf-b19761912335,id=019fba57-bcc6-7b90-81a7-d9a08d011eea; trace=019fba56-bcd8-7a92-abaf-b19761912335,id=019fba57-7c86-7170-bcde-8b1baef0c4de; trace=019fba56-bcd8-7a92-abaf-b19761912335,id=019fba57-bcc7-7f52-9ea8-897b2dfbad28; trace=019fba56-bcd8-7a92-abaf-b19761912335,id=019fba57-bcc8-7c21-8d77-6cc7f41db6c6
Failed to send compressed multipart ingest: langsmith.utils.LangSmithRateLimitError: Rate limit exceeded for https://api.smith.langchain.com/runs/multipart. HTTPError('429 Client Error: Too Many Requests for url: https://api.smith.langchain.com/runs/multipart', '{"error":"Too many requests: tenant exceeded usage limits: Monthly unique traces usage limit exceeded"}\n')trace=019fba56-bcd8-7a92-abaf-b19761912335,id=019fba57-bcc8-7c21-8d77-6cc7f41db6c6; trace=019fba56-bcd8-7a92-abaf-b19761912335,id=019fba57-bcc7-7f52-9ea8-897b2dfbad28; trace=019fba56-bcd8-7a92-abaf-b19761912335,id=019fba57-cd1f-7bd1-90a9-df0cfeb992fe; trace=019fba56-bcd8-7a92-abaf-b19761912335,id=019fba57-cd22-7393-8ed3-2ad2d8422191
Failed to send compressed multipart ingest: langsmith.utils.LangSmithRateLimitError: Rate limit exceeded for https://api.smith.langchain.com/runs/multipart. HTTPError('429 Client Error: Too Many Requests for url: https://api.smith.langchain.com/runs/multipart', '{"error":"Too many requests: tenant exceeded usage limits: Monthly unique traces usage limit exceeded"}\n')trace=019fba56-bcd8-7a92-abaf-b19761912335,id=019fba57-cd22-7393-8ed3-2ad2d8422191; trace=019fba56-bcd8-7a92-abaf-b19761912335,id=019fba58-0f05-79f0-84ff-deff130c09d4; trace=019fba56-bcd8-7a92-abaf-b19761912335,id=019fba58-0f05-79f0-84ff-deff130c09d4; trace=019fba56-bcd8-7a92-abaf-b19761912335,id=019fba57-cd1f-7bd1-90a9-df0cfeb992fe; trace=019fba56-bcd8-7a92-abaf-b19761912335,id=019fba58-0f06-7540-98ff-18d2266f070d; trace=019fba56-bcd8-7a92-abaf-b19761912335,id=019fba58-0f07-7843-9958-b102f1f7997c
Failed to send compressed multipart ingest: langsmith.utils.LangSmithRateLimitError: Rate limit exceeded for https://api.smith.langchain.com/runs/multipart. HTTPError('429 Client Error: Too Many Requests for url: https://api.smith.langchain.com/runs/multipart', '{"error":"Too many requests: tenant exceeded usage limits: Monthly unique traces usage limit exceeded"}\n')trace=019fba56-bcd8-7a92-abaf-b19761912335,id=019fba58-0f07-7843-9958-b102f1f7997c; trace=019fba56-bcd8-7a92-abaf-b19761912335,id=019fba58-0f06-7540-98ff-18d2266f070d; trace=019fba56-bcd8-7a92-abaf-b19761912335,id=019fba58-3e19-74b3-b6b2-e201fbb09cd0; trace=019fba56-bcd8-7a92-abaf-b19761912335,id=019fba58-3e1b-7d62-914d-535bbf89bafe
Failed to send compressed multipart ingest: langsmith.utils.LangSmithRateLimitError: Rate limit exceeded for https://api.smith.langchain.com/runs/multipart. HTTPError('429 Client Error: Too Many Requests for url: https://api.smith.langchain.com/runs/multipart', '{"error":"Too many requests: tenant exceeded usage limits: Monthly unique traces usage limit exceeded"}\n')trace=019fba56-bcd8-7a92-abaf-b19761912335,id=019fba58-3e1b-7d62-914d-535bbf89bafe; trace=019fba56-bcd8-7a92-abaf-b19761912335,id=019fba58-8c60-7583-932f-41196b524b8d; trace=019fba56-bcd8-7a92-abaf-b19761912335,id=019fba58-8c60-7583-932f-41196b524b8d; trace=019fba56-bcd8-7a92-abaf-b19761912335,id=019fba58-3e19-74b3-b6b2-e201fbb09cd0; trace=019fba56-bcd8-7a92-abaf-b19761912335,id=019fba58-8c63-7d03-a011-c03ab4c8f4ac; trace=019fba56-bcd8-7a92-abaf-b19761912335,id=019fba58-8c63-7d03-a011-c049794c789f
Failed to send compressed multipart ingest: langsmith.utils.LangSmithRateLimitError: Rate limit exceeded for https://api.smith.langchain.com/runs/multipart. HTTPError('429 Client Error: Too Many Requests for url: https://api.smith.langchain.com/runs/multipart', '{"error":"Too many requests: tenant exceeded usage limits: Monthly unique traces usage limit exceeded"}\n')trace=019fba56-bcd8-7a92-abaf-b19761912335,id=019fba58-8c63-7d03-a011-c049794c789f; trace=019fba56-bcd8-7a92-abaf-b19761912335,id=019fba58-8c63-7d03-a011-c03ab4c8f4ac; trace=019fba56-bcd8-7a92-abaf-b19761912335,id=019fba58-ab7d-7b20-8959-9de7435fa820; trace=019fba56-bcd8-7a92-abaf-b19761912335,id=019fba58-ab80-79e2-bc3e-464f54ca1d38
Calling Baseline Move server...
Calling Baseline Move server...
Calling Baseline Move server...
Calling Baseline Move server...
Calling Baseline Move server...
Calling Baseline Move server...
[baseline] 66/104 scenario_02_09 (repeat 2/4)
Failed to send compressed multipart ingest: langsmith.utils.LangSmithRateLimitError: Rate limit exceeded for https://api.smith.langchain.com/runs/multipart. HTTPError('429 Client Error: Too Many Requests for url: https://api.smith.langchain.com/runs/multipart', '{"error":"Too many requests: tenant exceeded usage limits: Monthly unique traces usage limit exceeded"}\n')trace=019fba56-bcd8-7a92-abaf-b19761912335,id=019fba58-ab80-79e2-bc3e-464f54ca1d38; trace=019fba56-bcd8-7a92-abaf-b19761912335,id=019fba59-8ef1-7400-857b-5cb1cc4b04a7; trace=019fba56-bcd8-7a92-abaf-b19761912335,id=019fba59-8ef1-7400-857b-5cb1cc4b04a7; trace=019fba56-bcd8-7a92-abaf-b19761912335,id=019fba58-ab7d-7b20-8959-9de7435fa820; trace=019fba56-bcd8-7a92-abaf-b19761912335,id=019fba59-8ef2-7472-a704-258148ebccc8; trace=019fba56-bcd8-7a92-abaf-b19761912335,id=019fba59-8ef2-7472-a704-258148ebccc8; trace=019fba56-bcd8-7a92-abaf-b19761912335,id=019fba56-bcd8-7a92-abaf-b19761912335; trace=019fba59-8fcf-78c3-aa50-7ef2784947f7,id=019fba59-8fcf-78c3-aa50-7ef2784947f7; trace=019fba59-8fcf-78c3-aa50-7ef2784947f7,id=019fba59-8fd0-7d93-a8d7-f1acd00320d4; trace=019fba59-8fcf-78c3-aa50-7ef2784947f7,id=019fba59-8fd0-7d93-a8d7-f1acd00320d4; trace=019fba59-8fcf-78c3-aa50-7ef2784947f7,id=019fba59-8fd0-7d93-a8d7-f1b510a50a79; trace=019fba59-8fcf-78c3-aa50-7ef2784947f7,id=019fba59-9025-70e0-b79b-060ff0284016; trace=019fba59-8fcf-78c3-aa50-7ef2784947f7,id=019fba59-9025-70e0-b79b-060ff0284016; trace=019fba59-8fcf-78c3-aa50-7ef2784947f7,id=019fba59-8fd0-7d93-a8d7-f1b510a50a79; trace=019fba59-8fcf-78c3-aa50-7ef2784947f7,id=019fba59-9026-72c1-84c8-17abdd134a7e; trace=019fba59-8fcf-78c3-aa50-7ef2784947f7,id=019fba59-9026-72c1-84c8-17b52c508afc
Failed to send compressed multipart ingest: langsmith.utils.LangSmithRateLimitError: Rate limit exceeded for https://api.smith.langchain.com/runs/multipart. HTTPError('429 Client Error: Too Many Requests for url: https://api.smith.langchain.com/runs/multipart', '{"error":"Too many requests: tenant exceeded usage limits: Monthly unique traces usage limit exceeded"}\n')trace=019fba59-8fcf-78c3-aa50-7ef2784947f7,id=019fba59-9026-72c1-84c8-17b52c508afc; trace=019fba59-8fcf-78c3-aa50-7ef2784947f7,id=019fba59-9026-72c1-84c8-17abdd134a7e; trace=019fba59-8fcf-78c3-aa50-7ef2784947f7,id=019fba59-a9bf-7372-9b33-d076dc1456f5; trace=019fba59-8fcf-78c3-aa50-7ef2784947f7,id=019fba59-a9c1-7fb1-a7c5-830b8f86e5f9
Failed to send compressed multipart ingest: langsmith.utils.LangSmithRateLimitError: Rate limit exceeded for https://api.smith.langchain.com/runs/multipart. HTTPError('429 Client Error: Too Many Requests for url: https://api.smith.langchain.com/runs/multipart', '{"error":"Too many requests: tenant exceeded usage limits: Monthly unique traces usage limit exceeded"}\n')trace=019fba59-8fcf-78c3-aa50-7ef2784947f7,id=019fba59-a9c1-7fb1-a7c5-830b8f86e5f9; trace=019fba59-8fcf-78c3-aa50-7ef2784947f7,id=019fba5a-1e3d-7b01-9da1-ea1df6691f18
Failed to send compressed multipart ingest: langsmith.utils.LangSmithRateLimitError: Rate limit exceeded for https://api.smith.langchain.com/runs/multipart. HTTPError('429 Client Error: Too Many Requests for url: https://api.smith.langchain.com/runs/multipart', '{"error":"Too many requests: tenant exceeded usage limits: Monthly unique traces usage limit exceeded"}\n')trace=019fba59-8fcf-78c3-aa50-7ef2784947f7,id=019fba5a-1e3d-7b01-9da1-ea1df6691f18; trace=019fba59-8fcf-78c3-aa50-7ef2784947f7,id=019fba5a-6e45-7821-bf63-677738c6f98f; trace=019fba59-8fcf-78c3-aa50-7ef2784947f7,id=019fba5a-6e45-7821-bf63-677738c6f98f; trace=019fba59-8fcf-78c3-aa50-7ef2784947f7,id=019fba59-a9bf-7372-9b33-d076dc1456f5; trace=019fba59-8fcf-78c3-aa50-7ef2784947f7,id=019fba5a-6e46-7d10-8aca-da7d418fed8e; trace=019fba59-8fcf-78c3-aa50-7ef2784947f7,id=019fba5a-6e47-7ae2-8734-d5013b9ccb8d
Failed to send compressed multipart ingest: langsmith.utils.LangSmithRateLimitError: Rate limit exceeded for https://api.smith.langchain.com/runs/multipart. HTTPError('429 Client Error: Too Many Requests for url: https://api.smith.langchain.com/runs/multipart', '{"error":"Too many requests: tenant exceeded usage limits: Monthly unique traces usage limit exceeded"}\n')trace=019fba59-8fcf-78c3-aa50-7ef2784947f7,id=019fba5a-6e47-7ae2-8734-d5013b9ccb8d; trace=019fba59-8fcf-78c3-aa50-7ef2784947f7,id=019fba5a-6e46-7d10-8aca-da7d418fed8e; trace=019fba59-8fcf-78c3-aa50-7ef2784947f7,id=019fba5a-8a09-75f2-9a0e-f4036a39161f; trace=019fba59-8fcf-78c3-aa50-7ef2784947f7,id=019fba5a-8a0b-7672-8a28-0406e509463c
Failed to send compressed multipart ingest: langsmith.utils.LangSmithRateLimitError: Rate limit exceeded for https://api.smith.langchain.com/runs/multipart. HTTPError('429 Client Error: Too Many Requests for url: https://api.smith.langchain.com/runs/multipart', '{"error":"Too many requests: tenant exceeded usage limits: Monthly unique traces usage limit exceeded"}\n')trace=019fba59-8fcf-78c3-aa50-7ef2784947f7,id=019fba5a-8a0b-7672-8a28-0406e509463c; trace=019fba59-8fcf-78c3-aa50-7ef2784947f7,id=019fba5a-f6bb-7a23-af6f-facb61568772; trace=019fba59-8fcf-78c3-aa50-7ef2784947f7,id=019fba5a-f6bb-7a23-af6f-facb61568772; trace=019fba59-8fcf-78c3-aa50-7ef2784947f7,id=019fba5a-8a09-75f2-9a0e-f4036a39161f; trace=019fba59-8fcf-78c3-aa50-7ef2784947f7,id=019fba5a-f6bc-7630-a9a8-5c240bda56d5; trace=019fba59-8fcf-78c3-aa50-7ef2784947f7,id=019fba5a-f6bd-71f2-a838-e9dd2ff50e0a
Failed to send compressed multipart ingest: langsmith.utils.LangSmithRateLimitError: Rate limit exceeded for https://api.smith.langchain.com/runs/multipart. HTTPError('429 Client Error: Too Many Requests for url: https://api.smith.langchain.com/runs/multipart', '{"error":"Too many requests: tenant exceeded usage limits: Monthly unique traces usage limit exceeded"}\n')trace=019fba59-8fcf-78c3-aa50-7ef2784947f7,id=019fba5a-f6bd-71f2-a838-e9dd2ff50e0a; trace=019fba59-8fcf-78c3-aa50-7ef2784947f7,id=019fba5a-f6bc-7630-a9a8-5c240bda56d5; trace=019fba59-8fcf-78c3-aa50-7ef2784947f7,id=019fba5b-1755-7c90-8dcf-a8127d0acd85; trace=019fba59-8fcf-78c3-aa50-7ef2784947f7,id=019fba5b-1757-7e71-b003-c5b836f6a3cc
Failed to send compressed multipart ingest: langsmith.utils.LangSmithRateLimitError: Rate limit exceeded for https://api.smith.langchain.com/runs/multipart. HTTPError('429 Client Error: Too Many Requests for url: https://api.smith.langchain.com/runs/multipart', '{"error":"Too many requests: tenant exceeded usage limits: Monthly unique traces usage limit exceeded"}\n')trace=019fba59-8fcf-78c3-aa50-7ef2784947f7,id=019fba5b-1757-7e71-b003-c5b836f6a3cc; trace=019fba59-8fcf-78c3-aa50-7ef2784947f7,id=019fba5b-2db1-77a2-85ae-0a3904baa549; trace=019fba59-8fcf-78c3-aa50-7ef2784947f7,id=019fba5b-2db1-77a2-85ae-0a3904baa549; trace=019fba59-8fcf-78c3-aa50-7ef2784947f7,id=019fba5b-1755-7c90-8dcf-a8127d0acd85; trace=019fba59-8fcf-78c3-aa50-7ef2784947f7,id=019fba5b-2db2-7e02-b566-0aa1fd67c217; trace=019fba59-8fcf-78c3-aa50-7ef2784947f7,id=019fba5b-2db2-7e02-b566-0ab406bbd0fc
Failed to send compressed multipart ingest: langsmith.utils.LangSmithRateLimitError: Rate limit exceeded for https://api.smith.langchain.com/runs/multipart. HTTPError('429 Client Error: Too Many Requests for url: https://api.smith.langchain.com/runs/multipart', '{"error":"Too many requests: tenant exceeded usage limits: Monthly unique traces usage limit exceeded"}\n')trace=019fba59-8fcf-78c3-aa50-7ef2784947f7,id=019fba5b-2db2-7e02-b566-0ab406bbd0fc; trace=019fba59-8fcf-78c3-aa50-7ef2784947f7,id=019fba5b-2db2-7e02-b566-0aa1fd67c217; trace=019fba59-8fcf-78c3-aa50-7ef2784947f7,id=019fba5b-40bc-7fb1-8358-201a2f27b971; trace=019fba59-8fcf-78c3-aa50-7ef2784947f7,id=019fba5b-40be-7070-9b36-ad32c906c7d1
Failed to send compressed multipart ingest: langsmith.utils.LangSmithRateLimitError: Rate limit exceeded for https://api.smith.langchain.com/runs/multipart. HTTPError('429 Client Error: Too Many Requests for url: https://api.smith.langchain.com/runs/multipart', '{"error":"Too many requests: tenant exceeded usage limits: Monthly unique traces usage limit exceeded"}\n')trace=019fba59-8fcf-78c3-aa50-7ef2784947f7,id=019fba5b-40be-7070-9b36-ad32c906c7d1; trace=019fba59-8fcf-78c3-aa50-7ef2784947f7,id=019fba5b-5798-7b21-86b1-18c746e3f191; trace=019fba59-8fcf-78c3-aa50-7ef2784947f7,id=019fba5b-5798-7b21-86b1-18c746e3f191; trace=019fba59-8fcf-78c3-aa50-7ef2784947f7,id=019fba5b-40bc-7fb1-8358-201a2f27b971; trace=019fba59-8fcf-78c3-aa50-7ef2784947f7,id=019fba5b-5799-7522-8ed5-591d9d673ada; trace=019fba59-8fcf-78c3-aa50-7ef2784947f7,id=019fba5b-5799-7522-8ed5-592bddd2b315
Failed to send compressed multipart ingest: langsmith.utils.LangSmithRateLimitError: Rate limit exceeded for https://api.smith.langchain.com/runs/multipart. HTTPError('429 Client Error: Too Many Requests for url: https://api.smith.langchain.com/runs/multipart', '{"error":"Too many requests: tenant exceeded usage limits: Monthly unique traces usage limit exceeded"}\n')trace=019fba59-8fcf-78c3-aa50-7ef2784947f7,id=019fba5b-5799-7522-8ed5-592bddd2b315; trace=019fba59-8fcf-78c3-aa50-7ef2784947f7,id=019fba5b-5799-7522-8ed5-591d9d673ada; trace=019fba59-8fcf-78c3-aa50-7ef2784947f7,id=019fba5b-7fc6-7763-a2d3-08f9c4e3b188; trace=019fba59-8fcf-78c3-aa50-7ef2784947f7,id=019fba5b-7fc8-7d61-9cc5-8ee3074ce1ca
Failed to send compressed multipart ingest: langsmith.utils.LangSmithRateLimitError: Rate limit exceeded for https://api.smith.langchain.com/runs/multipart. HTTPError('429 Client Error: Too Many Requests for url: https://api.smith.langchain.com/runs/multipart', '{"error":"Too many requests: tenant exceeded usage limits: Monthly unique traces usage limit exceeded"}\n')trace=019fba59-8fcf-78c3-aa50-7ef2784947f7,id=019fba5b-7fc8-7d61-9cc5-8ee3074ce1ca
Failed to send compressed multipart ingest: langsmith.utils.LangSmithRateLimitError: Rate limit exceeded for https://api.smith.langchain.com/runs/multipart. HTTPError('429 Client Error: Too Many Requests for url: https://api.smith.langchain.com/runs/multipart', '{"error":"Too many requests: tenant exceeded usage limits: Monthly unique traces usage limit exceeded"}\n')trace=019fba59-8fcf-78c3-aa50-7ef2784947f7,id=019fba5b-9758-7fa3-b48e-e37a7043d5fc; trace=019fba59-8fcf-78c3-aa50-7ef2784947f7,id=019fba5b-9758-7fa3-b48e-e37a7043d5fc; trace=019fba59-8fcf-78c3-aa50-7ef2784947f7,id=019fba5b-7fc6-7763-a2d3-08f9c4e3b188; trace=019fba59-8fcf-78c3-aa50-7ef2784947f7,id=019fba5b-975c-7172-b7f1-bf44070b4720; trace=019fba59-8fcf-78c3-aa50-7ef2784947f7,id=019fba5b-975d-72f3-9ecb-2d809ee809a8
Failed to send compressed multipart ingest: langsmith.utils.LangSmithRateLimitError: Rate limit exceeded for https://api.smith.langchain.com/runs/multipart. HTTPError('429 Client Error: Too Many Requests for url: https://api.smith.langchain.com/runs/multipart', '{"error":"Too many requests: tenant exceeded usage limits: Monthly unique traces usage limit exceeded"}\n')trace=019fba59-8fcf-78c3-aa50-7ef2784947f7,id=019fba5b-975d-72f3-9ecb-2d809ee809a8; trace=019fba59-8fcf-78c3-aa50-7ef2784947f7,id=019fba5b-975c-7172-b7f1-bf44070b4720; trace=019fba59-8fcf-78c3-aa50-7ef2784947f7,id=019fba5b-de73-7ba1-9b05-eb1305c3d2fc; trace=019fba59-8fcf-78c3-aa50-7ef2784947f7,id=019fba5b-de76-7312-a13d-1231cfee7bf1
Calling Baseline Move server...
Calling Baseline Move server (JSON repair retry)...
Calling Baseline Move server...
Calling Baseline Move server...
Calling Baseline Move server...
Calling Baseline Move server...
Calling Baseline Move server...
[baseline] 67/104 scenario_02_09 (repeat 3/4)
Failed to send compressed multipart ingest: langsmith.utils.LangSmithRateLimitError: Rate limit exceeded for https://api.smith.langchain.com/runs/multipart. HTTPError('429 Client Error: Too Many Requests for url: https://api.smith.langchain.com/runs/multipart', '{"error":"Too many requests: tenant exceeded usage limits: Monthly unique traces usage limit exceeded"}\n')trace=019fba59-8fcf-78c3-aa50-7ef2784947f7,id=019fba5b-de76-7312-a13d-1231cfee7bf1; trace=019fba59-8fcf-78c3-aa50-7ef2784947f7,id=019fba5c-2f12-7130-aa7b-c766a0b7076d; trace=019fba59-8fcf-78c3-aa50-7ef2784947f7,id=019fba5c-2f12-7130-aa7b-c766a0b7076d; trace=019fba59-8fcf-78c3-aa50-7ef2784947f7,id=019fba5b-de73-7ba1-9b05-eb1305c3d2fc; trace=019fba59-8fcf-78c3-aa50-7ef2784947f7,id=019fba5c-2f13-7d41-988b-60067db12d78; trace=019fba59-8fcf-78c3-aa50-7ef2784947f7,id=019fba5c-2f13-7d41-988b-60067db12d78; trace=019fba59-8fcf-78c3-aa50-7ef2784947f7,id=019fba59-8fcf-78c3-aa50-7ef2784947f7; trace=019fba5c-2fc9-7f73-bf03-b2a7459a546b,id=019fba5c-2fc9-7f73-bf03-b2a7459a546b; trace=019fba5c-2fc9-7f73-bf03-b2a7459a546b,id=019fba5c-2fca-7560-9d64-ed57d04d6b24; trace=019fba5c-2fc9-7f73-bf03-b2a7459a546b,id=019fba5c-2fca-7560-9d64-ed57d04d6b24; trace=019fba5c-2fc9-7f73-bf03-b2a7459a546b,id=019fba5c-2fcb-7801-a5e3-6329aa97cfa2; trace=019fba5c-2fc9-7f73-bf03-b2a7459a546b,id=019fba5c-30b1-7532-bc04-288a02b08cd6; trace=019fba5c-2fc9-7f73-bf03-b2a7459a546b,id=019fba5c-30b1-7532-bc04-288a02b08cd6; trace=019fba5c-2fc9-7f73-bf03-b2a7459a546b,id=019fba5c-2fcb-7801-a5e3-6329aa97cfa2; trace=019fba5c-2fc9-7f73-bf03-b2a7459a546b,id=019fba5c-30b2-7753-89e0-05c41ade5a06; trace=019fba5c-2fc9-7f73-bf03-b2a7459a546b,id=019fba5c-30b2-7753-89e0-05de7f5502e3
Failed to send compressed multipart ingest: langsmith.utils.LangSmithRateLimitError: Rate limit exceeded for https://api.smith.langchain.com/runs/multipart. HTTPError('429 Client Error: Too Many Requests for url: https://api.smith.langchain.com/runs/multipart', '{"error":"Too many requests: tenant exceeded usage limits: Monthly unique traces usage limit exceeded"}\n')trace=019fba5c-2fc9-7f73-bf03-b2a7459a546b,id=019fba5c-30b2-7753-89e0-05de7f5502e3; trace=019fba5c-2fc9-7f73-bf03-b2a7459a546b,id=019fba5c-30b2-7753-89e0-05c41ade5a06; trace=019fba5c-2fc9-7f73-bf03-b2a7459a546b,id=019fba5c-5048-7613-91d1-4b36e295c8d1; trace=019fba5c-2fc9-7f73-bf03-b2a7459a546b,id=019fba5c-504a-7a60-9988-6a9de22bb551
Failed to send compressed multipart ingest: langsmith.utils.LangSmithRateLimitError: Rate limit exceeded for https://api.smith.langchain.com/runs/multipart. HTTPError('429 Client Error: Too Many Requests for url: https://api.smith.langchain.com/runs/multipart', '{"error":"Too many requests: tenant exceeded usage limits: Monthly unique traces usage limit exceeded"}\n')trace=019fba5c-2fc9-7f73-bf03-b2a7459a546b,id=019fba5c-504a-7a60-9988-6a9de22bb551; trace=019fba5c-2fc9-7f73-bf03-b2a7459a546b,id=019fba5c-5dff-7090-82fd-8bccfa1e1123
Failed to send compressed multipart ingest: langsmith.utils.LangSmithRateLimitError: Rate limit exceeded for https://api.smith.langchain.com/runs/multipart. HTTPError('429 Client Error: Too Many Requests for url: https://api.smith.langchain.com/runs/multipart', '{"error":"Too many requests: tenant exceeded usage limits: Monthly unique traces usage limit exceeded"}\n')trace=019fba5c-2fc9-7f73-bf03-b2a7459a546b,id=019fba5c-5dff-7090-82fd-8bccfa1e1123; trace=019fba5c-2fc9-7f73-bf03-b2a7459a546b,id=019fba5c-6ff7-7f43-8e1b-d5da0fedd6ca; trace=019fba5c-2fc9-7f73-bf03-b2a7459a546b,id=019fba5c-6ff7-7f43-8e1b-d5da0fedd6ca; trace=019fba5c-2fc9-7f73-bf03-b2a7459a546b,id=019fba5c-5048-7613-91d1-4b36e295c8d1; trace=019fba5c-2fc9-7f73-bf03-b2a7459a546b,id=019fba5c-6ff8-7873-9d54-a4ed011804ba; trace=019fba5c-2fc9-7f73-bf03-b2a7459a546b,id=019fba5c-6ff9-7042-91c0-ae9f7277c68c
Failed to send compressed multipart ingest: langsmith.utils.LangSmithRateLimitError: Rate limit exceeded for https://api.smith.langchain.com/runs/multipart. HTTPError('429 Client Error: Too Many Requests for url: https://api.smith.langchain.com/runs/multipart', '{"error":"Too many requests: tenant exceeded usage limits: Monthly unique traces usage limit exceeded"}\n')trace=019fba5c-2fc9-7f73-bf03-b2a7459a546b,id=019fba5c-6ff9-7042-91c0-ae9f7277c68c; trace=019fba5c-2fc9-7f73-bf03-b2a7459a546b,id=019fba5c-6ff8-7873-9d54-a4ed011804ba; trace=019fba5c-2fc9-7f73-bf03-b2a7459a546b,id=019fba5c-9184-7882-9265-a4ba5008ef76; trace=019fba5c-2fc9-7f73-bf03-b2a7459a546b,id=019fba5c-9186-7150-bf0e-a2475aeea916
Failed to send compressed multipart ingest: langsmith.utils.LangSmithRateLimitError: Rate limit exceeded for https://api.smith.langchain.com/runs/multipart. HTTPError('429 Client Error: Too Many Requests for url: https://api.smith.langchain.com/runs/multipart', '{"error":"Too many requests: tenant exceeded usage limits: Monthly unique traces usage limit exceeded"}\n')trace=019fba5c-2fc9-7f73-bf03-b2a7459a546b,id=019fba5c-9186-7150-bf0e-a2475aeea916; trace=019fba5c-2fc9-7f73-bf03-b2a7459a546b,id=019fba5c-ab41-74e2-998d-7ebd27cca07b; trace=019fba5c-2fc9-7f73-bf03-b2a7459a546b,id=019fba5c-ab41-74e2-998d-7ebd27cca07b; trace=019fba5c-2fc9-7f73-bf03-b2a7459a546b,id=019fba5c-9184-7882-9265-a4ba5008ef76; trace=019fba5c-2fc9-7f73-bf03-b2a7459a546b,id=019fba5c-ab42-7851-bb34-6041ab30dc38; trace=019fba5c-2fc9-7f73-bf03-b2a7459a546b,id=019fba5c-ab43-70c0-9c13-e22fe1fda351
Failed to send compressed multipart ingest: langsmith.utils.LangSmithRateLimitError: Rate limit exceeded for https://api.smith.langchain.com/runs/multipart. HTTPError('429 Client Error: Too Many Requests for url: https://api.smith.langchain.com/runs/multipart', '{"error":"Too many requests: tenant exceeded usage limits: Monthly unique traces usage limit exceeded"}\n')trace=019fba5c-2fc9-7f73-bf03-b2a7459a546b,id=019fba5c-ab43-70c0-9c13-e22fe1fda351; trace=019fba5c-2fc9-7f73-bf03-b2a7459a546b,id=019fba5c-ab42-7851-bb34-6041ab30dc38; trace=019fba5c-2fc9-7f73-bf03-b2a7459a546b,id=019fba5c-d0b7-7ac2-83bd-91b38217e94b; trace=019fba5c-2fc9-7f73-bf03-b2a7459a546b,id=019fba5c-d0b9-7e43-bb48-82e46f154022
Failed to send compressed multipart ingest: langsmith.utils.LangSmithRateLimitError: Rate limit exceeded for https://api.smith.langchain.com/runs/multipart. HTTPError('429 Client Error: Too Many Requests for url: https://api.smith.langchain.com/runs/multipart', '{"error":"Too many requests: tenant exceeded usage limits: Monthly unique traces usage limit exceeded"}\n')trace=019fba5c-2fc9-7f73-bf03-b2a7459a546b,id=019fba5c-d0b9-7e43-bb48-82e46f154022; trace=019fba5c-2fc9-7f73-bf03-b2a7459a546b,id=019fba5c-eb1c-79d1-b148-8a766574880b; trace=019fba5c-2fc9-7f73-bf03-b2a7459a546b,id=019fba5c-eb1c-79d1-b148-8a766574880b; trace=019fba5c-2fc9-7f73-bf03-b2a7459a546b,id=019fba5c-d0b7-7ac2-83bd-91b38217e94b; trace=019fba5c-2fc9-7f73-bf03-b2a7459a546b,id=019fba5c-eb1e-7ec3-afde-d0d8c4bbcc00; trace=019fba5c-2fc9-7f73-bf03-b2a7459a546b,id=019fba5c-eb1e-7ec3-afde-d0eda53acccb
Failed to send compressed multipart ingest: langsmith.utils.LangSmithRateLimitError: Rate limit exceeded for https://api.smith.langchain.com/runs/multipart. HTTPError('429 Client Error: Too Many Requests for url: https://api.smith.langchain.com/runs/multipart', '{"error":"Too many requests: tenant exceeded usage limits: Monthly unique traces usage limit exceeded"}\n')trace=019fba5c-2fc9-7f73-bf03-b2a7459a546b,id=019fba5c-eb1e-7ec3-afde-d0eda53acccb; trace=019fba5c-2fc9-7f73-bf03-b2a7459a546b,id=019fba5c-eb1e-7ec3-afde-d0d8c4bbcc00; trace=019fba5c-2fc9-7f73-bf03-b2a7459a546b,id=019fba5d-1464-70e3-b98e-c979e448a9c3; trace=019fba5c-2fc9-7f73-bf03-b2a7459a546b,id=019fba5d-1466-73d2-8e8a-b1478de793a6
Failed to send compressed multipart ingest: langsmith.utils.LangSmithRateLimitError: Rate limit exceeded for https://api.smith.langchain.com/runs/multipart. HTTPError('429 Client Error: Too Many Requests for url: https://api.smith.langchain.com/runs/multipart', '{"error":"Too many requests: tenant exceeded usage limits: Monthly unique traces usage limit exceeded"}\n')trace=019fba5c-2fc9-7f73-bf03-b2a7459a546b,id=019fba5d-1466-73d2-8e8a-b1478de793a6; trace=019fba5c-2fc9-7f73-bf03-b2a7459a546b,id=019fba5d-2925-7df1-bfa3-be0992ff8a5d; trace=019fba5c-2fc9-7f73-bf03-b2a7459a546b,id=019fba5d-2925-7df1-bfa3-be0992ff8a5d; trace=019fba5c-2fc9-7f73-bf03-b2a7459a546b,id=019fba5d-1464-70e3-b98e-c979e448a9c3; trace=019fba5c-2fc9-7f73-bf03-b2a7459a546b,id=019fba5d-2926-7de2-a15b-84c6cc4562bc; trace=019fba5c-2fc9-7f73-bf03-b2a7459a546b,id=019fba5d-2927-7972-b79a-acd68d21976a
Failed to send compressed multipart ingest: langsmith.utils.LangSmithRateLimitError: Rate limit exceeded for https://api.smith.langchain.com/runs/multipart. HTTPError('429 Client Error: Too Many Requests for url: https://api.smith.langchain.com/runs/multipart', '{"error":"Too many requests: tenant exceeded usage limits: Monthly unique traces usage limit exceeded"}\n')trace=019fba5c-2fc9-7f73-bf03-b2a7459a546b,id=019fba5d-2927-7972-b79a-acd68d21976a; trace=019fba5c-2fc9-7f73-bf03-b2a7459a546b,id=019fba5d-2926-7de2-a15b-84c6cc4562bc; trace=019fba5c-2fc9-7f73-bf03-b2a7459a546b,id=019fba5d-5962-7fd1-91d6-3adf9994d4e1; trace=019fba5c-2fc9-7f73-bf03-b2a7459a546b,id=019fba5d-5964-7471-a034-a7f3e7ba9ee2
Failed to send compressed multipart ingest: langsmith.utils.LangSmithRateLimitError: Rate limit exceeded for https://api.smith.langchain.com/runs/multipart. HTTPError('429 Client Error: Too Many Requests for url: https://api.smith.langchain.com/runs/multipart', '{"error":"Too many requests: tenant exceeded usage limits: Monthly unique traces usage limit exceeded"}\n')trace=019fba5c-2fc9-7f73-bf03-b2a7459a546b,id=019fba5d-5964-7471-a034-a7f3e7ba9ee2; trace=019fba5c-2fc9-7f73-bf03-b2a7459a546b,id=019fba5d-6df0-73b3-9941-b1d0a832397b; trace=019fba5c-2fc9-7f73-bf03-b2a7459a546b,id=019fba5d-6df0-73b3-9941-b1d0a832397b; trace=019fba5c-2fc9-7f73-bf03-b2a7459a546b,id=019fba5d-5962-7fd1-91d6-3adf9994d4e1; trace=019fba5c-2fc9-7f73-bf03-b2a7459a546b,id=019fba5d-6df1-7392-b6b1-cf7f4fa2bcaf; trace=019fba5c-2fc9-7f73-bf03-b2a7459a546b,id=019fba5d-6df2-7bb2-b330-d960127d5a0f
Calling Baseline Move server...
Calling Baseline Move server (JSON repair retry)...
Calling Baseline Move server...
Calling Baseline Move server...
Calling Baseline Move server...
Calling Baseline Move server...
[baseline] 68/104 scenario_02_09 (repeat 4/4)
Failed to send compressed multipart ingest: langsmith.utils.LangSmithRateLimitError: Rate limit exceeded for https://api.smith.langchain.com/runs/multipart. HTTPError('429 Client Error: Too Many Requests for url: https://api.smith.langchain.com/runs/multipart', '{"error":"Too many requests: tenant exceeded usage limits: Monthly unique traces usage limit exceeded"}\n')trace=019fba5c-2fc9-7f73-bf03-b2a7459a546b,id=019fba5d-6df2-7bb2-b330-d960127d5a0f; trace=019fba5c-2fc9-7f73-bf03-b2a7459a546b,id=019fba5d-6df1-7392-b6b1-cf7f4fa2bcaf; trace=019fba5c-2fc9-7f73-bf03-b2a7459a546b,id=019fba5c-2fc9-7f73-bf03-b2a7459a546b; trace=019fba5d-95cf-7ec2-add0-6c36b36e40c1,id=019fba5d-95cf-7ec2-add0-6c36b36e40c1; trace=019fba5d-95cf-7ec2-add0-6c36b36e40c1,id=019fba5d-95d0-7a40-85c7-1fdab0ed4b2d; trace=019fba5d-95cf-7ec2-add0-6c36b36e40c1,id=019fba5d-95d0-7a40-85c7-1fdab0ed4b2d; trace=019fba5d-95cf-7ec2-add0-6c36b36e40c1,id=019fba5d-95d1-7022-a6a7-f3aca4f7381c; trace=019fba5d-95cf-7ec2-add0-6c36b36e40c1,id=019fba5d-9625-7151-8d0a-17eebfb26a02; trace=019fba5d-95cf-7ec2-add0-6c36b36e40c1,id=019fba5d-9625-7151-8d0a-17eebfb26a02; trace=019fba5d-95cf-7ec2-add0-6c36b36e40c1,id=019fba5d-95d1-7022-a6a7-f3aca4f7381c; trace=019fba5d-95cf-7ec2-add0-6c36b36e40c1,id=019fba5d-9626-7533-8cbe-7c1f7acfd0c3; trace=019fba5d-95cf-7ec2-add0-6c36b36e40c1,id=019fba5d-9626-7533-8cbe-7c27141d391d
Failed to send compressed multipart ingest: langsmith.utils.LangSmithRateLimitError: Rate limit exceeded for https://api.smith.langchain.com/runs/multipart. HTTPError('429 Client Error: Too Many Requests for url: https://api.smith.langchain.com/runs/multipart', '{"error":"Too many requests: tenant exceeded usage limits: Monthly unique traces usage limit exceeded"}\n')trace=019fba5d-95cf-7ec2-add0-6c36b36e40c1,id=019fba5d-9626-7533-8cbe-7c27141d391d; trace=019fba5d-95cf-7ec2-add0-6c36b36e40c1,id=019fba5d-9626-7533-8cbe-7c1f7acfd0c3; trace=019fba5d-95cf-7ec2-add0-6c36b36e40c1,id=019fba5d-fdb1-7891-81ea-dac81f68f4da; trace=019fba5d-95cf-7ec2-add0-6c36b36e40c1,id=019fba5d-fdb3-73a0-a53c-f380de1a501c
Failed to send compressed multipart ingest: langsmith.utils.LangSmithRateLimitError: Rate limit exceeded for https://api.smith.langchain.com/runs/multipart. HTTPError('429 Client Error: Too Many Requests for url: https://api.smith.langchain.com/runs/multipart', '{"error":"Too many requests: tenant exceeded usage limits: Monthly unique traces usage limit exceeded"}\n')trace=019fba5d-95cf-7ec2-add0-6c36b36e40c1,id=019fba5d-fdb3-73a0-a53c-f380de1a501c; trace=019fba5d-95cf-7ec2-add0-6c36b36e40c1,id=019fba5e-0e8c-7652-bb3d-db63a492ea4d; trace=019fba5d-95cf-7ec2-add0-6c36b36e40c1,id=019fba5e-0e8c-7652-bb3d-db63a492ea4d; trace=019fba5d-95cf-7ec2-add0-6c36b36e40c1,id=019fba5d-fdb1-7891-81ea-dac81f68f4da; trace=019fba5d-95cf-7ec2-add0-6c36b36e40c1,id=019fba5e-0e8d-7313-9dfc-cd32a2ca1fa4; trace=019fba5d-95cf-7ec2-add0-6c36b36e40c1,id=019fba5e-0e8e-7312-b86a-4ee09dd26b5b
Failed to send compressed multipart ingest: langsmith.utils.LangSmithRateLimitError: Rate limit exceeded for https://api.smith.langchain.com/runs/multipart. HTTPError('429 Client Error: Too Many Requests for url: https://api.smith.langchain.com/runs/multipart', '{"error":"Too many requests: tenant exceeded usage limits: Monthly unique traces usage limit exceeded"}\n')trace=019fba5d-95cf-7ec2-add0-6c36b36e40c1,id=019fba5e-0e8e-7312-b86a-4ee09dd26b5b; trace=019fba5d-95cf-7ec2-add0-6c36b36e40c1,id=019fba5e-0e8d-7313-9dfc-cd32a2ca1fa4; trace=019fba5d-95cf-7ec2-add0-6c36b36e40c1,id=019fba5e-2afe-7e60-afec-b329d86c7072; trace=019fba5d-95cf-7ec2-add0-6c36b36e40c1,id=019fba5e-2b00-7882-a023-853325e70c08
Failed to send compressed multipart ingest: langsmith.utils.LangSmithRateLimitError: Rate limit exceeded for https://api.smith.langchain.com/runs/multipart. HTTPError('429 Client Error: Too Many Requests for url: https://api.smith.langchain.com/runs/multipart', '{"error":"Too many requests: tenant exceeded usage limits: Monthly unique traces usage limit exceeded"}\n')trace=019fba5d-95cf-7ec2-add0-6c36b36e40c1,id=019fba5e-2b00-7882-a023-853325e70c08; trace=019fba5d-95cf-7ec2-add0-6c36b36e40c1,id=019fba5e-4117-7a32-ba69-19ce47a5b606; trace=019fba5d-95cf-7ec2-add0-6c36b36e40c1,id=019fba5e-4117-7a32-ba69-19ce47a5b606; trace=019fba5d-95cf-7ec2-add0-6c36b36e40c1,id=019fba5e-2afe-7e60-afec-b329d86c7072; trace=019fba5d-95cf-7ec2-add0-6c36b36e40c1,id=019fba5e-4119-7671-bca5-5a209c874861; trace=019fba5d-95cf-7ec2-add0-6c36b36e40c1,id=019fba5e-4119-7671-bca5-5a3ed74af2fb
Failed to send compressed multipart ingest: langsmith.utils.LangSmithRateLimitError: Rate limit exceeded for https://api.smith.langchain.com/runs/multipart. HTTPError('429 Client Error: Too Many Requests for url: https://api.smith.langchain.com/runs/multipart', '{"error":"Too many requests: tenant exceeded usage limits: Monthly unique traces usage limit exceeded"}\n')trace=019fba5d-95cf-7ec2-add0-6c36b36e40c1,id=019fba5e-4119-7671-bca5-5a3ed74af2fb; trace=019fba5d-95cf-7ec2-add0-6c36b36e40c1,id=019fba5e-4119-7671-bca5-5a209c874861; trace=019fba5d-95cf-7ec2-add0-6c36b36e40c1,id=019fba5e-4db6-7503-8884-57f05a7cd471; trace=019fba5d-95cf-7ec2-add0-6c36b36e40c1,id=019fba5e-4db8-7c60-a964-187ccf83cebc
Failed to send compressed multipart ingest: langsmith.utils.LangSmithRateLimitError: Rate limit exceeded for https://api.smith.langchain.com/runs/multipart. HTTPError('429 Client Error: Too Many Requests for url: https://api.smith.langchain.com/runs/multipart', '{"error":"Too many requests: tenant exceeded usage limits: Monthly unique traces usage limit exceeded"}\n')trace=019fba5d-95cf-7ec2-add0-6c36b36e40c1,id=019fba5e-4db8-7c60-a964-187ccf83cebc; trace=019fba5d-95cf-7ec2-add0-6c36b36e40c1,id=019fba5e-690f-7082-96b4-7f434158df3d; trace=019fba5d-95cf-7ec2-add0-6c36b36e40c1,id=019fba5e-690f-7082-96b4-7f434158df3d; trace=019fba5d-95cf-7ec2-add0-6c36b36e40c1,id=019fba5e-4db6-7503-8884-57f05a7cd471; trace=019fba5d-95cf-7ec2-add0-6c36b36e40c1,id=019fba5e-6910-78d0-a491-e446fabaeaba; trace=019fba5d-95cf-7ec2-add0-6c36b36e40c1,id=019fba5e-6911-7120-b3db-8391a5eb89e0
Failed to send compressed multipart ingest: langsmith.utils.LangSmithRateLimitError: Rate limit exceeded for https://api.smith.langchain.com/runs/multipart. HTTPError('429 Client Error: Too Many Requests for url: https://api.smith.langchain.com/runs/multipart', '{"error":"Too many requests: tenant exceeded usage limits: Monthly unique traces usage limit exceeded"}\n')trace=019fba5d-95cf-7ec2-add0-6c36b36e40c1,id=019fba5e-6911-7120-b3db-8391a5eb89e0; trace=019fba5d-95cf-7ec2-add0-6c36b36e40c1,id=019fba5e-6910-78d0-a491-e446fabaeaba; trace=019fba5d-95cf-7ec2-add0-6c36b36e40c1,id=019fba5e-bae2-79f2-a492-58f282430a0d; trace=019fba5d-95cf-7ec2-add0-6c36b36e40c1,id=019fba5e-bae4-7a50-bfaf-fd239f783270
Calling Baseline Move server...
Calling Baseline Move server...
Calling Baseline Move server...
Calling Baseline Move server...
[baseline] 69/104 scenario_03_01 (repeat 1/4)
Failed to send compressed multipart ingest: langsmith.utils.LangSmithRateLimitError: Rate limit exceeded for https://api.smith.langchain.com/runs/multipart. HTTPError('429 Client Error: Too Many Requests for url: https://api.smith.langchain.com/runs/multipart', '{"error":"Too many requests: tenant exceeded usage limits: Monthly unique traces usage limit exceeded"}\n')trace=019fba5d-95cf-7ec2-add0-6c36b36e40c1,id=019fba5e-bae4-7a50-bfaf-fd239f783270; trace=019fba5d-95cf-7ec2-add0-6c36b36e40c1,id=019fba5e-cb5e-7c83-9fd1-aae268a5ab4c; trace=019fba5d-95cf-7ec2-add0-6c36b36e40c1,id=019fba5e-cb5e-7c83-9fd1-aae268a5ab4c; trace=019fba5d-95cf-7ec2-add0-6c36b36e40c1,id=019fba5e-bae2-79f2-a492-58f282430a0d; trace=019fba5d-95cf-7ec2-add0-6c36b36e40c1,id=019fba5e-cb5f-7ba1-b314-581f9eff3a50; trace=019fba5d-95cf-7ec2-add0-6c36b36e40c1,id=019fba5e-cb5f-7ba1-b314-581f9eff3a50; trace=019fba5d-95cf-7ec2-add0-6c36b36e40c1,id=019fba5d-95cf-7ec2-add0-6c36b36e40c1; trace=019fba5e-cbdb-7ea1-9ab3-da5630a4c767,id=019fba5e-cbdb-7ea1-9ab3-da5630a4c767; trace=019fba5e-cbdb-7ea1-9ab3-da5630a4c767,id=019fba5e-cbdc-78d1-9885-ba69e47b87f7; trace=019fba5e-cbdb-7ea1-9ab3-da5630a4c767,id=019fba5e-cbdc-78d1-9885-ba69e47b87f7; trace=019fba5e-cbdb-7ea1-9ab3-da5630a4c767,id=019fba5e-cbdd-7930-95dc-1d5454ba2ff7; trace=019fba5e-cbdb-7ea1-9ab3-da5630a4c767,id=019fba5e-cc51-78a1-9a67-3f1e578ebb07; trace=019fba5e-cbdb-7ea1-9ab3-da5630a4c767,id=019fba5e-cc51-78a1-9a67-3f1e578ebb07; trace=019fba5e-cbdb-7ea1-9ab3-da5630a4c767,id=019fba5e-cbdd-7930-95dc-1d5454ba2ff7; trace=019fba5e-cbdb-7ea1-9ab3-da5630a4c767,id=019fba5e-cc52-77f2-b8a5-43334b01015b; trace=019fba5e-cbdb-7ea1-9ab3-da5630a4c767,id=019fba5e-cc52-77f2-b8a5-434aab8edff4
Failed to send compressed multipart ingest: langsmith.utils.LangSmithRateLimitError: Rate limit exceeded for https://api.smith.langchain.com/runs/multipart. HTTPError('429 Client Error: Too Many Requests for url: https://api.smith.langchain.com/runs/multipart', '{"error":"Too many requests: tenant exceeded usage limits: Monthly unique traces usage limit exceeded"}\n')trace=019fba5e-cbdb-7ea1-9ab3-da5630a4c767,id=019fba5e-cc52-77f2-b8a5-434aab8edff4; trace=019fba5e-cbdb-7ea1-9ab3-da5630a4c767,id=019fba5e-cc52-77f2-b8a5-43334b01015b; trace=019fba5e-cbdb-7ea1-9ab3-da5630a4c767,id=019fba5e-e422-7701-a8dd-59dbd52f2ba3; trace=019fba5e-cbdb-7ea1-9ab3-da5630a4c767,id=019fba5e-e424-7492-aaeb-ca3e0c979715
Failed to send compressed multipart ingest: langsmith.utils.LangSmithRateLimitError: Rate limit exceeded for https://api.smith.langchain.com/runs/multipart. HTTPError('429 Client Error: Too Many Requests for url: https://api.smith.langchain.com/runs/multipart', '{"error":"Too many requests: tenant exceeded usage limits: Monthly unique traces usage limit exceeded"}\n')trace=019fba5e-cbdb-7ea1-9ab3-da5630a4c767,id=019fba5e-e424-7492-aaeb-ca3e0c979715; trace=019fba5e-cbdb-7ea1-9ab3-da5630a4c767,id=019fba5e-f878-7a52-a5c8-36b6977546e5; trace=019fba5e-cbdb-7ea1-9ab3-da5630a4c767,id=019fba5e-f878-7a52-a5c8-36b6977546e5; trace=019fba5e-cbdb-7ea1-9ab3-da5630a4c767,id=019fba5e-e422-7701-a8dd-59dbd52f2ba3; trace=019fba5e-cbdb-7ea1-9ab3-da5630a4c767,id=019fba5e-f879-7820-b7ec-8f81f7985364; trace=019fba5e-cbdb-7ea1-9ab3-da5630a4c767,id=019fba5e-f87a-7562-85d3-e61574a4833e
Failed to send compressed multipart ingest: langsmith.utils.LangSmithRateLimitError: Rate limit exceeded for https://api.smith.langchain.com/runs/multipart. HTTPError('429 Client Error: Too Many Requests for url: https://api.smith.langchain.com/runs/multipart', '{"error":"Too many requests: tenant exceeded usage limits: Monthly unique traces usage limit exceeded"}\n')trace=019fba5e-cbdb-7ea1-9ab3-da5630a4c767,id=019fba5e-f87a-7562-85d3-e61574a4833e; trace=019fba5e-cbdb-7ea1-9ab3-da5630a4c767,id=019fba5e-f879-7820-b7ec-8f81f7985364; trace=019fba5e-cbdb-7ea1-9ab3-da5630a4c767,id=019fba5f-8140-7291-a12e-6824e9021492; trace=019fba5e-cbdb-7ea1-9ab3-da5630a4c767,id=019fba5f-8142-7ca1-af6b-6284977183ce
Failed to send compressed multipart ingest: langsmith.utils.LangSmithRateLimitError: Rate limit exceeded for https://api.smith.langchain.com/runs/multipart. HTTPError('429 Client Error: Too Many Requests for url: https://api.smith.langchain.com/runs/multipart', '{"error":"Too many requests: tenant exceeded usage limits: Monthly unique traces usage limit exceeded"}\n')trace=019fba5e-cbdb-7ea1-9ab3-da5630a4c767,id=019fba5f-8142-7ca1-af6b-6284977183ce; trace=019fba5e-cbdb-7ea1-9ab3-da5630a4c767,id=019fba5f-9f2e-7de2-ac67-0a67d4110f95; trace=019fba5e-cbdb-7ea1-9ab3-da5630a4c767,id=019fba5f-9f2e-7de2-ac67-0a67d4110f95; trace=019fba5e-cbdb-7ea1-9ab3-da5630a4c767,id=019fba5f-8140-7291-a12e-6824e9021492; trace=019fba5e-cbdb-7ea1-9ab3-da5630a4c767,id=019fba5f-9f2f-7cf2-968f-7e2109feb8ff; trace=019fba5e-cbdb-7ea1-9ab3-da5630a4c767,id=019fba5f-9f2f-7cf2-968f-7e394d014211
Failed to send compressed multipart ingest: langsmith.utils.LangSmithRateLimitError: Rate limit exceeded for https://api.smith.langchain.com/runs/multipart. HTTPError('429 Client Error: Too Many Requests for url: https://api.smith.langchain.com/runs/multipart', '{"error":"Too many requests: tenant exceeded usage limits: Monthly unique traces usage limit exceeded"}\n')trace=019fba5e-cbdb-7ea1-9ab3-da5630a4c767,id=019fba5f-9f2f-7cf2-968f-7e394d014211; trace=019fba5e-cbdb-7ea1-9ab3-da5630a4c767,id=019fba5f-9f2f-7cf2-968f-7e2109feb8ff; trace=019fba5e-cbdb-7ea1-9ab3-da5630a4c767,id=019fba5f-b866-7592-9567-4cbc88d3d942; trace=019fba5e-cbdb-7ea1-9ab3-da5630a4c767,id=019fba5f-b868-71c3-a768-6debcf9ed393
Failed to send compressed multipart ingest: langsmith.utils.LangSmithRateLimitError: Rate limit exceeded for https://api.smith.langchain.com/runs/multipart. HTTPError('429 Client Error: Too Many Requests for url: https://api.smith.langchain.com/runs/multipart', '{"error":"Too many requests: tenant exceeded usage limits: Monthly unique traces usage limit exceeded"}\n')trace=019fba5e-cbdb-7ea1-9ab3-da5630a4c767,id=019fba5f-b868-71c3-a768-6debcf9ed393; trace=019fba5e-cbdb-7ea1-9ab3-da5630a4c767,id=019fba5f-d32a-76f2-8f7f-fe5247718c10; trace=019fba5e-cbdb-7ea1-9ab3-da5630a4c767,id=019fba5f-d32a-76f2-8f7f-fe5247718c10; trace=019fba5e-cbdb-7ea1-9ab3-da5630a4c767,id=019fba5f-b866-7592-9567-4cbc88d3d942; trace=019fba5e-cbdb-7ea1-9ab3-da5630a4c767,id=019fba5f-d32b-7f23-9b1a-f98768f3aece; trace=019fba5e-cbdb-7ea1-9ab3-da5630a4c767,id=019fba5f-d32c-73e0-976c-be4c3844ab8a
Failed to send compressed multipart ingest: langsmith.utils.LangSmithRateLimitError: Rate limit exceeded for https://api.smith.langchain.com/runs/multipart. HTTPError('429 Client Error: Too Many Requests for url: https://api.smith.langchain.com/runs/multipart', '{"error":"Too many requests: tenant exceeded usage limits: Monthly unique traces usage limit exceeded"}\n')trace=019fba5e-cbdb-7ea1-9ab3-da5630a4c767,id=019fba5f-d32c-73e0-976c-be4c3844ab8a; trace=019fba5e-cbdb-7ea1-9ab3-da5630a4c767,id=019fba5f-d32b-7f23-9b1a-f98768f3aece; trace=019fba5e-cbdb-7ea1-9ab3-da5630a4c767,id=019fba5f-f0ba-7f30-ae5a-676efc96a962; trace=019fba5e-cbdb-7ea1-9ab3-da5630a4c767,id=019fba5f-f0bc-7cc1-8a3b-4ace568b47e4
Failed to send compressed multipart ingest: langsmith.utils.LangSmithRateLimitError: Rate limit exceeded for https://api.smith.langchain.com/runs/multipart. HTTPError('429 Client Error: Too Many Requests for url: https://api.smith.langchain.com/runs/multipart', '{"error":"Too many requests: tenant exceeded usage limits: Monthly unique traces usage limit exceeded"}\n')trace=019fba5e-cbdb-7ea1-9ab3-da5630a4c767,id=019fba5f-f0bc-7cc1-8a3b-4ace568b47e4; trace=019fba5e-cbdb-7ea1-9ab3-da5630a4c767,id=019fba60-0cd1-7d70-a082-7653bc186215; trace=019fba5e-cbdb-7ea1-9ab3-da5630a4c767,id=019fba60-0cd1-7d70-a082-7653bc186215; trace=019fba5e-cbdb-7ea1-9ab3-da5630a4c767,id=019fba5f-f0ba-7f30-ae5a-676efc96a962; trace=019fba5e-cbdb-7ea1-9ab3-da5630a4c767,id=019fba60-0cd2-7e01-b87e-9a217276d340; trace=019fba5e-cbdb-7ea1-9ab3-da5630a4c767,id=019fba60-0cd3-7b41-9778-f6bf387a9a10
Failed to send compressed multipart ingest: langsmith.utils.LangSmithRateLimitError: Rate limit exceeded for https://api.smith.langchain.com/runs/multipart. HTTPError('429 Client Error: Too Many Requests for url: https://api.smith.langchain.com/runs/multipart', '{"error":"Too many requests: tenant exceeded usage limits: Monthly unique traces usage limit exceeded"}\n')trace=019fba5e-cbdb-7ea1-9ab3-da5630a4c767,id=019fba60-0cd3-7b41-9778-f6bf387a9a10; trace=019fba5e-cbdb-7ea1-9ab3-da5630a4c767,id=019fba60-0cd2-7e01-b87e-9a217276d340; trace=019fba5e-cbdb-7ea1-9ab3-da5630a4c767,id=019fba60-44ef-7481-b369-df053bccb6c3; trace=019fba5e-cbdb-7ea1-9ab3-da5630a4c767,id=019fba60-44f1-7113-a868-29b8c02d0f93
Failed to send compressed multipart ingest: langsmith.utils.LangSmithRateLimitError: Rate limit exceeded for https://api.smith.langchain.com/runs/multipart. HTTPError('429 Client Error: Too Many Requests for url: https://api.smith.langchain.com/runs/multipart', '{"error":"Too many requests: tenant exceeded usage limits: Monthly unique traces usage limit exceeded"}\n')trace=019fba5e-cbdb-7ea1-9ab3-da5630a4c767,id=019fba60-44f1-7113-a868-29b8c02d0f93; trace=019fba5e-cbdb-7ea1-9ab3-da5630a4c767,id=019fba60-6ebe-7833-a54f-1a81df6c76f8; trace=019fba5e-cbdb-7ea1-9ab3-da5630a4c767,id=019fba60-6ebe-7833-a54f-1a81df6c76f8; trace=019fba5e-cbdb-7ea1-9ab3-da5630a4c767,id=019fba60-44ef-7481-b369-df053bccb6c3; trace=019fba5e-cbdb-7ea1-9ab3-da5630a4c767,id=019fba60-6ebf-74f0-889e-d994056481be; trace=019fba5e-cbdb-7ea1-9ab3-da5630a4c767,id=019fba60-6ec0-7ff2-917d-8edae479d26b
Failed to send compressed multipart ingest: langsmith.utils.LangSmithRateLimitError: Rate limit exceeded for https://api.smith.langchain.com/runs/multipart. HTTPError('429 Client Error: Too Many Requests for url: https://api.smith.langchain.com/runs/multipart', '{"error":"Too many requests: tenant exceeded usage limits: Monthly unique traces usage limit exceeded"}\n')trace=019fba5e-cbdb-7ea1-9ab3-da5630a4c767,id=019fba60-6ec0-7ff2-917d-8edae479d26b; trace=019fba5e-cbdb-7ea1-9ab3-da5630a4c767,id=019fba60-6ebf-74f0-889e-d994056481be; trace=019fba5e-cbdb-7ea1-9ab3-da5630a4c767,id=019fba60-944a-7283-92c7-27bae64a78c5; trace=019fba5e-cbdb-7ea1-9ab3-da5630a4c767,id=019fba60-944c-74f3-8a8c-e14afe3fa025
Failed to send compressed multipart ingest: langsmith.utils.LangSmithRateLimitError: Rate limit exceeded for https://api.smith.langchain.com/runs/multipart. HTTPError('429 Client Error: Too Many Requests for url: https://api.smith.langchain.com/runs/multipart', '{"error":"Too many requests: tenant exceeded usage limits: Monthly unique traces usage limit exceeded"}\n')trace=019fba5e-cbdb-7ea1-9ab3-da5630a4c767,id=019fba60-944c-74f3-8a8c-e14afe3fa025; trace=019fba5e-cbdb-7ea1-9ab3-da5630a4c767,id=019fba60-b545-7140-9126-cfdf96ae8cf3; trace=019fba5e-cbdb-7ea1-9ab3-da5630a4c767,id=019fba60-b545-7140-9126-cfdf96ae8cf3; trace=019fba5e-cbdb-7ea1-9ab3-da5630a4c767,id=019fba60-944a-7283-92c7-27bae64a78c5; trace=019fba5e-cbdb-7ea1-9ab3-da5630a4c767,id=019fba60-b547-7b22-a6bf-21ae7111c596; trace=019fba5e-cbdb-7ea1-9ab3-da5630a4c767,id=019fba60-b547-7b22-a6bf-21b04b02b023
Failed to send compressed multipart ingest: langsmith.utils.LangSmithRateLimitError: Rate limit exceeded for https://api.smith.langchain.com/runs/multipart. HTTPError('429 Client Error: Too Many Requests for url: https://api.smith.langchain.com/runs/multipart', '{"error":"Too many requests: tenant exceeded usage limits: Monthly unique traces usage limit exceeded"}\n')trace=019fba5e-cbdb-7ea1-9ab3-da5630a4c767,id=019fba60-b547-7b22-a6bf-21b04b02b023; trace=019fba5e-cbdb-7ea1-9ab3-da5630a4c767,id=019fba60-b547-7b22-a6bf-21ae7111c596; trace=019fba5e-cbdb-7ea1-9ab3-da5630a4c767,id=019fba60-d61f-7693-ba95-4b27b358f59e; trace=019fba5e-cbdb-7ea1-9ab3-da5630a4c767,id=019fba60-d621-7af1-bac2-c01bedecf7bb
Calling Baseline Move server...
Calling Baseline Move server...
Calling Baseline Move server...
Calling Baseline Move server...
Calling Baseline Move server...
Calling Baseline Move server...
Calling Baseline Move server...
[baseline] 70/104 scenario_03_01 (repeat 2/4)
Failed to send compressed multipart ingest: langsmith.utils.LangSmithRateLimitError: Rate limit exceeded for https://api.smith.langchain.com/runs/multipart. HTTPError('429 Client Error: Too Many Requests for url: https://api.smith.langchain.com/runs/multipart', '{"error":"Too many requests: tenant exceeded usage limits: Monthly unique traces usage limit exceeded"}\n')trace=019fba5e-cbdb-7ea1-9ab3-da5630a4c767,id=019fba60-d621-7af1-bac2-c01bedecf7bb; trace=019fba5e-cbdb-7ea1-9ab3-da5630a4c767,id=019fba61-65b0-7e30-9014-010719b3d21a; trace=019fba5e-cbdb-7ea1-9ab3-da5630a4c767,id=019fba61-65b0-7e30-9014-010719b3d21a; trace=019fba5e-cbdb-7ea1-9ab3-da5630a4c767,id=019fba60-d61f-7693-ba95-4b27b358f59e; trace=019fba5e-cbdb-7ea1-9ab3-da5630a4c767,id=019fba61-65b1-76b3-97d6-588852f6ff96; trace=019fba5e-cbdb-7ea1-9ab3-da5630a4c767,id=019fba61-65b1-76b3-97d6-588852f6ff96; trace=019fba5e-cbdb-7ea1-9ab3-da5630a4c767,id=019fba5e-cbdb-7ea1-9ab3-da5630a4c767; trace=019fba61-66f5-7011-816c-83b7f5eb5034,id=019fba61-66f5-7011-816c-83b7f5eb5034; trace=019fba61-66f5-7011-816c-83b7f5eb5034,id=019fba61-66f6-7642-86a2-86fdb8d3ef94; trace=019fba61-66f5-7011-816c-83b7f5eb5034,id=019fba61-66f6-7642-86a2-86fdb8d3ef94; trace=019fba61-66f5-7011-816c-83b7f5eb5034,id=019fba61-66f6-7642-86a2-87040ba6f3ce; trace=019fba61-66f5-7011-816c-83b7f5eb5034,id=019fba61-6780-7d01-9741-b0c9ba2010b7; trace=019fba61-66f5-7011-816c-83b7f5eb5034,id=019fba61-6780-7d01-9741-b0c9ba2010b7; trace=019fba61-66f5-7011-816c-83b7f5eb5034,id=019fba61-66f6-7642-86a2-87040ba6f3ce; trace=019fba61-66f5-7011-816c-83b7f5eb5034,id=019fba61-6781-72a0-b8cb-2332642db4b6; trace=019fba61-66f5-7011-816c-83b7f5eb5034,id=019fba61-6782-71c1-9709-10910961a103
Failed to send compressed multipart ingest: langsmith.utils.LangSmithRateLimitError: Rate limit exceeded for https://api.smith.langchain.com/runs/multipart. HTTPError('429 Client Error: Too Many Requests for url: https://api.smith.langchain.com/runs/multipart', '{"error":"Too many requests: tenant exceeded usage limits: Monthly unique traces usage limit exceeded"}\n')trace=019fba61-66f5-7011-816c-83b7f5eb5034,id=019fba61-6782-71c1-9709-10910961a103; trace=019fba61-66f5-7011-816c-83b7f5eb5034,id=019fba61-6781-72a0-b8cb-2332642db4b6; trace=019fba61-66f5-7011-816c-83b7f5eb5034,id=019fba61-7c5d-72b1-a37f-b8c0ea0fcee8; trace=019fba61-66f5-7011-816c-83b7f5eb5034,id=019fba61-7c5f-7aa1-aeaf-ae43b1e8a1a3
Failed to send compressed multipart ingest: langsmith.utils.LangSmithRateLimitError: Rate limit exceeded for https://api.smith.langchain.com/runs/multipart. HTTPError('429 Client Error: Too Many Requests for url: https://api.smith.langchain.com/runs/multipart', '{"error":"Too many requests: tenant exceeded usage limits: Monthly unique traces usage limit exceeded"}\n')trace=019fba61-66f5-7011-816c-83b7f5eb5034,id=019fba61-7c5f-7aa1-aeaf-ae43b1e8a1a3; trace=019fba61-66f5-7011-816c-83b7f5eb5034,id=019fba61-ca26-7032-bb9b-b99e20e53c8d; trace=019fba61-66f5-7011-816c-83b7f5eb5034,id=019fba61-ca26-7032-bb9b-b99e20e53c8d; trace=019fba61-66f5-7011-816c-83b7f5eb5034,id=019fba61-7c5d-72b1-a37f-b8c0ea0fcee8; trace=019fba61-66f5-7011-816c-83b7f5eb5034,id=019fba61-ca27-7633-b1ab-0debcba5bad9; trace=019fba61-66f5-7011-816c-83b7f5eb5034,id=019fba61-ca28-7002-8d2f-43cff7ace75a
Failed to send compressed multipart ingest: langsmith.utils.LangSmithRateLimitError: Rate limit exceeded for https://api.smith.langchain.com/runs/multipart. HTTPError('429 Client Error: Too Many Requests for url: https://api.smith.langchain.com/runs/multipart', '{"error":"Too many requests: tenant exceeded usage limits: Monthly unique traces usage limit exceeded"}\n')trace=019fba61-66f5-7011-816c-83b7f5eb5034,id=019fba61-ca28-7002-8d2f-43cff7ace75a; trace=019fba61-66f5-7011-816c-83b7f5eb5034,id=019fba61-ca27-7633-b1ab-0debcba5bad9; trace=019fba61-66f5-7011-816c-83b7f5eb5034,id=019fba61-e2ab-78c2-8eaf-9d67559624ba; trace=019fba61-66f5-7011-816c-83b7f5eb5034,id=019fba61-e2ad-7903-91a9-58c720b01b2c
Failed to send compressed multipart ingest: langsmith.utils.LangSmithRateLimitError: Rate limit exceeded for https://api.smith.langchain.com/runs/multipart. HTTPError('429 Client Error: Too Many Requests for url: https://api.smith.langchain.com/runs/multipart', '{"error":"Too many requests: tenant exceeded usage limits: Monthly unique traces usage limit exceeded"}\n')trace=019fba61-66f5-7011-816c-83b7f5eb5034,id=019fba61-e2ad-7903-91a9-58c720b01b2c; trace=019fba61-66f5-7011-816c-83b7f5eb5034,id=019fba62-1c6a-7681-a8bb-6effa602155d; trace=019fba61-66f5-7011-816c-83b7f5eb5034,id=019fba62-1c6a-7681-a8bb-6effa602155d; trace=019fba61-66f5-7011-816c-83b7f5eb5034,id=019fba61-e2ab-78c2-8eaf-9d67559624ba; trace=019fba61-66f5-7011-816c-83b7f5eb5034,id=019fba62-1c6b-79d3-93f0-e92cfa4fb9be; trace=019fba61-66f5-7011-816c-83b7f5eb5034,id=019fba62-1c6b-79d3-93f0-e9309a9e491b
Failed to send compressed multipart ingest: langsmith.utils.LangSmithRateLimitError: Rate limit exceeded for https://api.smith.langchain.com/runs/multipart. HTTPError('429 Client Error: Too Many Requests for url: https://api.smith.langchain.com/runs/multipart', '{"error":"Too many requests: tenant exceeded usage limits: Monthly unique traces usage limit exceeded"}\n')trace=019fba61-66f5-7011-816c-83b7f5eb5034,id=019fba62-1c6b-79d3-93f0-e9309a9e491b; trace=019fba61-66f5-7011-816c-83b7f5eb5034,id=019fba62-1c6b-79d3-93f0-e92cfa4fb9be; trace=019fba61-66f5-7011-816c-83b7f5eb5034,id=019fba62-34db-7b62-b9cf-a3cd67c7c78b; trace=019fba61-66f5-7011-816c-83b7f5eb5034,id=019fba62-34dd-75c3-b6d2-0eaa950c0348
Failed to send compressed multipart ingest: langsmith.utils.LangSmithRateLimitError: Rate limit exceeded for https://api.smith.langchain.com/runs/multipart. HTTPError('429 Client Error: Too Many Requests for url: https://api.smith.langchain.com/runs/multipart', '{"error":"Too many requests: tenant exceeded usage limits: Monthly unique traces usage limit exceeded"}\n')trace=019fba61-66f5-7011-816c-83b7f5eb5034,id=019fba62-34dd-75c3-b6d2-0eaa950c0348; trace=019fba61-66f5-7011-816c-83b7f5eb5034,id=019fba62-69ac-7511-b95b-bd5cf046dbd9; trace=019fba61-66f5-7011-816c-83b7f5eb5034,id=019fba62-69ac-7511-b95b-bd5cf046dbd9; trace=019fba61-66f5-7011-816c-83b7f5eb5034,id=019fba62-34db-7b62-b9cf-a3cd67c7c78b; trace=019fba61-66f5-7011-816c-83b7f5eb5034,id=019fba62-69ad-7631-a61b-3e7e8af57765; trace=019fba61-66f5-7011-816c-83b7f5eb5034,id=019fba62-69ae-7ed3-bc64-974729a18ec1
Failed to send compressed multipart ingest: langsmith.utils.LangSmithRateLimitError: Rate limit exceeded for https://api.smith.langchain.com/runs/multipart. HTTPError('429 Client Error: Too Many Requests for url: https://api.smith.langchain.com/runs/multipart', '{"error":"Too many requests: tenant exceeded usage limits: Monthly unique traces usage limit exceeded"}\n')trace=019fba61-66f5-7011-816c-83b7f5eb5034,id=019fba62-69ae-7ed3-bc64-974729a18ec1; trace=019fba61-66f5-7011-816c-83b7f5eb5034,id=019fba62-69ad-7631-a61b-3e7e8af57765; trace=019fba61-66f5-7011-816c-83b7f5eb5034,id=019fba62-7fd6-73d0-848a-01cae27757c7; trace=019fba61-66f5-7011-816c-83b7f5eb5034,id=019fba62-7fd8-7a10-9002-e51477353690
Failed to send compressed multipart ingest: langsmith.utils.LangSmithRateLimitError: Rate limit exceeded for https://api.smith.langchain.com/runs/multipart. HTTPError('429 Client Error: Too Many Requests for url: https://api.smith.langchain.com/runs/multipart', '{"error":"Too many requests: tenant exceeded usage limits: Monthly unique traces usage limit exceeded"}\n')trace=019fba61-66f5-7011-816c-83b7f5eb5034,id=019fba62-7fd8-7a10-9002-e51477353690; trace=019fba61-66f5-7011-816c-83b7f5eb5034,id=019fba62-ac76-7710-8344-555ac74bde9d; trace=019fba61-66f5-7011-816c-83b7f5eb5034,id=019fba62-ac76-7710-8344-555ac74bde9d; trace=019fba61-66f5-7011-816c-83b7f5eb5034,id=019fba62-7fd6-73d0-848a-01cae27757c7; trace=019fba61-66f5-7011-816c-83b7f5eb5034,id=019fba62-ac77-7b23-881a-f8a8686bc427; trace=019fba61-66f5-7011-816c-83b7f5eb5034,id=019fba62-ac78-7062-bb41-6e20320bd7fa
Failed to send compressed multipart ingest: langsmith.utils.LangSmithRateLimitError: Rate limit exceeded for https://api.smith.langchain.com/runs/multipart. HTTPError('429 Client Error: Too Many Requests for url: https://api.smith.langchain.com/runs/multipart', '{"error":"Too many requests: tenant exceeded usage limits: Monthly unique traces usage limit exceeded"}\n')trace=019fba61-66f5-7011-816c-83b7f5eb5034,id=019fba62-ac78-7062-bb41-6e20320bd7fa; trace=019fba61-66f5-7011-816c-83b7f5eb5034,id=019fba62-ac77-7b23-881a-f8a8686bc427; trace=019fba61-66f5-7011-816c-83b7f5eb5034,id=019fba62-cc9e-7501-a61c-0db6cc0e2d9b; trace=019fba61-66f5-7011-816c-83b7f5eb5034,id=019fba62-cca0-7362-8ea7-83b872990410
Calling Baseline Move server...
Calling Baseline Move server...
Calling Baseline Move server...
Calling Baseline Move server...
Calling Baseline Move server...
[baseline] 71/104 scenario_03_01 (repeat 3/4)
Failed to send compressed multipart ingest: langsmith.utils.LangSmithRateLimitError: Rate limit exceeded for https://api.smith.langchain.com/runs/multipart. HTTPError('429 Client Error: Too Many Requests for url: https://api.smith.langchain.com/runs/multipart', '{"error":"Too many requests: tenant exceeded usage limits: Monthly unique traces usage limit exceeded"}\n')trace=019fba61-66f5-7011-816c-83b7f5eb5034,id=019fba62-cca0-7362-8ea7-83b872990410; trace=019fba61-66f5-7011-816c-83b7f5eb5034,id=019fba63-5b84-7f61-953f-2b2772a2bea5; trace=019fba61-66f5-7011-816c-83b7f5eb5034,id=019fba63-5b84-7f61-953f-2b2772a2bea5; trace=019fba61-66f5-7011-816c-83b7f5eb5034,id=019fba62-cc9e-7501-a61c-0db6cc0e2d9b; trace=019fba61-66f5-7011-816c-83b7f5eb5034,id=019fba63-5b85-76b2-85b8-1a5d5567916e; trace=019fba61-66f5-7011-816c-83b7f5eb5034,id=019fba63-5b85-76b2-85b8-1a5d5567916e; trace=019fba61-66f5-7011-816c-83b7f5eb5034,id=019fba61-66f5-7011-816c-83b7f5eb5034; trace=019fba63-5c4b-75f3-863b-5f71f22060c0,id=019fba63-5c4b-75f3-863b-5f71f22060c0; trace=019fba63-5c4b-75f3-863b-5f71f22060c0,id=019fba63-5c4c-7f82-a2dd-30aee86a6170; trace=019fba63-5c4b-75f3-863b-5f71f22060c0,id=019fba63-5c4c-7f82-a2dd-30aee86a6170; trace=019fba63-5c4b-75f3-863b-5f71f22060c0,id=019fba63-5c4d-79c0-86af-95cc707f767f; trace=019fba63-5c4b-75f3-863b-5f71f22060c0,id=019fba63-5cab-73b2-aff7-59876aed405a; trace=019fba63-5c4b-75f3-863b-5f71f22060c0,id=019fba63-5cab-73b2-aff7-59876aed405a; trace=019fba63-5c4b-75f3-863b-5f71f22060c0,id=019fba63-5c4d-79c0-86af-95cc707f767f; trace=019fba63-5c4b-75f3-863b-5f71f22060c0,id=019fba63-5cac-7441-a608-64c66c649ee8; trace=019fba63-5c4b-75f3-863b-5f71f22060c0,id=019fba63-5cad-76f1-bf95-cfe381a9a477
Failed to send compressed multipart ingest: langsmith.utils.LangSmithRateLimitError: Rate limit exceeded for https://api.smith.langchain.com/runs/multipart. HTTPError('429 Client Error: Too Many Requests for url: https://api.smith.langchain.com/runs/multipart', '{"error":"Too many requests: tenant exceeded usage limits: Monthly unique traces usage limit exceeded"}\n')trace=019fba63-5c4b-75f3-863b-5f71f22060c0,id=019fba63-5cad-76f1-bf95-cfe381a9a477; trace=019fba63-5c4b-75f3-863b-5f71f22060c0,id=019fba63-5cac-7441-a608-64c66c649ee8; trace=019fba63-5c4b-75f3-863b-5f71f22060c0,id=019fba63-70b9-7c53-829d-1db4586d4148; trace=019fba63-5c4b-75f3-863b-5f71f22060c0,id=019fba63-70bb-7883-95e9-ba2fd07c769e
Failed to send compressed multipart ingest: langsmith.utils.LangSmithRateLimitError: Rate limit exceeded for https://api.smith.langchain.com/runs/multipart. HTTPError('429 Client Error: Too Many Requests for url: https://api.smith.langchain.com/runs/multipart', '{"error":"Too many requests: tenant exceeded usage limits: Monthly unique traces usage limit exceeded"}\n')trace=019fba63-5c4b-75f3-863b-5f71f22060c0,id=019fba63-70bb-7883-95e9-ba2fd07c769e; trace=019fba63-5c4b-75f3-863b-5f71f22060c0,id=019fba63-ad1c-7e40-8186-231156e34456; trace=019fba63-5c4b-75f3-863b-5f71f22060c0,id=019fba63-ad1c-7e40-8186-231156e34456; trace=019fba63-5c4b-75f3-863b-5f71f22060c0,id=019fba63-70b9-7c53-829d-1db4586d4148; trace=019fba63-5c4b-75f3-863b-5f71f22060c0,id=019fba63-ad1d-76d1-ae49-1bef4e6673bf; trace=019fba63-5c4b-75f3-863b-5f71f22060c0,id=019fba63-ad1e-77f0-a3d4-05fdd2c58c08
Failed to send compressed multipart ingest: langsmith.utils.LangSmithRateLimitError: Rate limit exceeded for https://api.smith.langchain.com/runs/multipart. HTTPError('429 Client Error: Too Many Requests for url: https://api.smith.langchain.com/runs/multipart', '{"error":"Too many requests: tenant exceeded usage limits: Monthly unique traces usage limit exceeded"}\n')trace=019fba63-5c4b-75f3-863b-5f71f22060c0,id=019fba63-ad1e-77f0-a3d4-05fdd2c58c08; trace=019fba63-5c4b-75f3-863b-5f71f22060c0,id=019fba63-ad1d-76d1-ae49-1bef4e6673bf; trace=019fba63-5c4b-75f3-863b-5f71f22060c0,id=019fba63-c3a6-7471-a59c-12aae12407c9; trace=019fba63-5c4b-75f3-863b-5f71f22060c0,id=019fba63-c3a8-7f62-9a02-30a160f28759
Failed to send compressed multipart ingest: langsmith.utils.LangSmithRateLimitError: Rate limit exceeded for https://api.smith.langchain.com/runs/multipart. HTTPError('429 Client Error: Too Many Requests for url: https://api.smith.langchain.com/runs/multipart', '{"error":"Too many requests: tenant exceeded usage limits: Monthly unique traces usage limit exceeded"}\n')trace=019fba63-5c4b-75f3-863b-5f71f22060c0,id=019fba63-c3a8-7f62-9a02-30a160f28759; trace=019fba63-5c4b-75f3-863b-5f71f22060c0,id=019fba63-fc15-7ef2-8de0-09fbc7f8b8bd; trace=019fba63-5c4b-75f3-863b-5f71f22060c0,id=019fba63-fc15-7ef2-8de0-09fbc7f8b8bd; trace=019fba63-5c4b-75f3-863b-5f71f22060c0,id=019fba63-c3a6-7471-a59c-12aae12407c9; trace=019fba63-5c4b-75f3-863b-5f71f22060c0,id=019fba63-fc16-7980-a6f1-c3ea4856c70d; trace=019fba63-5c4b-75f3-863b-5f71f22060c0,id=019fba63-fc17-7291-a5c8-394735c87098
Failed to send compressed multipart ingest: langsmith.utils.LangSmithRateLimitError: Rate limit exceeded for https://api.smith.langchain.com/runs/multipart. HTTPError('429 Client Error: Too Many Requests for url: https://api.smith.langchain.com/runs/multipart', '{"error":"Too many requests: tenant exceeded usage limits: Monthly unique traces usage limit exceeded"}\n')trace=019fba63-5c4b-75f3-863b-5f71f22060c0,id=019fba63-fc17-7291-a5c8-394735c87098; trace=019fba63-5c4b-75f3-863b-5f71f22060c0,id=019fba63-fc16-7980-a6f1-c3ea4856c70d; trace=019fba63-5c4b-75f3-863b-5f71f22060c0,id=019fba64-12b0-7573-8592-a24efb0b167e; trace=019fba63-5c4b-75f3-863b-5f71f22060c0,id=019fba64-12b3-7291-856e-a7f232b96a91
Failed to send compressed multipart ingest: langsmith.utils.LangSmithRateLimitError: Rate limit exceeded for https://api.smith.langchain.com/runs/multipart. HTTPError('429 Client Error: Too Many Requests for url: https://api.smith.langchain.com/runs/multipart', '{"error":"Too many requests: tenant exceeded usage limits: Monthly unique traces usage limit exceeded"}\n')trace=019fba63-5c4b-75f3-863b-5f71f22060c0,id=019fba64-12b3-7291-856e-a7f232b96a91; trace=019fba63-5c4b-75f3-863b-5f71f22060c0,id=019fba64-5d2e-74b2-ac62-072cc9de562a; trace=019fba63-5c4b-75f3-863b-5f71f22060c0,id=019fba64-5d2e-74b2-ac62-072cc9de562a; trace=019fba63-5c4b-75f3-863b-5f71f22060c0,id=019fba64-12b0-7573-8592-a24efb0b167e; trace=019fba63-5c4b-75f3-863b-5f71f22060c0,id=019fba64-5d2f-7471-b9ca-9abd3a5373d6; trace=019fba63-5c4b-75f3-863b-5f71f22060c0,id=019fba64-5d2f-7471-b9ca-9ac05cf4132c
Failed to send compressed multipart ingest: langsmith.utils.LangSmithRateLimitError: Rate limit exceeded for https://api.smith.langchain.com/runs/multipart. HTTPError('429 Client Error: Too Many Requests for url: https://api.smith.langchain.com/runs/multipart', '{"error":"Too many requests: tenant exceeded usage limits: Monthly unique traces usage limit exceeded"}\n')trace=019fba63-5c4b-75f3-863b-5f71f22060c0,id=019fba64-5d2f-7471-b9ca-9ac05cf4132c; trace=019fba63-5c4b-75f3-863b-5f71f22060c0,id=019fba64-5d2f-7471-b9ca-9abd3a5373d6; trace=019fba63-5c4b-75f3-863b-5f71f22060c0,id=019fba64-7ec1-7fc3-a07f-976dad8fe0fb; trace=019fba63-5c4b-75f3-863b-5f71f22060c0,id=019fba64-7ec3-7491-b1c0-fed33729da96
Failed to send compressed multipart ingest: langsmith.utils.LangSmithRateLimitError: Rate limit exceeded for https://api.smith.langchain.com/runs/multipart. HTTPError('429 Client Error: Too Many Requests for url: https://api.smith.langchain.com/runs/multipart', '{"error":"Too many requests: tenant exceeded usage limits: Monthly unique traces usage limit exceeded"}\n')trace=019fba63-5c4b-75f3-863b-5f71f22060c0,id=019fba64-7ec3-7491-b1c0-fed33729da96; trace=019fba63-5c4b-75f3-863b-5f71f22060c0,id=019fba64-cac8-7d92-95cd-fa98c0ba3789; trace=019fba63-5c4b-75f3-863b-5f71f22060c0,id=019fba64-cac8-7d92-95cd-fa98c0ba3789; trace=019fba63-5c4b-75f3-863b-5f71f22060c0,id=019fba64-7ec1-7fc3-a07f-976dad8fe0fb; trace=019fba63-5c4b-75f3-863b-5f71f22060c0,id=019fba64-caca-72a2-8d78-63ba04cdd06c; trace=019fba63-5c4b-75f3-863b-5f71f22060c0,id=019fba64-caca-72a2-8d78-63c777cd25e2
Failed to send compressed multipart ingest: langsmith.utils.LangSmithRateLimitError: Rate limit exceeded for https://api.smith.langchain.com/runs/multipart. HTTPError('429 Client Error: Too Many Requests for url: https://api.smith.langchain.com/runs/multipart', '{"error":"Too many requests: tenant exceeded usage limits: Monthly unique traces usage limit exceeded"}\n')trace=019fba63-5c4b-75f3-863b-5f71f22060c0,id=019fba64-caca-72a2-8d78-63c777cd25e2; trace=019fba63-5c4b-75f3-863b-5f71f22060c0,id=019fba64-caca-72a2-8d78-63ba04cdd06c; trace=019fba63-5c4b-75f3-863b-5f71f22060c0,id=019fba64-e74a-7152-9efe-c3703e05655f; trace=019fba63-5c4b-75f3-863b-5f71f22060c0,id=019fba64-e74c-7e21-9d4a-d34c9edada7a
Calling Baseline Move server...
Calling Baseline Move server...
Calling Baseline Move server...
Calling Baseline Move server...
Calling Baseline Move server...
[baseline] 72/104 scenario_03_01 (repeat 4/4)
Failed to send compressed multipart ingest: langsmith.utils.LangSmithRateLimitError: Rate limit exceeded for https://api.smith.langchain.com/runs/multipart. HTTPError('429 Client Error: Too Many Requests for url: https://api.smith.langchain.com/runs/multipart', '{"error":"Too many requests: tenant exceeded usage limits: Monthly unique traces usage limit exceeded"}\n')trace=019fba63-5c4b-75f3-863b-5f71f22060c0,id=019fba64-e74c-7e21-9d4a-d34c9edada7a; trace=019fba63-5c4b-75f3-863b-5f71f22060c0,id=019fba65-20e9-7652-b7a9-d8b5a3329d9d; trace=019fba63-5c4b-75f3-863b-5f71f22060c0,id=019fba65-20e9-7652-b7a9-d8b5a3329d9d; trace=019fba63-5c4b-75f3-863b-5f71f22060c0,id=019fba64-e74a-7152-9efe-c3703e05655f; trace=019fba63-5c4b-75f3-863b-5f71f22060c0,id=019fba65-20ea-7732-9dfa-4637bcfcdddd; trace=019fba63-5c4b-75f3-863b-5f71f22060c0,id=019fba65-20ea-7732-9dfa-4637bcfcdddd; trace=019fba63-5c4b-75f3-863b-5f71f22060c0,id=019fba63-5c4b-75f3-863b-5f71f22060c0; trace=019fba65-218e-7341-9a7d-53e86d565cc8,id=019fba65-218e-7341-9a7d-53e86d565cc8; trace=019fba65-218e-7341-9a7d-53e86d565cc8,id=019fba65-218f-7611-a5eb-431f9be592ff; trace=019fba65-218e-7341-9a7d-53e86d565cc8,id=019fba65-218f-7611-a5eb-431f9be592ff; trace=019fba65-218e-7341-9a7d-53e86d565cc8,id=019fba65-218f-7611-a5eb-432e4207e5da; trace=019fba65-218e-7341-9a7d-53e86d565cc8,id=019fba65-21ef-7782-a919-897d4c12fdfa; trace=019fba65-218e-7341-9a7d-53e86d565cc8,id=019fba65-21ef-7782-a919-897d4c12fdfa; trace=019fba65-218e-7341-9a7d-53e86d565cc8,id=019fba65-218f-7611-a5eb-432e4207e5da; trace=019fba65-218e-7341-9a7d-53e86d565cc8,id=019fba65-21f0-7471-aacd-b0021ca05781; trace=019fba65-218e-7341-9a7d-53e86d565cc8,id=019fba65-21f1-7941-8784-4861e931956a
Failed to send compressed multipart ingest: langsmith.utils.LangSmithRateLimitError: Rate limit exceeded for https://api.smith.langchain.com/runs/multipart. HTTPError('429 Client Error: Too Many Requests for url: https://api.smith.langchain.com/runs/multipart', '{"error":"Too many requests: tenant exceeded usage limits: Monthly unique traces usage limit exceeded"}\n')trace=019fba65-218e-7341-9a7d-53e86d565cc8,id=019fba65-21f1-7941-8784-4861e931956a; trace=019fba65-218e-7341-9a7d-53e86d565cc8,id=019fba65-21f0-7471-aacd-b0021ca05781; trace=019fba65-218e-7341-9a7d-53e86d565cc8,id=019fba65-3b31-7591-9825-af99aec1f806; trace=019fba65-218e-7341-9a7d-53e86d565cc8,id=019fba65-3b33-7520-a038-f2c4d38a53cd
Failed to send compressed multipart ingest: langsmith.utils.LangSmithRateLimitError: Rate limit exceeded for https://api.smith.langchain.com/runs/multipart. HTTPError('429 Client Error: Too Many Requests for url: https://api.smith.langchain.com/runs/multipart', '{"error":"Too many requests: tenant exceeded usage limits: Monthly unique traces usage limit exceeded"}\n')trace=019fba65-218e-7341-9a7d-53e86d565cc8,id=019fba65-3b33-7520-a038-f2c4d38a53cd; trace=019fba65-218e-7341-9a7d-53e86d565cc8,id=019fba65-7feb-7731-a428-ea2427ae4350; trace=019fba65-218e-7341-9a7d-53e86d565cc8,id=019fba65-7feb-7731-a428-ea2427ae4350; trace=019fba65-218e-7341-9a7d-53e86d565cc8,id=019fba65-3b31-7591-9825-af99aec1f806; trace=019fba65-218e-7341-9a7d-53e86d565cc8,id=019fba65-7fec-7a00-9870-f33559532093; trace=019fba65-218e-7341-9a7d-53e86d565cc8,id=019fba65-7fed-7b23-b3cb-8d7df9bcc8ae
Failed to send compressed multipart ingest: langsmith.utils.LangSmithRateLimitError: Rate limit exceeded for https://api.smith.langchain.com/runs/multipart. HTTPError('429 Client Error: Too Many Requests for url: https://api.smith.langchain.com/runs/multipart', '{"error":"Too many requests: tenant exceeded usage limits: Monthly unique traces usage limit exceeded"}\n')trace=019fba65-218e-7341-9a7d-53e86d565cc8,id=019fba65-7fed-7b23-b3cb-8d7df9bcc8ae; trace=019fba65-218e-7341-9a7d-53e86d565cc8,id=019fba65-7fec-7a00-9870-f33559532093; trace=019fba65-218e-7341-9a7d-53e86d565cc8,id=019fba65-99a9-7fc0-92cb-2659a6c07056; trace=019fba65-218e-7341-9a7d-53e86d565cc8,id=019fba65-99ab-7113-bf71-30461c58b949
Failed to send compressed multipart ingest: langsmith.utils.LangSmithRateLimitError: Rate limit exceeded for https://api.smith.langchain.com/runs/multipart. HTTPError('429 Client Error: Too Many Requests for url: https://api.smith.langchain.com/runs/multipart', '{"error":"Too many requests: tenant exceeded usage limits: Monthly unique traces usage limit exceeded"}\n')trace=019fba65-218e-7341-9a7d-53e86d565cc8,id=019fba65-99ab-7113-bf71-30461c58b949; trace=019fba65-218e-7341-9a7d-53e86d565cc8,id=019fba65-c843-74b1-b138-b5bc0c7aad35; trace=019fba65-218e-7341-9a7d-53e86d565cc8,id=019fba65-c843-74b1-b138-b5bc0c7aad35; trace=019fba65-218e-7341-9a7d-53e86d565cc8,id=019fba65-99a9-7fc0-92cb-2659a6c07056; trace=019fba65-218e-7341-9a7d-53e86d565cc8,id=019fba65-c844-74a1-a0aa-b1a2b958eb7e; trace=019fba65-218e-7341-9a7d-53e86d565cc8,id=019fba65-c845-7433-b203-04b6af0a31f6
Failed to send compressed multipart ingest: langsmith.utils.LangSmithRateLimitError: Rate limit exceeded for https://api.smith.langchain.com/runs/multipart. HTTPError('429 Client Error: Too Many Requests for url: https://api.smith.langchain.com/runs/multipart', '{"error":"Too many requests: tenant exceeded usage limits: Monthly unique traces usage limit exceeded"}\n')trace=019fba65-218e-7341-9a7d-53e86d565cc8,id=019fba65-c845-7433-b203-04b6af0a31f6; trace=019fba65-218e-7341-9a7d-53e86d565cc8,id=019fba65-c844-74a1-a0aa-b1a2b958eb7e; trace=019fba65-218e-7341-9a7d-53e86d565cc8,id=019fba65-e027-7e12-a46b-d7ec6b45be48; trace=019fba65-218e-7341-9a7d-53e86d565cc8,id=019fba65-e029-7c22-bdb0-bf2c52a4cbbe
Failed to send compressed multipart ingest: langsmith.utils.LangSmithRateLimitError: Rate limit exceeded for https://api.smith.langchain.com/runs/multipart. HTTPError('429 Client Error: Too Many Requests for url: https://api.smith.langchain.com/runs/multipart', '{"error":"Too many requests: tenant exceeded usage limits: Monthly unique traces usage limit exceeded"}\n')trace=019fba65-218e-7341-9a7d-53e86d565cc8,id=019fba65-e029-7c22-bdb0-bf2c52a4cbbe; trace=019fba65-218e-7341-9a7d-53e86d565cc8,id=019fba66-285e-7833-9f85-6275a1ce67f2; trace=019fba65-218e-7341-9a7d-53e86d565cc8,id=019fba66-285e-7833-9f85-6275a1ce67f2; trace=019fba65-218e-7341-9a7d-53e86d565cc8,id=019fba65-e027-7e12-a46b-d7ec6b45be48; trace=019fba65-218e-7341-9a7d-53e86d565cc8,id=019fba66-285f-72c3-bb60-e5cb2f679398; trace=019fba65-218e-7341-9a7d-53e86d565cc8,id=019fba66-2860-7330-8395-868feae55864
Failed to send compressed multipart ingest: langsmith.utils.LangSmithRateLimitError: Rate limit exceeded for https://api.smith.langchain.com/runs/multipart. HTTPError('429 Client Error: Too Many Requests for url: https://api.smith.langchain.com/runs/multipart', '{"error":"Too many requests: tenant exceeded usage limits: Monthly unique traces usage limit exceeded"}\n')trace=019fba65-218e-7341-9a7d-53e86d565cc8,id=019fba66-2860-7330-8395-868feae55864; trace=019fba65-218e-7341-9a7d-53e86d565cc8,id=019fba66-285f-72c3-bb60-e5cb2f679398; trace=019fba65-218e-7341-9a7d-53e86d565cc8,id=019fba66-3ff2-79b2-a9be-b7584801d01b; trace=019fba65-218e-7341-9a7d-53e86d565cc8,id=019fba66-3ff4-7570-bd6c-369192ad8140
Failed to send compressed multipart ingest: langsmith.utils.LangSmithRateLimitError: Rate limit exceeded for https://api.smith.langchain.com/runs/multipart. HTTPError('429 Client Error: Too Many Requests for url: https://api.smith.langchain.com/runs/multipart', '{"error":"Too many requests: tenant exceeded usage limits: Monthly unique traces usage limit exceeded"}\n')trace=019fba65-218e-7341-9a7d-53e86d565cc8,id=019fba66-3ff4-7570-bd6c-369192ad8140; trace=019fba65-218e-7341-9a7d-53e86d565cc8,id=019fba66-7eb3-7d62-a56a-051e413745af; trace=019fba65-218e-7341-9a7d-53e86d565cc8,id=019fba66-7eb3-7d62-a56a-051e413745af; trace=019fba65-218e-7341-9a7d-53e86d565cc8,id=019fba66-3ff2-79b2-a9be-b7584801d01b; trace=019fba65-218e-7341-9a7d-53e86d565cc8,id=019fba66-7eb4-7382-b412-1cfeaae442a9; trace=019fba65-218e-7341-9a7d-53e86d565cc8,id=019fba66-7eb4-7382-b412-1d03a510127f
Failed to send compressed multipart ingest: langsmith.utils.LangSmithRateLimitError: Rate limit exceeded for https://api.smith.langchain.com/runs/multipart. HTTPError('429 Client Error: Too Many Requests for url: https://api.smith.langchain.com/runs/multipart', '{"error":"Too many requests: tenant exceeded usage limits: Monthly unique traces usage limit exceeded"}\n')trace=019fba65-218e-7341-9a7d-53e86d565cc8,id=019fba66-7eb4-7382-b412-1d03a510127f; trace=019fba65-218e-7341-9a7d-53e86d565cc8,id=019fba66-7eb4-7382-b412-1cfeaae442a9; trace=019fba65-218e-7341-9a7d-53e86d565cc8,id=019fba66-90ac-7bf0-8a55-8eb0cba3ce9f; trace=019fba65-218e-7341-9a7d-53e86d565cc8,id=019fba66-90ae-7ff0-9aae-92dd52c833b1
Calling Baseline Move server...
Calling Baseline Move server...
Calling Baseline Move server...
Calling Baseline Move server...
Calling Baseline Move server...
[baseline] 73/104 scenario_03_02 (repeat 1/4)
Failed to send compressed multipart ingest: langsmith.utils.LangSmithRateLimitError: Rate limit exceeded for https://api.smith.langchain.com/runs/multipart. HTTPError('429 Client Error: Too Many Requests for url: https://api.smith.langchain.com/runs/multipart', '{"error":"Too many requests: tenant exceeded usage limits: Monthly unique traces usage limit exceeded"}\n')trace=019fba65-218e-7341-9a7d-53e86d565cc8,id=019fba66-90ae-7ff0-9aae-92dd52c833b1; trace=019fba65-218e-7341-9a7d-53e86d565cc8,id=019fba66-d6a1-78c3-a22f-2a53e81e33f7; trace=019fba65-218e-7341-9a7d-53e86d565cc8,id=019fba66-d6a1-78c3-a22f-2a53e81e33f7; trace=019fba65-218e-7341-9a7d-53e86d565cc8,id=019fba66-90ac-7bf0-8a55-8eb0cba3ce9f; trace=019fba65-218e-7341-9a7d-53e86d565cc8,id=019fba66-d6a2-7ef1-b58c-f92ccf7f89bf; trace=019fba65-218e-7341-9a7d-53e86d565cc8,id=019fba66-d6a2-7ef1-b58c-f92ccf7f89bf; trace=019fba65-218e-7341-9a7d-53e86d565cc8,id=019fba65-218e-7341-9a7d-53e86d565cc8; trace=019fba66-d706-73d0-b0db-f0f58083cdc9,id=019fba66-d706-73d0-b0db-f0f58083cdc9; trace=019fba66-d706-73d0-b0db-f0f58083cdc9,id=019fba66-d707-7362-ab5e-a320a34710f4; trace=019fba66-d706-73d0-b0db-f0f58083cdc9,id=019fba66-d707-7362-ab5e-a320a34710f4; trace=019fba66-d706-73d0-b0db-f0f58083cdc9,id=019fba66-d708-7762-adfa-203cf831bf66; trace=019fba66-d706-73d0-b0db-f0f58083cdc9,id=019fba66-d762-7a60-a115-f706c08ef49b; trace=019fba66-d706-73d0-b0db-f0f58083cdc9,id=019fba66-d762-7a60-a115-f706c08ef49b; trace=019fba66-d706-73d0-b0db-f0f58083cdc9,id=019fba66-d708-7762-adfa-203cf831bf66; trace=019fba66-d706-73d0-b0db-f0f58083cdc9,id=019fba66-d763-70a1-a885-0e3090f1db36; trace=019fba66-d706-73d0-b0db-f0f58083cdc9,id=019fba66-d764-7092-9032-e2d6f7bc02c9
Failed to send compressed multipart ingest: langsmith.utils.LangSmithRateLimitError: Rate limit exceeded for https://api.smith.langchain.com/runs/multipart. HTTPError('429 Client Error: Too Many Requests for url: https://api.smith.langchain.com/runs/multipart', '{"error":"Too many requests: tenant exceeded usage limits: Monthly unique traces usage limit exceeded"}\n')trace=019fba66-d706-73d0-b0db-f0f58083cdc9,id=019fba66-d764-7092-9032-e2d6f7bc02c9; trace=019fba66-d706-73d0-b0db-f0f58083cdc9,id=019fba66-d763-70a1-a885-0e3090f1db36; trace=019fba66-d706-73d0-b0db-f0f58083cdc9,id=019fba66-ec48-7f81-8f50-4506609c8af4; trace=019fba66-d706-73d0-b0db-f0f58083cdc9,id=019fba66-ec4a-7ea3-ba37-3e590a455cfe
Failed to send compressed multipart ingest: langsmith.utils.LangSmithRateLimitError: Rate limit exceeded for https://api.smith.langchain.com/runs/multipart. HTTPError('429 Client Error: Too Many Requests for url: https://api.smith.langchain.com/runs/multipart', '{"error":"Too many requests: tenant exceeded usage limits: Monthly unique traces usage limit exceeded"}\n')trace=019fba66-d706-73d0-b0db-f0f58083cdc9,id=019fba66-ec4a-7ea3-ba37-3e590a455cfe; trace=019fba66-d706-73d0-b0db-f0f58083cdc9,id=019fba67-2fb9-7020-a6b7-0373259ce6e2
Failed to send compressed multipart ingest: langsmith.utils.LangSmithRateLimitError: Rate limit exceeded for https://api.smith.langchain.com/runs/multipart. HTTPError('429 Client Error: Too Many Requests for url: https://api.smith.langchain.com/runs/multipart', '{"error":"Too many requests: tenant exceeded usage limits: Monthly unique traces usage limit exceeded"}\n')trace=019fba66-d706-73d0-b0db-f0f58083cdc9,id=019fba67-2fb9-7020-a6b7-0373259ce6e2; trace=019fba66-d706-73d0-b0db-f0f58083cdc9,id=019fba67-7711-7313-8ce5-10b0e4af9470; trace=019fba66-d706-73d0-b0db-f0f58083cdc9,id=019fba67-7711-7313-8ce5-10b0e4af9470; trace=019fba66-d706-73d0-b0db-f0f58083cdc9,id=019fba66-ec48-7f81-8f50-4506609c8af4; trace=019fba66-d706-73d0-b0db-f0f58083cdc9,id=019fba67-7712-7010-888e-3d72224ddfef; trace=019fba66-d706-73d0-b0db-f0f58083cdc9,id=019fba67-7712-7010-888e-3d8975f8f1b5
Failed to send compressed multipart ingest: langsmith.utils.LangSmithRateLimitError: Rate limit exceeded for https://api.smith.langchain.com/runs/multipart. HTTPError('429 Client Error: Too Many Requests for url: https://api.smith.langchain.com/runs/multipart', '{"error":"Too many requests: tenant exceeded usage limits: Monthly unique traces usage limit exceeded"}\n')trace=019fba66-d706-73d0-b0db-f0f58083cdc9,id=019fba67-7712-7010-888e-3d8975f8f1b5; trace=019fba66-d706-73d0-b0db-f0f58083cdc9,id=019fba67-7712-7010-888e-3d72224ddfef; trace=019fba66-d706-73d0-b0db-f0f58083cdc9,id=019fba67-902e-73b2-b426-a3185d008c56; trace=019fba66-d706-73d0-b0db-f0f58083cdc9,id=019fba67-9030-7dc3-85a2-1fd068f2c92e
Failed to send compressed multipart ingest: langsmith.utils.LangSmithRateLimitError: Rate limit exceeded for https://api.smith.langchain.com/runs/multipart. HTTPError('429 Client Error: Too Many Requests for url: https://api.smith.langchain.com/runs/multipart', '{"error":"Too many requests: tenant exceeded usage limits: Monthly unique traces usage limit exceeded"}\n')trace=019fba66-d706-73d0-b0db-f0f58083cdc9,id=019fba67-9030-7dc3-85a2-1fd068f2c92e; trace=019fba66-d706-73d0-b0db-f0f58083cdc9,id=019fba67-d3e6-7323-b874-fa17a73f13d1; trace=019fba66-d706-73d0-b0db-f0f58083cdc9,id=019fba67-d3e6-7323-b874-fa17a73f13d1; trace=019fba66-d706-73d0-b0db-f0f58083cdc9,id=019fba67-902e-73b2-b426-a3185d008c56; trace=019fba66-d706-73d0-b0db-f0f58083cdc9,id=019fba67-d3e7-79b0-9bd0-ada278ceeb69; trace=019fba66-d706-73d0-b0db-f0f58083cdc9,id=019fba67-d3e8-7d50-98ca-91cb1c53fd6a
Failed to send compressed multipart ingest: langsmith.utils.LangSmithRateLimitError: Rate limit exceeded for https://api.smith.langchain.com/runs/multipart. HTTPError('429 Client Error: Too Many Requests for url: https://api.smith.langchain.com/runs/multipart', '{"error":"Too many requests: tenant exceeded usage limits: Monthly unique traces usage limit exceeded"}\n')trace=019fba66-d706-73d0-b0db-f0f58083cdc9,id=019fba67-d3e8-7d50-98ca-91cb1c53fd6a; trace=019fba66-d706-73d0-b0db-f0f58083cdc9,id=019fba67-d3e7-79b0-9bd0-ada278ceeb69; trace=019fba66-d706-73d0-b0db-f0f58083cdc9,id=019fba67-ef15-7cc1-bf7d-6c42ec37b082; trace=019fba66-d706-73d0-b0db-f0f58083cdc9,id=019fba67-ef17-7730-8994-df7c852825c5
Failed to send compressed multipart ingest: langsmith.utils.LangSmithRateLimitError: Rate limit exceeded for https://api.smith.langchain.com/runs/multipart. HTTPError('429 Client Error: Too Many Requests for url: https://api.smith.langchain.com/runs/multipart', '{"error":"Too many requests: tenant exceeded usage limits: Monthly unique traces usage limit exceeded"}\n')trace=019fba66-d706-73d0-b0db-f0f58083cdc9,id=019fba67-ef17-7730-8994-df7c852825c5; trace=019fba66-d706-73d0-b0db-f0f58083cdc9,id=019fba68-2a65-7b21-b520-9aeefe3e1c18; trace=019fba66-d706-73d0-b0db-f0f58083cdc9,id=019fba68-2a65-7b21-b520-9aeefe3e1c18; trace=019fba66-d706-73d0-b0db-f0f58083cdc9,id=019fba67-ef15-7cc1-bf7d-6c42ec37b082; trace=019fba66-d706-73d0-b0db-f0f58083cdc9,id=019fba68-2a67-7b82-80b6-3ff1e3ee888c; trace=019fba66-d706-73d0-b0db-f0f58083cdc9,id=019fba68-2a67-7b82-80b6-400f20079c27
Failed to send compressed multipart ingest: langsmith.utils.LangSmithRateLimitError: Rate limit exceeded for https://api.smith.langchain.com/runs/multipart. HTTPError('429 Client Error: Too Many Requests for url: https://api.smith.langchain.com/runs/multipart', '{"error":"Too many requests: tenant exceeded usage limits: Monthly unique traces usage limit exceeded"}\n')trace=019fba66-d706-73d0-b0db-f0f58083cdc9,id=019fba68-2a67-7b82-80b6-400f20079c27; trace=019fba66-d706-73d0-b0db-f0f58083cdc9,id=019fba68-2a67-7b82-80b6-3ff1e3ee888c; trace=019fba66-d706-73d0-b0db-f0f58083cdc9,id=019fba68-5964-74a0-b7e4-fe5e60512b63; trace=019fba66-d706-73d0-b0db-f0f58083cdc9,id=019fba68-5967-7961-9823-08623855275e
Failed to send compressed multipart ingest: langsmith.utils.LangSmithRateLimitError: Rate limit exceeded for https://api.smith.langchain.com/runs/multipart. HTTPError('429 Client Error: Too Many Requests for url: https://api.smith.langchain.com/runs/multipart', '{"error":"Too many requests: tenant exceeded usage limits: Monthly unique traces usage limit exceeded"}\n')trace=019fba66-d706-73d0-b0db-f0f58083cdc9,id=019fba68-5967-7961-9823-08623855275e; trace=019fba66-d706-73d0-b0db-f0f58083cdc9,id=019fba68-a40b-7232-9557-1ac294af8632; trace=019fba66-d706-73d0-b0db-f0f58083cdc9,id=019fba68-a40b-7232-9557-1ac294af8632; trace=019fba66-d706-73d0-b0db-f0f58083cdc9,id=019fba68-5964-74a0-b7e4-fe5e60512b63; trace=019fba66-d706-73d0-b0db-f0f58083cdc9,id=019fba68-a40d-7f73-a8be-9160c8e116c3; trace=019fba66-d706-73d0-b0db-f0f58083cdc9,id=019fba68-a40d-7f73-a8be-9172896c8b7e
Failed to send compressed multipart ingest: langsmith.utils.LangSmithRateLimitError: Rate limit exceeded for https://api.smith.langchain.com/runs/multipart. HTTPError('429 Client Error: Too Many Requests for url: https://api.smith.langchain.com/runs/multipart', '{"error":"Too many requests: tenant exceeded usage limits: Monthly unique traces usage limit exceeded"}\n')trace=019fba66-d706-73d0-b0db-f0f58083cdc9,id=019fba68-a40d-7f73-a8be-9172896c8b7e; trace=019fba66-d706-73d0-b0db-f0f58083cdc9,id=019fba68-a40d-7f73-a8be-9160c8e116c3; trace=019fba66-d706-73d0-b0db-f0f58083cdc9,id=019fba68-c1e6-7d81-8cc5-5a3388d61202; trace=019fba66-d706-73d0-b0db-f0f58083cdc9,id=019fba68-c1e9-7bf0-b7dd-29737c49f7d1
Failed to send compressed multipart ingest: langsmith.utils.LangSmithRateLimitError: Rate limit exceeded for https://api.smith.langchain.com/runs/multipart. HTTPError('429 Client Error: Too Many Requests for url: https://api.smith.langchain.com/runs/multipart', '{"error":"Too many requests: tenant exceeded usage limits: Monthly unique traces usage limit exceeded"}\n')trace=019fba66-d706-73d0-b0db-f0f58083cdc9,id=019fba68-c1e9-7bf0-b7dd-29737c49f7d1
Failed to send compressed multipart ingest: langsmith.utils.LangSmithRateLimitError: Rate limit exceeded for https://api.smith.langchain.com/runs/multipart. HTTPError('429 Client Error: Too Many Requests for url: https://api.smith.langchain.com/runs/multipart', '{"error":"Too many requests: tenant exceeded usage limits: Monthly unique traces usage limit exceeded"}\n')trace=019fba66-d706-73d0-b0db-f0f58083cdc9,id=019fba68-e2f7-70b3-ae9e-f676b27ef51c
Calling Baseline Move server...
Calling Baseline Move server (JSON repair retry)...
Calling Baseline Move server...
Calling Baseline Move server...
Calling Baseline Move server...
Calling Baseline Move server...
Baseline Move server rate-limited (attempt 1/3); retrying in 5s...
[baseline] 74/104 scenario_03_02 (repeat 2/4)
Failed to send compressed multipart ingest: langsmith.utils.LangSmithRateLimitError: Rate limit exceeded for https://api.smith.langchain.com/runs/multipart. HTTPError('429 Client Error: Too Many Requests for url: https://api.smith.langchain.com/runs/multipart', '{"error":"Too many requests: tenant exceeded usage limits: Monthly unique traces usage limit exceeded"}\n')trace=019fba66-d706-73d0-b0db-f0f58083cdc9,id=019fba68-e2f7-70b3-ae9e-f676b27ef51c; trace=019fba66-d706-73d0-b0db-f0f58083cdc9,id=019fba69-204b-71f3-93b4-3eb429910232; trace=019fba66-d706-73d0-b0db-f0f58083cdc9,id=019fba69-204b-71f3-93b4-3eb429910232; trace=019fba66-d706-73d0-b0db-f0f58083cdc9,id=019fba68-c1e6-7d81-8cc5-5a3388d61202; trace=019fba66-d706-73d0-b0db-f0f58083cdc9,id=019fba69-204c-7693-a449-b2ecc1599771; trace=019fba66-d706-73d0-b0db-f0f58083cdc9,id=019fba69-204c-7693-a449-b2ecc1599771; trace=019fba66-d706-73d0-b0db-f0f58083cdc9,id=019fba66-d706-73d0-b0db-f0f58083cdc9; trace=019fba69-2122-77a2-9500-81d1931075ee,id=019fba69-2122-77a2-9500-81d1931075ee; trace=019fba69-2122-77a2-9500-81d1931075ee,id=019fba69-2123-73e0-b4e5-b3c944231ff1; trace=019fba69-2122-77a2-9500-81d1931075ee,id=019fba69-2123-73e0-b4e5-b3c944231ff1; trace=019fba69-2122-77a2-9500-81d1931075ee,id=019fba69-2123-73e0-b4e5-b3d3ef444c8a; trace=019fba69-2122-77a2-9500-81d1931075ee,id=019fba69-216d-7770-908c-7b885fa0d9e2; trace=019fba69-2122-77a2-9500-81d1931075ee,id=019fba69-216d-7770-908c-7b885fa0d9e2; trace=019fba69-2122-77a2-9500-81d1931075ee,id=019fba69-2123-73e0-b4e5-b3d3ef444c8a; trace=019fba69-2122-77a2-9500-81d1931075ee,id=019fba69-216e-7650-bbad-51ff80d0871d; trace=019fba69-2122-77a2-9500-81d1931075ee,id=019fba69-216f-7862-9521-a421ea456fcb
Failed to send compressed multipart ingest: langsmith.utils.LangSmithRateLimitError: Rate limit exceeded for https://api.smith.langchain.com/runs/multipart. HTTPError('429 Client Error: Too Many Requests for url: https://api.smith.langchain.com/runs/multipart', '{"error":"Too many requests: tenant exceeded usage limits: Monthly unique traces usage limit exceeded"}\n')trace=019fba69-2122-77a2-9500-81d1931075ee,id=019fba69-216f-7862-9521-a421ea456fcb; trace=019fba69-2122-77a2-9500-81d1931075ee,id=019fba69-216e-7650-bbad-51ff80d0871d; trace=019fba69-2122-77a2-9500-81d1931075ee,id=019fba69-3e08-7ec0-bd61-c048a2816482; trace=019fba69-2122-77a2-9500-81d1931075ee,id=019fba69-3e0a-70b3-9d9c-56042d08b0ef
Failed to send compressed multipart ingest: langsmith.utils.LangSmithRateLimitError: Rate limit exceeded for https://api.smith.langchain.com/runs/multipart. HTTPError('429 Client Error: Too Many Requests for url: https://api.smith.langchain.com/runs/multipart', '{"error":"Too many requests: tenant exceeded usage limits: Monthly unique traces usage limit exceeded"}\n')trace=019fba69-2122-77a2-9500-81d1931075ee,id=019fba69-3e0a-70b3-9d9c-56042d08b0ef; trace=019fba69-2122-77a2-9500-81d1931075ee,id=019fba69-599e-7512-993a-5d0743909357; trace=019fba69-2122-77a2-9500-81d1931075ee,id=019fba69-599e-7512-993a-5d0743909357; trace=019fba69-2122-77a2-9500-81d1931075ee,id=019fba69-3e08-7ec0-bd61-c048a2816482; trace=019fba69-2122-77a2-9500-81d1931075ee,id=019fba69-599f-7ce0-aa6c-061545b64325; trace=019fba69-2122-77a2-9500-81d1931075ee,id=019fba69-59a0-71d0-8fde-7986076ed48f
Failed to send compressed multipart ingest: langsmith.utils.LangSmithRateLimitError: Rate limit exceeded for https://api.smith.langchain.com/runs/multipart. HTTPError('429 Client Error: Too Many Requests for url: https://api.smith.langchain.com/runs/multipart', '{"error":"Too many requests: tenant exceeded usage limits: Monthly unique traces usage limit exceeded"}\n')trace=019fba69-2122-77a2-9500-81d1931075ee,id=019fba69-59a0-71d0-8fde-7986076ed48f; trace=019fba69-2122-77a2-9500-81d1931075ee,id=019fba69-599f-7ce0-aa6c-061545b64325; trace=019fba69-2122-77a2-9500-81d1931075ee,id=019fba69-7bf1-7b63-b259-1935024c23cf; trace=019fba69-2122-77a2-9500-81d1931075ee,id=019fba69-7bf3-75d1-b670-de202ee743d8
Failed to send compressed multipart ingest: langsmith.utils.LangSmithRateLimitError: Rate limit exceeded for https://api.smith.langchain.com/runs/multipart. HTTPError('429 Client Error: Too Many Requests for url: https://api.smith.langchain.com/runs/multipart', '{"error":"Too many requests: tenant exceeded usage limits: Monthly unique traces usage limit exceeded"}\n')trace=019fba69-2122-77a2-9500-81d1931075ee,id=019fba69-7bf3-75d1-b670-de202ee743d8; trace=019fba69-2122-77a2-9500-81d1931075ee,id=019fba69-a165-7fa2-b1d7-f128b4b6c137; trace=019fba69-2122-77a2-9500-81d1931075ee,id=019fba69-a165-7fa2-b1d7-f128b4b6c137; trace=019fba69-2122-77a2-9500-81d1931075ee,id=019fba69-7bf1-7b63-b259-1935024c23cf; trace=019fba69-2122-77a2-9500-81d1931075ee,id=019fba69-a166-79f0-86d1-22891bb92b17; trace=019fba69-2122-77a2-9500-81d1931075ee,id=019fba69-a167-7120-b3af-19dac0548e95
Failed to send compressed multipart ingest: langsmith.utils.LangSmithRateLimitError: Rate limit exceeded for https://api.smith.langchain.com/runs/multipart. HTTPError('429 Client Error: Too Many Requests for url: https://api.smith.langchain.com/runs/multipart', '{"error":"Too many requests: tenant exceeded usage limits: Monthly unique traces usage limit exceeded"}\n')trace=019fba69-2122-77a2-9500-81d1931075ee,id=019fba69-a167-7120-b3af-19dac0548e95; trace=019fba69-2122-77a2-9500-81d1931075ee,id=019fba69-a166-79f0-86d1-22891bb92b17; trace=019fba69-2122-77a2-9500-81d1931075ee,id=019fba69-bc53-7800-952d-0ec3794fb56d; trace=019fba69-2122-77a2-9500-81d1931075ee,id=019fba69-bc55-7d31-b902-f2bc5816635c
Failed to send compressed multipart ingest: langsmith.utils.LangSmithRateLimitError: Rate limit exceeded for https://api.smith.langchain.com/runs/multipart. HTTPError('429 Client Error: Too Many Requests for url: https://api.smith.langchain.com/runs/multipart', '{"error":"Too many requests: tenant exceeded usage limits: Monthly unique traces usage limit exceeded"}\n')trace=019fba69-2122-77a2-9500-81d1931075ee,id=019fba69-bc55-7d31-b902-f2bc5816635c; trace=019fba69-2122-77a2-9500-81d1931075ee,id=019fba69-d641-73b0-b64a-913e8077526e; trace=019fba69-2122-77a2-9500-81d1931075ee,id=019fba69-d641-73b0-b64a-913e8077526e; trace=019fba69-2122-77a2-9500-81d1931075ee,id=019fba69-bc53-7800-952d-0ec3794fb56d; trace=019fba69-2122-77a2-9500-81d1931075ee,id=019fba69-d643-7231-9fcd-d01b24c3b47e; trace=019fba69-2122-77a2-9500-81d1931075ee,id=019fba69-d643-7231-9fcd-d02bdea991aa
Failed to send compressed multipart ingest: langsmith.utils.LangSmithRateLimitError: Rate limit exceeded for https://api.smith.langchain.com/runs/multipart. HTTPError('429 Client Error: Too Many Requests for url: https://api.smith.langchain.com/runs/multipart', '{"error":"Too many requests: tenant exceeded usage limits: Monthly unique traces usage limit exceeded"}\n')trace=019fba69-2122-77a2-9500-81d1931075ee,id=019fba69-d643-7231-9fcd-d02bdea991aa; trace=019fba69-2122-77a2-9500-81d1931075ee,id=019fba69-d643-7231-9fcd-d01b24c3b47e; trace=019fba69-2122-77a2-9500-81d1931075ee,id=019fba69-fd39-73f1-9598-16d6d7c89d0d; trace=019fba69-2122-77a2-9500-81d1931075ee,id=019fba69-fd3b-7af1-8812-fbc77d4f14ba
Calling Baseline Move server...
Calling Baseline Move server...
Calling Baseline Move server...
Calling Baseline Move server...
[baseline] 75/104 scenario_03_02 (repeat 3/4)
Failed to send compressed multipart ingest: langsmith.utils.LangSmithRateLimitError: Rate limit exceeded for https://api.smith.langchain.com/runs/multipart. HTTPError('429 Client Error: Too Many Requests for url: https://api.smith.langchain.com/runs/multipart', '{"error":"Too many requests: tenant exceeded usage limits: Monthly unique traces usage limit exceeded"}\n')trace=019fba69-2122-77a2-9500-81d1931075ee,id=019fba69-fd3b-7af1-8812-fbc77d4f14ba; trace=019fba69-2122-77a2-9500-81d1931075ee,id=019fba6a-97f4-7010-90cd-ffa46afdbc45; trace=019fba69-2122-77a2-9500-81d1931075ee,id=019fba6a-97f4-7010-90cd-ffa46afdbc45; trace=019fba69-2122-77a2-9500-81d1931075ee,id=019fba69-fd39-73f1-9598-16d6d7c89d0d; trace=019fba69-2122-77a2-9500-81d1931075ee,id=019fba6a-97f6-7872-8750-85d02e468c12; trace=019fba69-2122-77a2-9500-81d1931075ee,id=019fba6a-97f6-7872-8750-85d02e468c12; trace=019fba69-2122-77a2-9500-81d1931075ee,id=019fba69-2122-77a2-9500-81d1931075ee; trace=019fba6a-98eb-7591-b7a4-c5f3106cfd7c,id=019fba6a-98eb-7591-b7a4-c5f3106cfd7c; trace=019fba6a-98eb-7591-b7a4-c5f3106cfd7c,id=019fba6a-98ec-7553-9b1a-a4acab75d70f; trace=019fba6a-98eb-7591-b7a4-c5f3106cfd7c,id=019fba6a-98ec-7553-9b1a-a4acab75d70f; trace=019fba6a-98eb-7591-b7a4-c5f3106cfd7c,id=019fba6a-98ec-7553-9b1a-a4bbb547da82; trace=019fba6a-98eb-7591-b7a4-c5f3106cfd7c,id=019fba6a-9945-7523-808f-f9aa0a72ed19; trace=019fba6a-98eb-7591-b7a4-c5f3106cfd7c,id=019fba6a-9945-7523-808f-f9aa0a72ed19; trace=019fba6a-98eb-7591-b7a4-c5f3106cfd7c,id=019fba6a-98ec-7553-9b1a-a4bbb547da82; trace=019fba6a-98eb-7591-b7a4-c5f3106cfd7c,id=019fba6a-9946-7583-be4f-c49f67b2f544; trace=019fba6a-98eb-7591-b7a4-c5f3106cfd7c,id=019fba6a-9946-7583-be4f-c4a184f6e22e
Failed to send compressed multipart ingest: langsmith.utils.LangSmithRateLimitError: Rate limit exceeded for https://api.smith.langchain.com/runs/multipart. HTTPError('429 Client Error: Too Many Requests for url: https://api.smith.langchain.com/runs/multipart', '{"error":"Too many requests: tenant exceeded usage limits: Monthly unique traces usage limit exceeded"}\n')trace=019fba6a-98eb-7591-b7a4-c5f3106cfd7c,id=019fba6a-9946-7583-be4f-c4a184f6e22e; trace=019fba6a-98eb-7591-b7a4-c5f3106cfd7c,id=019fba6a-9946-7583-be4f-c49f67b2f544; trace=019fba6a-98eb-7591-b7a4-c5f3106cfd7c,id=019fba6a-b109-77e2-b857-3b5745f4826b; trace=019fba6a-98eb-7591-b7a4-c5f3106cfd7c,id=019fba6a-b10b-7e03-8eab-be5870216828
Failed to send compressed multipart ingest: langsmith.utils.LangSmithRateLimitError: Rate limit exceeded for https://api.smith.langchain.com/runs/multipart. HTTPError('429 Client Error: Too Many Requests for url: https://api.smith.langchain.com/runs/multipart', '{"error":"Too many requests: tenant exceeded usage limits: Monthly unique traces usage limit exceeded"}\n')trace=019fba6a-98eb-7591-b7a4-c5f3106cfd7c,id=019fba6a-b10b-7e03-8eab-be5870216828; trace=019fba6a-98eb-7591-b7a4-c5f3106cfd7c,id=019fba6a-e2b2-7883-b047-41109d9258a3; trace=019fba6a-98eb-7591-b7a4-c5f3106cfd7c,id=019fba6a-e2b2-7883-b047-41109d9258a3; trace=019fba6a-98eb-7591-b7a4-c5f3106cfd7c,id=019fba6a-b109-77e2-b857-3b5745f4826b; trace=019fba6a-98eb-7591-b7a4-c5f3106cfd7c,id=019fba6a-e2b3-7ea1-89e6-fea09c5b9a6e; trace=019fba6a-98eb-7591-b7a4-c5f3106cfd7c,id=019fba6a-e2b3-7ea1-89e6-feb215a61c70
Failed to send compressed multipart ingest: langsmith.utils.LangSmithRateLimitError: Rate limit exceeded for https://api.smith.langchain.com/runs/multipart. HTTPError('429 Client Error: Too Many Requests for url: https://api.smith.langchain.com/runs/multipart', '{"error":"Too many requests: tenant exceeded usage limits: Monthly unique traces usage limit exceeded"}\n')trace=019fba6a-98eb-7591-b7a4-c5f3106cfd7c,id=019fba6a-e2b3-7ea1-89e6-feb215a61c70; trace=019fba6a-98eb-7591-b7a4-c5f3106cfd7c,id=019fba6a-e2b3-7ea1-89e6-fea09c5b9a6e; trace=019fba6a-98eb-7591-b7a4-c5f3106cfd7c,id=019fba6a-f800-7c72-946b-86a67424078c; trace=019fba6a-98eb-7591-b7a4-c5f3106cfd7c,id=019fba6a-f802-7171-a89d-87373bda4972
Failed to send compressed multipart ingest: langsmith.utils.LangSmithRateLimitError: Rate limit exceeded for https://api.smith.langchain.com/runs/multipart. HTTPError('429 Client Error: Too Many Requests for url: https://api.smith.langchain.com/runs/multipart', '{"error":"Too many requests: tenant exceeded usage limits: Monthly unique traces usage limit exceeded"}\n')trace=019fba6a-98eb-7591-b7a4-c5f3106cfd7c,id=019fba6a-f802-7171-a89d-87373bda4972; trace=019fba6a-98eb-7591-b7a4-c5f3106cfd7c,id=019fba6b-8314-7472-a925-0ead765ef91d; trace=019fba6a-98eb-7591-b7a4-c5f3106cfd7c,id=019fba6b-8314-7472-a925-0ead765ef91d; trace=019fba6a-98eb-7591-b7a4-c5f3106cfd7c,id=019fba6a-f800-7c72-946b-86a67424078c; trace=019fba6a-98eb-7591-b7a4-c5f3106cfd7c,id=019fba6b-8315-7861-8745-a0bbb2896802; trace=019fba6a-98eb-7591-b7a4-c5f3106cfd7c,id=019fba6b-8316-7d91-8b77-a57572e3cff1
Failed to send compressed multipart ingest: langsmith.utils.LangSmithRateLimitError: Rate limit exceeded for https://api.smith.langchain.com/runs/multipart. HTTPError('429 Client Error: Too Many Requests for url: https://api.smith.langchain.com/runs/multipart', '{"error":"Too many requests: tenant exceeded usage limits: Monthly unique traces usage limit exceeded"}\n')trace=019fba6a-98eb-7591-b7a4-c5f3106cfd7c,id=019fba6b-8316-7d91-8b77-a57572e3cff1; trace=019fba6a-98eb-7591-b7a4-c5f3106cfd7c,id=019fba6b-8315-7861-8745-a0bbb2896802; trace=019fba6a-98eb-7591-b7a4-c5f3106cfd7c,id=019fba6b-9c90-7d90-b8b3-19032fc2f53e; trace=019fba6a-98eb-7591-b7a4-c5f3106cfd7c,id=019fba6b-9c92-7ec1-9a93-19b355dc7950
Failed to send compressed multipart ingest: langsmith.utils.LangSmithRateLimitError: Rate limit exceeded for https://api.smith.langchain.com/runs/multipart. HTTPError('429 Client Error: Too Many Requests for url: https://api.smith.langchain.com/runs/multipart', '{"error":"Too many requests: tenant exceeded usage limits: Monthly unique traces usage limit exceeded"}\n')trace=019fba6a-98eb-7591-b7a4-c5f3106cfd7c,id=019fba6b-9c92-7ec1-9a93-19b355dc7950; trace=019fba6a-98eb-7591-b7a4-c5f3106cfd7c,id=019fba6b-e744-7021-895a-3470d3f528cd; trace=019fba6a-98eb-7591-b7a4-c5f3106cfd7c,id=019fba6b-e744-7021-895a-3470d3f528cd; trace=019fba6a-98eb-7591-b7a4-c5f3106cfd7c,id=019fba6b-9c90-7d90-b8b3-19032fc2f53e; trace=019fba6a-98eb-7591-b7a4-c5f3106cfd7c,id=019fba6b-e745-75b3-a951-43adbd2fb6cf; trace=019fba6a-98eb-7591-b7a4-c5f3106cfd7c,id=019fba6b-e746-7262-9570-670d4164e145
Failed to send compressed multipart ingest: langsmith.utils.LangSmithRateLimitError: Rate limit exceeded for https://api.smith.langchain.com/runs/multipart. HTTPError('429 Client Error: Too Many Requests for url: https://api.smith.langchain.com/runs/multipart', '{"error":"Too many requests: tenant exceeded usage limits: Monthly unique traces usage limit exceeded"}\n')trace=019fba6a-98eb-7591-b7a4-c5f3106cfd7c,id=019fba6b-e746-7262-9570-670d4164e145; trace=019fba6a-98eb-7591-b7a4-c5f3106cfd7c,id=019fba6b-e745-75b3-a951-43adbd2fb6cf; trace=019fba6a-98eb-7591-b7a4-c5f3106cfd7c,id=019fba6c-016e-7722-af04-c32491512c8a; trace=019fba6a-98eb-7591-b7a4-c5f3106cfd7c,id=019fba6c-0170-72b2-b967-f4eef1b9a027
Failed to send compressed multipart ingest: langsmith.utils.LangSmithRateLimitError: Rate limit exceeded for https://api.smith.langchain.com/runs/multipart. HTTPError('429 Client Error: Too Many Requests for url: https://api.smith.langchain.com/runs/multipart', '{"error":"Too many requests: tenant exceeded usage limits: Monthly unique traces usage limit exceeded"}\n')trace=019fba6a-98eb-7591-b7a4-c5f3106cfd7c,id=019fba6c-0170-72b2-b967-f4eef1b9a027; trace=019fba6a-98eb-7591-b7a4-c5f3106cfd7c,id=019fba6c-3bff-7491-9dd5-58adec01c414; trace=019fba6a-98eb-7591-b7a4-c5f3106cfd7c,id=019fba6c-3bff-7491-9dd5-58adec01c414; trace=019fba6a-98eb-7591-b7a4-c5f3106cfd7c,id=019fba6c-016e-7722-af04-c32491512c8a; trace=019fba6a-98eb-7591-b7a4-c5f3106cfd7c,id=019fba6c-3c01-7b50-b465-5fc57555fd22; trace=019fba6a-98eb-7591-b7a4-c5f3106cfd7c,id=019fba6c-3c01-7b50-b465-5fd8a812fd04
Failed to send compressed multipart ingest: langsmith.utils.LangSmithRateLimitError: Rate limit exceeded for https://api.smith.langchain.com/runs/multipart. HTTPError('429 Client Error: Too Many Requests for url: https://api.smith.langchain.com/runs/multipart', '{"error":"Too many requests: tenant exceeded usage limits: Monthly unique traces usage limit exceeded"}\n')trace=019fba6a-98eb-7591-b7a4-c5f3106cfd7c,id=019fba6c-3c01-7b50-b465-5fd8a812fd04; trace=019fba6a-98eb-7591-b7a4-c5f3106cfd7c,id=019fba6c-3c01-7b50-b465-5fc57555fd22; trace=019fba6a-98eb-7591-b7a4-c5f3106cfd7c,id=019fba6c-5af9-75e3-87a2-f102fa380bf1; trace=019fba6a-98eb-7591-b7a4-c5f3106cfd7c,id=019fba6c-5afb-7230-9b59-e6fea01db141
Calling Baseline Move server...
Calling Baseline Move server...
Calling Baseline Move server...
Calling Baseline Move server...
Calling Baseline Move server...
[baseline] 76/104 scenario_03_02 (repeat 4/4)
Failed to send compressed multipart ingest: langsmith.utils.LangSmithRateLimitError: Rate limit exceeded for https://api.smith.langchain.com/runs/multipart. HTTPError('429 Client Error: Too Many Requests for url: https://api.smith.langchain.com/runs/multipart', '{"error":"Too many requests: tenant exceeded usage limits: Monthly unique traces usage limit exceeded"}\n')trace=019fba6a-98eb-7591-b7a4-c5f3106cfd7c,id=019fba6c-5afb-7230-9b59-e6fea01db141; trace=019fba6a-98eb-7591-b7a4-c5f3106cfd7c,id=019fba6c-b9ef-7de3-964b-228877445c08; trace=019fba6a-98eb-7591-b7a4-c5f3106cfd7c,id=019fba6c-b9ef-7de3-964b-228877445c08; trace=019fba6a-98eb-7591-b7a4-c5f3106cfd7c,id=019fba6c-5af9-75e3-87a2-f102fa380bf1; trace=019fba6a-98eb-7591-b7a4-c5f3106cfd7c,id=019fba6c-b9f0-74e2-b5c9-757cb60a8c3c; trace=019fba6a-98eb-7591-b7a4-c5f3106cfd7c,id=019fba6c-b9f0-74e2-b5c9-757cb60a8c3c; trace=019fba6a-98eb-7591-b7a4-c5f3106cfd7c,id=019fba6a-98eb-7591-b7a4-c5f3106cfd7c; trace=019fba6c-ba29-7a81-b7d4-143859a74825,id=019fba6c-ba29-7a81-b7d4-143859a74825; trace=019fba6c-ba29-7a81-b7d4-143859a74825,id=019fba6c-ba2a-7bf1-8200-583eb5e8d08e; trace=019fba6c-ba29-7a81-b7d4-143859a74825,id=019fba6c-ba2a-7bf1-8200-583eb5e8d08e; trace=019fba6c-ba29-7a81-b7d4-143859a74825,id=019fba6c-ba2a-7bf1-8200-584d87ddc123; trace=019fba6c-ba29-7a81-b7d4-143859a74825,id=019fba6c-ba94-72a2-9335-a22dc8668993; trace=019fba6c-ba29-7a81-b7d4-143859a74825,id=019fba6c-ba94-72a2-9335-a22dc8668993; trace=019fba6c-ba29-7a81-b7d4-143859a74825,id=019fba6c-ba2a-7bf1-8200-584d87ddc123; trace=019fba6c-ba29-7a81-b7d4-143859a74825,id=019fba6c-ba95-7410-b259-2fca2141c07c; trace=019fba6c-ba29-7a81-b7d4-143859a74825,id=019fba6c-ba95-7410-b259-2fdb6d029932
Failed to send compressed multipart ingest: langsmith.utils.LangSmithRateLimitError: Rate limit exceeded for https://api.smith.langchain.com/runs/multipart. HTTPError('429 Client Error: Too Many Requests for url: https://api.smith.langchain.com/runs/multipart', '{"error":"Too many requests: tenant exceeded usage limits: Monthly unique traces usage limit exceeded"}\n')trace=019fba6c-ba29-7a81-b7d4-143859a74825,id=019fba6c-ba95-7410-b259-2fdb6d029932; trace=019fba6c-ba29-7a81-b7d4-143859a74825,id=019fba6c-ba95-7410-b259-2fca2141c07c; trace=019fba6c-ba29-7a81-b7d4-143859a74825,id=019fba6c-cffd-7610-9d24-967924972946; trace=019fba6c-ba29-7a81-b7d4-143859a74825,id=019fba6c-cfff-7672-9e4a-658afdfc406a
Failed to send compressed multipart ingest: langsmith.utils.LangSmithRateLimitError: Rate limit exceeded for https://api.smith.langchain.com/runs/multipart. HTTPError('429 Client Error: Too Many Requests for url: https://api.smith.langchain.com/runs/multipart', '{"error":"Too many requests: tenant exceeded usage limits: Monthly unique traces usage limit exceeded"}\n')trace=019fba6c-ba29-7a81-b7d4-143859a74825,id=019fba6c-cfff-7672-9e4a-658afdfc406a; trace=019fba6c-ba29-7a81-b7d4-143859a74825,id=019fba6c-e409-7303-92a1-db91db75e3cf; trace=019fba6c-ba29-7a81-b7d4-143859a74825,id=019fba6c-e409-7303-92a1-db91db75e3cf; trace=019fba6c-ba29-7a81-b7d4-143859a74825,id=019fba6c-cffd-7610-9d24-967924972946; trace=019fba6c-ba29-7a81-b7d4-143859a74825,id=019fba6c-e40b-7950-8f55-bed7d7c858bc; trace=019fba6c-ba29-7a81-b7d4-143859a74825,id=019fba6c-e40b-7950-8f55-bee5dbf219ff
Failed to send compressed multipart ingest: langsmith.utils.LangSmithRateLimitError: Rate limit exceeded for https://api.smith.langchain.com/runs/multipart. HTTPError('429 Client Error: Too Many Requests for url: https://api.smith.langchain.com/runs/multipart', '{"error":"Too many requests: tenant exceeded usage limits: Monthly unique traces usage limit exceeded"}\n')trace=019fba6c-ba29-7a81-b7d4-143859a74825,id=019fba6c-e40b-7950-8f55-bee5dbf219ff; trace=019fba6c-ba29-7a81-b7d4-143859a74825,id=019fba6c-e40b-7950-8f55-bed7d7c858bc; trace=019fba6c-ba29-7a81-b7d4-143859a74825,id=019fba6c-f173-7353-9baa-ec05e1135412; trace=019fba6c-ba29-7a81-b7d4-143859a74825,id=019fba6c-f175-7253-8676-8f995da0e008
Failed to send compressed multipart ingest: langsmith.utils.LangSmithRateLimitError: Rate limit exceeded for https://api.smith.langchain.com/runs/multipart. HTTPError('429 Client Error: Too Many Requests for url: https://api.smith.langchain.com/runs/multipart', '{"error":"Too many requests: tenant exceeded usage limits: Monthly unique traces usage limit exceeded"}\n')trace=019fba6c-ba29-7a81-b7d4-143859a74825,id=019fba6c-f175-7253-8676-8f995da0e008; trace=019fba6c-ba29-7a81-b7d4-143859a74825,id=019fba6d-1145-7bd0-8854-e7976c2fc57a; trace=019fba6c-ba29-7a81-b7d4-143859a74825,id=019fba6d-1145-7bd0-8854-e7976c2fc57a; trace=019fba6c-ba29-7a81-b7d4-143859a74825,id=019fba6c-f173-7353-9baa-ec05e1135412; trace=019fba6c-ba29-7a81-b7d4-143859a74825,id=019fba6d-1146-7003-903f-0b7a9f5a164a; trace=019fba6c-ba29-7a81-b7d4-143859a74825,id=019fba6d-1147-7c63-a928-8e0cc04c40b9
Failed to send compressed multipart ingest: langsmith.utils.LangSmithRateLimitError: Rate limit exceeded for https://api.smith.langchain.com/runs/multipart. HTTPError('429 Client Error: Too Many Requests for url: https://api.smith.langchain.com/runs/multipart', '{"error":"Too many requests: tenant exceeded usage limits: Monthly unique traces usage limit exceeded"}\n')trace=019fba6c-ba29-7a81-b7d4-143859a74825,id=019fba6d-1147-7c63-a928-8e0cc04c40b9; trace=019fba6c-ba29-7a81-b7d4-143859a74825,id=019fba6d-1146-7003-903f-0b7a9f5a164a; trace=019fba6c-ba29-7a81-b7d4-143859a74825,id=019fba6d-271c-7c13-8a08-f9b5c2b88778; trace=019fba6c-ba29-7a81-b7d4-143859a74825,id=019fba6d-271e-7d62-9dc0-0673e64edcb2
Failed to send compressed multipart ingest: langsmith.utils.LangSmithRateLimitError: Rate limit exceeded for https://api.smith.langchain.com/runs/multipart. HTTPError('429 Client Error: Too Many Requests for url: https://api.smith.langchain.com/runs/multipart', '{"error":"Too many requests: tenant exceeded usage limits: Monthly unique traces usage limit exceeded"}\n')trace=019fba6c-ba29-7a81-b7d4-143859a74825,id=019fba6d-271e-7d62-9dc0-0673e64edcb2; trace=019fba6c-ba29-7a81-b7d4-143859a74825,id=019fba6d-3c72-78f0-9f1b-bd779791fc89; trace=019fba6c-ba29-7a81-b7d4-143859a74825,id=019fba6d-3c72-78f0-9f1b-bd779791fc89; trace=019fba6c-ba29-7a81-b7d4-143859a74825,id=019fba6d-271c-7c13-8a08-f9b5c2b88778; trace=019fba6c-ba29-7a81-b7d4-143859a74825,id=019fba6d-3c73-7c33-80bb-17092e070ac1; trace=019fba6c-ba29-7a81-b7d4-143859a74825,id=019fba6d-3c74-7672-b0bf-1b3e41975226
Failed to send compressed multipart ingest: langsmith.utils.LangSmithRateLimitError: Rate limit exceeded for https://api.smith.langchain.com/runs/multipart. HTTPError('429 Client Error: Too Many Requests for url: https://api.smith.langchain.com/runs/multipart', '{"error":"Too many requests: tenant exceeded usage limits: Monthly unique traces usage limit exceeded"}\n')trace=019fba6c-ba29-7a81-b7d4-143859a74825,id=019fba6d-3c74-7672-b0bf-1b3e41975226; trace=019fba6c-ba29-7a81-b7d4-143859a74825,id=019fba6d-3c73-7c33-80bb-17092e070ac1; trace=019fba6c-ba29-7a81-b7d4-143859a74825,id=019fba6d-5a67-7fa0-a729-e3290f54d41e; trace=019fba6c-ba29-7a81-b7d4-143859a74825,id=019fba6d-5a69-7060-aea2-5b16f2bf3639
Failed to send compressed multipart ingest: langsmith.utils.LangSmithRateLimitError: Rate limit exceeded for https://api.smith.langchain.com/runs/multipart. HTTPError('429 Client Error: Too Many Requests for url: https://api.smith.langchain.com/runs/multipart', '{"error":"Too many requests: tenant exceeded usage limits: Monthly unique traces usage limit exceeded"}\n')trace=019fba6c-ba29-7a81-b7d4-143859a74825,id=019fba6d-5a69-7060-aea2-5b16f2bf3639; trace=019fba6c-ba29-7a81-b7d4-143859a74825,id=019fba6d-7b83-7980-b085-1c0d27ae882e; trace=019fba6c-ba29-7a81-b7d4-143859a74825,id=019fba6d-7b83-7980-b085-1c0d27ae882e; trace=019fba6c-ba29-7a81-b7d4-143859a74825,id=019fba6d-5a67-7fa0-a729-e3290f54d41e; trace=019fba6c-ba29-7a81-b7d4-143859a74825,id=019fba6d-7b85-7810-9896-bcc95f5923b5; trace=019fba6c-ba29-7a81-b7d4-143859a74825,id=019fba6d-7b85-7810-9896-bcd5a72285a5
Failed to send compressed multipart ingest: langsmith.utils.LangSmithRateLimitError: Rate limit exceeded for https://api.smith.langchain.com/runs/multipart. HTTPError('429 Client Error: Too Many Requests for url: https://api.smith.langchain.com/runs/multipart', '{"error":"Too many requests: tenant exceeded usage limits: Monthly unique traces usage limit exceeded"}\n')trace=019fba6c-ba29-7a81-b7d4-143859a74825,id=019fba6d-7b85-7810-9896-bcd5a72285a5; trace=019fba6c-ba29-7a81-b7d4-143859a74825,id=019fba6d-7b85-7810-9896-bcc95f5923b5; trace=019fba6c-ba29-7a81-b7d4-143859a74825,id=019fba6d-973c-7961-a1bc-bd5698a84be7; trace=019fba6c-ba29-7a81-b7d4-143859a74825,id=019fba6d-973e-7b30-bfd6-a23426c29da5
Failed to send compressed multipart ingest: langsmith.utils.LangSmithRateLimitError: Rate limit exceeded for https://api.smith.langchain.com/runs/multipart. HTTPError('429 Client Error: Too Many Requests for url: https://api.smith.langchain.com/runs/multipart', '{"error":"Too many requests: tenant exceeded usage limits: Monthly unique traces usage limit exceeded"}\n')trace=019fba6c-ba29-7a81-b7d4-143859a74825,id=019fba6d-973e-7b30-bfd6-a23426c29da5; trace=019fba6c-ba29-7a81-b7d4-143859a74825,id=019fba6d-aade-7e23-aeec-306117696f07; trace=019fba6c-ba29-7a81-b7d4-143859a74825,id=019fba6d-aade-7e23-aeec-306117696f07; trace=019fba6c-ba29-7a81-b7d4-143859a74825,id=019fba6d-973c-7961-a1bc-bd5698a84be7; trace=019fba6c-ba29-7a81-b7d4-143859a74825,id=019fba6d-aae0-75a3-86f2-b918ce8aa8b9; trace=019fba6c-ba29-7a81-b7d4-143859a74825,id=019fba6d-aae1-7913-8551-81cee7911445
Failed to send compressed multipart ingest: langsmith.utils.LangSmithRateLimitError: Rate limit exceeded for https://api.smith.langchain.com/runs/multipart. HTTPError('429 Client Error: Too Many Requests for url: https://api.smith.langchain.com/runs/multipart', '{"error":"Too many requests: tenant exceeded usage limits: Monthly unique traces usage limit exceeded"}\n')trace=019fba6c-ba29-7a81-b7d4-143859a74825,id=019fba6d-aae1-7913-8551-81cee7911445; trace=019fba6c-ba29-7a81-b7d4-143859a74825,id=019fba6d-aae0-75a3-86f2-b918ce8aa8b9; trace=019fba6c-ba29-7a81-b7d4-143859a74825,id=019fba6d-cdbe-76e0-91b1-8a288327bc75; trace=019fba6c-ba29-7a81-b7d4-143859a74825,id=019fba6d-cdc0-70c1-922e-ef0263704154
Failed to send compressed multipart ingest: langsmith.utils.LangSmithRateLimitError: Rate limit exceeded for https://api.smith.langchain.com/runs/multipart. HTTPError('429 Client Error: Too Many Requests for url: https://api.smith.langchain.com/runs/multipart', '{"error":"Too many requests: tenant exceeded usage limits: Monthly unique traces usage limit exceeded"}\n')trace=019fba6c-ba29-7a81-b7d4-143859a74825,id=019fba6d-cdc0-70c1-922e-ef0263704154
Calling Baseline Move server...
Calling Baseline Move server...
Calling Baseline Move server...
Calling Baseline Move server...
Calling Baseline Move server...
Calling Baseline Move server...
[baseline] 77/104 scenario_03_03 (repeat 1/4)
Failed to send compressed multipart ingest: langsmith.utils.LangSmithRateLimitError: Rate limit exceeded for https://api.smith.langchain.com/runs/multipart. HTTPError('429 Client Error: Too Many Requests for url: https://api.smith.langchain.com/runs/multipart', '{"error":"Too many requests: tenant exceeded usage limits: Monthly unique traces usage limit exceeded"}\n')trace=019fba6c-ba29-7a81-b7d4-143859a74825,id=019fba6e-1926-79d1-b84c-c2e1d57cbbb6; trace=019fba6c-ba29-7a81-b7d4-143859a74825,id=019fba6e-1926-79d1-b84c-c2e1d57cbbb6; trace=019fba6c-ba29-7a81-b7d4-143859a74825,id=019fba6d-cdbe-76e0-91b1-8a288327bc75; trace=019fba6c-ba29-7a81-b7d4-143859a74825,id=019fba6e-192b-7481-968c-bf409ce4e77e; trace=019fba6c-ba29-7a81-b7d4-143859a74825,id=019fba6e-192b-7481-968c-bf409ce4e77e; trace=019fba6c-ba29-7a81-b7d4-143859a74825,id=019fba6c-ba29-7a81-b7d4-143859a74825; trace=019fba6e-19de-7f20-aca7-af32ece60661,id=019fba6e-19de-7f20-aca7-af32ece60661; trace=019fba6e-19de-7f20-aca7-af32ece60661,id=019fba6e-19df-77d2-9409-1c9ad97fdca3; trace=019fba6e-19de-7f20-aca7-af32ece60661,id=019fba6e-19df-77d2-9409-1c9ad97fdca3; trace=019fba6e-19de-7f20-aca7-af32ece60661,id=019fba6e-19e0-76d3-a141-d406e99868cd; trace=019fba6e-19de-7f20-aca7-af32ece60661,id=019fba6e-1a97-76c1-9c1e-1d246e225feb; trace=019fba6e-19de-7f20-aca7-af32ece60661,id=019fba6e-1a97-76c1-9c1e-1d246e225feb; trace=019fba6e-19de-7f20-aca7-af32ece60661,id=019fba6e-19e0-76d3-a141-d406e99868cd; trace=019fba6e-19de-7f20-aca7-af32ece60661,id=019fba6e-1a98-7400-b2c3-e6c33769b2f5; trace=019fba6e-19de-7f20-aca7-af32ece60661,id=019fba6e-1a99-7ed2-bfae-98c1bfdaffb3
Failed to send compressed multipart ingest: langsmith.utils.LangSmithRateLimitError: Rate limit exceeded for https://api.smith.langchain.com/runs/multipart. HTTPError('429 Client Error: Too Many Requests for url: https://api.smith.langchain.com/runs/multipart', '{"error":"Too many requests: tenant exceeded usage limits: Monthly unique traces usage limit exceeded"}\n')trace=019fba6e-19de-7f20-aca7-af32ece60661,id=019fba6e-1a99-7ed2-bfae-98c1bfdaffb3; trace=019fba6e-19de-7f20-aca7-af32ece60661,id=019fba6e-1a98-7400-b2c3-e6c33769b2f5; trace=019fba6e-19de-7f20-aca7-af32ece60661,id=019fba6e-3510-7050-b4ce-feeb3354e7d3; trace=019fba6e-19de-7f20-aca7-af32ece60661,id=019fba6e-3512-7d62-b228-7eed625ee274
Failed to send compressed multipart ingest: langsmith.utils.LangSmithRateLimitError: Rate limit exceeded for https://api.smith.langchain.com/runs/multipart. HTTPError('429 Client Error: Too Many Requests for url: https://api.smith.langchain.com/runs/multipart', '{"error":"Too many requests: tenant exceeded usage limits: Monthly unique traces usage limit exceeded"}\n')trace=019fba6e-19de-7f20-aca7-af32ece60661,id=019fba6e-3512-7d62-b228-7eed625ee274; trace=019fba6e-19de-7f20-aca7-af32ece60661,id=019fba6e-4510-7232-9d9d-6f69f5d065ac; trace=019fba6e-19de-7f20-aca7-af32ece60661,id=019fba6e-4510-7232-9d9d-6f69f5d065ac; trace=019fba6e-19de-7f20-aca7-af32ece60661,id=019fba6e-3510-7050-b4ce-feeb3354e7d3; trace=019fba6e-19de-7f20-aca7-af32ece60661,id=019fba6e-4512-7822-a5cf-c2f0c012a72c; trace=019fba6e-19de-7f20-aca7-af32ece60661,id=019fba6e-4512-7822-a5cf-c302b97a4198
Failed to send compressed multipart ingest: langsmith.utils.LangSmithRateLimitError: Rate limit exceeded for https://api.smith.langchain.com/runs/multipart. HTTPError('429 Client Error: Too Many Requests for url: https://api.smith.langchain.com/runs/multipart', '{"error":"Too many requests: tenant exceeded usage limits: Monthly unique traces usage limit exceeded"}\n')trace=019fba6e-19de-7f20-aca7-af32ece60661,id=019fba6e-4512-7822-a5cf-c302b97a4198; trace=019fba6e-19de-7f20-aca7-af32ece60661,id=019fba6e-4512-7822-a5cf-c2f0c012a72c; trace=019fba6e-19de-7f20-aca7-af32ece60661,id=019fba6e-5a73-7a10-99eb-e21a7ad6399a; trace=019fba6e-19de-7f20-aca7-af32ece60661,id=019fba6e-5a75-77c0-a4a2-2c9bb12c9c26
Failed to send compressed multipart ingest: langsmith.utils.LangSmithRateLimitError: Rate limit exceeded for https://api.smith.langchain.com/runs/multipart. HTTPError('429 Client Error: Too Many Requests for url: https://api.smith.langchain.com/runs/multipart', '{"error":"Too many requests: tenant exceeded usage limits: Monthly unique traces usage limit exceeded"}\n')trace=019fba6e-19de-7f20-aca7-af32ece60661,id=019fba6e-5a75-77c0-a4a2-2c9bb12c9c26; trace=019fba6e-19de-7f20-aca7-af32ece60661,id=019fba6e-7286-7fc3-ab33-478826c7e877; trace=019fba6e-19de-7f20-aca7-af32ece60661,id=019fba6e-7286-7fc3-ab33-478826c7e877; trace=019fba6e-19de-7f20-aca7-af32ece60661,id=019fba6e-5a73-7a10-99eb-e21a7ad6399a; trace=019fba6e-19de-7f20-aca7-af32ece60661,id=019fba6e-7287-7731-84c9-8d1fc424ae09; trace=019fba6e-19de-7f20-aca7-af32ece60661,id=019fba6e-7288-7b82-96d2-1547179ba770
Failed to send compressed multipart ingest: langsmith.utils.LangSmithRateLimitError: Rate limit exceeded for https://api.smith.langchain.com/runs/multipart. HTTPError('429 Client Error: Too Many Requests for url: https://api.smith.langchain.com/runs/multipart', '{"error":"Too many requests: tenant exceeded usage limits: Monthly unique traces usage limit exceeded"}\n')trace=019fba6e-19de-7f20-aca7-af32ece60661,id=019fba6e-7288-7b82-96d2-1547179ba770; trace=019fba6e-19de-7f20-aca7-af32ece60661,id=019fba6e-7287-7731-84c9-8d1fc424ae09; trace=019fba6e-19de-7f20-aca7-af32ece60661,id=019fba6e-88f5-7be3-a422-b53adf103a15; trace=019fba6e-19de-7f20-aca7-af32ece60661,id=019fba6e-88f8-7841-995e-210b9c4cdf71
Failed to send compressed multipart ingest: langsmith.utils.LangSmithRateLimitError: Rate limit exceeded for https://api.smith.langchain.com/runs/multipart. HTTPError('429 Client Error: Too Many Requests for url: https://api.smith.langchain.com/runs/multipart', '{"error":"Too many requests: tenant exceeded usage limits: Monthly unique traces usage limit exceeded"}\n')trace=019fba6e-19de-7f20-aca7-af32ece60661,id=019fba6e-88f8-7841-995e-210b9c4cdf71; trace=019fba6e-19de-7f20-aca7-af32ece60661,id=019fba6e-9dfc-7580-8add-6f3e781f2185; trace=019fba6e-19de-7f20-aca7-af32ece60661,id=019fba6e-9dfc-7580-8add-6f3e781f2185; trace=019fba6e-19de-7f20-aca7-af32ece60661,id=019fba6e-88f5-7be3-a422-b53adf103a15; trace=019fba6e-19de-7f20-aca7-af32ece60661,id=019fba6e-9dfd-7011-ae5a-6693bf551c51; trace=019fba6e-19de-7f20-aca7-af32ece60661,id=019fba6e-9dfe-76c3-8e15-fcafdf591ad7
Failed to send compressed multipart ingest: langsmith.utils.LangSmithRateLimitError: Rate limit exceeded for https://api.smith.langchain.com/runs/multipart. HTTPError('429 Client Error: Too Many Requests for url: https://api.smith.langchain.com/runs/multipart', '{"error":"Too many requests: tenant exceeded usage limits: Monthly unique traces usage limit exceeded"}\n')trace=019fba6e-19de-7f20-aca7-af32ece60661,id=019fba6e-9dfe-76c3-8e15-fcafdf591ad7; trace=019fba6e-19de-7f20-aca7-af32ece60661,id=019fba6e-9dfd-7011-ae5a-6693bf551c51; trace=019fba6e-19de-7f20-aca7-af32ece60661,id=019fba6e-b531-7800-994e-bcd135a24856; trace=019fba6e-19de-7f20-aca7-af32ece60661,id=019fba6e-b534-7dd3-8d2a-862f78d4bec8
Failed to send compressed multipart ingest: langsmith.utils.LangSmithRateLimitError: Rate limit exceeded for https://api.smith.langchain.com/runs/multipart. HTTPError('429 Client Error: Too Many Requests for url: https://api.smith.langchain.com/runs/multipart', '{"error":"Too many requests: tenant exceeded usage limits: Monthly unique traces usage limit exceeded"}\n')trace=019fba6e-19de-7f20-aca7-af32ece60661,id=019fba6e-b534-7dd3-8d2a-862f78d4bec8; trace=019fba6e-19de-7f20-aca7-af32ece60661,id=019fba6e-cb3b-7130-85b7-7bb02fe4c776; trace=019fba6e-19de-7f20-aca7-af32ece60661,id=019fba6e-cb3b-7130-85b7-7bb02fe4c776; trace=019fba6e-19de-7f20-aca7-af32ece60661,id=019fba6e-b531-7800-994e-bcd135a24856; trace=019fba6e-19de-7f20-aca7-af32ece60661,id=019fba6e-cb3c-78a0-b9d9-c9443680bf0d; trace=019fba6e-19de-7f20-aca7-af32ece60661,id=019fba6e-cb3d-7db1-95da-6612833180d0
Failed to send compressed multipart ingest: langsmith.utils.LangSmithRateLimitError: Rate limit exceeded for https://api.smith.langchain.com/runs/multipart. HTTPError('429 Client Error: Too Many Requests for url: https://api.smith.langchain.com/runs/multipart', '{"error":"Too many requests: tenant exceeded usage limits: Monthly unique traces usage limit exceeded"}\n')trace=019fba6e-19de-7f20-aca7-af32ece60661,id=019fba6e-cb3d-7db1-95da-6612833180d0; trace=019fba6e-19de-7f20-aca7-af32ece60661,id=019fba6e-cb3c-78a0-b9d9-c9443680bf0d; trace=019fba6e-19de-7f20-aca7-af32ece60661,id=019fba6e-e1df-70f1-97f2-b2bde8fee1af; trace=019fba6e-19de-7f20-aca7-af32ece60661,id=019fba6e-e1e1-7183-8426-f80ca5c6d65e
Failed to send compressed multipart ingest: langsmith.utils.LangSmithRateLimitError: Rate limit exceeded for https://api.smith.langchain.com/runs/multipart. HTTPError('429 Client Error: Too Many Requests for url: https://api.smith.langchain.com/runs/multipart', '{"error":"Too many requests: tenant exceeded usage limits: Monthly unique traces usage limit exceeded"}\n')trace=019fba6e-19de-7f20-aca7-af32ece60661,id=019fba6e-e1e1-7183-8426-f80ca5c6d65e; trace=019fba6e-19de-7f20-aca7-af32ece60661,id=019fba6e-f3fd-7440-8043-0102783cbe92; trace=019fba6e-19de-7f20-aca7-af32ece60661,id=019fba6e-f3fd-7440-8043-0102783cbe92; trace=019fba6e-19de-7f20-aca7-af32ece60661,id=019fba6e-e1df-70f1-97f2-b2bde8fee1af; trace=019fba6e-19de-7f20-aca7-af32ece60661,id=019fba6e-f3fe-7850-985a-a5295e0f4558; trace=019fba6e-19de-7f20-aca7-af32ece60661,id=019fba6e-f3ff-71f1-9559-1b3c10c40883
Failed to send compressed multipart ingest: langsmith.utils.LangSmithRateLimitError: Rate limit exceeded for https://api.smith.langchain.com/runs/multipart. HTTPError('429 Client Error: Too Many Requests for url: https://api.smith.langchain.com/runs/multipart', '{"error":"Too many requests: tenant exceeded usage limits: Monthly unique traces usage limit exceeded"}\n')trace=019fba6e-19de-7f20-aca7-af32ece60661,id=019fba6e-f3ff-71f1-9559-1b3c10c40883; trace=019fba6e-19de-7f20-aca7-af32ece60661,id=019fba6e-f3fe-7850-985a-a5295e0f4558; trace=019fba6e-19de-7f20-aca7-af32ece60661,id=019fba6f-1284-7ff0-8309-d87672f620a0; trace=019fba6e-19de-7f20-aca7-af32ece60661,id=019fba6f-1286-7421-865c-0a3e6b6a1b30
Calling Baseline Move server...
Calling Baseline Move server...
Calling Baseline Move server...
Calling Baseline Move server...
Calling Baseline Move server...
Calling Baseline Move server...
[baseline] 78/104 scenario_03_03 (repeat 2/4)
Failed to send compressed multipart ingest: langsmith.utils.LangSmithRateLimitError: Rate limit exceeded for https://api.smith.langchain.com/runs/multipart. HTTPError('429 Client Error: Too Many Requests for url: https://api.smith.langchain.com/runs/multipart', '{"error":"Too many requests: tenant exceeded usage limits: Monthly unique traces usage limit exceeded"}\n')trace=019fba6e-19de-7f20-aca7-af32ece60661,id=019fba6f-1286-7421-865c-0a3e6b6a1b30; trace=019fba6e-19de-7f20-aca7-af32ece60661,id=019fba6f-83bf-7aa2-970e-8d5b3a1cdcdd; trace=019fba6e-19de-7f20-aca7-af32ece60661,id=019fba6f-83bf-7aa2-970e-8d5b3a1cdcdd; trace=019fba6e-19de-7f20-aca7-af32ece60661,id=019fba6f-1284-7ff0-8309-d87672f620a0; trace=019fba6e-19de-7f20-aca7-af32ece60661,id=019fba6f-83c1-7953-9c1d-c1586429620c; trace=019fba6e-19de-7f20-aca7-af32ece60661,id=019fba6f-83c1-7953-9c1d-c1586429620c; trace=019fba6e-19de-7f20-aca7-af32ece60661,id=019fba6e-19de-7f20-aca7-af32ece60661; trace=019fba6f-8434-7520-8f2a-51cebe1fcfd2,id=019fba6f-8434-7520-8f2a-51cebe1fcfd2; trace=019fba6f-8434-7520-8f2a-51cebe1fcfd2,id=019fba6f-8434-7520-8f2a-51de864399ea; trace=019fba6f-8434-7520-8f2a-51cebe1fcfd2,id=019fba6f-8434-7520-8f2a-51de864399ea; trace=019fba6f-8434-7520-8f2a-51cebe1fcfd2,id=019fba6f-8435-73d2-8fc9-c960359ac0dc; trace=019fba6f-8434-7520-8f2a-51cebe1fcfd2,id=019fba6f-8462-7652-ab1d-96db81ef230e; trace=019fba6f-8434-7520-8f2a-51cebe1fcfd2,id=019fba6f-8462-7652-ab1d-96db81ef230e; trace=019fba6f-8434-7520-8f2a-51cebe1fcfd2,id=019fba6f-8435-73d2-8fc9-c960359ac0dc; trace=019fba6f-8434-7520-8f2a-51cebe1fcfd2,id=019fba6f-8463-75b0-b6cf-07f21472348a; trace=019fba6f-8434-7520-8f2a-51cebe1fcfd2,id=019fba6f-8463-75b0-b6cf-080dc35de4f3
Failed to send compressed multipart ingest: langsmith.utils.LangSmithRateLimitError: Rate limit exceeded for https://api.smith.langchain.com/runs/multipart. HTTPError('429 Client Error: Too Many Requests for url: https://api.smith.langchain.com/runs/multipart', '{"error":"Too many requests: tenant exceeded usage limits: Monthly unique traces usage limit exceeded"}\n')trace=019fba6f-8434-7520-8f2a-51cebe1fcfd2,id=019fba6f-8463-75b0-b6cf-080dc35de4f3; trace=019fba6f-8434-7520-8f2a-51cebe1fcfd2,id=019fba6f-8463-75b0-b6cf-07f21472348a; trace=019fba6f-8434-7520-8f2a-51cebe1fcfd2,id=019fba6f-9dfd-7351-857d-e579ffc1583e; trace=019fba6f-8434-7520-8f2a-51cebe1fcfd2,id=019fba6f-9dff-7130-bca0-8958c2447018
Failed to send compressed multipart ingest: langsmith.utils.LangSmithRateLimitError: Rate limit exceeded for https://api.smith.langchain.com/runs/multipart. HTTPError('429 Client Error: Too Many Requests for url: https://api.smith.langchain.com/runs/multipart', '{"error":"Too many requests: tenant exceeded usage limits: Monthly unique traces usage limit exceeded"}\n')trace=019fba6f-8434-7520-8f2a-51cebe1fcfd2,id=019fba6f-9dff-7130-bca0-8958c2447018; trace=019fba6f-8434-7520-8f2a-51cebe1fcfd2,id=019fba6f-b59f-7482-98fb-e689513e3dbe; trace=019fba6f-8434-7520-8f2a-51cebe1fcfd2,id=019fba6f-b59f-7482-98fb-e689513e3dbe; trace=019fba6f-8434-7520-8f2a-51cebe1fcfd2,id=019fba6f-9dfd-7351-857d-e579ffc1583e; trace=019fba6f-8434-7520-8f2a-51cebe1fcfd2,id=019fba6f-b5a0-7260-8131-758dac87c924; trace=019fba6f-8434-7520-8f2a-51cebe1fcfd2,id=019fba6f-b5a1-7b32-b2a1-4cf62ba2e353
Failed to send compressed multipart ingest: langsmith.utils.LangSmithRateLimitError: Rate limit exceeded for https://api.smith.langchain.com/runs/multipart. HTTPError('429 Client Error: Too Many Requests for url: https://api.smith.langchain.com/runs/multipart', '{"error":"Too many requests: tenant exceeded usage limits: Monthly unique traces usage limit exceeded"}\n')trace=019fba6f-8434-7520-8f2a-51cebe1fcfd2,id=019fba6f-b5a1-7b32-b2a1-4cf62ba2e353; trace=019fba6f-8434-7520-8f2a-51cebe1fcfd2,id=019fba6f-b5a0-7260-8131-758dac87c924; trace=019fba6f-8434-7520-8f2a-51cebe1fcfd2,id=019fba6f-d2a2-7f92-86ea-12a671ffac9f; trace=019fba6f-8434-7520-8f2a-51cebe1fcfd2,id=019fba6f-d2a4-73d3-b5b1-6030ecc9b82d
Failed to send compressed multipart ingest: langsmith.utils.LangSmithRateLimitError: Rate limit exceeded for https://api.smith.langchain.com/runs/multipart. HTTPError('429 Client Error: Too Many Requests for url: https://api.smith.langchain.com/runs/multipart', '{"error":"Too many requests: tenant exceeded usage limits: Monthly unique traces usage limit exceeded"}\n')trace=019fba6f-8434-7520-8f2a-51cebe1fcfd2,id=019fba6f-d2a4-73d3-b5b1-6030ecc9b82d; trace=019fba6f-8434-7520-8f2a-51cebe1fcfd2,id=019fba6f-e325-7af1-aaff-6bf5589c2198; trace=019fba6f-8434-7520-8f2a-51cebe1fcfd2,id=019fba6f-e325-7af1-aaff-6bf5589c2198; trace=019fba6f-8434-7520-8f2a-51cebe1fcfd2,id=019fba6f-d2a2-7f92-86ea-12a671ffac9f; trace=019fba6f-8434-7520-8f2a-51cebe1fcfd2,id=019fba6f-e327-7422-b5b3-31696830cbf6; trace=019fba6f-8434-7520-8f2a-51cebe1fcfd2,id=019fba6f-e327-7422-b5b3-317f0ffb470c
Failed to send compressed multipart ingest: langsmith.utils.LangSmithRateLimitError: Rate limit exceeded for https://api.smith.langchain.com/runs/multipart. HTTPError('429 Client Error: Too Many Requests for url: https://api.smith.langchain.com/runs/multipart', '{"error":"Too many requests: tenant exceeded usage limits: Monthly unique traces usage limit exceeded"}\n')trace=019fba6f-8434-7520-8f2a-51cebe1fcfd2,id=019fba6f-e327-7422-b5b3-317f0ffb470c; trace=019fba6f-8434-7520-8f2a-51cebe1fcfd2,id=019fba6f-e327-7422-b5b3-31696830cbf6; trace=019fba6f-8434-7520-8f2a-51cebe1fcfd2,id=019fba70-0100-73d2-91d1-067560929036; trace=019fba6f-8434-7520-8f2a-51cebe1fcfd2,id=019fba70-0102-7040-bc5f-701dc037aec4
Failed to send compressed multipart ingest: langsmith.utils.LangSmithRateLimitError: Rate limit exceeded for https://api.smith.langchain.com/runs/multipart. HTTPError('429 Client Error: Too Many Requests for url: https://api.smith.langchain.com/runs/multipart', '{"error":"Too many requests: tenant exceeded usage limits: Monthly unique traces usage limit exceeded"}\n')trace=019fba6f-8434-7520-8f2a-51cebe1fcfd2,id=019fba70-0102-7040-bc5f-701dc037aec4; trace=019fba6f-8434-7520-8f2a-51cebe1fcfd2,id=019fba70-17eb-7103-9d01-b8c1dd48fc0b; trace=019fba6f-8434-7520-8f2a-51cebe1fcfd2,id=019fba70-17eb-7103-9d01-b8c1dd48fc0b; trace=019fba6f-8434-7520-8f2a-51cebe1fcfd2,id=019fba70-0100-73d2-91d1-067560929036; trace=019fba6f-8434-7520-8f2a-51cebe1fcfd2,id=019fba70-17ed-7f03-8cc0-a6823e671bdd; trace=019fba6f-8434-7520-8f2a-51cebe1fcfd2,id=019fba70-17ed-7f03-8cc0-a69a0e9ec0e7
Failed to send compressed multipart ingest: langsmith.utils.LangSmithRateLimitError: Rate limit exceeded for https://api.smith.langchain.com/runs/multipart. HTTPError('429 Client Error: Too Many Requests for url: https://api.smith.langchain.com/runs/multipart', '{"error":"Too many requests: tenant exceeded usage limits: Monthly unique traces usage limit exceeded"}\n')trace=019fba6f-8434-7520-8f2a-51cebe1fcfd2,id=019fba70-17ed-7f03-8cc0-a69a0e9ec0e7; trace=019fba6f-8434-7520-8f2a-51cebe1fcfd2,id=019fba70-17ed-7f03-8cc0-a6823e671bdd; trace=019fba6f-8434-7520-8f2a-51cebe1fcfd2,id=019fba70-3081-7122-a4a7-8e03bd818300; trace=019fba6f-8434-7520-8f2a-51cebe1fcfd2,id=019fba70-3083-7ce0-ad31-ca6e6f1489ba
Failed to send compressed multipart ingest: langsmith.utils.LangSmithRateLimitError: Rate limit exceeded for https://api.smith.langchain.com/runs/multipart. HTTPError('429 Client Error: Too Many Requests for url: https://api.smith.langchain.com/runs/multipart', '{"error":"Too many requests: tenant exceeded usage limits: Monthly unique traces usage limit exceeded"}\n')trace=019fba6f-8434-7520-8f2a-51cebe1fcfd2,id=019fba70-3083-7ce0-ad31-ca6e6f1489ba; trace=019fba6f-8434-7520-8f2a-51cebe1fcfd2,id=019fba70-4fa1-7e71-b460-37622ffb7cca; trace=019fba6f-8434-7520-8f2a-51cebe1fcfd2,id=019fba70-4fa1-7e71-b460-37622ffb7cca; trace=019fba6f-8434-7520-8f2a-51cebe1fcfd2,id=019fba70-3081-7122-a4a7-8e03bd818300; trace=019fba6f-8434-7520-8f2a-51cebe1fcfd2,id=019fba70-4fa2-71b1-abe3-82eda8581bd6; trace=019fba6f-8434-7520-8f2a-51cebe1fcfd2,id=019fba70-4fa3-76a1-aea4-eb27f6a0cb7b
Failed to send compressed multipart ingest: langsmith.utils.LangSmithRateLimitError: Rate limit exceeded for https://api.smith.langchain.com/runs/multipart. HTTPError('429 Client Error: Too Many Requests for url: https://api.smith.langchain.com/runs/multipart', '{"error":"Too many requests: tenant exceeded usage limits: Monthly unique traces usage limit exceeded"}\n')trace=019fba6f-8434-7520-8f2a-51cebe1fcfd2,id=019fba70-4fa3-76a1-aea4-eb27f6a0cb7b; trace=019fba6f-8434-7520-8f2a-51cebe1fcfd2,id=019fba70-4fa2-71b1-abe3-82eda8581bd6; trace=019fba6f-8434-7520-8f2a-51cebe1fcfd2,id=019fba70-6ef7-7903-9883-4c81108c9e9a; trace=019fba6f-8434-7520-8f2a-51cebe1fcfd2,id=019fba70-6ef9-7941-b1c0-15a4faed7ed4
Failed to send compressed multipart ingest: langsmith.utils.LangSmithRateLimitError: Rate limit exceeded for https://api.smith.langchain.com/runs/multipart. HTTPError('429 Client Error: Too Many Requests for url: https://api.smith.langchain.com/runs/multipart', '{"error":"Too many requests: tenant exceeded usage limits: Monthly unique traces usage limit exceeded"}\n')trace=019fba6f-8434-7520-8f2a-51cebe1fcfd2,id=019fba70-6ef9-7941-b1c0-15a4faed7ed4; trace=019fba6f-8434-7520-8f2a-51cebe1fcfd2,id=019fba70-a5b2-7f13-9699-1e16051c7a2a; trace=019fba6f-8434-7520-8f2a-51cebe1fcfd2,id=019fba70-a5b2-7f13-9699-1e16051c7a2a; trace=019fba6f-8434-7520-8f2a-51cebe1fcfd2,id=019fba70-6ef7-7903-9883-4c81108c9e9a; trace=019fba6f-8434-7520-8f2a-51cebe1fcfd2,id=019fba70-a5b3-7b13-9c1b-18bb611434cb; trace=019fba6f-8434-7520-8f2a-51cebe1fcfd2,id=019fba70-a5b3-7b13-9c1b-18cf4cb39c69
Failed to send compressed multipart ingest: langsmith.utils.LangSmithRateLimitError: Rate limit exceeded for https://api.smith.langchain.com/runs/multipart. HTTPError('429 Client Error: Too Many Requests for url: https://api.smith.langchain.com/runs/multipart', '{"error":"Too many requests: tenant exceeded usage limits: Monthly unique traces usage limit exceeded"}\n')trace=019fba6f-8434-7520-8f2a-51cebe1fcfd2,id=019fba70-a5b3-7b13-9c1b-18cf4cb39c69; trace=019fba6f-8434-7520-8f2a-51cebe1fcfd2,id=019fba70-a5b3-7b13-9c1b-18bb611434cb; trace=019fba6f-8434-7520-8f2a-51cebe1fcfd2,id=019fba70-b42f-7ed3-b1cb-45bf1bcfd75c; trace=019fba6f-8434-7520-8f2a-51cebe1fcfd2,id=019fba70-b431-7bf2-8b81-d718982fb5cc
Failed to send compressed multipart ingest: langsmith.utils.LangSmithRateLimitError: Rate limit exceeded for https://api.smith.langchain.com/runs/multipart. HTTPError('429 Client Error: Too Many Requests for url: https://api.smith.langchain.com/runs/multipart', '{"error":"Too many requests: tenant exceeded usage limits: Monthly unique traces usage limit exceeded"}\n')trace=019fba6f-8434-7520-8f2a-51cebe1fcfd2,id=019fba70-b431-7bf2-8b81-d718982fb5cc; trace=019fba6f-8434-7520-8f2a-51cebe1fcfd2,id=019fba70-d0d2-7f63-bead-73f928a05810; trace=019fba6f-8434-7520-8f2a-51cebe1fcfd2,id=019fba70-d0d2-7f63-bead-73f928a05810; trace=019fba6f-8434-7520-8f2a-51cebe1fcfd2,id=019fba70-b42f-7ed3-b1cb-45bf1bcfd75c; trace=019fba6f-8434-7520-8f2a-51cebe1fcfd2,id=019fba70-d0d4-7932-b9f9-3ed811051040; trace=019fba6f-8434-7520-8f2a-51cebe1fcfd2,id=019fba70-d0d4-7932-b9f9-3ee0b41c7ae4
Failed to send compressed multipart ingest: langsmith.utils.LangSmithRateLimitError: Rate limit exceeded for https://api.smith.langchain.com/runs/multipart. HTTPError('429 Client Error: Too Many Requests for url: https://api.smith.langchain.com/runs/multipart', '{"error":"Too many requests: tenant exceeded usage limits: Monthly unique traces usage limit exceeded"}\n')trace=019fba6f-8434-7520-8f2a-51cebe1fcfd2,id=019fba70-d0d4-7932-b9f9-3ee0b41c7ae4; trace=019fba6f-8434-7520-8f2a-51cebe1fcfd2,id=019fba70-d0d4-7932-b9f9-3ed811051040; trace=019fba6f-8434-7520-8f2a-51cebe1fcfd2,id=019fba70-f6b2-7461-a2a4-7ec271347717; trace=019fba6f-8434-7520-8f2a-51cebe1fcfd2,id=019fba70-f6b4-7a22-9fb3-5b0d0c434547
Calling Baseline Move server...
Calling Baseline Move server...
Calling Baseline Move server...
Calling Baseline Move server...
Calling Baseline Move server...
Calling Baseline Move server...
Calling Baseline Move server...
[baseline] 79/104 scenario_03_03 (repeat 3/4)
Failed to send compressed multipart ingest: langsmith.utils.LangSmithRateLimitError: Rate limit exceeded for https://api.smith.langchain.com/runs/multipart. HTTPError('429 Client Error: Too Many Requests for url: https://api.smith.langchain.com/runs/multipart', '{"error":"Too many requests: tenant exceeded usage limits: Monthly unique traces usage limit exceeded"}\n')trace=019fba6f-8434-7520-8f2a-51cebe1fcfd2,id=019fba70-f6b4-7a22-9fb3-5b0d0c434547; trace=019fba6f-8434-7520-8f2a-51cebe1fcfd2,id=019fba71-86f2-7301-9696-b08517624f7b; trace=019fba6f-8434-7520-8f2a-51cebe1fcfd2,id=019fba71-86f2-7301-9696-b08517624f7b; trace=019fba6f-8434-7520-8f2a-51cebe1fcfd2,id=019fba70-f6b2-7461-a2a4-7ec271347717; trace=019fba6f-8434-7520-8f2a-51cebe1fcfd2,id=019fba71-86f4-7ba3-96b3-ca69d4f998ed; trace=019fba6f-8434-7520-8f2a-51cebe1fcfd2,id=019fba71-86f4-7ba3-96b3-ca69d4f998ed; trace=019fba6f-8434-7520-8f2a-51cebe1fcfd2,id=019fba6f-8434-7520-8f2a-51cebe1fcfd2; trace=019fba71-876a-7a60-b6c2-9b607095487d,id=019fba71-876a-7a60-b6c2-9b607095487d; trace=019fba71-876a-7a60-b6c2-9b607095487d,id=019fba71-876a-7a60-b6c2-9b70b5c9d304; trace=019fba71-876a-7a60-b6c2-9b607095487d,id=019fba71-876a-7a60-b6c2-9b70b5c9d304; trace=019fba71-876a-7a60-b6c2-9b607095487d,id=019fba71-876b-7321-8d64-d3df0cb6a983; trace=019fba71-876a-7a60-b6c2-9b607095487d,id=019fba71-87dd-7e80-9599-6f7bd0331a37; trace=019fba71-876a-7a60-b6c2-9b607095487d,id=019fba71-87dd-7e80-9599-6f7bd0331a37; trace=019fba71-876a-7a60-b6c2-9b607095487d,id=019fba71-876b-7321-8d64-d3df0cb6a983; trace=019fba71-876a-7a60-b6c2-9b607095487d,id=019fba71-87de-7cc0-9d41-39ea0cc62cfa; trace=019fba71-876a-7a60-b6c2-9b607095487d,id=019fba71-87de-7cc0-9d41-39febfdc0c51
Failed to send compressed multipart ingest: langsmith.utils.LangSmithRateLimitError: Rate limit exceeded for https://api.smith.langchain.com/runs/multipart. HTTPError('429 Client Error: Too Many Requests for url: https://api.smith.langchain.com/runs/multipart', '{"error":"Too many requests: tenant exceeded usage limits: Monthly unique traces usage limit exceeded"}\n')trace=019fba71-876a-7a60-b6c2-9b607095487d,id=019fba71-87de-7cc0-9d41-39febfdc0c51; trace=019fba71-876a-7a60-b6c2-9b607095487d,id=019fba71-87de-7cc0-9d41-39ea0cc62cfa; trace=019fba71-876a-7a60-b6c2-9b607095487d,id=019fba71-a968-7920-8e5d-d55dd9dbc246; trace=019fba71-876a-7a60-b6c2-9b607095487d,id=019fba71-a96a-7873-a25a-5af9330c86eb
Failed to send compressed multipart ingest: langsmith.utils.LangSmithRateLimitError: Rate limit exceeded for https://api.smith.langchain.com/runs/multipart. HTTPError('429 Client Error: Too Many Requests for url: https://api.smith.langchain.com/runs/multipart', '{"error":"Too many requests: tenant exceeded usage limits: Monthly unique traces usage limit exceeded"}\n')trace=019fba71-876a-7a60-b6c2-9b607095487d,id=019fba71-a96a-7873-a25a-5af9330c86eb
Failed to send compressed multipart ingest: langsmith.utils.LangSmithRateLimitError: Rate limit exceeded for https://api.smith.langchain.com/runs/multipart. HTTPError('429 Client Error: Too Many Requests for url: https://api.smith.langchain.com/runs/multipart', '{"error":"Too many requests: tenant exceeded usage limits: Monthly unique traces usage limit exceeded"}\n')trace=019fba71-876a-7a60-b6c2-9b607095487d,id=019fba71-c24f-7e83-a6b1-b7776ca0b253; trace=019fba71-876a-7a60-b6c2-9b607095487d,id=019fba71-c24f-7e83-a6b1-b7776ca0b253; trace=019fba71-876a-7a60-b6c2-9b607095487d,id=019fba71-a968-7920-8e5d-d55dd9dbc246; trace=019fba71-876a-7a60-b6c2-9b607095487d,id=019fba71-c254-7803-bc18-720424b16e1d; trace=019fba71-876a-7a60-b6c2-9b607095487d,id=019fba71-c254-7803-bc18-72130471e485
Failed to send compressed multipart ingest: langsmith.utils.LangSmithRateLimitError: Rate limit exceeded for https://api.smith.langchain.com/runs/multipart. HTTPError('429 Client Error: Too Many Requests for url: https://api.smith.langchain.com/runs/multipart', '{"error":"Too many requests: tenant exceeded usage limits: Monthly unique traces usage limit exceeded"}\n')trace=019fba71-876a-7a60-b6c2-9b607095487d,id=019fba71-c254-7803-bc18-72130471e485; trace=019fba71-876a-7a60-b6c2-9b607095487d,id=019fba71-c254-7803-bc18-720424b16e1d; trace=019fba71-876a-7a60-b6c2-9b607095487d,id=019fba71-e794-7c43-9629-4893690c90c5; trace=019fba71-876a-7a60-b6c2-9b607095487d,id=019fba71-e796-78d1-be22-c495ffc27f61
Failed to send compressed multipart ingest: langsmith.utils.LangSmithRateLimitError: Rate limit exceeded for https://api.smith.langchain.com/runs/multipart. HTTPError('429 Client Error: Too Many Requests for url: https://api.smith.langchain.com/runs/multipart', '{"error":"Too many requests: tenant exceeded usage limits: Monthly unique traces usage limit exceeded"}\n')trace=019fba71-876a-7a60-b6c2-9b607095487d,id=019fba71-e796-78d1-be22-c495ffc27f61; trace=019fba71-876a-7a60-b6c2-9b607095487d,id=019fba72-017d-7b11-9427-29c38a817e66; trace=019fba71-876a-7a60-b6c2-9b607095487d,id=019fba72-017d-7b11-9427-29c38a817e66; trace=019fba71-876a-7a60-b6c2-9b607095487d,id=019fba71-e794-7c43-9629-4893690c90c5; trace=019fba71-876a-7a60-b6c2-9b607095487d,id=019fba72-017f-7621-abf4-6806770da973; trace=019fba71-876a-7a60-b6c2-9b607095487d,id=019fba72-017f-7621-abf4-681611469bff
Failed to send compressed multipart ingest: langsmith.utils.LangSmithRateLimitError: Rate limit exceeded for https://api.smith.langchain.com/runs/multipart. HTTPError('429 Client Error: Too Many Requests for url: https://api.smith.langchain.com/runs/multipart', '{"error":"Too many requests: tenant exceeded usage limits: Monthly unique traces usage limit exceeded"}\n')trace=019fba71-876a-7a60-b6c2-9b607095487d,id=019fba72-017f-7621-abf4-681611469bff; trace=019fba71-876a-7a60-b6c2-9b607095487d,id=019fba72-017f-7621-abf4-6806770da973; trace=019fba71-876a-7a60-b6c2-9b607095487d,id=019fba72-1822-7770-887e-9d7dfcf16911; trace=019fba71-876a-7a60-b6c2-9b607095487d,id=019fba72-1824-71f0-8296-240eaee31167
Failed to send compressed multipart ingest: langsmith.utils.LangSmithRateLimitError: Rate limit exceeded for https://api.smith.langchain.com/runs/multipart. HTTPError('429 Client Error: Too Many Requests for url: https://api.smith.langchain.com/runs/multipart', '{"error":"Too many requests: tenant exceeded usage limits: Monthly unique traces usage limit exceeded"}\n')trace=019fba71-876a-7a60-b6c2-9b607095487d,id=019fba72-1824-71f0-8296-240eaee31167; trace=019fba71-876a-7a60-b6c2-9b607095487d,id=019fba72-29eb-75d0-88e6-e2b8092f6790; trace=019fba71-876a-7a60-b6c2-9b607095487d,id=019fba72-29eb-75d0-88e6-e2b8092f6790; trace=019fba71-876a-7a60-b6c2-9b607095487d,id=019fba72-1822-7770-887e-9d7dfcf16911; trace=019fba71-876a-7a60-b6c2-9b607095487d,id=019fba72-29ed-7522-8b10-8610cd6bb7c0; trace=019fba71-876a-7a60-b6c2-9b607095487d,id=019fba72-29ed-7522-8b10-86289e069bc3
Failed to send compressed multipart ingest: langsmith.utils.LangSmithRateLimitError: Rate limit exceeded for https://api.smith.langchain.com/runs/multipart. HTTPError('429 Client Error: Too Many Requests for url: https://api.smith.langchain.com/runs/multipart', '{"error":"Too many requests: tenant exceeded usage limits: Monthly unique traces usage limit exceeded"}\n')trace=019fba71-876a-7a60-b6c2-9b607095487d,id=019fba72-29ed-7522-8b10-86289e069bc3; trace=019fba71-876a-7a60-b6c2-9b607095487d,id=019fba72-29ed-7522-8b10-8610cd6bb7c0; trace=019fba71-876a-7a60-b6c2-9b607095487d,id=019fba72-506d-7b21-990e-b61dd6320aac; trace=019fba71-876a-7a60-b6c2-9b607095487d,id=019fba72-506f-7c90-bb65-76b88ba9bcb4
Calling Baseline Move server...
Calling Baseline Move server...
Calling Baseline Move server...
Calling Baseline Move server...
[baseline] 80/104 scenario_03_03 (repeat 4/4)
Failed to send compressed multipart ingest: langsmith.utils.LangSmithRateLimitError: Rate limit exceeded for https://api.smith.langchain.com/runs/multipart. HTTPError('429 Client Error: Too Many Requests for url: https://api.smith.langchain.com/runs/multipart', '{"error":"Too many requests: tenant exceeded usage limits: Monthly unique traces usage limit exceeded"}\n')trace=019fba71-876a-7a60-b6c2-9b607095487d,id=019fba72-506f-7c90-bb65-76b88ba9bcb4; trace=019fba71-876a-7a60-b6c2-9b607095487d,id=019fba72-f72f-75d2-b56c-9c947c3374e9; trace=019fba71-876a-7a60-b6c2-9b607095487d,id=019fba72-f72f-75d2-b56c-9c947c3374e9; trace=019fba71-876a-7a60-b6c2-9b607095487d,id=019fba72-506d-7b21-990e-b61dd6320aac; trace=019fba71-876a-7a60-b6c2-9b607095487d,id=019fba72-f730-7fd2-805b-992284daac81; trace=019fba71-876a-7a60-b6c2-9b607095487d,id=019fba72-f730-7fd2-805b-992284daac81; trace=019fba71-876a-7a60-b6c2-9b607095487d,id=019fba71-876a-7a60-b6c2-9b607095487d; trace=019fba72-f77b-7450-9c24-c9f0d968bc08,id=019fba72-f77b-7450-9c24-c9f0d968bc08; trace=019fba72-f77b-7450-9c24-c9f0d968bc08,id=019fba72-f77c-7ed3-961f-24e40cd88a4f; trace=019fba72-f77b-7450-9c24-c9f0d968bc08,id=019fba72-f77c-7ed3-961f-24e40cd88a4f; trace=019fba72-f77b-7450-9c24-c9f0d968bc08,id=019fba72-f77c-7ed3-961f-24f3f5ed7360; trace=019fba72-f77b-7450-9c24-c9f0d968bc08,id=019fba72-f7e4-7312-82c2-e311962fe614; trace=019fba72-f77b-7450-9c24-c9f0d968bc08,id=019fba72-f7e4-7312-82c2-e311962fe614; trace=019fba72-f77b-7450-9c24-c9f0d968bc08,id=019fba72-f77c-7ed3-961f-24f3f5ed7360; trace=019fba72-f77b-7450-9c24-c9f0d968bc08,id=019fba72-f7e5-76b3-bc66-17983e2e617f; trace=019fba72-f77b-7450-9c24-c9f0d968bc08,id=019fba72-f7e6-7d43-9028-87c2c7924d8e
Failed to send compressed multipart ingest: langsmith.utils.LangSmithRateLimitError: Rate limit exceeded for https://api.smith.langchain.com/runs/multipart. HTTPError('429 Client Error: Too Many Requests for url: https://api.smith.langchain.com/runs/multipart', '{"error":"Too many requests: tenant exceeded usage limits: Monthly unique traces usage limit exceeded"}\n')trace=019fba72-f77b-7450-9c24-c9f0d968bc08,id=019fba72-f7e6-7d43-9028-87c2c7924d8e; trace=019fba72-f77b-7450-9c24-c9f0d968bc08,id=019fba72-f7e5-76b3-bc66-17983e2e617f; trace=019fba72-f77b-7450-9c24-c9f0d968bc08,id=019fba73-1620-7380-b78a-b8d248d29b01; trace=019fba72-f77b-7450-9c24-c9f0d968bc08,id=019fba73-1621-7290-a241-f6449bee1203
Failed to send compressed multipart ingest: langsmith.utils.LangSmithRateLimitError: Rate limit exceeded for https://api.smith.langchain.com/runs/multipart. HTTPError('429 Client Error: Too Many Requests for url: https://api.smith.langchain.com/runs/multipart', '{"error":"Too many requests: tenant exceeded usage limits: Monthly unique traces usage limit exceeded"}\n')trace=019fba72-f77b-7450-9c24-c9f0d968bc08,id=019fba73-1621-7290-a241-f6449bee1203; trace=019fba72-f77b-7450-9c24-c9f0d968bc08,id=019fba73-3dc2-7af0-aa51-53209399065a; trace=019fba72-f77b-7450-9c24-c9f0d968bc08,id=019fba73-3dc2-7af0-aa51-53209399065a; trace=019fba72-f77b-7450-9c24-c9f0d968bc08,id=019fba73-1620-7380-b78a-b8d248d29b01; trace=019fba72-f77b-7450-9c24-c9f0d968bc08,id=019fba73-3dc3-7733-aa21-ca6b9812c6ec; trace=019fba72-f77b-7450-9c24-c9f0d968bc08,id=019fba73-3dc4-7f11-a56b-4f9bb16dd6a8
Failed to send compressed multipart ingest: langsmith.utils.LangSmithRateLimitError: Rate limit exceeded for https://api.smith.langchain.com/runs/multipart. HTTPError('429 Client Error: Too Many Requests for url: https://api.smith.langchain.com/runs/multipart', '{"error":"Too many requests: tenant exceeded usage limits: Monthly unique traces usage limit exceeded"}\n')trace=019fba72-f77b-7450-9c24-c9f0d968bc08,id=019fba73-3dc4-7f11-a56b-4f9bb16dd6a8; trace=019fba72-f77b-7450-9c24-c9f0d968bc08,id=019fba73-3dc3-7733-aa21-ca6b9812c6ec; trace=019fba72-f77b-7450-9c24-c9f0d968bc08,id=019fba73-59b5-7d82-bccf-7c19f43f4d23; trace=019fba72-f77b-7450-9c24-c9f0d968bc08,id=019fba73-59b7-7ea3-aff0-71f84062cae8
Failed to send compressed multipart ingest: langsmith.utils.LangSmithRateLimitError: Rate limit exceeded for https://api.smith.langchain.com/runs/multipart. HTTPError('429 Client Error: Too Many Requests for url: https://api.smith.langchain.com/runs/multipart', '{"error":"Too many requests: tenant exceeded usage limits: Monthly unique traces usage limit exceeded"}\n')trace=019fba72-f77b-7450-9c24-c9f0d968bc08,id=019fba73-59b7-7ea3-aff0-71f84062cae8; trace=019fba72-f77b-7450-9c24-c9f0d968bc08,id=019fba73-7eaa-7de3-94bd-566eb40a11e8; trace=019fba72-f77b-7450-9c24-c9f0d968bc08,id=019fba73-7eaa-7de3-94bd-566eb40a11e8; trace=019fba72-f77b-7450-9c24-c9f0d968bc08,id=019fba73-59b5-7d82-bccf-7c19f43f4d23; trace=019fba72-f77b-7450-9c24-c9f0d968bc08,id=019fba73-7eab-7703-b59a-00e3d81cb70d; trace=019fba72-f77b-7450-9c24-c9f0d968bc08,id=019fba73-7eac-7c02-8032-63e362786f5d
Failed to send compressed multipart ingest: langsmith.utils.LangSmithRateLimitError: Rate limit exceeded for https://api.smith.langchain.com/runs/multipart. HTTPError('429 Client Error: Too Many Requests for url: https://api.smith.langchain.com/runs/multipart', '{"error":"Too many requests: tenant exceeded usage limits: Monthly unique traces usage limit exceeded"}\n')trace=019fba72-f77b-7450-9c24-c9f0d968bc08,id=019fba73-7eac-7c02-8032-63e362786f5d; trace=019fba72-f77b-7450-9c24-c9f0d968bc08,id=019fba73-7eab-7703-b59a-00e3d81cb70d; trace=019fba72-f77b-7450-9c24-c9f0d968bc08,id=019fba73-9175-71a2-a71b-42e7a7e51fc2; trace=019fba72-f77b-7450-9c24-c9f0d968bc08,id=019fba73-9177-7ce3-977e-4bbb60400285
Failed to send compressed multipart ingest: langsmith.utils.LangSmithRateLimitError: Rate limit exceeded for https://api.smith.langchain.com/runs/multipart. HTTPError('429 Client Error: Too Many Requests for url: https://api.smith.langchain.com/runs/multipart', '{"error":"Too many requests: tenant exceeded usage limits: Monthly unique traces usage limit exceeded"}\n')trace=019fba72-f77b-7450-9c24-c9f0d968bc08,id=019fba73-9177-7ce3-977e-4bbb60400285; trace=019fba72-f77b-7450-9c24-c9f0d968bc08,id=019fba73-b7a1-7d10-9b56-7feba9343aa3; trace=019fba72-f77b-7450-9c24-c9f0d968bc08,id=019fba73-b7a1-7d10-9b56-7feba9343aa3; trace=019fba72-f77b-7450-9c24-c9f0d968bc08,id=019fba73-9175-71a2-a71b-42e7a7e51fc2; trace=019fba72-f77b-7450-9c24-c9f0d968bc08,id=019fba73-b7a3-7091-933d-7c41c9b6c9a8; trace=019fba72-f77b-7450-9c24-c9f0d968bc08,id=019fba73-b7a3-7091-933d-7c5c0e3020b6
Failed to send compressed multipart ingest: langsmith.utils.LangSmithRateLimitError: Rate limit exceeded for https://api.smith.langchain.com/runs/multipart. HTTPError('429 Client Error: Too Many Requests for url: https://api.smith.langchain.com/runs/multipart', '{"error":"Too many requests: tenant exceeded usage limits: Monthly unique traces usage limit exceeded"}\n')trace=019fba72-f77b-7450-9c24-c9f0d968bc08,id=019fba73-b7a3-7091-933d-7c5c0e3020b6; trace=019fba72-f77b-7450-9c24-c9f0d968bc08,id=019fba73-b7a3-7091-933d-7c41c9b6c9a8; trace=019fba72-f77b-7450-9c24-c9f0d968bc08,id=019fba73-d2a6-7bc3-9bc3-8a16b1054b22; trace=019fba72-f77b-7450-9c24-c9f0d968bc08,id=019fba73-d2a8-77b2-ae3e-a6e881f509f3
Failed to send compressed multipart ingest: langsmith.utils.LangSmithRateLimitError: Rate limit exceeded for https://api.smith.langchain.com/runs/multipart. HTTPError('429 Client Error: Too Many Requests for url: https://api.smith.langchain.com/runs/multipart', '{"error":"Too many requests: tenant exceeded usage limits: Monthly unique traces usage limit exceeded"}\n')trace=019fba72-f77b-7450-9c24-c9f0d968bc08,id=019fba73-d2a8-77b2-ae3e-a6e881f509f3; trace=019fba72-f77b-7450-9c24-c9f0d968bc08,id=019fba73-fea3-7071-bf08-af2197abbdfb; trace=019fba72-f77b-7450-9c24-c9f0d968bc08,id=019fba73-fea3-7071-bf08-af2197abbdfb; trace=019fba72-f77b-7450-9c24-c9f0d968bc08,id=019fba73-d2a6-7bc3-9bc3-8a16b1054b22; trace=019fba72-f77b-7450-9c24-c9f0d968bc08,id=019fba73-fea4-7781-bd3c-adae5ab988a8; trace=019fba72-f77b-7450-9c24-c9f0d968bc08,id=019fba73-fea5-7c73-a1f5-b6bb2908132a
Failed to send compressed multipart ingest: langsmith.utils.LangSmithRateLimitError: Rate limit exceeded for https://api.smith.langchain.com/runs/multipart. HTTPError('429 Client Error: Too Many Requests for url: https://api.smith.langchain.com/runs/multipart', '{"error":"Too many requests: tenant exceeded usage limits: Monthly unique traces usage limit exceeded"}\n')trace=019fba72-f77b-7450-9c24-c9f0d968bc08,id=019fba73-fea5-7c73-a1f5-b6bb2908132a; trace=019fba72-f77b-7450-9c24-c9f0d968bc08,id=019fba73-fea4-7781-bd3c-adae5ab988a8; trace=019fba72-f77b-7450-9c24-c9f0d968bc08,id=019fba74-1805-7630-a43f-cd28566218bc; trace=019fba72-f77b-7450-9c24-c9f0d968bc08,id=019fba74-1807-7a31-92b0-ff42e450eb08
Failed to send compressed multipart ingest: langsmith.utils.LangSmithRateLimitError: Rate limit exceeded for https://api.smith.langchain.com/runs/multipart. HTTPError('429 Client Error: Too Many Requests for url: https://api.smith.langchain.com/runs/multipart', '{"error":"Too many requests: tenant exceeded usage limits: Monthly unique traces usage limit exceeded"}\n')trace=019fba72-f77b-7450-9c24-c9f0d968bc08,id=019fba74-1807-7a31-92b0-ff42e450eb08; trace=019fba72-f77b-7450-9c24-c9f0d968bc08,id=019fba74-45a7-73f2-9861-8fc56c3d87fe; trace=019fba72-f77b-7450-9c24-c9f0d968bc08,id=019fba74-45a7-73f2-9861-8fc56c3d87fe; trace=019fba72-f77b-7450-9c24-c9f0d968bc08,id=019fba74-1805-7630-a43f-cd28566218bc; trace=019fba72-f77b-7450-9c24-c9f0d968bc08,id=019fba74-45a8-7a71-936b-7c775332dce9; trace=019fba72-f77b-7450-9c24-c9f0d968bc08,id=019fba74-45a9-7152-a5b3-5ae66b131e0a
Failed to send compressed multipart ingest: langsmith.utils.LangSmithRateLimitError: Rate limit exceeded for https://api.smith.langchain.com/runs/multipart. HTTPError('429 Client Error: Too Many Requests for url: https://api.smith.langchain.com/runs/multipart', '{"error":"Too many requests: tenant exceeded usage limits: Monthly unique traces usage limit exceeded"}\n')trace=019fba72-f77b-7450-9c24-c9f0d968bc08,id=019fba74-45a9-7152-a5b3-5ae66b131e0a; trace=019fba72-f77b-7450-9c24-c9f0d968bc08,id=019fba74-45a8-7a71-936b-7c775332dce9; trace=019fba72-f77b-7450-9c24-c9f0d968bc08,id=019fba74-63bd-72b2-aace-73d90576c7d6; trace=019fba72-f77b-7450-9c24-c9f0d968bc08,id=019fba74-63bf-79b1-82ec-22e93c3e3420
Calling Baseline Move server...
Calling Baseline Move server...
Calling Baseline Move server...
Calling Baseline Move server...
Calling Baseline Move server...
Calling Baseline Move server...
[baseline] 81/104 scenario_03_04 (repeat 1/4)
Failed to send compressed multipart ingest: langsmith.utils.LangSmithRateLimitError: Rate limit exceeded for https://api.smith.langchain.com/runs/multipart. HTTPError('429 Client Error: Too Many Requests for url: https://api.smith.langchain.com/runs/multipart', '{"error":"Too many requests: tenant exceeded usage limits: Monthly unique traces usage limit exceeded"}\n')trace=019fba72-f77b-7450-9c24-c9f0d968bc08,id=019fba74-63bf-79b1-82ec-22e93c3e3420; trace=019fba72-f77b-7450-9c24-c9f0d968bc08,id=019fba74-f0ba-75b1-bfdd-37c5e98b927e; trace=019fba72-f77b-7450-9c24-c9f0d968bc08,id=019fba74-f0ba-75b1-bfdd-37c5e98b927e; trace=019fba72-f77b-7450-9c24-c9f0d968bc08,id=019fba74-63bd-72b2-aace-73d90576c7d6; trace=019fba72-f77b-7450-9c24-c9f0d968bc08,id=019fba74-f0bb-7b51-8c64-b75ad00d14f0; trace=019fba72-f77b-7450-9c24-c9f0d968bc08,id=019fba74-f0bb-7b51-8c64-b75ad00d14f0; trace=019fba72-f77b-7450-9c24-c9f0d968bc08,id=019fba72-f77b-7450-9c24-c9f0d968bc08; trace=019fba74-f11c-7360-99ea-4a973bfdbd27,id=019fba74-f11c-7360-99ea-4a973bfdbd27; trace=019fba74-f11c-7360-99ea-4a973bfdbd27,id=019fba74-f11d-7852-8bbb-78575db412e8; trace=019fba74-f11c-7360-99ea-4a973bfdbd27,id=019fba74-f11d-7852-8bbb-78575db412e8; trace=019fba74-f11c-7360-99ea-4a973bfdbd27,id=019fba74-f11e-7571-81d4-c51cf7672cc0; trace=019fba74-f11c-7360-99ea-4a973bfdbd27,id=019fba74-f154-7771-a96f-bc57a8e25a53; trace=019fba74-f11c-7360-99ea-4a973bfdbd27,id=019fba74-f154-7771-a96f-bc57a8e25a53; trace=019fba74-f11c-7360-99ea-4a973bfdbd27,id=019fba74-f11e-7571-81d4-c51cf7672cc0; trace=019fba74-f11c-7360-99ea-4a973bfdbd27,id=019fba74-f156-7cd0-9bdf-55c2a77dedfa; trace=019fba74-f11c-7360-99ea-4a973bfdbd27,id=019fba74-f156-7cd0-9bdf-55de2b352acd
Failed to send compressed multipart ingest: langsmith.utils.LangSmithRateLimitError: Rate limit exceeded for https://api.smith.langchain.com/runs/multipart. HTTPError('429 Client Error: Too Many Requests for url: https://api.smith.langchain.com/runs/multipart', '{"error":"Too many requests: tenant exceeded usage limits: Monthly unique traces usage limit exceeded"}\n')trace=019fba74-f11c-7360-99ea-4a973bfdbd27,id=019fba74-f156-7cd0-9bdf-55de2b352acd
Failed to send compressed multipart ingest: langsmith.utils.LangSmithRateLimitError: Rate limit exceeded for https://api.smith.langchain.com/runs/multipart. HTTPError('429 Client Error: Too Many Requests for url: https://api.smith.langchain.com/runs/multipart', '{"error":"Too many requests: tenant exceeded usage limits: Monthly unique traces usage limit exceeded"}\n')trace=019fba74-f11c-7360-99ea-4a973bfdbd27,id=019fba74-f156-7cd0-9bdf-55c2a77dedfa; trace=019fba74-f11c-7360-99ea-4a973bfdbd27,id=019fba75-0a43-7da1-844a-1079cc5348de; trace=019fba74-f11c-7360-99ea-4a973bfdbd27,id=019fba75-0a45-7b32-aaa6-81a9b6c09ef8
Failed to send compressed multipart ingest: langsmith.utils.LangSmithRateLimitError: Rate limit exceeded for https://api.smith.langchain.com/runs/multipart. HTTPError('429 Client Error: Too Many Requests for url: https://api.smith.langchain.com/runs/multipart', '{"error":"Too many requests: tenant exceeded usage limits: Monthly unique traces usage limit exceeded"}\n')trace=019fba74-f11c-7360-99ea-4a973bfdbd27,id=019fba75-0a45-7b32-aaa6-81a9b6c09ef8; trace=019fba74-f11c-7360-99ea-4a973bfdbd27,id=019fba75-1d33-7392-a266-05903e6f1973; trace=019fba74-f11c-7360-99ea-4a973bfdbd27,id=019fba75-1d33-7392-a266-05903e6f1973; trace=019fba74-f11c-7360-99ea-4a973bfdbd27,id=019fba75-0a43-7da1-844a-1079cc5348de; trace=019fba74-f11c-7360-99ea-4a973bfdbd27,id=019fba75-1d34-78a3-89fd-ab7a62934614; trace=019fba74-f11c-7360-99ea-4a973bfdbd27,id=019fba75-1d35-7143-9ce2-e3e37535e182
Failed to send compressed multipart ingest: langsmith.utils.LangSmithRateLimitError: Rate limit exceeded for https://api.smith.langchain.com/runs/multipart. HTTPError('429 Client Error: Too Many Requests for url: https://api.smith.langchain.com/runs/multipart', '{"error":"Too many requests: tenant exceeded usage limits: Monthly unique traces usage limit exceeded"}\n')trace=019fba74-f11c-7360-99ea-4a973bfdbd27,id=019fba75-1d35-7143-9ce2-e3e37535e182; trace=019fba74-f11c-7360-99ea-4a973bfdbd27,id=019fba75-1d34-78a3-89fd-ab7a62934614; trace=019fba74-f11c-7360-99ea-4a973bfdbd27,id=019fba75-3e76-7f31-b8ad-d92909ccb17e; trace=019fba74-f11c-7360-99ea-4a973bfdbd27,id=019fba75-3e78-7373-9ba8-f454c8c7753b
Failed to send compressed multipart ingest: langsmith.utils.LangSmithRateLimitError: Rate limit exceeded for https://api.smith.langchain.com/runs/multipart. HTTPError('429 Client Error: Too Many Requests for url: https://api.smith.langchain.com/runs/multipart', '{"error":"Too many requests: tenant exceeded usage limits: Monthly unique traces usage limit exceeded"}\n')trace=019fba74-f11c-7360-99ea-4a973bfdbd27,id=019fba75-3e78-7373-9ba8-f454c8c7753b; trace=019fba74-f11c-7360-99ea-4a973bfdbd27,id=019fba75-6a39-7642-9d0b-7d21735fc1ec; trace=019fba74-f11c-7360-99ea-4a973bfdbd27,id=019fba75-6a39-7642-9d0b-7d21735fc1ec; trace=019fba74-f11c-7360-99ea-4a973bfdbd27,id=019fba75-3e76-7f31-b8ad-d92909ccb17e; trace=019fba74-f11c-7360-99ea-4a973bfdbd27,id=019fba75-6a3b-7471-9233-b7b876fcd213; trace=019fba74-f11c-7360-99ea-4a973bfdbd27,id=019fba75-6a3b-7471-9233-b7c37c786061
Failed to send compressed multipart ingest: langsmith.utils.LangSmithRateLimitError: Rate limit exceeded for https://api.smith.langchain.com/runs/multipart. HTTPError('429 Client Error: Too Many Requests for url: https://api.smith.langchain.com/runs/multipart', '{"error":"Too many requests: tenant exceeded usage limits: Monthly unique traces usage limit exceeded"}\n')trace=019fba74-f11c-7360-99ea-4a973bfdbd27,id=019fba75-6a3b-7471-9233-b7c37c786061; trace=019fba74-f11c-7360-99ea-4a973bfdbd27,id=019fba75-6a3b-7471-9233-b7b876fcd213; trace=019fba74-f11c-7360-99ea-4a973bfdbd27,id=019fba75-8bf0-7eb2-bf6c-17256e1e816d; trace=019fba74-f11c-7360-99ea-4a973bfdbd27,id=019fba75-8bf2-7771-97d1-7bc33bfa7610
Failed to send compressed multipart ingest: langsmith.utils.LangSmithRateLimitError: Rate limit exceeded for https://api.smith.langchain.com/runs/multipart. HTTPError('429 Client Error: Too Many Requests for url: https://api.smith.langchain.com/runs/multipart', '{"error":"Too many requests: tenant exceeded usage limits: Monthly unique traces usage limit exceeded"}\n')trace=019fba74-f11c-7360-99ea-4a973bfdbd27,id=019fba75-8bf2-7771-97d1-7bc33bfa7610; trace=019fba74-f11c-7360-99ea-4a973bfdbd27,id=019fba75-acd7-7c93-bc60-4996495b32cb; trace=019fba74-f11c-7360-99ea-4a973bfdbd27,id=019fba75-acd7-7c93-bc60-4996495b32cb; trace=019fba74-f11c-7360-99ea-4a973bfdbd27,id=019fba75-8bf0-7eb2-bf6c-17256e1e816d; trace=019fba74-f11c-7360-99ea-4a973bfdbd27,id=019fba75-acd8-7873-92da-7376ced354b1; trace=019fba74-f11c-7360-99ea-4a973bfdbd27,id=019fba75-acd9-7350-9b37-d6fc6fd6c305
Failed to send compressed multipart ingest: langsmith.utils.LangSmithRateLimitError: Rate limit exceeded for https://api.smith.langchain.com/runs/multipart. HTTPError('429 Client Error: Too Many Requests for url: https://api.smith.langchain.com/runs/multipart', '{"error":"Too many requests: tenant exceeded usage limits: Monthly unique traces usage limit exceeded"}\n')trace=019fba74-f11c-7360-99ea-4a973bfdbd27,id=019fba75-acd9-7350-9b37-d6fc6fd6c305; trace=019fba74-f11c-7360-99ea-4a973bfdbd27,id=019fba75-acd8-7873-92da-7376ced354b1; trace=019fba74-f11c-7360-99ea-4a973bfdbd27,id=019fba75-c9f3-7430-a4db-29206d8d8f9f; trace=019fba74-f11c-7360-99ea-4a973bfdbd27,id=019fba75-c9f5-7bf1-ad3f-b6ffab44ab07
Failed to send compressed multipart ingest: langsmith.utils.LangSmithRateLimitError: Rate limit exceeded for https://api.smith.langchain.com/runs/multipart. HTTPError('429 Client Error: Too Many Requests for url: https://api.smith.langchain.com/runs/multipart', '{"error":"Too many requests: tenant exceeded usage limits: Monthly unique traces usage limit exceeded"}\n')trace=019fba74-f11c-7360-99ea-4a973bfdbd27,id=019fba75-c9f5-7bf1-ad3f-b6ffab44ab07; trace=019fba74-f11c-7360-99ea-4a973bfdbd27,id=019fba75-d8c3-7a40-94aa-16ca0f9dad86; trace=019fba74-f11c-7360-99ea-4a973bfdbd27,id=019fba75-d8c3-7a40-94aa-16ca0f9dad86; trace=019fba74-f11c-7360-99ea-4a973bfdbd27,id=019fba75-c9f3-7430-a4db-29206d8d8f9f; trace=019fba74-f11c-7360-99ea-4a973bfdbd27,id=019fba75-d8c4-7052-b776-6e0324caa247; trace=019fba74-f11c-7360-99ea-4a973bfdbd27,id=019fba75-d8c5-7c13-8602-09cfd315b063
Failed to send compressed multipart ingest: langsmith.utils.LangSmithRateLimitError: Rate limit exceeded for https://api.smith.langchain.com/runs/multipart. HTTPError('429 Client Error: Too Many Requests for url: https://api.smith.langchain.com/runs/multipart', '{"error":"Too many requests: tenant exceeded usage limits: Monthly unique traces usage limit exceeded"}\n')trace=019fba74-f11c-7360-99ea-4a973bfdbd27,id=019fba75-d8c5-7c13-8602-09cfd315b063; trace=019fba74-f11c-7360-99ea-4a973bfdbd27,id=019fba75-d8c4-7052-b776-6e0324caa247; trace=019fba74-f11c-7360-99ea-4a973bfdbd27,id=019fba75-f229-7633-b3c1-8c289dd6a3f0; trace=019fba74-f11c-7360-99ea-4a973bfdbd27,id=019fba75-f22c-7051-898b-5e8291b28008
Failed to send compressed multipart ingest: langsmith.utils.LangSmithRateLimitError: Rate limit exceeded for https://api.smith.langchain.com/runs/multipart. HTTPError('429 Client Error: Too Many Requests for url: https://api.smith.langchain.com/runs/multipart', '{"error":"Too many requests: tenant exceeded usage limits: Monthly unique traces usage limit exceeded"}\n')trace=019fba74-f11c-7360-99ea-4a973bfdbd27,id=019fba75-f22c-7051-898b-5e8291b28008; trace=019fba74-f11c-7360-99ea-4a973bfdbd27,id=019fba76-0673-7382-847b-4da08762fd71; trace=019fba74-f11c-7360-99ea-4a973bfdbd27,id=019fba76-0673-7382-847b-4da08762fd71; trace=019fba74-f11c-7360-99ea-4a973bfdbd27,id=019fba75-f229-7633-b3c1-8c289dd6a3f0; trace=019fba74-f11c-7360-99ea-4a973bfdbd27,id=019fba76-0674-7db2-b15e-92bb0b9be6a6; trace=019fba74-f11c-7360-99ea-4a973bfdbd27,id=019fba76-0675-7741-89b3-e05553ccec61
Failed to send compressed multipart ingest: langsmith.utils.LangSmithRateLimitError: Rate limit exceeded for https://api.smith.langchain.com/runs/multipart. HTTPError('429 Client Error: Too Many Requests for url: https://api.smith.langchain.com/runs/multipart', '{"error":"Too many requests: tenant exceeded usage limits: Monthly unique traces usage limit exceeded"}\n')trace=019fba74-f11c-7360-99ea-4a973bfdbd27,id=019fba76-0675-7741-89b3-e05553ccec61; trace=019fba74-f11c-7360-99ea-4a973bfdbd27,id=019fba76-0674-7db2-b15e-92bb0b9be6a6; trace=019fba74-f11c-7360-99ea-4a973bfdbd27,id=019fba76-385e-7742-a2e3-0a55a9c6b985; trace=019fba74-f11c-7360-99ea-4a973bfdbd27,id=019fba76-3860-7500-99b0-b0d6ea581eed
Calling Baseline Move server...
Calling Baseline Move server...
Calling Baseline Move server...
Calling Baseline Move server...
Calling Baseline Move server...
Calling Baseline Move server...
[baseline] 82/104 scenario_03_04 (repeat 2/4)
Failed to send compressed multipart ingest: langsmith.utils.LangSmithRateLimitError: Rate limit exceeded for https://api.smith.langchain.com/runs/multipart. HTTPError('429 Client Error: Too Many Requests for url: https://api.smith.langchain.com/runs/multipart', '{"error":"Too many requests: tenant exceeded usage limits: Monthly unique traces usage limit exceeded"}\n')trace=019fba74-f11c-7360-99ea-4a973bfdbd27,id=019fba76-3860-7500-99b0-b0d6ea581eed; trace=019fba74-f11c-7360-99ea-4a973bfdbd27,id=019fba76-8df2-70a0-8fd2-9b3e3e0e0dab; trace=019fba74-f11c-7360-99ea-4a973bfdbd27,id=019fba76-8df2-70a0-8fd2-9b3e3e0e0dab; trace=019fba74-f11c-7360-99ea-4a973bfdbd27,id=019fba76-385e-7742-a2e3-0a55a9c6b985; trace=019fba74-f11c-7360-99ea-4a973bfdbd27,id=019fba76-8df4-71e0-8537-18419f6e5060; trace=019fba74-f11c-7360-99ea-4a973bfdbd27,id=019fba76-8df4-71e0-8537-18419f6e5060; trace=019fba74-f11c-7360-99ea-4a973bfdbd27,id=019fba74-f11c-7360-99ea-4a973bfdbd27; trace=019fba76-8e17-7072-8191-d0e55e1b2e02,id=019fba76-8e17-7072-8191-d0e55e1b2e02; trace=019fba76-8e17-7072-8191-d0e55e1b2e02,id=019fba76-8e18-7d90-9222-823806e42c24; trace=019fba76-8e17-7072-8191-d0e55e1b2e02,id=019fba76-8e18-7d90-9222-823806e42c24; trace=019fba76-8e17-7072-8191-d0e55e1b2e02,id=019fba76-8e19-7370-b609-d0eaad2ce1a9; trace=019fba76-8e17-7072-8191-d0e55e1b2e02,id=019fba76-8e35-7b90-91c6-70547fa39282; trace=019fba76-8e17-7072-8191-d0e55e1b2e02,id=019fba76-8e35-7b90-91c6-70547fa39282; trace=019fba76-8e17-7072-8191-d0e55e1b2e02,id=019fba76-8e19-7370-b609-d0eaad2ce1a9; trace=019fba76-8e17-7072-8191-d0e55e1b2e02,id=019fba76-8e36-7a31-a9d1-60c3b8b7f4e3; trace=019fba76-8e17-7072-8191-d0e55e1b2e02,id=019fba76-8e37-7cb0-8a1f-22e054a263c2
Failed to send compressed multipart ingest: langsmith.utils.LangSmithRateLimitError: Rate limit exceeded for https://api.smith.langchain.com/runs/multipart. HTTPError('429 Client Error: Too Many Requests for url: https://api.smith.langchain.com/runs/multipart', '{"error":"Too many requests: tenant exceeded usage limits: Monthly unique traces usage limit exceeded"}\n')trace=019fba76-8e17-7072-8191-d0e55e1b2e02,id=019fba76-8e37-7cb0-8a1f-22e054a263c2; trace=019fba76-8e17-7072-8191-d0e55e1b2e02,id=019fba76-8e36-7a31-a9d1-60c3b8b7f4e3; trace=019fba76-8e17-7072-8191-d0e55e1b2e02,id=019fba76-ad0f-77d3-beb8-879909d601b9; trace=019fba76-8e17-7072-8191-d0e55e1b2e02,id=019fba76-ad12-7231-84ca-fb13dcf74004
Failed to send compressed multipart ingest: langsmith.utils.LangSmithRateLimitError: Rate limit exceeded for https://api.smith.langchain.com/runs/multipart. HTTPError('429 Client Error: Too Many Requests for url: https://api.smith.langchain.com/runs/multipart', '{"error":"Too many requests: tenant exceeded usage limits: Monthly unique traces usage limit exceeded"}\n')trace=019fba76-8e17-7072-8191-d0e55e1b2e02,id=019fba76-ad12-7231-84ca-fb13dcf74004; trace=019fba76-8e17-7072-8191-d0e55e1b2e02,id=019fba76-c04a-72a3-b7c2-08c2d20295f7; trace=019fba76-8e17-7072-8191-d0e55e1b2e02,id=019fba76-c04a-72a3-b7c2-08c2d20295f7; trace=019fba76-8e17-7072-8191-d0e55e1b2e02,id=019fba76-ad0f-77d3-beb8-879909d601b9; trace=019fba76-8e17-7072-8191-d0e55e1b2e02,id=019fba76-c04b-7cb3-a35a-37799391ed4c; trace=019fba76-8e17-7072-8191-d0e55e1b2e02,id=019fba76-c04c-7511-8da6-d4f135ab15af
Failed to send compressed multipart ingest: langsmith.utils.LangSmithRateLimitError: Rate limit exceeded for https://api.smith.langchain.com/runs/multipart. HTTPError('429 Client Error: Too Many Requests for url: https://api.smith.langchain.com/runs/multipart', '{"error":"Too many requests: tenant exceeded usage limits: Monthly unique traces usage limit exceeded"}\n')trace=019fba76-8e17-7072-8191-d0e55e1b2e02,id=019fba76-c04c-7511-8da6-d4f135ab15af; trace=019fba76-8e17-7072-8191-d0e55e1b2e02,id=019fba76-c04b-7cb3-a35a-37799391ed4c; trace=019fba76-8e17-7072-8191-d0e55e1b2e02,id=019fba76-de67-7330-8b37-ee9e01ccc54d; trace=019fba76-8e17-7072-8191-d0e55e1b2e02,id=019fba76-de69-7871-93a3-2a223f8602b2
Failed to send compressed multipart ingest: langsmith.utils.LangSmithRateLimitError: Rate limit exceeded for https://api.smith.langchain.com/runs/multipart. HTTPError('429 Client Error: Too Many Requests for url: https://api.smith.langchain.com/runs/multipart', '{"error":"Too many requests: tenant exceeded usage limits: Monthly unique traces usage limit exceeded"}\n')trace=019fba76-8e17-7072-8191-d0e55e1b2e02,id=019fba76-de69-7871-93a3-2a223f8602b2; trace=019fba76-8e17-7072-8191-d0e55e1b2e02,id=019fba76-f740-78f2-a38b-b2e44ffb2241; trace=019fba76-8e17-7072-8191-d0e55e1b2e02,id=019fba76-f740-78f2-a38b-b2e44ffb2241; trace=019fba76-8e17-7072-8191-d0e55e1b2e02,id=019fba76-de67-7330-8b37-ee9e01ccc54d; trace=019fba76-8e17-7072-8191-d0e55e1b2e02,id=019fba76-f741-7be0-8545-3fbba165e351; trace=019fba76-8e17-7072-8191-d0e55e1b2e02,id=019fba76-f742-7600-9dcf-21b633e00ad5
Failed to send compressed multipart ingest: langsmith.utils.LangSmithRateLimitError: Rate limit exceeded for https://api.smith.langchain.com/runs/multipart. HTTPError('429 Client Error: Too Many Requests for url: https://api.smith.langchain.com/runs/multipart', '{"error":"Too many requests: tenant exceeded usage limits: Monthly unique traces usage limit exceeded"}\n')trace=019fba76-8e17-7072-8191-d0e55e1b2e02,id=019fba76-f742-7600-9dcf-21b633e00ad5
Failed to send compressed multipart ingest: langsmith.utils.LangSmithRateLimitError: Rate limit exceeded for https://api.smith.langchain.com/runs/multipart. HTTPError('429 Client Error: Too Many Requests for url: https://api.smith.langchain.com/runs/multipart', '{"error":"Too many requests: tenant exceeded usage limits: Monthly unique traces usage limit exceeded"}\n')trace=019fba76-8e17-7072-8191-d0e55e1b2e02,id=019fba76-f741-7be0-8545-3fbba165e351; trace=019fba76-8e17-7072-8191-d0e55e1b2e02,id=019fba77-1966-74c1-81e2-a8281bc85f89; trace=019fba76-8e17-7072-8191-d0e55e1b2e02,id=019fba77-1968-7a12-bf36-cfa5bba44440
Failed to send compressed multipart ingest: langsmith.utils.LangSmithRateLimitError: Rate limit exceeded for https://api.smith.langchain.com/runs/multipart. HTTPError('429 Client Error: Too Many Requests for url: https://api.smith.langchain.com/runs/multipart', '{"error":"Too many requests: tenant exceeded usage limits: Monthly unique traces usage limit exceeded"}\n')trace=019fba76-8e17-7072-8191-d0e55e1b2e02,id=019fba77-1968-7a12-bf36-cfa5bba44440; trace=019fba76-8e17-7072-8191-d0e55e1b2e02,id=019fba77-2b48-7b52-b573-4456b11c05ff; trace=019fba76-8e17-7072-8191-d0e55e1b2e02,id=019fba77-2b48-7b52-b573-4456b11c05ff; trace=019fba76-8e17-7072-8191-d0e55e1b2e02,id=019fba77-1966-74c1-81e2-a8281bc85f89; trace=019fba76-8e17-7072-8191-d0e55e1b2e02,id=019fba77-2b49-7ce1-aa47-2f67823ba504; trace=019fba76-8e17-7072-8191-d0e55e1b2e02,id=019fba77-2b4a-7b10-aa27-039cd5880bab
Failed to send compressed multipart ingest: langsmith.utils.LangSmithRateLimitError: Rate limit exceeded for https://api.smith.langchain.com/runs/multipart. HTTPError('429 Client Error: Too Many Requests for url: https://api.smith.langchain.com/runs/multipart', '{"error":"Too many requests: tenant exceeded usage limits: Monthly unique traces usage limit exceeded"}\n')trace=019fba76-8e17-7072-8191-d0e55e1b2e02,id=019fba77-2b4a-7b10-aa27-039cd5880bab; trace=019fba76-8e17-7072-8191-d0e55e1b2e02,id=019fba77-2b49-7ce1-aa47-2f67823ba504; trace=019fba76-8e17-7072-8191-d0e55e1b2e02,id=019fba77-3a5d-7300-b49d-45c5aaabf968; trace=019fba76-8e17-7072-8191-d0e55e1b2e02,id=019fba77-3a60-7290-bec2-4b2313d072f0
Failed to send compressed multipart ingest: langsmith.utils.LangSmithRateLimitError: Rate limit exceeded for https://api.smith.langchain.com/runs/multipart. HTTPError('429 Client Error: Too Many Requests for url: https://api.smith.langchain.com/runs/multipart', '{"error":"Too many requests: tenant exceeded usage limits: Monthly unique traces usage limit exceeded"}\n')trace=019fba76-8e17-7072-8191-d0e55e1b2e02,id=019fba77-3a60-7290-bec2-4b2313d072f0; trace=019fba76-8e17-7072-8191-d0e55e1b2e02,id=019fba77-4d4d-7273-b619-8272b669e50a; trace=019fba76-8e17-7072-8191-d0e55e1b2e02,id=019fba77-4d4d-7273-b619-8272b669e50a; trace=019fba76-8e17-7072-8191-d0e55e1b2e02,id=019fba77-3a5d-7300-b49d-45c5aaabf968; trace=019fba76-8e17-7072-8191-d0e55e1b2e02,id=019fba77-4d4f-7003-9035-0795ebe70d86; trace=019fba76-8e17-7072-8191-d0e55e1b2e02,id=019fba77-4d50-7e20-aee9-30ef430cef8b
Failed to send compressed multipart ingest: langsmith.utils.LangSmithRateLimitError: Rate limit exceeded for https://api.smith.langchain.com/runs/multipart. HTTPError('429 Client Error: Too Many Requests for url: https://api.smith.langchain.com/runs/multipart', '{"error":"Too many requests: tenant exceeded usage limits: Monthly unique traces usage limit exceeded"}\n')trace=019fba76-8e17-7072-8191-d0e55e1b2e02,id=019fba77-4d50-7e20-aee9-30ef430cef8b; trace=019fba76-8e17-7072-8191-d0e55e1b2e02,id=019fba77-4d4f-7003-9035-0795ebe70d86; trace=019fba76-8e17-7072-8191-d0e55e1b2e02,id=019fba77-73a5-7de2-a04e-6f337778d73b; trace=019fba76-8e17-7072-8191-d0e55e1b2e02,id=019fba77-73a7-7141-8996-2b4dcb62f84b
Calling Baseline Move server...
Calling Baseline Move server...
Calling Baseline Move server...
Calling Baseline Move server...
Calling Baseline Move server...
[baseline] 83/104 scenario_03_04 (repeat 3/4)
Failed to send compressed multipart ingest: langsmith.utils.LangSmithRateLimitError: Rate limit exceeded for https://api.smith.langchain.com/runs/multipart. HTTPError('429 Client Error: Too Many Requests for url: https://api.smith.langchain.com/runs/multipart', '{"error":"Too many requests: tenant exceeded usage limits: Monthly unique traces usage limit exceeded"}\n')trace=019fba76-8e17-7072-8191-d0e55e1b2e02,id=019fba77-73a7-7141-8996-2b4dcb62f84b; trace=019fba76-8e17-7072-8191-d0e55e1b2e02,id=019fba77-bc54-7362-96a2-ddeef183d5e2; trace=019fba76-8e17-7072-8191-d0e55e1b2e02,id=019fba77-bc54-7362-96a2-ddeef183d5e2; trace=019fba76-8e17-7072-8191-d0e55e1b2e02,id=019fba77-73a5-7de2-a04e-6f337778d73b; trace=019fba76-8e17-7072-8191-d0e55e1b2e02,id=019fba77-bc56-7c13-a8f7-9a3f869b987f; trace=019fba76-8e17-7072-8191-d0e55e1b2e02,id=019fba77-bc56-7c13-a8f7-9a3f869b987f; trace=019fba76-8e17-7072-8191-d0e55e1b2e02,id=019fba76-8e17-7072-8191-d0e55e1b2e02; trace=019fba77-bd35-7393-858a-a8d1ba57575d,id=019fba77-bd35-7393-858a-a8d1ba57575d; trace=019fba77-bd35-7393-858a-a8d1ba57575d,id=019fba77-bd37-7b92-b31a-cbbae8039605; trace=019fba77-bd35-7393-858a-a8d1ba57575d,id=019fba77-bd37-7b92-b31a-cbbae8039605; trace=019fba77-bd35-7393-858a-a8d1ba57575d,id=019fba77-bd37-7b92-b31a-cbceab171bd0; trace=019fba77-bd35-7393-858a-a8d1ba57575d,id=019fba77-bdcc-7ac3-8e17-0b0db688c063; trace=019fba77-bd35-7393-858a-a8d1ba57575d,id=019fba77-bdcc-7ac3-8e17-0b0db688c063; trace=019fba77-bd35-7393-858a-a8d1ba57575d,id=019fba77-bd37-7b92-b31a-cbceab171bd0; trace=019fba77-bd35-7393-858a-a8d1ba57575d,id=019fba77-bdcd-7300-912a-ebc490a199bf; trace=019fba77-bd35-7393-858a-a8d1ba57575d,id=019fba77-bdcd-7300-912a-ebd9b81511ca
Failed to send compressed multipart ingest: langsmith.utils.LangSmithRateLimitError: Rate limit exceeded for https://api.smith.langchain.com/runs/multipart. HTTPError('429 Client Error: Too Many Requests for url: https://api.smith.langchain.com/runs/multipart', '{"error":"Too many requests: tenant exceeded usage limits: Monthly unique traces usage limit exceeded"}\n')trace=019fba77-bd35-7393-858a-a8d1ba57575d,id=019fba77-bdcd-7300-912a-ebd9b81511ca; trace=019fba77-bd35-7393-858a-a8d1ba57575d,id=019fba77-bdcd-7300-912a-ebc490a199bf; trace=019fba77-bd35-7393-858a-a8d1ba57575d,id=019fba77-d741-7e60-99d6-8b6f0c18842c; trace=019fba77-bd35-7393-858a-a8d1ba57575d,id=019fba77-d743-7a43-ad2e-f093f7b72a82
Failed to send compressed multipart ingest: langsmith.utils.LangSmithRateLimitError: Rate limit exceeded for https://api.smith.langchain.com/runs/multipart. HTTPError('429 Client Error: Too Many Requests for url: https://api.smith.langchain.com/runs/multipart', '{"error":"Too many requests: tenant exceeded usage limits: Monthly unique traces usage limit exceeded"}\n')trace=019fba77-bd35-7393-858a-a8d1ba57575d,id=019fba77-d743-7a43-ad2e-f093f7b72a82; trace=019fba77-bd35-7393-858a-a8d1ba57575d,id=019fba77-ec38-7a72-b8d4-314a77717e6b; trace=019fba77-bd35-7393-858a-a8d1ba57575d,id=019fba77-ec38-7a72-b8d4-314a77717e6b; trace=019fba77-bd35-7393-858a-a8d1ba57575d,id=019fba77-d741-7e60-99d6-8b6f0c18842c; trace=019fba77-bd35-7393-858a-a8d1ba57575d,id=019fba77-ec39-7331-8cc7-b1c0c88a0de0; trace=019fba77-bd35-7393-858a-a8d1ba57575d,id=019fba77-ec3a-7960-acf5-822d1ab55543
Failed to send compressed multipart ingest: langsmith.utils.LangSmithRateLimitError: Rate limit exceeded for https://api.smith.langchain.com/runs/multipart. HTTPError('429 Client Error: Too Many Requests for url: https://api.smith.langchain.com/runs/multipart', '{"error":"Too many requests: tenant exceeded usage limits: Monthly unique traces usage limit exceeded"}\n')trace=019fba77-bd35-7393-858a-a8d1ba57575d,id=019fba77-ec3a-7960-acf5-822d1ab55543; trace=019fba77-bd35-7393-858a-a8d1ba57575d,id=019fba77-ec39-7331-8cc7-b1c0c88a0de0; trace=019fba77-bd35-7393-858a-a8d1ba57575d,id=019fba78-038a-7092-9455-9909671b10aa; trace=019fba77-bd35-7393-858a-a8d1ba57575d,id=019fba78-038d-7e42-8253-7e67cfdb79bd
Failed to send compressed multipart ingest: langsmith.utils.LangSmithRateLimitError: Rate limit exceeded for https://api.smith.langchain.com/runs/multipart. HTTPError('429 Client Error: Too Many Requests for url: https://api.smith.langchain.com/runs/multipart', '{"error":"Too many requests: tenant exceeded usage limits: Monthly unique traces usage limit exceeded"}\n')trace=019fba77-bd35-7393-858a-a8d1ba57575d,id=019fba78-038d-7e42-8253-7e67cfdb79bd; trace=019fba77-bd35-7393-858a-a8d1ba57575d,id=019fba78-14dc-7920-bca2-e2f75517f634; trace=019fba77-bd35-7393-858a-a8d1ba57575d,id=019fba78-14dc-7920-bca2-e2f75517f634; trace=019fba77-bd35-7393-858a-a8d1ba57575d,id=019fba78-038a-7092-9455-9909671b10aa; trace=019fba77-bd35-7393-858a-a8d1ba57575d,id=019fba78-14de-7ba0-b0ec-d154ce0cadf6; trace=019fba77-bd35-7393-858a-a8d1ba57575d,id=019fba78-14de-7ba0-b0ec-d1692f3ec5b8
Failed to send compressed multipart ingest: langsmith.utils.LangSmithRateLimitError: Rate limit exceeded for https://api.smith.langchain.com/runs/multipart. HTTPError('429 Client Error: Too Many Requests for url: https://api.smith.langchain.com/runs/multipart', '{"error":"Too many requests: tenant exceeded usage limits: Monthly unique traces usage limit exceeded"}\n')trace=019fba77-bd35-7393-858a-a8d1ba57575d,id=019fba78-14de-7ba0-b0ec-d1692f3ec5b8; trace=019fba77-bd35-7393-858a-a8d1ba57575d,id=019fba78-14de-7ba0-b0ec-d154ce0cadf6; trace=019fba77-bd35-7393-858a-a8d1ba57575d,id=019fba78-2a0c-7151-8d7f-9c24544a537f; trace=019fba77-bd35-7393-858a-a8d1ba57575d,id=019fba78-2a0e-7a00-ba2c-c15e9ae58826
Failed to send compressed multipart ingest: langsmith.utils.LangSmithRateLimitError: Rate limit exceeded for https://api.smith.langchain.com/runs/multipart. HTTPError('429 Client Error: Too Many Requests for url: https://api.smith.langchain.com/runs/multipart', '{"error":"Too many requests: tenant exceeded usage limits: Monthly unique traces usage limit exceeded"}\n')trace=019fba77-bd35-7393-858a-a8d1ba57575d,id=019fba78-2a0e-7a00-ba2c-c15e9ae58826; trace=019fba77-bd35-7393-858a-a8d1ba57575d,id=019fba78-3bd9-79d0-b525-f14de449fa78; trace=019fba77-bd35-7393-858a-a8d1ba57575d,id=019fba78-3bd9-79d0-b525-f14de449fa78; trace=019fba77-bd35-7393-858a-a8d1ba57575d,id=019fba78-2a0c-7151-8d7f-9c24544a537f; trace=019fba77-bd35-7393-858a-a8d1ba57575d,id=019fba78-3bdb-7b93-8256-0ce05a365734; trace=019fba77-bd35-7393-858a-a8d1ba57575d,id=019fba78-3bdc-7a12-a632-b6d240d4ab73
Failed to send compressed multipart ingest: langsmith.utils.LangSmithRateLimitError: Rate limit exceeded for https://api.smith.langchain.com/runs/multipart. HTTPError('429 Client Error: Too Many Requests for url: https://api.smith.langchain.com/runs/multipart', '{"error":"Too many requests: tenant exceeded usage limits: Monthly unique traces usage limit exceeded"}\n')trace=019fba77-bd35-7393-858a-a8d1ba57575d,id=019fba78-3bdc-7a12-a632-b6d240d4ab73; trace=019fba77-bd35-7393-858a-a8d1ba57575d,id=019fba78-3bdb-7b93-8256-0ce05a365734; trace=019fba77-bd35-7393-858a-a8d1ba57575d,id=019fba78-596b-7c91-ae13-c5dfa5dcc7d9; trace=019fba77-bd35-7393-858a-a8d1ba57575d,id=019fba78-596d-70c3-b4a3-5239a1ca30e4
Failed to send compressed multipart ingest: langsmith.utils.LangSmithRateLimitError: Rate limit exceeded for https://api.smith.langchain.com/runs/multipart. HTTPError('429 Client Error: Too Many Requests for url: https://api.smith.langchain.com/runs/multipart', '{"error":"Too many requests: tenant exceeded usage limits: Monthly unique traces usage limit exceeded"}\n')trace=019fba77-bd35-7393-858a-a8d1ba57575d,id=019fba78-596d-70c3-b4a3-5239a1ca30e4; trace=019fba77-bd35-7393-858a-a8d1ba57575d,id=019fba78-6727-78e2-a1a0-a6be59ae0c45; trace=019fba77-bd35-7393-858a-a8d1ba57575d,id=019fba78-6727-78e2-a1a0-a6be59ae0c45; trace=019fba77-bd35-7393-858a-a8d1ba57575d,id=019fba78-596b-7c91-ae13-c5dfa5dcc7d9; trace=019fba77-bd35-7393-858a-a8d1ba57575d,id=019fba78-6728-7412-b550-5f2f730d3e16; trace=019fba77-bd35-7393-858a-a8d1ba57575d,id=019fba78-6729-7b30-9ca6-f17c47ff6f4c
Failed to send compressed multipart ingest: langsmith.utils.LangSmithRateLimitError: Rate limit exceeded for https://api.smith.langchain.com/runs/multipart. HTTPError('429 Client Error: Too Many Requests for url: https://api.smith.langchain.com/runs/multipart', '{"error":"Too many requests: tenant exceeded usage limits: Monthly unique traces usage limit exceeded"}\n')trace=019fba77-bd35-7393-858a-a8d1ba57575d,id=019fba78-6729-7b30-9ca6-f17c47ff6f4c; trace=019fba77-bd35-7393-858a-a8d1ba57575d,id=019fba78-6728-7412-b550-5f2f730d3e16; trace=019fba77-bd35-7393-858a-a8d1ba57575d,id=019fba78-8a64-7382-8da9-d96fa6a0cf3d; trace=019fba77-bd35-7393-858a-a8d1ba57575d,id=019fba78-8a66-79d1-b087-5c5fcec8d27c
Failed to send compressed multipart ingest: langsmith.utils.LangSmithRateLimitError: Rate limit exceeded for https://api.smith.langchain.com/runs/multipart. HTTPError('429 Client Error: Too Many Requests for url: https://api.smith.langchain.com/runs/multipart', '{"error":"Too many requests: tenant exceeded usage limits: Monthly unique traces usage limit exceeded"}\n')trace=019fba77-bd35-7393-858a-a8d1ba57575d,id=019fba78-8a66-79d1-b087-5c5fcec8d27c; trace=019fba77-bd35-7393-858a-a8d1ba57575d,id=019fba78-9a4e-7b92-bbd9-a5793c53dbd9; trace=019fba77-bd35-7393-858a-a8d1ba57575d,id=019fba78-9a4e-7b92-bbd9-a5793c53dbd9; trace=019fba77-bd35-7393-858a-a8d1ba57575d,id=019fba78-8a64-7382-8da9-d96fa6a0cf3d; trace=019fba77-bd35-7393-858a-a8d1ba57575d,id=019fba78-9a4f-79a0-adab-bfa6103bec31; trace=019fba77-bd35-7393-858a-a8d1ba57575d,id=019fba78-9a4f-79a0-adab-bfb7450fda9c
Failed to send compressed multipart ingest: langsmith.utils.LangSmithRateLimitError: Rate limit exceeded for https://api.smith.langchain.com/runs/multipart. HTTPError('429 Client Error: Too Many Requests for url: https://api.smith.langchain.com/runs/multipart', '{"error":"Too many requests: tenant exceeded usage limits: Monthly unique traces usage limit exceeded"}\n')trace=019fba77-bd35-7393-858a-a8d1ba57575d,id=019fba78-9a4f-79a0-adab-bfb7450fda9c; trace=019fba77-bd35-7393-858a-a8d1ba57575d,id=019fba78-9a4f-79a0-adab-bfa6103bec31; trace=019fba77-bd35-7393-858a-a8d1ba57575d,id=019fba78-bb3c-7ca0-8a9e-5420e71ad36f; trace=019fba77-bd35-7393-858a-a8d1ba57575d,id=019fba78-bb3e-7372-bc69-7efce553662a
Failed to send compressed multipart ingest: langsmith.utils.LangSmithRateLimitError: Rate limit exceeded for https://api.smith.langchain.com/runs/multipart. HTTPError('429 Client Error: Too Many Requests for url: https://api.smith.langchain.com/runs/multipart', '{"error":"Too many requests: tenant exceeded usage limits: Monthly unique traces usage limit exceeded"}\n')trace=019fba77-bd35-7393-858a-a8d1ba57575d,id=019fba78-bb3e-7372-bc69-7efce553662a; trace=019fba77-bd35-7393-858a-a8d1ba57575d,id=019fba78-d171-7412-8ae8-9618fbe82119; trace=019fba77-bd35-7393-858a-a8d1ba57575d,id=019fba78-d171-7412-8ae8-9618fbe82119; trace=019fba77-bd35-7393-858a-a8d1ba57575d,id=019fba78-bb3c-7ca0-8a9e-5420e71ad36f; trace=019fba77-bd35-7393-858a-a8d1ba57575d,id=019fba78-d172-7a93-8719-87cdb7739cd3; trace=019fba77-bd35-7393-858a-a8d1ba57575d,id=019fba78-d172-7a93-8719-87df32d6127c
Failed to send compressed multipart ingest: langsmith.utils.LangSmithRateLimitError: Rate limit exceeded for https://api.smith.langchain.com/runs/multipart. HTTPError('429 Client Error: Too Many Requests for url: https://api.smith.langchain.com/runs/multipart', '{"error":"Too many requests: tenant exceeded usage limits: Monthly unique traces usage limit exceeded"}\n')trace=019fba77-bd35-7393-858a-a8d1ba57575d,id=019fba78-d172-7a93-8719-87df32d6127c; trace=019fba77-bd35-7393-858a-a8d1ba57575d,id=019fba78-d172-7a93-8719-87cdb7739cd3; trace=019fba77-bd35-7393-858a-a8d1ba57575d,id=019fba79-0004-7772-80df-cfc1f7ff4b10; trace=019fba77-bd35-7393-858a-a8d1ba57575d,id=019fba79-0006-7c81-a414-ff4c1c7605b3
Calling Baseline Move server...
Calling Baseline Move server...
Calling Baseline Move server...
Calling Baseline Move server...
Calling Baseline Move server...
Calling Baseline Move server...
Calling Baseline Move server...
[baseline] 84/104 scenario_03_04 (repeat 4/4)
Failed to send compressed multipart ingest: langsmith.utils.LangSmithRateLimitError: Rate limit exceeded for https://api.smith.langchain.com/runs/multipart. HTTPError('429 Client Error: Too Many Requests for url: https://api.smith.langchain.com/runs/multipart', '{"error":"Too many requests: tenant exceeded usage limits: Monthly unique traces usage limit exceeded"}\n')trace=019fba77-bd35-7393-858a-a8d1ba57575d,id=019fba79-0006-7c81-a414-ff4c1c7605b3; trace=019fba77-bd35-7393-858a-a8d1ba57575d,id=019fba79-5d6e-7c43-804c-ff7e6e376dc8; trace=019fba77-bd35-7393-858a-a8d1ba57575d,id=019fba79-5d6e-7c43-804c-ff7e6e376dc8; trace=019fba77-bd35-7393-858a-a8d1ba57575d,id=019fba79-0004-7772-80df-cfc1f7ff4b10; trace=019fba77-bd35-7393-858a-a8d1ba57575d,id=019fba79-5d6f-7840-bc66-1574d629fc4a; trace=019fba77-bd35-7393-858a-a8d1ba57575d,id=019fba79-5d6f-7840-bc66-1574d629fc4a; trace=019fba77-bd35-7393-858a-a8d1ba57575d,id=019fba77-bd35-7393-858a-a8d1ba57575d; trace=019fba79-5edb-7302-b569-77757b9868c1,id=019fba79-5edb-7302-b569-77757b9868c1; trace=019fba79-5edb-7302-b569-77757b9868c1,id=019fba79-5edc-7503-80fa-b9a759bb56eb; trace=019fba79-5edb-7302-b569-77757b9868c1,id=019fba79-5edc-7503-80fa-b9a759bb56eb; trace=019fba79-5edb-7302-b569-77757b9868c1,id=019fba79-5edd-7c93-bfc3-7b60cb8499b5; trace=019fba79-5edb-7302-b569-77757b9868c1,id=019fba79-5f10-7e53-8184-5c99685a1214; trace=019fba79-5edb-7302-b569-77757b9868c1,id=019fba79-5f10-7e53-8184-5c99685a1214; trace=019fba79-5edb-7302-b569-77757b9868c1,id=019fba79-5edd-7c93-bfc3-7b60cb8499b5; trace=019fba79-5edb-7302-b569-77757b9868c1,id=019fba79-5f11-7591-b99f-3acc0868b842; trace=019fba79-5edb-7302-b569-77757b9868c1,id=019fba79-5f11-7591-b99f-3adda7a3383c
Failed to send compressed multipart ingest: langsmith.utils.LangSmithRateLimitError: Rate limit exceeded for https://api.smith.langchain.com/runs/multipart. HTTPError('429 Client Error: Too Many Requests for url: https://api.smith.langchain.com/runs/multipart', '{"error":"Too many requests: tenant exceeded usage limits: Monthly unique traces usage limit exceeded"}\n')trace=019fba79-5edb-7302-b569-77757b9868c1,id=019fba79-5f11-7591-b99f-3adda7a3383c; trace=019fba79-5edb-7302-b569-77757b9868c1,id=019fba79-5f11-7591-b99f-3acc0868b842; trace=019fba79-5edb-7302-b569-77757b9868c1,id=019fba79-82a3-7542-9fd1-404401434919; trace=019fba79-5edb-7302-b569-77757b9868c1,id=019fba79-82a4-7d40-b3a7-56ba4458516f
Failed to send compressed multipart ingest: langsmith.utils.LangSmithRateLimitError: Rate limit exceeded for https://api.smith.langchain.com/runs/multipart. HTTPError('429 Client Error: Too Many Requests for url: https://api.smith.langchain.com/runs/multipart', '{"error":"Too many requests: tenant exceeded usage limits: Monthly unique traces usage limit exceeded"}\n')trace=019fba79-5edb-7302-b569-77757b9868c1,id=019fba79-82a4-7d40-b3a7-56ba4458516f; trace=019fba79-5edb-7302-b569-77757b9868c1,id=019fba79-9a57-79f2-a4f1-c60ff86cf840; trace=019fba79-5edb-7302-b569-77757b9868c1,id=019fba79-9a57-79f2-a4f1-c60ff86cf840; trace=019fba79-5edb-7302-b569-77757b9868c1,id=019fba79-82a3-7542-9fd1-404401434919; trace=019fba79-5edb-7302-b569-77757b9868c1,id=019fba79-9a58-70e0-a2e6-0431f5b12301; trace=019fba79-5edb-7302-b569-77757b9868c1,id=019fba79-9a58-70e0-a2e6-044de0871f89
Failed to send compressed multipart ingest: langsmith.utils.LangSmithRateLimitError: Rate limit exceeded for https://api.smith.langchain.com/runs/multipart. HTTPError('429 Client Error: Too Many Requests for url: https://api.smith.langchain.com/runs/multipart', '{"error":"Too many requests: tenant exceeded usage limits: Monthly unique traces usage limit exceeded"}\n')trace=019fba79-5edb-7302-b569-77757b9868c1,id=019fba79-9a58-70e0-a2e6-044de0871f89; trace=019fba79-5edb-7302-b569-77757b9868c1,id=019fba79-9a58-70e0-a2e6-0431f5b12301; trace=019fba79-5edb-7302-b569-77757b9868c1,id=019fba79-bcbf-72d2-98d2-bf5e0bc2f93e; trace=019fba79-5edb-7302-b569-77757b9868c1,id=019fba79-bcc1-78c2-b732-db81615337dc
Failed to send compressed multipart ingest: langsmith.utils.LangSmithRateLimitError: Rate limit exceeded for https://api.smith.langchain.com/runs/multipart. HTTPError('429 Client Error: Too Many Requests for url: https://api.smith.langchain.com/runs/multipart', '{"error":"Too many requests: tenant exceeded usage limits: Monthly unique traces usage limit exceeded"}\n')trace=019fba79-5edb-7302-b569-77757b9868c1,id=019fba79-bcc1-78c2-b732-db81615337dc; trace=019fba79-5edb-7302-b569-77757b9868c1,id=019fba79-d7a0-7370-8f83-126f7dd14330; trace=019fba79-5edb-7302-b569-77757b9868c1,id=019fba79-d7a0-7370-8f83-126f7dd14330; trace=019fba79-5edb-7302-b569-77757b9868c1,id=019fba79-bcbf-72d2-98d2-bf5e0bc2f93e; trace=019fba79-5edb-7302-b569-77757b9868c1,id=019fba79-d7a1-7df0-9c68-5643304401ed; trace=019fba79-5edb-7302-b569-77757b9868c1,id=019fba79-d7a1-7df0-9c68-56505fbe98fd
Failed to send compressed multipart ingest: langsmith.utils.LangSmithRateLimitError: Rate limit exceeded for https://api.smith.langchain.com/runs/multipart. HTTPError('429 Client Error: Too Many Requests for url: https://api.smith.langchain.com/runs/multipart', '{"error":"Too many requests: tenant exceeded usage limits: Monthly unique traces usage limit exceeded"}\n')trace=019fba79-5edb-7302-b569-77757b9868c1,id=019fba79-d7a1-7df0-9c68-56505fbe98fd; trace=019fba79-5edb-7302-b569-77757b9868c1,id=019fba79-d7a1-7df0-9c68-5643304401ed; trace=019fba79-5edb-7302-b569-77757b9868c1,id=019fba79-f0a9-7040-854a-d41445ac6bf5; trace=019fba79-5edb-7302-b569-77757b9868c1,id=019fba79-f0ab-70b1-97b6-c6f5352ab8be
Failed to send compressed multipart ingest: langsmith.utils.LangSmithRateLimitError: Rate limit exceeded for https://api.smith.langchain.com/runs/multipart. HTTPError('429 Client Error: Too Many Requests for url: https://api.smith.langchain.com/runs/multipart', '{"error":"Too many requests: tenant exceeded usage limits: Monthly unique traces usage limit exceeded"}\n')trace=019fba79-5edb-7302-b569-77757b9868c1,id=019fba79-f0ab-70b1-97b6-c6f5352ab8be; trace=019fba79-5edb-7302-b569-77757b9868c1,id=019fba7a-0a6a-7cc0-ba5a-99eef4aa7034; trace=019fba79-5edb-7302-b569-77757b9868c1,id=019fba7a-0a6a-7cc0-ba5a-99eef4aa7034; trace=019fba79-5edb-7302-b569-77757b9868c1,id=019fba79-f0a9-7040-854a-d41445ac6bf5; trace=019fba79-5edb-7302-b569-77757b9868c1,id=019fba7a-0a6b-7b32-a442-95c81a9b95c4; trace=019fba79-5edb-7302-b569-77757b9868c1,id=019fba7a-0a6c-7502-8a6c-8febf6ad7842
Failed to send compressed multipart ingest: langsmith.utils.LangSmithRateLimitError: Rate limit exceeded for https://api.smith.langchain.com/runs/multipart. HTTPError('429 Client Error: Too Many Requests for url: https://api.smith.langchain.com/runs/multipart', '{"error":"Too many requests: tenant exceeded usage limits: Monthly unique traces usage limit exceeded"}\n')trace=019fba79-5edb-7302-b569-77757b9868c1,id=019fba7a-0a6c-7502-8a6c-8febf6ad7842; trace=019fba79-5edb-7302-b569-77757b9868c1,id=019fba7a-0a6b-7b32-a442-95c81a9b95c4; trace=019fba79-5edb-7302-b569-77757b9868c1,id=019fba7a-26c7-7371-a8cf-dc3e92a782e0; trace=019fba79-5edb-7302-b569-77757b9868c1,id=019fba7a-26c8-78f0-962b-77e9f94f24cb
Failed to send compressed multipart ingest: langsmith.utils.LangSmithRateLimitError: Rate limit exceeded for https://api.smith.langchain.com/runs/multipart. HTTPError('429 Client Error: Too Many Requests for url: https://api.smith.langchain.com/runs/multipart', '{"error":"Too many requests: tenant exceeded usage limits: Monthly unique traces usage limit exceeded"}\n')trace=019fba79-5edb-7302-b569-77757b9868c1,id=019fba7a-26c8-78f0-962b-77e9f94f24cb; trace=019fba79-5edb-7302-b569-77757b9868c1,id=019fba7a-470b-7ae2-a7bd-349759baff85; trace=019fba79-5edb-7302-b569-77757b9868c1,id=019fba7a-470b-7ae2-a7bd-349759baff85; trace=019fba79-5edb-7302-b569-77757b9868c1,id=019fba7a-26c7-7371-a8cf-dc3e92a782e0; trace=019fba79-5edb-7302-b569-77757b9868c1,id=019fba7a-470c-7781-ab10-76dbcb8e531a; trace=019fba79-5edb-7302-b569-77757b9868c1,id=019fba7a-470c-7781-ab10-76e5ed5e6cb2
Failed to send compressed multipart ingest: langsmith.utils.LangSmithRateLimitError: Rate limit exceeded for https://api.smith.langchain.com/runs/multipart. HTTPError('429 Client Error: Too Many Requests for url: https://api.smith.langchain.com/runs/multipart', '{"error":"Too many requests: tenant exceeded usage limits: Monthly unique traces usage limit exceeded"}\n')trace=019fba79-5edb-7302-b569-77757b9868c1,id=019fba7a-470c-7781-ab10-76e5ed5e6cb2; trace=019fba79-5edb-7302-b569-77757b9868c1,id=019fba7a-470c-7781-ab10-76dbcb8e531a; trace=019fba79-5edb-7302-b569-77757b9868c1,id=019fba7a-7774-7023-a10d-2c42bb9b84ba; trace=019fba79-5edb-7302-b569-77757b9868c1,id=019fba7a-7776-79c1-8b97-c0ce243b7335
Failed to send compressed multipart ingest: langsmith.utils.LangSmithRateLimitError: Rate limit exceeded for https://api.smith.langchain.com/runs/multipart. HTTPError('429 Client Error: Too Many Requests for url: https://api.smith.langchain.com/runs/multipart', '{"error":"Too many requests: tenant exceeded usage limits: Monthly unique traces usage limit exceeded"}\n')trace=019fba79-5edb-7302-b569-77757b9868c1,id=019fba7a-7776-79c1-8b97-c0ce243b7335; trace=019fba79-5edb-7302-b569-77757b9868c1,id=019fba7a-b34c-7b00-b773-3718027618bf; trace=019fba79-5edb-7302-b569-77757b9868c1,id=019fba7a-b34c-7b00-b773-3718027618bf; trace=019fba79-5edb-7302-b569-77757b9868c1,id=019fba7a-7774-7023-a10d-2c42bb9b84ba; trace=019fba79-5edb-7302-b569-77757b9868c1,id=019fba7a-b34e-7621-a536-4c66fe51705a; trace=019fba79-5edb-7302-b569-77757b9868c1,id=019fba7a-b34e-7621-a536-4c7ce5ade6dc
Failed to send compressed multipart ingest: langsmith.utils.LangSmithRateLimitError: Rate limit exceeded for https://api.smith.langchain.com/runs/multipart. HTTPError('429 Client Error: Too Many Requests for url: https://api.smith.langchain.com/runs/multipart', '{"error":"Too many requests: tenant exceeded usage limits: Monthly unique traces usage limit exceeded"}\n')trace=019fba79-5edb-7302-b569-77757b9868c1,id=019fba7a-b34e-7621-a536-4c7ce5ade6dc; trace=019fba79-5edb-7302-b569-77757b9868c1,id=019fba7a-b34e-7621-a536-4c66fe51705a; trace=019fba79-5edb-7302-b569-77757b9868c1,id=019fba7a-d7cb-75d0-85a4-3e30c784488a; trace=019fba79-5edb-7302-b569-77757b9868c1,id=019fba7a-d7cd-7b80-b94b-d36e7ade41b7
Calling Baseline Move server...
Calling Baseline Move server...
Calling Baseline Move server...
Calling Baseline Move server...
Calling Baseline Move server...
Calling Baseline Move server...
[baseline] 85/104 scenario_03_05 (repeat 1/4)
Failed to send compressed multipart ingest: langsmith.utils.LangSmithRateLimitError: Rate limit exceeded for https://api.smith.langchain.com/runs/multipart. HTTPError('429 Client Error: Too Many Requests for url: https://api.smith.langchain.com/runs/multipart', '{"error":"Too many requests: tenant exceeded usage limits: Monthly unique traces usage limit exceeded"}\n')trace=019fba79-5edb-7302-b569-77757b9868c1,id=019fba7a-d7cd-7b80-b94b-d36e7ade41b7; trace=019fba79-5edb-7302-b569-77757b9868c1,id=019fba7b-17b4-7bb0-9108-f134314e7e80; trace=019fba79-5edb-7302-b569-77757b9868c1,id=019fba7b-17b4-7bb0-9108-f134314e7e80; trace=019fba79-5edb-7302-b569-77757b9868c1,id=019fba7a-d7cb-75d0-85a4-3e30c784488a; trace=019fba79-5edb-7302-b569-77757b9868c1,id=019fba7b-17b5-75c1-88d1-39501696a6e2; trace=019fba79-5edb-7302-b569-77757b9868c1,id=019fba7b-17b5-75c1-88d1-39501696a6e2; trace=019fba79-5edb-7302-b569-77757b9868c1,id=019fba79-5edb-7302-b569-77757b9868c1; trace=019fba7b-18c9-73c3-9162-44e23226d88d,id=019fba7b-18c9-73c3-9162-44e23226d88d; trace=019fba7b-18c9-73c3-9162-44e23226d88d,id=019fba7b-18ca-7a23-97ad-bb595ede5f12; trace=019fba7b-18c9-73c3-9162-44e23226d88d,id=019fba7b-18ca-7a23-97ad-bb595ede5f12; trace=019fba7b-18c9-73c3-9162-44e23226d88d,id=019fba7b-18ca-7a23-97ad-bb6bab3fcd7f; trace=019fba7b-18c9-73c3-9162-44e23226d88d,id=019fba7b-192d-70c0-8127-938a0fb32a9d; trace=019fba7b-18c9-73c3-9162-44e23226d88d,id=019fba7b-192d-70c0-8127-938a0fb32a9d; trace=019fba7b-18c9-73c3-9162-44e23226d88d,id=019fba7b-18ca-7a23-97ad-bb6bab3fcd7f; trace=019fba7b-18c9-73c3-9162-44e23226d88d,id=019fba7b-192e-7510-9df2-33a5039b6500; trace=019fba7b-18c9-73c3-9162-44e23226d88d,id=019fba7b-192e-7510-9df2-33b87288ffba
Failed to send compressed multipart ingest: langsmith.utils.LangSmithRateLimitError: Rate limit exceeded for https://api.smith.langchain.com/runs/multipart. HTTPError('429 Client Error: Too Many Requests for url: https://api.smith.langchain.com/runs/multipart', '{"error":"Too many requests: tenant exceeded usage limits: Monthly unique traces usage limit exceeded"}\n')trace=019fba7b-18c9-73c3-9162-44e23226d88d,id=019fba7b-192e-7510-9df2-33b87288ffba; trace=019fba7b-18c9-73c3-9162-44e23226d88d,id=019fba7b-192e-7510-9df2-33a5039b6500; trace=019fba7b-18c9-73c3-9162-44e23226d88d,id=019fba7b-3f65-7a53-b7bb-b030e6e04c27; trace=019fba7b-18c9-73c3-9162-44e23226d88d,id=019fba7b-3f67-7f21-ab79-578e1228a454
Failed to send compressed multipart ingest: langsmith.utils.LangSmithRateLimitError: Rate limit exceeded for https://api.smith.langchain.com/runs/multipart. HTTPError('429 Client Error: Too Many Requests for url: https://api.smith.langchain.com/runs/multipart', '{"error":"Too many requests: tenant exceeded usage limits: Monthly unique traces usage limit exceeded"}\n')trace=019fba7b-18c9-73c3-9162-44e23226d88d,id=019fba7b-3f67-7f21-ab79-578e1228a454; trace=019fba7b-18c9-73c3-9162-44e23226d88d,id=019fba7b-8711-7b10-92e4-2dac000841a9; trace=019fba7b-18c9-73c3-9162-44e23226d88d,id=019fba7b-8711-7b10-92e4-2dac000841a9; trace=019fba7b-18c9-73c3-9162-44e23226d88d,id=019fba7b-3f65-7a53-b7bb-b030e6e04c27; trace=019fba7b-18c9-73c3-9162-44e23226d88d,id=019fba7b-8712-7f40-a5bc-345f41f3e910; trace=019fba7b-18c9-73c3-9162-44e23226d88d,id=019fba7b-8712-7f40-a5bc-3460a9fe3db9
Calling Baseline Move server...
[baseline] 86/104 scenario_03_05 (repeat 2/4)
Failed to send compressed multipart ingest: langsmith.utils.LangSmithRateLimitError: Rate limit exceeded for https://api.smith.langchain.com/runs/multipart. HTTPError('429 Client Error: Too Many Requests for url: https://api.smith.langchain.com/runs/multipart', '{"error":"Too many requests: tenant exceeded usage limits: Monthly unique traces usage limit exceeded"}\n')trace=019fba7b-18c9-73c3-9162-44e23226d88d,id=019fba7b-8712-7f40-a5bc-3460a9fe3db9; trace=019fba7b-18c9-73c3-9162-44e23226d88d,id=019fba7b-8712-7f40-a5bc-345f41f3e910; trace=019fba7b-18c9-73c3-9162-44e23226d88d,id=019fba7b-18c9-73c3-9162-44e23226d88d; trace=019fba7b-ca97-7030-a6e7-14d31b603287,id=019fba7b-ca97-7030-a6e7-14d31b603287; trace=019fba7b-ca97-7030-a6e7-14d31b603287,id=019fba7b-ca97-7030-a6e7-14e3ea87ab60; trace=019fba7b-ca97-7030-a6e7-14d31b603287,id=019fba7b-ca97-7030-a6e7-14e3ea87ab60; trace=019fba7b-ca97-7030-a6e7-14d31b603287,id=019fba7b-ca98-7da0-9235-0cce04bdc6e5; trace=019fba7b-ca97-7030-a6e7-14d31b603287,id=019fba7b-cb29-7031-9f5a-56a4721f3835; trace=019fba7b-ca97-7030-a6e7-14d31b603287,id=019fba7b-cb29-7031-9f5a-56a4721f3835; trace=019fba7b-ca97-7030-a6e7-14d31b603287,id=019fba7b-ca98-7da0-9235-0cce04bdc6e5; trace=019fba7b-ca97-7030-a6e7-14d31b603287,id=019fba7b-cb2a-7ad2-b5ef-b89afb6f79fd; trace=019fba7b-ca97-7030-a6e7-14d31b603287,id=019fba7b-cb2b-7d10-a6cf-a71913e45843
Failed to send compressed multipart ingest: langsmith.utils.LangSmithRateLimitError: Rate limit exceeded for https://api.smith.langchain.com/runs/multipart. HTTPError('429 Client Error: Too Many Requests for url: https://api.smith.langchain.com/runs/multipart', '{"error":"Too many requests: tenant exceeded usage limits: Monthly unique traces usage limit exceeded"}\n')trace=019fba7b-ca97-7030-a6e7-14d31b603287,id=019fba7b-cb2b-7d10-a6cf-a71913e45843; trace=019fba7b-ca97-7030-a6e7-14d31b603287,id=019fba7b-cb2a-7ad2-b5ef-b89afb6f79fd; trace=019fba7b-ca97-7030-a6e7-14d31b603287,id=019fba7c-1f81-7040-984e-0fbf8dd4b04a; trace=019fba7b-ca97-7030-a6e7-14d31b603287,id=019fba7c-1f83-7892-9324-4f60ed1b6ce7
Failed to send compressed multipart ingest: langsmith.utils.LangSmithRateLimitError: Rate limit exceeded for https://api.smith.langchain.com/runs/multipart. HTTPError('429 Client Error: Too Many Requests for url: https://api.smith.langchain.com/runs/multipart', '{"error":"Too many requests: tenant exceeded usage limits: Monthly unique traces usage limit exceeded"}\n')trace=019fba7b-ca97-7030-a6e7-14d31b603287,id=019fba7c-1f83-7892-9324-4f60ed1b6ce7
Failed to send compressed multipart ingest: langsmith.utils.LangSmithRateLimitError: Rate limit exceeded for https://api.smith.langchain.com/runs/multipart. HTTPError('429 Client Error: Too Many Requests for url: https://api.smith.langchain.com/runs/multipart', '{"error":"Too many requests: tenant exceeded usage limits: Monthly unique traces usage limit exceeded"}\n')trace=019fba7b-ca97-7030-a6e7-14d31b603287,id=019fba7c-4056-7422-8127-053b7163c644; trace=019fba7b-ca97-7030-a6e7-14d31b603287,id=019fba7c-4056-7422-8127-053b7163c644; trace=019fba7b-ca97-7030-a6e7-14d31b603287,id=019fba7c-1f81-7040-984e-0fbf8dd4b04a; trace=019fba7b-ca97-7030-a6e7-14d31b603287,id=019fba7c-405b-7681-9dba-cfca9e0cf45d; trace=019fba7b-ca97-7030-a6e7-14d31b603287,id=019fba7c-405b-7681-9dba-cfdaf5b0e450
Failed to send compressed multipart ingest: langsmith.utils.LangSmithRateLimitError: Rate limit exceeded for https://api.smith.langchain.com/runs/multipart. HTTPError('429 Client Error: Too Many Requests for url: https://api.smith.langchain.com/runs/multipart', '{"error":"Too many requests: tenant exceeded usage limits: Monthly unique traces usage limit exceeded"}\n')trace=019fba7b-ca97-7030-a6e7-14d31b603287,id=019fba7c-405b-7681-9dba-cfdaf5b0e450; trace=019fba7b-ca97-7030-a6e7-14d31b603287,id=019fba7c-405b-7681-9dba-cfca9e0cf45d; trace=019fba7b-ca97-7030-a6e7-14d31b603287,id=019fba7c-6e76-77a3-a455-f25d5b19b308; trace=019fba7b-ca97-7030-a6e7-14d31b603287,id=019fba7c-6e78-77f0-952c-0b90f337b07a
Failed to send compressed multipart ingest: langsmith.utils.LangSmithRateLimitError: Rate limit exceeded for https://api.smith.langchain.com/runs/multipart. HTTPError('429 Client Error: Too Many Requests for url: https://api.smith.langchain.com/runs/multipart', '{"error":"Too many requests: tenant exceeded usage limits: Monthly unique traces usage limit exceeded"}\n')trace=019fba7b-ca97-7030-a6e7-14d31b603287,id=019fba7c-6e78-77f0-952c-0b90f337b07a; trace=019fba7b-ca97-7030-a6e7-14d31b603287,id=019fba7c-8ac0-7943-8083-395de9711cb8; trace=019fba7b-ca97-7030-a6e7-14d31b603287,id=019fba7c-8ac0-7943-8083-395de9711cb8; trace=019fba7b-ca97-7030-a6e7-14d31b603287,id=019fba7c-6e76-77a3-a455-f25d5b19b308; trace=019fba7b-ca97-7030-a6e7-14d31b603287,id=019fba7c-8ac2-7f03-956e-f5dd5ea23fc3; trace=019fba7b-ca97-7030-a6e7-14d31b603287,id=019fba7c-8ac2-7f03-956e-f5eda70fb91a
Failed to send compressed multipart ingest: langsmith.utils.LangSmithRateLimitError: Rate limit exceeded for https://api.smith.langchain.com/runs/multipart. HTTPError('429 Client Error: Too Many Requests for url: https://api.smith.langchain.com/runs/multipart', '{"error":"Too many requests: tenant exceeded usage limits: Monthly unique traces usage limit exceeded"}\n')trace=019fba7b-ca97-7030-a6e7-14d31b603287,id=019fba7c-8ac2-7f03-956e-f5eda70fb91a; trace=019fba7b-ca97-7030-a6e7-14d31b603287,id=019fba7c-8ac2-7f03-956e-f5dd5ea23fc3; trace=019fba7b-ca97-7030-a6e7-14d31b603287,id=019fba7c-aab7-7e80-8939-37e5a4024f21; trace=019fba7b-ca97-7030-a6e7-14d31b603287,id=019fba7c-aab9-78a0-8ded-1a29299d3e7e
Failed to send compressed multipart ingest: langsmith.utils.LangSmithRateLimitError: Rate limit exceeded for https://api.smith.langchain.com/runs/multipart. HTTPError('429 Client Error: Too Many Requests for url: https://api.smith.langchain.com/runs/multipart', '{"error":"Too many requests: tenant exceeded usage limits: Monthly unique traces usage limit exceeded"}\n')trace=019fba7b-ca97-7030-a6e7-14d31b603287,id=019fba7c-aab9-78a0-8ded-1a29299d3e7e; trace=019fba7b-ca97-7030-a6e7-14d31b603287,id=019fba7c-cb07-7610-9148-170a18b863a5; trace=019fba7b-ca97-7030-a6e7-14d31b603287,id=019fba7c-cb07-7610-9148-170a18b863a5; trace=019fba7b-ca97-7030-a6e7-14d31b603287,id=019fba7c-aab7-7e80-8939-37e5a4024f21; trace=019fba7b-ca97-7030-a6e7-14d31b603287,id=019fba7c-cb08-7e53-a614-2ae5d4187517; trace=019fba7b-ca97-7030-a6e7-14d31b603287,id=019fba7c-cb09-7df0-a4f6-ab3d86aa7d7a
Failed to send compressed multipart ingest: langsmith.utils.LangSmithRateLimitError: Rate limit exceeded for https://api.smith.langchain.com/runs/multipart. HTTPError('429 Client Error: Too Many Requests for url: https://api.smith.langchain.com/runs/multipart', '{"error":"Too many requests: tenant exceeded usage limits: Monthly unique traces usage limit exceeded"}\n')trace=019fba7b-ca97-7030-a6e7-14d31b603287,id=019fba7c-cb09-7df0-a4f6-ab3d86aa7d7a; trace=019fba7b-ca97-7030-a6e7-14d31b603287,id=019fba7c-cb08-7e53-a614-2ae5d4187517; trace=019fba7b-ca97-7030-a6e7-14d31b603287,id=019fba7d-58c9-79c2-96f9-438c9b843064; trace=019fba7b-ca97-7030-a6e7-14d31b603287,id=019fba7d-58cb-7fb0-91f0-df4ddf15c84a
Failed to send compressed multipart ingest: langsmith.utils.LangSmithRateLimitError: Rate limit exceeded for https://api.smith.langchain.com/runs/multipart. HTTPError('429 Client Error: Too Many Requests for url: https://api.smith.langchain.com/runs/multipart', '{"error":"Too many requests: tenant exceeded usage limits: Monthly unique traces usage limit exceeded"}\n')trace=019fba7b-ca97-7030-a6e7-14d31b603287,id=019fba7d-58cb-7fb0-91f0-df4ddf15c84a; trace=019fba7b-ca97-7030-a6e7-14d31b603287,id=019fba7d-7693-7183-a097-15a4f353b739; trace=019fba7b-ca97-7030-a6e7-14d31b603287,id=019fba7d-7693-7183-a097-15a4f353b739; trace=019fba7b-ca97-7030-a6e7-14d31b603287,id=019fba7d-58c9-79c2-96f9-438c9b843064; trace=019fba7b-ca97-7030-a6e7-14d31b603287,id=019fba7d-7694-7e70-bbdf-406e30c40ebc; trace=019fba7b-ca97-7030-a6e7-14d31b603287,id=019fba7d-7695-71e0-bd42-d5474eea1fe0
Failed to send compressed multipart ingest: langsmith.utils.LangSmithRateLimitError: Rate limit exceeded for https://api.smith.langchain.com/runs/multipart. HTTPError('429 Client Error: Too Many Requests for url: https://api.smith.langchain.com/runs/multipart', '{"error":"Too many requests: tenant exceeded usage limits: Monthly unique traces usage limit exceeded"}\n')trace=019fba7b-ca97-7030-a6e7-14d31b603287,id=019fba7d-7695-71e0-bd42-d5474eea1fe0; trace=019fba7b-ca97-7030-a6e7-14d31b603287,id=019fba7d-7694-7e70-bbdf-406e30c40ebc; trace=019fba7b-ca97-7030-a6e7-14d31b603287,id=019fba7d-a22c-7322-b806-5cdd8cfca647; trace=019fba7b-ca97-7030-a6e7-14d31b603287,id=019fba7d-a22e-7c93-9503-448a9b06dae5
Failed to send compressed multipart ingest: langsmith.utils.LangSmithRateLimitError: Rate limit exceeded for https://api.smith.langchain.com/runs/multipart. HTTPError('429 Client Error: Too Many Requests for url: https://api.smith.langchain.com/runs/multipart', '{"error":"Too many requests: tenant exceeded usage limits: Monthly unique traces usage limit exceeded"}\n')trace=019fba7b-ca97-7030-a6e7-14d31b603287,id=019fba7d-a22e-7c93-9503-448a9b06dae5; trace=019fba7b-ca97-7030-a6e7-14d31b603287,id=019fba7d-bed1-7c33-a055-6c2c841c3388; trace=019fba7b-ca97-7030-a6e7-14d31b603287,id=019fba7d-bed1-7c33-a055-6c2c841c3388; trace=019fba7b-ca97-7030-a6e7-14d31b603287,id=019fba7d-a22c-7322-b806-5cdd8cfca647; trace=019fba7b-ca97-7030-a6e7-14d31b603287,id=019fba7d-bed2-7892-8100-ee2fed50b680; trace=019fba7b-ca97-7030-a6e7-14d31b603287,id=019fba7d-bed3-7dc0-9c76-ca4ee5738482
Failed to send compressed multipart ingest: langsmith.utils.LangSmithRateLimitError: Rate limit exceeded for https://api.smith.langchain.com/runs/multipart. HTTPError('429 Client Error: Too Many Requests for url: https://api.smith.langchain.com/runs/multipart', '{"error":"Too many requests: tenant exceeded usage limits: Monthly unique traces usage limit exceeded"}\n')trace=019fba7b-ca97-7030-a6e7-14d31b603287,id=019fba7d-bed3-7dc0-9c76-ca4ee5738482; trace=019fba7b-ca97-7030-a6e7-14d31b603287,id=019fba7d-bed2-7892-8100-ee2fed50b680; trace=019fba7b-ca97-7030-a6e7-14d31b603287,id=019fba7d-e212-7090-a775-32bf918325d7; trace=019fba7b-ca97-7030-a6e7-14d31b603287,id=019fba7d-e214-7103-bbac-9b40d55c2be9
Failed to send compressed multipart ingest: langsmith.utils.LangSmithRateLimitError: Rate limit exceeded for https://api.smith.langchain.com/runs/multipart. HTTPError('429 Client Error: Too Many Requests for url: https://api.smith.langchain.com/runs/multipart', '{"error":"Too many requests: tenant exceeded usage limits: Monthly unique traces usage limit exceeded"}\n')trace=019fba7b-ca97-7030-a6e7-14d31b603287,id=019fba7d-e214-7103-bbac-9b40d55c2be9; trace=019fba7b-ca97-7030-a6e7-14d31b603287,id=019fba7d-fd92-7773-9135-0c032de744e5; trace=019fba7b-ca97-7030-a6e7-14d31b603287,id=019fba7d-fd92-7773-9135-0c032de744e5; trace=019fba7b-ca97-7030-a6e7-14d31b603287,id=019fba7d-e212-7090-a775-32bf918325d7; trace=019fba7b-ca97-7030-a6e7-14d31b603287,id=019fba7d-fd93-7e92-b2d6-0e8838a5381f; trace=019fba7b-ca97-7030-a6e7-14d31b603287,id=019fba7d-fd94-7a83-af1d-e23936a406f3
Failed to send compressed multipart ingest: langsmith.utils.LangSmithRateLimitError: Rate limit exceeded for https://api.smith.langchain.com/runs/multipart. HTTPError('429 Client Error: Too Many Requests for url: https://api.smith.langchain.com/runs/multipart', '{"error":"Too many requests: tenant exceeded usage limits: Monthly unique traces usage limit exceeded"}\n')trace=019fba7b-ca97-7030-a6e7-14d31b603287,id=019fba7d-fd94-7a83-af1d-e23936a406f3; trace=019fba7b-ca97-7030-a6e7-14d31b603287,id=019fba7d-fd93-7e92-b2d6-0e8838a5381f; trace=019fba7b-ca97-7030-a6e7-14d31b603287,id=019fba7e-3f73-7951-b0ab-818cbccc4bf5; trace=019fba7b-ca97-7030-a6e7-14d31b603287,id=019fba7e-3f75-70b1-b94b-4dc99c4aa4ae
Failed to send compressed multipart ingest: langsmith.utils.LangSmithRateLimitError: Rate limit exceeded for https://api.smith.langchain.com/runs/multipart. HTTPError('429 Client Error: Too Many Requests for url: https://api.smith.langchain.com/runs/multipart', '{"error":"Too many requests: tenant exceeded usage limits: Monthly unique traces usage limit exceeded"}\n')trace=019fba7b-ca97-7030-a6e7-14d31b603287,id=019fba7e-3f75-70b1-b94b-4dc99c4aa4ae; trace=019fba7b-ca97-7030-a6e7-14d31b603287,id=019fba7e-6121-7872-a5d4-2a900975e5d4; trace=019fba7b-ca97-7030-a6e7-14d31b603287,id=019fba7e-6121-7872-a5d4-2a900975e5d4; trace=019fba7b-ca97-7030-a6e7-14d31b603287,id=019fba7e-3f73-7951-b0ab-818cbccc4bf5; trace=019fba7b-ca97-7030-a6e7-14d31b603287,id=019fba7e-6122-7663-8686-5ffb16027fb1; trace=019fba7b-ca97-7030-a6e7-14d31b603287,id=019fba7e-6123-7803-9bfb-9097ed27ab56
Failed to send compressed multipart ingest: langsmith.utils.LangSmithRateLimitError: Rate limit exceeded for https://api.smith.langchain.com/runs/multipart. HTTPError('429 Client Error: Too Many Requests for url: https://api.smith.langchain.com/runs/multipart', '{"error":"Too many requests: tenant exceeded usage limits: Monthly unique traces usage limit exceeded"}\n')trace=019fba7b-ca97-7030-a6e7-14d31b603287,id=019fba7e-6123-7803-9bfb-9097ed27ab56; trace=019fba7b-ca97-7030-a6e7-14d31b603287,id=019fba7e-6122-7663-8686-5ffb16027fb1; trace=019fba7b-ca97-7030-a6e7-14d31b603287,id=019fba7e-7c99-7120-bd2c-0e7d720bdd05; trace=019fba7b-ca97-7030-a6e7-14d31b603287,id=019fba7e-7c9b-75b2-8f4c-19d358a6f439
Calling Baseline Move server...
Calling Baseline Move server...
Calling Baseline Move server...
Calling Baseline Move server...
Calling Baseline Move server...
Calling Baseline Move server...
Calling Baseline Move server...
Calling Baseline Move server...
[baseline] 87/104 scenario_03_05 (repeat 3/4)
Failed to send compressed multipart ingest: langsmith.utils.LangSmithRateLimitError: Rate limit exceeded for https://api.smith.langchain.com/runs/multipart. HTTPError('429 Client Error: Too Many Requests for url: https://api.smith.langchain.com/runs/multipart', '{"error":"Too many requests: tenant exceeded usage limits: Monthly unique traces usage limit exceeded"}\n')trace=019fba7b-ca97-7030-a6e7-14d31b603287,id=019fba7e-7c9b-75b2-8f4c-19d358a6f439; trace=019fba7b-ca97-7030-a6e7-14d31b603287,id=019fba7f-14bc-76c3-acf4-3d5a39d9b378; trace=019fba7b-ca97-7030-a6e7-14d31b603287,id=019fba7f-14bc-76c3-acf4-3d5a39d9b378; trace=019fba7b-ca97-7030-a6e7-14d31b603287,id=019fba7e-7c99-7120-bd2c-0e7d720bdd05; trace=019fba7b-ca97-7030-a6e7-14d31b603287,id=019fba7f-14be-7fa3-8f4e-48b4f06bdeb7; trace=019fba7b-ca97-7030-a6e7-14d31b603287,id=019fba7f-14be-7fa3-8f4e-48b4f06bdeb7; trace=019fba7b-ca97-7030-a6e7-14d31b603287,id=019fba7b-ca97-7030-a6e7-14d31b603287; trace=019fba7f-1515-7221-9a25-4e14b5690072,id=019fba7f-1515-7221-9a25-4e14b5690072; trace=019fba7f-1515-7221-9a25-4e14b5690072,id=019fba7f-1516-7a50-a63b-e0dd7776f549; trace=019fba7f-1515-7221-9a25-4e14b5690072,id=019fba7f-1516-7a50-a63b-e0dd7776f549; trace=019fba7f-1515-7221-9a25-4e14b5690072,id=019fba7f-1517-7171-92b4-9dfffddf5136; trace=019fba7f-1515-7221-9a25-4e14b5690072,id=019fba7f-155f-7351-beca-0a9fe4b3ef0d; trace=019fba7f-1515-7221-9a25-4e14b5690072,id=019fba7f-155f-7351-beca-0a9fe4b3ef0d; trace=019fba7f-1515-7221-9a25-4e14b5690072,id=019fba7f-1517-7171-92b4-9dfffddf5136; trace=019fba7f-1515-7221-9a25-4e14b5690072,id=019fba7f-1561-73a0-a55c-9364db66594e; trace=019fba7f-1515-7221-9a25-4e14b5690072,id=019fba7f-1561-73a0-a55c-9374f9e99c3c
Failed to send compressed multipart ingest: langsmith.utils.LangSmithRateLimitError: Rate limit exceeded for https://api.smith.langchain.com/runs/multipart. HTTPError('429 Client Error: Too Many Requests for url: https://api.smith.langchain.com/runs/multipart', '{"error":"Too many requests: tenant exceeded usage limits: Monthly unique traces usage limit exceeded"}\n')trace=019fba7f-1515-7221-9a25-4e14b5690072,id=019fba7f-1561-73a0-a55c-9374f9e99c3c; trace=019fba7f-1515-7221-9a25-4e14b5690072,id=019fba7f-1561-73a0-a55c-9364db66594e; trace=019fba7f-1515-7221-9a25-4e14b5690072,id=019fba7f-33dc-7dc1-9fa4-d46672f78b9b; trace=019fba7f-1515-7221-9a25-4e14b5690072,id=019fba7f-33de-7a31-a3ca-ffba4023cae6
Failed to send compressed multipart ingest: langsmith.utils.LangSmithRateLimitError: Rate limit exceeded for https://api.smith.langchain.com/runs/multipart. HTTPError('429 Client Error: Too Many Requests for url: https://api.smith.langchain.com/runs/multipart', '{"error":"Too many requests: tenant exceeded usage limits: Monthly unique traces usage limit exceeded"}\n')trace=019fba7f-1515-7221-9a25-4e14b5690072,id=019fba7f-33de-7a31-a3ca-ffba4023cae6; trace=019fba7f-1515-7221-9a25-4e14b5690072,id=019fba7f-5870-7cd3-819b-04e460b9a3ca; trace=019fba7f-1515-7221-9a25-4e14b5690072,id=019fba7f-5870-7cd3-819b-04e460b9a3ca; trace=019fba7f-1515-7221-9a25-4e14b5690072,id=019fba7f-33dc-7dc1-9fa4-d46672f78b9b; trace=019fba7f-1515-7221-9a25-4e14b5690072,id=019fba7f-5871-7fb0-a37e-3fd057b177ea; trace=019fba7f-1515-7221-9a25-4e14b5690072,id=019fba7f-5872-7222-b6e9-c14eaf86a577
Failed to send compressed multipart ingest: langsmith.utils.LangSmithRateLimitError: Rate limit exceeded for https://api.smith.langchain.com/runs/multipart. HTTPError('429 Client Error: Too Many Requests for url: https://api.smith.langchain.com/runs/multipart', '{"error":"Too many requests: tenant exceeded usage limits: Monthly unique traces usage limit exceeded"}\n')trace=019fba7f-1515-7221-9a25-4e14b5690072,id=019fba7f-5872-7222-b6e9-c14eaf86a577; trace=019fba7f-1515-7221-9a25-4e14b5690072,id=019fba7f-5871-7fb0-a37e-3fd057b177ea; trace=019fba7f-1515-7221-9a25-4e14b5690072,id=019fba7f-6ea2-72f1-a7f6-00bcb00d03c5; trace=019fba7f-1515-7221-9a25-4e14b5690072,id=019fba7f-6ea4-7253-bec2-10d9ed217549
Failed to send compressed multipart ingest: langsmith.utils.LangSmithRateLimitError: Rate limit exceeded for https://api.smith.langchain.com/runs/multipart. HTTPError('429 Client Error: Too Many Requests for url: https://api.smith.langchain.com/runs/multipart', '{"error":"Too many requests: tenant exceeded usage limits: Monthly unique traces usage limit exceeded"}\n')trace=019fba7f-1515-7221-9a25-4e14b5690072,id=019fba7f-6ea4-7253-bec2-10d9ed217549; trace=019fba7f-1515-7221-9a25-4e14b5690072,id=019fba7f-a68e-7092-b77e-d4b6e60e11ef; trace=019fba7f-1515-7221-9a25-4e14b5690072,id=019fba7f-a68e-7092-b77e-d4b6e60e11ef; trace=019fba7f-1515-7221-9a25-4e14b5690072,id=019fba7f-6ea2-72f1-a7f6-00bcb00d03c5; trace=019fba7f-1515-7221-9a25-4e14b5690072,id=019fba7f-a690-74a3-b30f-dbec2529424a; trace=019fba7f-1515-7221-9a25-4e14b5690072,id=019fba7f-a690-74a3-b30f-dbf1fe48e41b
Failed to send compressed multipart ingest: langsmith.utils.LangSmithRateLimitError: Rate limit exceeded for https://api.smith.langchain.com/runs/multipart. HTTPError('429 Client Error: Too Many Requests for url: https://api.smith.langchain.com/runs/multipart', '{"error":"Too many requests: tenant exceeded usage limits: Monthly unique traces usage limit exceeded"}\n')trace=019fba7f-1515-7221-9a25-4e14b5690072,id=019fba7f-a690-74a3-b30f-dbf1fe48e41b; trace=019fba7f-1515-7221-9a25-4e14b5690072,id=019fba7f-a690-74a3-b30f-dbec2529424a; trace=019fba7f-1515-7221-9a25-4e14b5690072,id=019fba7f-dc2a-72a2-afae-e3ca06daa749; trace=019fba7f-1515-7221-9a25-4e14b5690072,id=019fba7f-dc2c-7830-8197-dea7f5cdd6bd
Failed to send compressed multipart ingest: langsmith.utils.LangSmithRateLimitError: Rate limit exceeded for https://api.smith.langchain.com/runs/multipart. HTTPError('429 Client Error: Too Many Requests for url: https://api.smith.langchain.com/runs/multipart', '{"error":"Too many requests: tenant exceeded usage limits: Monthly unique traces usage limit exceeded"}\n')trace=019fba7f-1515-7221-9a25-4e14b5690072,id=019fba7f-dc2c-7830-8197-dea7f5cdd6bd; trace=019fba7f-1515-7221-9a25-4e14b5690072,id=019fba80-1ce8-7cc3-a17b-8df94e9347b0; trace=019fba7f-1515-7221-9a25-4e14b5690072,id=019fba80-1ce8-7cc3-a17b-8df94e9347b0; trace=019fba7f-1515-7221-9a25-4e14b5690072,id=019fba7f-dc2a-72a2-afae-e3ca06daa749; trace=019fba7f-1515-7221-9a25-4e14b5690072,id=019fba80-1ce9-7852-baac-f26b46dc943f; trace=019fba7f-1515-7221-9a25-4e14b5690072,id=019fba80-1ce9-7852-baac-f272bc891a12
Failed to send compressed multipart ingest: langsmith.utils.LangSmithRateLimitError: Rate limit exceeded for https://api.smith.langchain.com/runs/multipart. HTTPError('429 Client Error: Too Many Requests for url: https://api.smith.langchain.com/runs/multipart', '{"error":"Too many requests: tenant exceeded usage limits: Monthly unique traces usage limit exceeded"}\n')trace=019fba7f-1515-7221-9a25-4e14b5690072,id=019fba80-1ce9-7852-baac-f272bc891a12; trace=019fba7f-1515-7221-9a25-4e14b5690072,id=019fba80-1ce9-7852-baac-f26b46dc943f; trace=019fba7f-1515-7221-9a25-4e14b5690072,id=019fba80-3240-7ec0-9038-dcced3a81446; trace=019fba7f-1515-7221-9a25-4e14b5690072,id=019fba80-3242-76e3-839d-2aa28301fb54
Failed to send compressed multipart ingest: langsmith.utils.LangSmithRateLimitError: Rate limit exceeded for https://api.smith.langchain.com/runs/multipart. HTTPError('429 Client Error: Too Many Requests for url: https://api.smith.langchain.com/runs/multipart', '{"error":"Too many requests: tenant exceeded usage limits: Monthly unique traces usage limit exceeded"}\n')trace=019fba7f-1515-7221-9a25-4e14b5690072,id=019fba80-3242-76e3-839d-2aa28301fb54; trace=019fba7f-1515-7221-9a25-4e14b5690072,id=019fba80-6c02-7340-b067-cd2a36dfddf6; trace=019fba7f-1515-7221-9a25-4e14b5690072,id=019fba80-6c02-7340-b067-cd2a36dfddf6; trace=019fba7f-1515-7221-9a25-4e14b5690072,id=019fba80-3240-7ec0-9038-dcced3a81446; trace=019fba7f-1515-7221-9a25-4e14b5690072,id=019fba80-6c03-77a1-a0e9-98e0c2d14edd; trace=019fba7f-1515-7221-9a25-4e14b5690072,id=019fba80-6c04-7b22-a2e3-01e5fa4ca032
Failed to send compressed multipart ingest: langsmith.utils.LangSmithRateLimitError: Rate limit exceeded for https://api.smith.langchain.com/runs/multipart. HTTPError('429 Client Error: Too Many Requests for url: https://api.smith.langchain.com/runs/multipart', '{"error":"Too many requests: tenant exceeded usage limits: Monthly unique traces usage limit exceeded"}\n')trace=019fba7f-1515-7221-9a25-4e14b5690072,id=019fba80-6c04-7b22-a2e3-01e5fa4ca032; trace=019fba7f-1515-7221-9a25-4e14b5690072,id=019fba80-6c03-77a1-a0e9-98e0c2d14edd; trace=019fba7f-1515-7221-9a25-4e14b5690072,id=019fba80-7d92-7261-a16e-c73abc419a23; trace=019fba7f-1515-7221-9a25-4e14b5690072,id=019fba80-7d93-7b42-a3ef-18179cfc8d6e
Calling Baseline Move server...
Calling Baseline Move server...
Calling Baseline Move server...
Calling Baseline Move server...
Calling Baseline Move server...
[baseline] 88/104 scenario_03_05 (repeat 4/4)
Failed to send compressed multipart ingest: langsmith.utils.LangSmithRateLimitError: Rate limit exceeded for https://api.smith.langchain.com/runs/multipart. HTTPError('429 Client Error: Too Many Requests for url: https://api.smith.langchain.com/runs/multipart', '{"error":"Too many requests: tenant exceeded usage limits: Monthly unique traces usage limit exceeded"}\n')trace=019fba7f-1515-7221-9a25-4e14b5690072,id=019fba80-7d93-7b42-a3ef-18179cfc8d6e; trace=019fba7f-1515-7221-9a25-4e14b5690072,id=019fba80-b97b-7182-9f83-13a9e269ef91; trace=019fba7f-1515-7221-9a25-4e14b5690072,id=019fba80-b97b-7182-9f83-13a9e269ef91; trace=019fba7f-1515-7221-9a25-4e14b5690072,id=019fba80-7d92-7261-a16e-c73abc419a23; trace=019fba7f-1515-7221-9a25-4e14b5690072,id=019fba80-b97c-7312-82d4-a7079ef7eedf; trace=019fba7f-1515-7221-9a25-4e14b5690072,id=019fba80-b97c-7312-82d4-a7079ef7eedf; trace=019fba7f-1515-7221-9a25-4e14b5690072,id=019fba7f-1515-7221-9a25-4e14b5690072; trace=019fba80-b9e1-7800-a576-f02022479de6,id=019fba80-b9e1-7800-a576-f02022479de6; trace=019fba80-b9e1-7800-a576-f02022479de6,id=019fba80-b9e3-7881-b8e6-2f945be440b9; trace=019fba80-b9e1-7800-a576-f02022479de6,id=019fba80-b9e3-7881-b8e6-2f945be440b9; trace=019fba80-b9e1-7800-a576-f02022479de6,id=019fba80-b9e3-7881-b8e6-2fa6915e77fe; trace=019fba80-b9e1-7800-a576-f02022479de6,id=019fba80-ba05-7073-8e09-56cf623c66d1; trace=019fba80-b9e1-7800-a576-f02022479de6,id=019fba80-ba05-7073-8e09-56cf623c66d1; trace=019fba80-b9e1-7800-a576-f02022479de6,id=019fba80-b9e3-7881-b8e6-2fa6915e77fe; trace=019fba80-b9e1-7800-a576-f02022479de6,id=019fba80-ba06-7730-b895-57ef4bc97bb8; trace=019fba80-b9e1-7800-a576-f02022479de6,id=019fba80-ba07-7863-8422-7b5c97b50426
Failed to send compressed multipart ingest: langsmith.utils.LangSmithRateLimitError: Rate limit exceeded for https://api.smith.langchain.com/runs/multipart. HTTPError('429 Client Error: Too Many Requests for url: https://api.smith.langchain.com/runs/multipart', '{"error":"Too many requests: tenant exceeded usage limits: Monthly unique traces usage limit exceeded"}\n')trace=019fba80-b9e1-7800-a576-f02022479de6,id=019fba80-ba07-7863-8422-7b5c97b50426; trace=019fba80-b9e1-7800-a576-f02022479de6,id=019fba80-ba06-7730-b895-57ef4bc97bb8; trace=019fba80-b9e1-7800-a576-f02022479de6,id=019fba80-d856-7f10-b67d-6021971d9d2d; trace=019fba80-b9e1-7800-a576-f02022479de6,id=019fba80-d858-7062-8583-1fcc6477e1c9
Failed to send compressed multipart ingest: langsmith.utils.LangSmithRateLimitError: Rate limit exceeded for https://api.smith.langchain.com/runs/multipart. HTTPError('429 Client Error: Too Many Requests for url: https://api.smith.langchain.com/runs/multipart', '{"error":"Too many requests: tenant exceeded usage limits: Monthly unique traces usage limit exceeded"}\n')trace=019fba80-b9e1-7800-a576-f02022479de6,id=019fba80-d858-7062-8583-1fcc6477e1c9; trace=019fba80-b9e1-7800-a576-f02022479de6,id=019fba81-1262-7e52-9803-4a950cd2993d; trace=019fba80-b9e1-7800-a576-f02022479de6,id=019fba81-1262-7e52-9803-4a950cd2993d; trace=019fba80-b9e1-7800-a576-f02022479de6,id=019fba80-d856-7f10-b67d-6021971d9d2d; trace=019fba80-b9e1-7800-a576-f02022479de6,id=019fba81-1263-7842-bf9e-291e2acb95c5; trace=019fba80-b9e1-7800-a576-f02022479de6,id=019fba81-1264-7662-886e-1285593748e1
Failed to send compressed multipart ingest: langsmith.utils.LangSmithRateLimitError: Rate limit exceeded for https://api.smith.langchain.com/runs/multipart. HTTPError('429 Client Error: Too Many Requests for url: https://api.smith.langchain.com/runs/multipart', '{"error":"Too many requests: tenant exceeded usage limits: Monthly unique traces usage limit exceeded"}\n')trace=019fba80-b9e1-7800-a576-f02022479de6,id=019fba81-1264-7662-886e-1285593748e1
Failed to send compressed multipart ingest: langsmith.utils.LangSmithRateLimitError: Rate limit exceeded for https://api.smith.langchain.com/runs/multipart. HTTPError('429 Client Error: Too Many Requests for url: https://api.smith.langchain.com/runs/multipart', '{"error":"Too many requests: tenant exceeded usage limits: Monthly unique traces usage limit exceeded"}\n')trace=019fba80-b9e1-7800-a576-f02022479de6,id=019fba81-1263-7842-bf9e-291e2acb95c5; trace=019fba80-b9e1-7800-a576-f02022479de6,id=019fba81-2ce4-7d51-a885-83b48488aea8; trace=019fba80-b9e1-7800-a576-f02022479de6,id=019fba81-2ce6-7eb1-9f6b-5ac8a1332874
Failed to send compressed multipart ingest: langsmith.utils.LangSmithRateLimitError: Rate limit exceeded for https://api.smith.langchain.com/runs/multipart. HTTPError('429 Client Error: Too Many Requests for url: https://api.smith.langchain.com/runs/multipart', '{"error":"Too many requests: tenant exceeded usage limits: Monthly unique traces usage limit exceeded"}\n')trace=019fba80-b9e1-7800-a576-f02022479de6,id=019fba81-2ce6-7eb1-9f6b-5ac8a1332874; trace=019fba80-b9e1-7800-a576-f02022479de6,id=019fba81-5ca5-7f90-aef2-70138b0db4a2; trace=019fba80-b9e1-7800-a576-f02022479de6,id=019fba81-5ca5-7f90-aef2-70138b0db4a2; trace=019fba80-b9e1-7800-a576-f02022479de6,id=019fba81-2ce4-7d51-a885-83b48488aea8; trace=019fba80-b9e1-7800-a576-f02022479de6,id=019fba81-5ca6-79a0-881c-dc8d3e5091e3; trace=019fba80-b9e1-7800-a576-f02022479de6,id=019fba81-5ca7-7821-993f-8a1442cbd7e1
Failed to send compressed multipart ingest: langsmith.utils.LangSmithRateLimitError: Rate limit exceeded for https://api.smith.langchain.com/runs/multipart. HTTPError('429 Client Error: Too Many Requests for url: https://api.smith.langchain.com/runs/multipart', '{"error":"Too many requests: tenant exceeded usage limits: Monthly unique traces usage limit exceeded"}\n')trace=019fba80-b9e1-7800-a576-f02022479de6,id=019fba81-5ca7-7821-993f-8a1442cbd7e1; trace=019fba80-b9e1-7800-a576-f02022479de6,id=019fba81-5ca6-79a0-881c-dc8d3e5091e3; trace=019fba80-b9e1-7800-a576-f02022479de6,id=019fba81-6b61-7bf0-bb62-93c1bfef8e15; trace=019fba80-b9e1-7800-a576-f02022479de6,id=019fba81-6b63-7a22-887c-a7ecc7daf5f6
Failed to send compressed multipart ingest: langsmith.utils.LangSmithRateLimitError: Rate limit exceeded for https://api.smith.langchain.com/runs/multipart. HTTPError('429 Client Error: Too Many Requests for url: https://api.smith.langchain.com/runs/multipart', '{"error":"Too many requests: tenant exceeded usage limits: Monthly unique traces usage limit exceeded"}\n')trace=019fba80-b9e1-7800-a576-f02022479de6,id=019fba81-6b63-7a22-887c-a7ecc7daf5f6; trace=019fba80-b9e1-7800-a576-f02022479de6,id=019fba81-9378-78b1-ba63-5f3f14f9f654; trace=019fba80-b9e1-7800-a576-f02022479de6,id=019fba81-9378-78b1-ba63-5f3f14f9f654; trace=019fba80-b9e1-7800-a576-f02022479de6,id=019fba81-6b61-7bf0-bb62-93c1bfef8e15; trace=019fba80-b9e1-7800-a576-f02022479de6,id=019fba81-9379-7263-9165-0f2c458fbcae; trace=019fba80-b9e1-7800-a576-f02022479de6,id=019fba81-9379-7263-9165-0f3ec971aa70
Failed to send compressed multipart ingest: langsmith.utils.LangSmithRateLimitError: Rate limit exceeded for https://api.smith.langchain.com/runs/multipart. HTTPError('429 Client Error: Too Many Requests for url: https://api.smith.langchain.com/runs/multipart', '{"error":"Too many requests: tenant exceeded usage limits: Monthly unique traces usage limit exceeded"}\n')trace=019fba80-b9e1-7800-a576-f02022479de6,id=019fba81-9379-7263-9165-0f3ec971aa70; trace=019fba80-b9e1-7800-a576-f02022479de6,id=019fba81-9379-7263-9165-0f2c458fbcae; trace=019fba80-b9e1-7800-a576-f02022479de6,id=019fba81-a17c-7380-9594-5afe575aebc4; trace=019fba80-b9e1-7800-a576-f02022479de6,id=019fba81-a17e-7fe1-8686-39740a24de15
Failed to send compressed multipart ingest: langsmith.utils.LangSmithRateLimitError: Rate limit exceeded for https://api.smith.langchain.com/runs/multipart. HTTPError('429 Client Error: Too Many Requests for url: https://api.smith.langchain.com/runs/multipart', '{"error":"Too many requests: tenant exceeded usage limits: Monthly unique traces usage limit exceeded"}\n')trace=019fba80-b9e1-7800-a576-f02022479de6,id=019fba81-a17e-7fe1-8686-39740a24de15; trace=019fba80-b9e1-7800-a576-f02022479de6,id=019fba81-d038-7792-92f2-c4f21e6fed0d; trace=019fba80-b9e1-7800-a576-f02022479de6,id=019fba81-d038-7792-92f2-c4f21e6fed0d; trace=019fba80-b9e1-7800-a576-f02022479de6,id=019fba81-a17c-7380-9594-5afe575aebc4; trace=019fba80-b9e1-7800-a576-f02022479de6,id=019fba81-d03a-79b1-ac4a-f383161a7c18; trace=019fba80-b9e1-7800-a576-f02022479de6,id=019fba81-d03b-7ea1-b554-dad7b669328e
Failed to send compressed multipart ingest: langsmith.utils.LangSmithRateLimitError: Rate limit exceeded for https://api.smith.langchain.com/runs/multipart. HTTPError('429 Client Error: Too Many Requests for url: https://api.smith.langchain.com/runs/multipart', '{"error":"Too many requests: tenant exceeded usage limits: Monthly unique traces usage limit exceeded"}\n')trace=019fba80-b9e1-7800-a576-f02022479de6,id=019fba81-d03b-7ea1-b554-dad7b669328e; trace=019fba80-b9e1-7800-a576-f02022479de6,id=019fba81-d03a-79b1-ac4a-f383161a7c18; trace=019fba80-b9e1-7800-a576-f02022479de6,id=019fba81-e461-7d92-993d-53ffbc83eb86; trace=019fba80-b9e1-7800-a576-f02022479de6,id=019fba81-e463-7d53-b487-6921759303a0
Failed to send compressed multipart ingest: langsmith.utils.LangSmithRateLimitError: Rate limit exceeded for https://api.smith.langchain.com/runs/multipart. HTTPError('429 Client Error: Too Many Requests for url: https://api.smith.langchain.com/runs/multipart', '{"error":"Too many requests: tenant exceeded usage limits: Monthly unique traces usage limit exceeded"}\n')trace=019fba80-b9e1-7800-a576-f02022479de6,id=019fba81-e463-7d53-b487-6921759303a0; trace=019fba80-b9e1-7800-a576-f02022479de6,id=019fba82-1799-74d2-a01f-e25fa0f58432; trace=019fba80-b9e1-7800-a576-f02022479de6,id=019fba82-1799-74d2-a01f-e25fa0f58432; trace=019fba80-b9e1-7800-a576-f02022479de6,id=019fba81-e461-7d92-993d-53ffbc83eb86; trace=019fba80-b9e1-7800-a576-f02022479de6,id=019fba82-179a-7603-b237-01ccf28e0f19; trace=019fba80-b9e1-7800-a576-f02022479de6,id=019fba82-179a-7603-b237-01d6d6cb4565
Failed to send compressed multipart ingest: langsmith.utils.LangSmithRateLimitError: Rate limit exceeded for https://api.smith.langchain.com/runs/multipart. HTTPError('429 Client Error: Too Many Requests for url: https://api.smith.langchain.com/runs/multipart', '{"error":"Too many requests: tenant exceeded usage limits: Monthly unique traces usage limit exceeded"}\n')trace=019fba80-b9e1-7800-a576-f02022479de6,id=019fba82-179a-7603-b237-01d6d6cb4565; trace=019fba80-b9e1-7800-a576-f02022479de6,id=019fba82-179a-7603-b237-01ccf28e0f19; trace=019fba80-b9e1-7800-a576-f02022479de6,id=019fba82-3ec0-71b1-a57a-184a4008c628; trace=019fba80-b9e1-7800-a576-f02022479de6,id=019fba82-3ec2-7fc1-ab9a-a1d3a5e14326
Failed to send compressed multipart ingest: langsmith.utils.LangSmithRateLimitError: Rate limit exceeded for https://api.smith.langchain.com/runs/multipart. HTTPError('429 Client Error: Too Many Requests for url: https://api.smith.langchain.com/runs/multipart', '{"error":"Too many requests: tenant exceeded usage limits: Monthly unique traces usage limit exceeded"}\n')trace=019fba80-b9e1-7800-a576-f02022479de6,id=019fba82-3ec2-7fc1-ab9a-a1d3a5e14326; trace=019fba80-b9e1-7800-a576-f02022479de6,id=019fba82-6744-7a11-8015-e676cb5dcbcd; trace=019fba80-b9e1-7800-a576-f02022479de6,id=019fba82-6744-7a11-8015-e676cb5dcbcd; trace=019fba80-b9e1-7800-a576-f02022479de6,id=019fba82-3ec0-71b1-a57a-184a4008c628; trace=019fba80-b9e1-7800-a576-f02022479de6,id=019fba82-6745-71a3-a97a-c9eb4a1beb73; trace=019fba80-b9e1-7800-a576-f02022479de6,id=019fba82-6746-7472-9474-0cb5a7c076f4
Failed to send compressed multipart ingest: langsmith.utils.LangSmithRateLimitError: Rate limit exceeded for https://api.smith.langchain.com/runs/multipart. HTTPError('429 Client Error: Too Many Requests for url: https://api.smith.langchain.com/runs/multipart', '{"error":"Too many requests: tenant exceeded usage limits: Monthly unique traces usage limit exceeded"}\n')trace=019fba80-b9e1-7800-a576-f02022479de6,id=019fba82-6746-7472-9474-0cb5a7c076f4; trace=019fba80-b9e1-7800-a576-f02022479de6,id=019fba82-6745-71a3-a97a-c9eb4a1beb73; trace=019fba80-b9e1-7800-a576-f02022479de6,id=019fba82-93c3-7fb1-a729-374fded92b86; trace=019fba80-b9e1-7800-a576-f02022479de6,id=019fba82-93c5-74a2-9535-77c7b25dbc27
Failed to send compressed multipart ingest: langsmith.utils.LangSmithRateLimitError: Rate limit exceeded for https://api.smith.langchain.com/runs/multipart. HTTPError('429 Client Error: Too Many Requests for url: https://api.smith.langchain.com/runs/multipart', '{"error":"Too many requests: tenant exceeded usage limits: Monthly unique traces usage limit exceeded"}\n')trace=019fba80-b9e1-7800-a576-f02022479de6,id=019fba82-93c5-74a2-9535-77c7b25dbc27; trace=019fba80-b9e1-7800-a576-f02022479de6,id=019fba82-bd6a-7231-ad02-84d7941804ed; trace=019fba80-b9e1-7800-a576-f02022479de6,id=019fba82-bd6a-7231-ad02-84d7941804ed; trace=019fba80-b9e1-7800-a576-f02022479de6,id=019fba82-93c3-7fb1-a729-374fded92b86; trace=019fba80-b9e1-7800-a576-f02022479de6,id=019fba82-bd6b-7172-8cc9-4fa5366132dd; trace=019fba80-b9e1-7800-a576-f02022479de6,id=019fba82-bd6c-7430-b977-be00775611c1
Failed to send compressed multipart ingest: langsmith.utils.LangSmithRateLimitError: Rate limit exceeded for https://api.smith.langchain.com/runs/multipart. HTTPError('429 Client Error: Too Many Requests for url: https://api.smith.langchain.com/runs/multipart', '{"error":"Too many requests: tenant exceeded usage limits: Monthly unique traces usage limit exceeded"}\n')trace=019fba80-b9e1-7800-a576-f02022479de6,id=019fba82-bd6c-7430-b977-be00775611c1; trace=019fba80-b9e1-7800-a576-f02022479de6,id=019fba82-bd6b-7172-8cc9-4fa5366132dd; trace=019fba80-b9e1-7800-a576-f02022479de6,id=019fba82-ef8b-7630-b113-24d9af19b104; trace=019fba80-b9e1-7800-a576-f02022479de6,id=019fba82-ef8e-72b3-8e49-d4da857f5341
Calling Baseline Move server...
Calling Baseline Move server...
Calling Baseline Move server...
Calling Baseline Move server...
Calling Baseline Move server...
Calling Baseline Move server...
Calling Baseline Move server...
Calling Baseline Move server...
[baseline] 89/104 scenario_03_06 (repeat 1/4)
Failed to send compressed multipart ingest: langsmith.utils.LangSmithRateLimitError: Rate limit exceeded for https://api.smith.langchain.com/runs/multipart. HTTPError('429 Client Error: Too Many Requests for url: https://api.smith.langchain.com/runs/multipart', '{"error":"Too many requests: tenant exceeded usage limits: Monthly unique traces usage limit exceeded"}\n')trace=019fba80-b9e1-7800-a576-f02022479de6,id=019fba82-ef8e-72b3-8e49-d4da857f5341; trace=019fba80-b9e1-7800-a576-f02022479de6,id=019fba83-728c-7d30-ae13-6b6181415ef2; trace=019fba80-b9e1-7800-a576-f02022479de6,id=019fba83-728c-7d30-ae13-6b6181415ef2; trace=019fba80-b9e1-7800-a576-f02022479de6,id=019fba82-ef8b-7630-b113-24d9af19b104; trace=019fba80-b9e1-7800-a576-f02022479de6,id=019fba83-728d-7200-917d-1181818247f4; trace=019fba80-b9e1-7800-a576-f02022479de6,id=019fba83-728d-7200-917d-1181818247f4; trace=019fba80-b9e1-7800-a576-f02022479de6,id=019fba80-b9e1-7800-a576-f02022479de6; trace=019fba83-7350-7533-b893-f21f57d9e762,id=019fba83-7350-7533-b893-f21f57d9e762; trace=019fba83-7350-7533-b893-f21f57d9e762,id=019fba83-7351-7913-89e7-dbf366e380b5; trace=019fba83-7350-7533-b893-f21f57d9e762,id=019fba83-7351-7913-89e7-dbf366e380b5; trace=019fba83-7350-7533-b893-f21f57d9e762,id=019fba83-7352-7c33-84a1-78528ea3e8fe; trace=019fba83-7350-7533-b893-f21f57d9e762,id=019fba83-737d-76c2-b663-a49182b0cde1; trace=019fba83-7350-7533-b893-f21f57d9e762,id=019fba83-737d-76c2-b663-a49182b0cde1; trace=019fba83-7350-7533-b893-f21f57d9e762,id=019fba83-7352-7c33-84a1-78528ea3e8fe; trace=019fba83-7350-7533-b893-f21f57d9e762,id=019fba83-737e-7b63-9a17-a1ac1f72fa6b; trace=019fba83-7350-7533-b893-f21f57d9e762,id=019fba83-737f-7611-baaa-bde60d6475c6
Failed to send compressed multipart ingest: langsmith.utils.LangSmithRateLimitError: Rate limit exceeded for https://api.smith.langchain.com/runs/multipart. HTTPError('429 Client Error: Too Many Requests for url: https://api.smith.langchain.com/runs/multipart', '{"error":"Too many requests: tenant exceeded usage limits: Monthly unique traces usage limit exceeded"}\n')trace=019fba83-7350-7533-b893-f21f57d9e762,id=019fba83-737f-7611-baaa-bde60d6475c6; trace=019fba83-7350-7533-b893-f21f57d9e762,id=019fba83-737e-7b63-9a17-a1ac1f72fa6b; trace=019fba83-7350-7533-b893-f21f57d9e762,id=019fba83-9940-7673-a016-17abb1b06c55; trace=019fba83-7350-7533-b893-f21f57d9e762,id=019fba83-9942-7763-a66b-6cf5f8e9448a
Failed to send compressed multipart ingest: langsmith.utils.LangSmithRateLimitError: Rate limit exceeded for https://api.smith.langchain.com/runs/multipart. HTTPError('429 Client Error: Too Many Requests for url: https://api.smith.langchain.com/runs/multipart', '{"error":"Too many requests: tenant exceeded usage limits: Monthly unique traces usage limit exceeded"}\n')trace=019fba83-7350-7533-b893-f21f57d9e762,id=019fba83-9942-7763-a66b-6cf5f8e9448a; trace=019fba83-7350-7533-b893-f21f57d9e762,id=019fba83-c923-7202-9f7a-e83b7ef941e0
Failed to send compressed multipart ingest: langsmith.utils.LangSmithRateLimitError: Rate limit exceeded for https://api.smith.langchain.com/runs/multipart. HTTPError('429 Client Error: Too Many Requests for url: https://api.smith.langchain.com/runs/multipart', '{"error":"Too many requests: tenant exceeded usage limits: Monthly unique traces usage limit exceeded"}\n')trace=019fba83-7350-7533-b893-f21f57d9e762,id=019fba83-c923-7202-9f7a-e83b7ef941e0; trace=019fba83-7350-7533-b893-f21f57d9e762,id=019fba83-fbba-7703-b29a-bd2ddaf0b83a; trace=019fba83-7350-7533-b893-f21f57d9e762,id=019fba83-fbba-7703-b29a-bd2ddaf0b83a; trace=019fba83-7350-7533-b893-f21f57d9e762,id=019fba83-9940-7673-a016-17abb1b06c55; trace=019fba83-7350-7533-b893-f21f57d9e762,id=019fba83-fbbc-7b92-a60e-bb06b9ae7226; trace=019fba83-7350-7533-b893-f21f57d9e762,id=019fba83-fbbc-7b92-a60e-bb115add660d
Failed to send compressed multipart ingest: langsmith.utils.LangSmithRateLimitError: Rate limit exceeded for https://api.smith.langchain.com/runs/multipart. HTTPError('429 Client Error: Too Many Requests for url: https://api.smith.langchain.com/runs/multipart', '{"error":"Too many requests: tenant exceeded usage limits: Monthly unique traces usage limit exceeded"}\n')trace=019fba83-7350-7533-b893-f21f57d9e762,id=019fba83-fbbc-7b92-a60e-bb115add660d; trace=019fba83-7350-7533-b893-f21f57d9e762,id=019fba83-fbbc-7b92-a60e-bb06b9ae7226; trace=019fba83-7350-7533-b893-f21f57d9e762,id=019fba84-1fa3-7092-ab8d-710b8dff8b9a; trace=019fba83-7350-7533-b893-f21f57d9e762,id=019fba84-1fa5-70c1-9268-d54b22332ee9
Failed to send compressed multipart ingest: langsmith.utils.LangSmithRateLimitError: Rate limit exceeded for https://api.smith.langchain.com/runs/multipart. HTTPError('429 Client Error: Too Many Requests for url: https://api.smith.langchain.com/runs/multipart', '{"error":"Too many requests: tenant exceeded usage limits: Monthly unique traces usage limit exceeded"}\n')trace=019fba83-7350-7533-b893-f21f57d9e762,id=019fba84-1fa5-70c1-9268-d54b22332ee9; trace=019fba83-7350-7533-b893-f21f57d9e762,id=019fba84-50ad-7e41-8c4c-950912574ed2; trace=019fba83-7350-7533-b893-f21f57d9e762,id=019fba84-50ad-7e41-8c4c-950912574ed2; trace=019fba83-7350-7533-b893-f21f57d9e762,id=019fba84-1fa3-7092-ab8d-710b8dff8b9a; trace=019fba83-7350-7533-b893-f21f57d9e762,id=019fba84-50ae-7cd1-8445-6f5573f8f5f1; trace=019fba83-7350-7533-b893-f21f57d9e762,id=019fba84-50af-7910-acad-7714b5b2d4bb
Failed to send compressed multipart ingest: langsmith.utils.LangSmithRateLimitError: Rate limit exceeded for https://api.smith.langchain.com/runs/multipart. HTTPError('429 Client Error: Too Many Requests for url: https://api.smith.langchain.com/runs/multipart', '{"error":"Too many requests: tenant exceeded usage limits: Monthly unique traces usage limit exceeded"}\n')trace=019fba83-7350-7533-b893-f21f57d9e762,id=019fba84-50af-7910-acad-7714b5b2d4bb; trace=019fba83-7350-7533-b893-f21f57d9e762,id=019fba84-50ae-7cd1-8445-6f5573f8f5f1; trace=019fba83-7350-7533-b893-f21f57d9e762,id=019fba84-7284-78f0-bb1a-d7452034b029; trace=019fba83-7350-7533-b893-f21f57d9e762,id=019fba84-7286-7dd1-9790-217e7a46a111
Failed to send compressed multipart ingest: langsmith.utils.LangSmithRateLimitError: Rate limit exceeded for https://api.smith.langchain.com/runs/multipart. HTTPError('429 Client Error: Too Many Requests for url: https://api.smith.langchain.com/runs/multipart', '{"error":"Too many requests: tenant exceeded usage limits: Monthly unique traces usage limit exceeded"}\n')trace=019fba83-7350-7533-b893-f21f57d9e762,id=019fba84-7286-7dd1-9790-217e7a46a111; trace=019fba83-7350-7533-b893-f21f57d9e762,id=019fba84-ad26-7fa0-bc7c-2619a5422639; trace=019fba83-7350-7533-b893-f21f57d9e762,id=019fba84-ad26-7fa0-bc7c-2619a5422639; trace=019fba83-7350-7533-b893-f21f57d9e762,id=019fba84-7284-78f0-bb1a-d7452034b029; trace=019fba83-7350-7533-b893-f21f57d9e762,id=019fba84-ad27-7271-b1b6-2c1f62032044; trace=019fba83-7350-7533-b893-f21f57d9e762,id=019fba84-ad28-7793-8513-c7a93cbe93a9
Failed to send compressed multipart ingest: langsmith.utils.LangSmithRateLimitError: Rate limit exceeded for https://api.smith.langchain.com/runs/multipart. HTTPError('429 Client Error: Too Many Requests for url: https://api.smith.langchain.com/runs/multipart', '{"error":"Too many requests: tenant exceeded usage limits: Monthly unique traces usage limit exceeded"}\n')trace=019fba83-7350-7533-b893-f21f57d9e762,id=019fba84-ad28-7793-8513-c7a93cbe93a9; trace=019fba83-7350-7533-b893-f21f57d9e762,id=019fba84-ad27-7271-b1b6-2c1f62032044; trace=019fba83-7350-7533-b893-f21f57d9e762,id=019fba84-cfd3-7200-b829-5f6850100942; trace=019fba83-7350-7533-b893-f21f57d9e762,id=019fba84-cfd5-7bf3-8b8f-1360915c335d
Failed to send compressed multipart ingest: langsmith.utils.LangSmithRateLimitError: Rate limit exceeded for https://api.smith.langchain.com/runs/multipart. HTTPError('429 Client Error: Too Many Requests for url: https://api.smith.langchain.com/runs/multipart', '{"error":"Too many requests: tenant exceeded usage limits: Monthly unique traces usage limit exceeded"}\n')trace=019fba83-7350-7533-b893-f21f57d9e762,id=019fba84-cfd5-7bf3-8b8f-1360915c335d; trace=019fba83-7350-7533-b893-f21f57d9e762,id=019fba85-010e-7920-81ee-799a5685098b; trace=019fba83-7350-7533-b893-f21f57d9e762,id=019fba85-010e-7920-81ee-799a5685098b; trace=019fba83-7350-7533-b893-f21f57d9e762,id=019fba84-cfd3-7200-b829-5f6850100942; trace=019fba83-7350-7533-b893-f21f57d9e762,id=019fba85-010f-7e83-a268-093c276fdfa5; trace=019fba83-7350-7533-b893-f21f57d9e762,id=019fba85-0110-7c23-ba6a-26adac175533
Failed to send compressed multipart ingest: langsmith.utils.LangSmithRateLimitError: Rate limit exceeded for https://api.smith.langchain.com/runs/multipart. HTTPError('429 Client Error: Too Many Requests for url: https://api.smith.langchain.com/runs/multipart', '{"error":"Too many requests: tenant exceeded usage limits: Monthly unique traces usage limit exceeded"}\n')trace=019fba83-7350-7533-b893-f21f57d9e762,id=019fba85-0110-7c23-ba6a-26adac175533; trace=019fba83-7350-7533-b893-f21f57d9e762,id=019fba85-010f-7e83-a268-093c276fdfa5; trace=019fba83-7350-7533-b893-f21f57d9e762,id=019fba85-17d8-70f3-a1be-4e1f36fa584a; trace=019fba83-7350-7533-b893-f21f57d9e762,id=019fba85-17da-7b72-8176-ac02f8fe93b3
Failed to send compressed multipart ingest: langsmith.utils.LangSmithRateLimitError: Rate limit exceeded for https://api.smith.langchain.com/runs/multipart. HTTPError('429 Client Error: Too Many Requests for url: https://api.smith.langchain.com/runs/multipart', '{"error":"Too many requests: tenant exceeded usage limits: Monthly unique traces usage limit exceeded"}\n')trace=019fba83-7350-7533-b893-f21f57d9e762,id=019fba85-17da-7b72-8176-ac02f8fe93b3; trace=019fba83-7350-7533-b893-f21f57d9e762,id=019fba85-4db9-7e72-92cc-ae824e735815; trace=019fba83-7350-7533-b893-f21f57d9e762,id=019fba85-4db9-7e72-92cc-ae824e735815; trace=019fba83-7350-7533-b893-f21f57d9e762,id=019fba85-17d8-70f3-a1be-4e1f36fa584a; trace=019fba83-7350-7533-b893-f21f57d9e762,id=019fba85-4dba-74a3-9fbd-566de76e64b9; trace=019fba83-7350-7533-b893-f21f57d9e762,id=019fba85-4dbb-7c40-a628-f40a08c60125
Failed to send compressed multipart ingest: langsmith.utils.LangSmithRateLimitError: Rate limit exceeded for https://api.smith.langchain.com/runs/multipart. HTTPError('429 Client Error: Too Many Requests for url: https://api.smith.langchain.com/runs/multipart', '{"error":"Too many requests: tenant exceeded usage limits: Monthly unique traces usage limit exceeded"}\n')trace=019fba83-7350-7533-b893-f21f57d9e762,id=019fba85-4dbb-7c40-a628-f40a08c60125; trace=019fba83-7350-7533-b893-f21f57d9e762,id=019fba85-4dba-74a3-9fbd-566de76e64b9; trace=019fba83-7350-7533-b893-f21f57d9e762,id=019fba85-619a-73a2-8f4d-d4691125ebc6; trace=019fba83-7350-7533-b893-f21f57d9e762,id=019fba85-619c-7b22-8b04-0d6d1d69739f
Failed to send compressed multipart ingest: langsmith.utils.LangSmithRateLimitError: Rate limit exceeded for https://api.smith.langchain.com/runs/multipart. HTTPError('429 Client Error: Too Many Requests for url: https://api.smith.langchain.com/runs/multipart', '{"error":"Too many requests: tenant exceeded usage limits: Monthly unique traces usage limit exceeded"}\n')trace=019fba83-7350-7533-b893-f21f57d9e762,id=019fba85-619c-7b22-8b04-0d6d1d69739f; trace=019fba83-7350-7533-b893-f21f57d9e762,id=019fba85-9c79-7710-9551-29d9bd16f75f; trace=019fba83-7350-7533-b893-f21f57d9e762,id=019fba85-9c79-7710-9551-29d9bd16f75f; trace=019fba83-7350-7533-b893-f21f57d9e762,id=019fba85-619a-73a2-8f4d-d4691125ebc6; trace=019fba83-7350-7533-b893-f21f57d9e762,id=019fba85-9c7b-7f51-9909-0158ef7431f4; trace=019fba83-7350-7533-b893-f21f57d9e762,id=019fba85-9c7b-7f51-9909-016fa9e4f09e
Failed to send compressed multipart ingest: langsmith.utils.LangSmithRateLimitError: Rate limit exceeded for https://api.smith.langchain.com/runs/multipart. HTTPError('429 Client Error: Too Many Requests for url: https://api.smith.langchain.com/runs/multipart', '{"error":"Too many requests: tenant exceeded usage limits: Monthly unique traces usage limit exceeded"}\n')trace=019fba83-7350-7533-b893-f21f57d9e762,id=019fba85-9c7b-7f51-9909-016fa9e4f09e; trace=019fba83-7350-7533-b893-f21f57d9e762,id=019fba85-9c7b-7f51-9909-0158ef7431f4; trace=019fba83-7350-7533-b893-f21f57d9e762,id=019fba85-b4e4-7d20-8da6-4a9b2c23f7c0; trace=019fba83-7350-7533-b893-f21f57d9e762,id=019fba85-b4e6-7780-a88b-222361a0edf7
Calling Baseline Move server...
Calling Baseline Move server (JSON repair retry)...
Calling Baseline Move server...
Calling Baseline Move server...
Calling Baseline Move server...
Calling Baseline Move server...
Calling Baseline Move server...
Calling Baseline Move server...
[baseline] 90/104 scenario_03_06 (repeat 2/4)
Failed to send compressed multipart ingest: langsmith.utils.LangSmithRateLimitError: Rate limit exceeded for https://api.smith.langchain.com/runs/multipart. HTTPError('429 Client Error: Too Many Requests for url: https://api.smith.langchain.com/runs/multipart', '{"error":"Too many requests: tenant exceeded usage limits: Monthly unique traces usage limit exceeded"}\n')trace=019fba83-7350-7533-b893-f21f57d9e762,id=019fba85-b4e6-7780-a88b-222361a0edf7; trace=019fba83-7350-7533-b893-f21f57d9e762,id=019fba86-4049-7a71-af68-7f3ed4dc7beb; trace=019fba83-7350-7533-b893-f21f57d9e762,id=019fba86-4049-7a71-af68-7f3ed4dc7beb; trace=019fba83-7350-7533-b893-f21f57d9e762,id=019fba85-b4e4-7d20-8da6-4a9b2c23f7c0; trace=019fba83-7350-7533-b893-f21f57d9e762,id=019fba86-404a-7fc0-979f-cfa9c406b6ff; trace=019fba83-7350-7533-b893-f21f57d9e762,id=019fba86-404a-7fc0-979f-cfa9c406b6ff; trace=019fba83-7350-7533-b893-f21f57d9e762,id=019fba83-7350-7533-b893-f21f57d9e762; trace=019fba86-408d-7672-bc92-5d5909660f7a,id=019fba86-408d-7672-bc92-5d5909660f7a; trace=019fba86-408d-7672-bc92-5d5909660f7a,id=019fba86-408e-7f92-b1bc-73d54056290b; trace=019fba86-408d-7672-bc92-5d5909660f7a,id=019fba86-408e-7f92-b1bc-73d54056290b; trace=019fba86-408d-7672-bc92-5d5909660f7a,id=019fba86-408f-7020-b0b3-0e3fb7b4b47b; trace=019fba86-408d-7672-bc92-5d5909660f7a,id=019fba86-40d9-74b3-89ca-43e8a15bdfe0; trace=019fba86-408d-7672-bc92-5d5909660f7a,id=019fba86-40d9-74b3-89ca-43e8a15bdfe0; trace=019fba86-408d-7672-bc92-5d5909660f7a,id=019fba86-408f-7020-b0b3-0e3fb7b4b47b; trace=019fba86-408d-7672-bc92-5d5909660f7a,id=019fba86-40da-7f82-8e5f-d00630d68970; trace=019fba86-408d-7672-bc92-5d5909660f7a,id=019fba86-40da-7f82-8e5f-d01eca2a1db8
Failed to send compressed multipart ingest: langsmith.utils.LangSmithRateLimitError: Rate limit exceeded for https://api.smith.langchain.com/runs/multipart. HTTPError('429 Client Error: Too Many Requests for url: https://api.smith.langchain.com/runs/multipart', '{"error":"Too many requests: tenant exceeded usage limits: Monthly unique traces usage limit exceeded"}\n')trace=019fba86-408d-7672-bc92-5d5909660f7a,id=019fba86-40da-7f82-8e5f-d01eca2a1db8; trace=019fba86-408d-7672-bc92-5d5909660f7a,id=019fba86-40da-7f82-8e5f-d00630d68970; trace=019fba86-408d-7672-bc92-5d5909660f7a,id=019fba86-663a-76a1-82cd-113d1a030f9b; trace=019fba86-408d-7672-bc92-5d5909660f7a,id=019fba86-663b-7f71-b730-16da91d8abe6
Failed to send compressed multipart ingest: langsmith.utils.LangSmithRateLimitError: Rate limit exceeded for https://api.smith.langchain.com/runs/multipart. HTTPError('429 Client Error: Too Many Requests for url: https://api.smith.langchain.com/runs/multipart', '{"error":"Too many requests: tenant exceeded usage limits: Monthly unique traces usage limit exceeded"}\n')trace=019fba86-408d-7672-bc92-5d5909660f7a,id=019fba86-663b-7f71-b730-16da91d8abe6; trace=019fba86-408d-7672-bc92-5d5909660f7a,id=019fba86-e24f-73e2-a454-33d9ff58345b; trace=019fba86-408d-7672-bc92-5d5909660f7a,id=019fba86-e24f-73e2-a454-33d9ff58345b; trace=019fba86-408d-7672-bc92-5d5909660f7a,id=019fba86-663a-76a1-82cd-113d1a030f9b; trace=019fba86-408d-7672-bc92-5d5909660f7a,id=019fba86-e250-73b2-af3c-9435b741fdb9; trace=019fba86-408d-7672-bc92-5d5909660f7a,id=019fba86-e251-7193-b4dc-035d1a194d9f
Failed to send compressed multipart ingest: langsmith.utils.LangSmithRateLimitError: Rate limit exceeded for https://api.smith.langchain.com/runs/multipart. HTTPError('429 Client Error: Too Many Requests for url: https://api.smith.langchain.com/runs/multipart', '{"error":"Too many requests: tenant exceeded usage limits: Monthly unique traces usage limit exceeded"}\n')trace=019fba86-408d-7672-bc92-5d5909660f7a,id=019fba86-e251-7193-b4dc-035d1a194d9f; trace=019fba86-408d-7672-bc92-5d5909660f7a,id=019fba86-e250-73b2-af3c-9435b741fdb9; trace=019fba86-408d-7672-bc92-5d5909660f7a,id=019fba87-0199-7e52-ab9e-bcbbfbdcdba3; trace=019fba86-408d-7672-bc92-5d5909660f7a,id=019fba87-019b-7833-93d8-6baf3f634148
Failed to send compressed multipart ingest: langsmith.utils.LangSmithRateLimitError: Rate limit exceeded for https://api.smith.langchain.com/runs/multipart. HTTPError('429 Client Error: Too Many Requests for url: https://api.smith.langchain.com/runs/multipart', '{"error":"Too many requests: tenant exceeded usage limits: Monthly unique traces usage limit exceeded"}\n')trace=019fba86-408d-7672-bc92-5d5909660f7a,id=019fba87-019b-7833-93d8-6baf3f634148; trace=019fba86-408d-7672-bc92-5d5909660f7a,id=019fba87-39b0-7ef0-82d0-5015754e20e2; trace=019fba86-408d-7672-bc92-5d5909660f7a,id=019fba87-39b0-7ef0-82d0-5015754e20e2; trace=019fba86-408d-7672-bc92-5d5909660f7a,id=019fba87-0199-7e52-ab9e-bcbbfbdcdba3; trace=019fba86-408d-7672-bc92-5d5909660f7a,id=019fba87-39b1-79c1-89d5-d29c6a915bed; trace=019fba86-408d-7672-bc92-5d5909660f7a,id=019fba87-39b2-7b32-9792-4d961cccb203
Failed to send compressed multipart ingest: langsmith.utils.LangSmithRateLimitError: Rate limit exceeded for https://api.smith.langchain.com/runs/multipart. HTTPError('429 Client Error: Too Many Requests for url: https://api.smith.langchain.com/runs/multipart', '{"error":"Too many requests: tenant exceeded usage limits: Monthly unique traces usage limit exceeded"}\n')trace=019fba86-408d-7672-bc92-5d5909660f7a,id=019fba87-39b2-7b32-9792-4d961cccb203; trace=019fba86-408d-7672-bc92-5d5909660f7a,id=019fba87-39b1-79c1-89d5-d29c6a915bed; trace=019fba86-408d-7672-bc92-5d5909660f7a,id=019fba87-553e-7da0-82a8-88f7901df386; trace=019fba86-408d-7672-bc92-5d5909660f7a,id=019fba87-5541-7b93-adbe-64e141758956
Failed to send compressed multipart ingest: langsmith.utils.LangSmithRateLimitError: Rate limit exceeded for https://api.smith.langchain.com/runs/multipart. HTTPError('429 Client Error: Too Many Requests for url: https://api.smith.langchain.com/runs/multipart', '{"error":"Too many requests: tenant exceeded usage limits: Monthly unique traces usage limit exceeded"}\n')trace=019fba86-408d-7672-bc92-5d5909660f7a,id=019fba87-5541-7b93-adbe-64e141758956; trace=019fba86-408d-7672-bc92-5d5909660f7a,id=019fba87-89b3-7b41-bfc4-ff2255a48cc9; trace=019fba86-408d-7672-bc92-5d5909660f7a,id=019fba87-89b3-7b41-bfc4-ff2255a48cc9; trace=019fba86-408d-7672-bc92-5d5909660f7a,id=019fba87-553e-7da0-82a8-88f7901df386; trace=019fba86-408d-7672-bc92-5d5909660f7a,id=019fba87-89b6-7b83-96c0-de2eb3b5b6b9; trace=019fba86-408d-7672-bc92-5d5909660f7a,id=019fba87-89b7-7980-9ab7-d76a5159d260
Failed to send compressed multipart ingest: langsmith.utils.LangSmithRateLimitError: Rate limit exceeded for https://api.smith.langchain.com/runs/multipart. HTTPError('429 Client Error: Too Many Requests for url: https://api.smith.langchain.com/runs/multipart', '{"error":"Too many requests: tenant exceeded usage limits: Monthly unique traces usage limit exceeded"}\n')trace=019fba86-408d-7672-bc92-5d5909660f7a,id=019fba87-89b7-7980-9ab7-d76a5159d260; trace=019fba86-408d-7672-bc92-5d5909660f7a,id=019fba87-89b6-7b83-96c0-de2eb3b5b6b9; trace=019fba86-408d-7672-bc92-5d5909660f7a,id=019fba87-9dc2-7b43-8484-c94f72d31c16; trace=019fba86-408d-7672-bc92-5d5909660f7a,id=019fba87-9dc4-7d40-9f8f-5c7c0bc3d1ea
Failed to send compressed multipart ingest: langsmith.utils.LangSmithRateLimitError: Rate limit exceeded for https://api.smith.langchain.com/runs/multipart. HTTPError('429 Client Error: Too Many Requests for url: https://api.smith.langchain.com/runs/multipart', '{"error":"Too many requests: tenant exceeded usage limits: Monthly unique traces usage limit exceeded"}\n')trace=019fba86-408d-7672-bc92-5d5909660f7a,id=019fba87-9dc4-7d40-9f8f-5c7c0bc3d1ea; trace=019fba86-408d-7672-bc92-5d5909660f7a,id=019fba87-d0d3-7b82-84de-f4018fbf53f5; trace=019fba86-408d-7672-bc92-5d5909660f7a,id=019fba87-d0d3-7b82-84de-f4018fbf53f5; trace=019fba86-408d-7672-bc92-5d5909660f7a,id=019fba87-9dc2-7b43-8484-c94f72d31c16; trace=019fba86-408d-7672-bc92-5d5909660f7a,id=019fba87-d0d4-7212-be1f-3f8678de3f1e; trace=019fba86-408d-7672-bc92-5d5909660f7a,id=019fba87-d0d5-79a3-81a1-e897b1529b23
Failed to send compressed multipart ingest: langsmith.utils.LangSmithRateLimitError: Rate limit exceeded for https://api.smith.langchain.com/runs/multipart. HTTPError('429 Client Error: Too Many Requests for url: https://api.smith.langchain.com/runs/multipart', '{"error":"Too many requests: tenant exceeded usage limits: Monthly unique traces usage limit exceeded"}\n')trace=019fba86-408d-7672-bc92-5d5909660f7a,id=019fba87-d0d5-79a3-81a1-e897b1529b23; trace=019fba86-408d-7672-bc92-5d5909660f7a,id=019fba87-d0d4-7212-be1f-3f8678de3f1e; trace=019fba86-408d-7672-bc92-5d5909660f7a,id=019fba87-f508-7740-b231-be4a8440ad4b; trace=019fba86-408d-7672-bc92-5d5909660f7a,id=019fba87-f50a-7bf1-9a52-d0c470a50b8d
Failed to send compressed multipart ingest: langsmith.utils.LangSmithRateLimitError: Rate limit exceeded for https://api.smith.langchain.com/runs/multipart. HTTPError('429 Client Error: Too Many Requests for url: https://api.smith.langchain.com/runs/multipart', '{"error":"Too many requests: tenant exceeded usage limits: Monthly unique traces usage limit exceeded"}\n')trace=019fba86-408d-7672-bc92-5d5909660f7a,id=019fba87-f50a-7bf1-9a52-d0c470a50b8d; trace=019fba86-408d-7672-bc92-5d5909660f7a,id=019fba88-26aa-7773-8b3a-6d108ad2e144; trace=019fba86-408d-7672-bc92-5d5909660f7a,id=019fba88-26aa-7773-8b3a-6d108ad2e144; trace=019fba86-408d-7672-bc92-5d5909660f7a,id=019fba87-f508-7740-b231-be4a8440ad4b; trace=019fba86-408d-7672-bc92-5d5909660f7a,id=019fba88-26ab-7eb2-88b3-c6badb29983a; trace=019fba86-408d-7672-bc92-5d5909660f7a,id=019fba88-26ac-7610-80d7-3a650e95eed8
Failed to send compressed multipart ingest: langsmith.utils.LangSmithRateLimitError: Rate limit exceeded for https://api.smith.langchain.com/runs/multipart. HTTPError('429 Client Error: Too Many Requests for url: https://api.smith.langchain.com/runs/multipart', '{"error":"Too many requests: tenant exceeded usage limits: Monthly unique traces usage limit exceeded"}\n')trace=019fba86-408d-7672-bc92-5d5909660f7a,id=019fba88-26ac-7610-80d7-3a650e95eed8; trace=019fba86-408d-7672-bc92-5d5909660f7a,id=019fba88-26ab-7eb2-88b3-c6badb29983a; trace=019fba86-408d-7672-bc92-5d5909660f7a,id=019fba88-48fe-7573-8a6d-cac55d075fbd; trace=019fba86-408d-7672-bc92-5d5909660f7a,id=019fba88-4900-7f31-9edd-a9ce959d7ac9
Failed to send compressed multipart ingest: langsmith.utils.LangSmithRateLimitError: Rate limit exceeded for https://api.smith.langchain.com/runs/multipart. HTTPError('429 Client Error: Too Many Requests for url: https://api.smith.langchain.com/runs/multipart', '{"error":"Too many requests: tenant exceeded usage limits: Monthly unique traces usage limit exceeded"}\n')trace=019fba86-408d-7672-bc92-5d5909660f7a,id=019fba88-4900-7f31-9edd-a9ce959d7ac9; trace=019fba86-408d-7672-bc92-5d5909660f7a,id=019fba88-9e38-74c0-b005-6ac8e0729262; trace=019fba86-408d-7672-bc92-5d5909660f7a,id=019fba88-9e38-74c0-b005-6ac8e0729262; trace=019fba86-408d-7672-bc92-5d5909660f7a,id=019fba88-48fe-7573-8a6d-cac55d075fbd; trace=019fba86-408d-7672-bc92-5d5909660f7a,id=019fba88-9e3a-7b41-a2d4-170e27bb6761; trace=019fba86-408d-7672-bc92-5d5909660f7a,id=019fba88-9e3a-7b41-a2d4-171c7bdea983
Failed to send compressed multipart ingest: langsmith.utils.LangSmithRateLimitError: Rate limit exceeded for https://api.smith.langchain.com/runs/multipart. HTTPError('429 Client Error: Too Many Requests for url: https://api.smith.langchain.com/runs/multipart', '{"error":"Too many requests: tenant exceeded usage limits: Monthly unique traces usage limit exceeded"}\n')trace=019fba86-408d-7672-bc92-5d5909660f7a,id=019fba88-9e3a-7b41-a2d4-171c7bdea983; trace=019fba86-408d-7672-bc92-5d5909660f7a,id=019fba88-9e3a-7b41-a2d4-170e27bb6761; trace=019fba86-408d-7672-bc92-5d5909660f7a,id=019fba88-c54a-7822-a145-f82c3a800b08; trace=019fba86-408d-7672-bc92-5d5909660f7a,id=019fba88-c54c-7971-9773-10b0d9106273
Calling Baseline Move server...
Calling Baseline Move server...
Calling Baseline Move server...
Calling Baseline Move server...
Calling Baseline Move server...
Calling Baseline Move server...
Calling Baseline Move server...
[baseline] 91/104 scenario_03_06 (repeat 3/4)
Failed to send compressed multipart ingest: langsmith.utils.LangSmithRateLimitError: Rate limit exceeded for https://api.smith.langchain.com/runs/multipart. HTTPError('429 Client Error: Too Many Requests for url: https://api.smith.langchain.com/runs/multipart', '{"error":"Too many requests: tenant exceeded usage limits: Monthly unique traces usage limit exceeded"}\n')trace=019fba86-408d-7672-bc92-5d5909660f7a,id=019fba88-c54c-7971-9773-10b0d9106273; trace=019fba86-408d-7672-bc92-5d5909660f7a,id=019fba89-8d3f-7522-b79d-32bf1aa76ec5; trace=019fba86-408d-7672-bc92-5d5909660f7a,id=019fba89-8d3f-7522-b79d-32bf1aa76ec5; trace=019fba86-408d-7672-bc92-5d5909660f7a,id=019fba88-c54a-7822-a145-f82c3a800b08; trace=019fba86-408d-7672-bc92-5d5909660f7a,id=019fba89-8d40-7541-af64-a6f2ed19b0da; trace=019fba86-408d-7672-bc92-5d5909660f7a,id=019fba89-8d40-7541-af64-a6f2ed19b0da; trace=019fba86-408d-7672-bc92-5d5909660f7a,id=019fba86-408d-7672-bc92-5d5909660f7a; trace=019fba89-8d68-77a0-a63a-be9cdae1e684,id=019fba89-8d68-77a0-a63a-be9cdae1e684; trace=019fba89-8d68-77a0-a63a-be9cdae1e684,id=019fba89-8d68-77a0-a63a-bea4414ded64; trace=019fba89-8d68-77a0-a63a-be9cdae1e684,id=019fba89-8d68-77a0-a63a-bea4414ded64; trace=019fba89-8d68-77a0-a63a-be9cdae1e684,id=019fba89-8d69-7703-86ac-8acde85511b1; trace=019fba89-8d68-77a0-a63a-be9cdae1e684,id=019fba89-8d6f-7ab2-b377-cd4740bd5302; trace=019fba89-8d68-77a0-a63a-be9cdae1e684,id=019fba89-8d6f-7ab2-b377-cd4740bd5302; trace=019fba89-8d68-77a0-a63a-be9cdae1e684,id=019fba89-8d69-7703-86ac-8acde85511b1; trace=019fba89-8d68-77a0-a63a-be9cdae1e684,id=019fba89-8d6f-7ab2-b377-cd571a3867bd; trace=019fba89-8d68-77a0-a63a-be9cdae1e684,id=019fba89-8d70-7eb0-b198-25c03f8bac63
Failed to send compressed multipart ingest: langsmith.utils.LangSmithRateLimitError: Rate limit exceeded for https://api.smith.langchain.com/runs/multipart. HTTPError('429 Client Error: Too Many Requests for url: https://api.smith.langchain.com/runs/multipart', '{"error":"Too many requests: tenant exceeded usage limits: Monthly unique traces usage limit exceeded"}\n')trace=019fba89-8d68-77a0-a63a-be9cdae1e684,id=019fba89-8d70-7eb0-b198-25c03f8bac63; trace=019fba89-8d68-77a0-a63a-be9cdae1e684,id=019fba89-8d6f-7ab2-b377-cd571a3867bd; trace=019fba89-8d68-77a0-a63a-be9cdae1e684,id=019fba89-b98f-79f3-abf0-747378fee5d6; trace=019fba89-8d68-77a0-a63a-be9cdae1e684,id=019fba89-b991-7751-9559-dcc0469666ef
Failed to send compressed multipart ingest: langsmith.utils.LangSmithRateLimitError: Rate limit exceeded for https://api.smith.langchain.com/runs/multipart. HTTPError('429 Client Error: Too Many Requests for url: https://api.smith.langchain.com/runs/multipart', '{"error":"Too many requests: tenant exceeded usage limits: Monthly unique traces usage limit exceeded"}\n')trace=019fba89-8d68-77a0-a63a-be9cdae1e684,id=019fba89-b991-7751-9559-dcc0469666ef; trace=019fba89-8d68-77a0-a63a-be9cdae1e684,id=019fba89-fe2e-7af0-a3ac-2f02aeba5846; trace=019fba89-8d68-77a0-a63a-be9cdae1e684,id=019fba89-fe2e-7af0-a3ac-2f02aeba5846; trace=019fba89-8d68-77a0-a63a-be9cdae1e684,id=019fba89-b98f-79f3-abf0-747378fee5d6; trace=019fba89-8d68-77a0-a63a-be9cdae1e684,id=019fba89-fe2f-7353-815a-f1fd281ae3a7; trace=019fba89-8d68-77a0-a63a-be9cdae1e684,id=019fba89-fe30-7550-878b-4b9a572e7d59
Failed to send compressed multipart ingest: langsmith.utils.LangSmithRateLimitError: Rate limit exceeded for https://api.smith.langchain.com/runs/multipart. HTTPError('429 Client Error: Too Many Requests for url: https://api.smith.langchain.com/runs/multipart', '{"error":"Too many requests: tenant exceeded usage limits: Monthly unique traces usage limit exceeded"}\n')trace=019fba89-8d68-77a0-a63a-be9cdae1e684,id=019fba89-fe30-7550-878b-4b9a572e7d59; trace=019fba89-8d68-77a0-a63a-be9cdae1e684,id=019fba89-fe2f-7353-815a-f1fd281ae3a7; trace=019fba89-8d68-77a0-a63a-be9cdae1e684,id=019fba8a-219a-7030-a3a9-bf473df802f1; trace=019fba89-8d68-77a0-a63a-be9cdae1e684,id=019fba8a-219c-7fd1-8faa-e601432063e2
Failed to send compressed multipart ingest: langsmith.utils.LangSmithRateLimitError: Rate limit exceeded for https://api.smith.langchain.com/runs/multipart. HTTPError('429 Client Error: Too Many Requests for url: https://api.smith.langchain.com/runs/multipart', '{"error":"Too many requests: tenant exceeded usage limits: Monthly unique traces usage limit exceeded"}\n')trace=019fba89-8d68-77a0-a63a-be9cdae1e684,id=019fba8a-219c-7fd1-8faa-e601432063e2; trace=019fba89-8d68-77a0-a63a-be9cdae1e684,id=019fba8a-89fc-7c11-97d0-3052180926ac; trace=019fba89-8d68-77a0-a63a-be9cdae1e684,id=019fba8a-89fc-7c11-97d0-3052180926ac; trace=019fba89-8d68-77a0-a63a-be9cdae1e684,id=019fba8a-219a-7030-a3a9-bf473df802f1; trace=019fba89-8d68-77a0-a63a-be9cdae1e684,id=019fba8a-89fd-72d2-a59b-c009c5269ba0; trace=019fba89-8d68-77a0-a63a-be9cdae1e684,id=019fba8a-89fe-7880-ac1b-58e6f193bd7c
Failed to send compressed multipart ingest: langsmith.utils.LangSmithRateLimitError: Rate limit exceeded for https://api.smith.langchain.com/runs/multipart. HTTPError('429 Client Error: Too Many Requests for url: https://api.smith.langchain.com/runs/multipart', '{"error":"Too many requests: tenant exceeded usage limits: Monthly unique traces usage limit exceeded"}\n')trace=019fba89-8d68-77a0-a63a-be9cdae1e684,id=019fba8a-89fe-7880-ac1b-58e6f193bd7c; trace=019fba89-8d68-77a0-a63a-be9cdae1e684,id=019fba8a-89fd-72d2-a59b-c009c5269ba0; trace=019fba89-8d68-77a0-a63a-be9cdae1e684,id=019fba8a-a3a8-7fe2-b1de-b5a5b7e8dced; trace=019fba89-8d68-77a0-a63a-be9cdae1e684,id=019fba8a-a3aa-7ef0-b1f1-e2aa8dd02137
Failed to send compressed multipart ingest: langsmith.utils.LangSmithRateLimitError: Rate limit exceeded for https://api.smith.langchain.com/runs/multipart. HTTPError('429 Client Error: Too Many Requests for url: https://api.smith.langchain.com/runs/multipart', '{"error":"Too many requests: tenant exceeded usage limits: Monthly unique traces usage limit exceeded"}\n')trace=019fba89-8d68-77a0-a63a-be9cdae1e684,id=019fba8a-a3aa-7ef0-b1f1-e2aa8dd02137; trace=019fba89-8d68-77a0-a63a-be9cdae1e684,id=019fba8b-2373-7c62-962e-b0825a5ac6d7; trace=019fba89-8d68-77a0-a63a-be9cdae1e684,id=019fba8b-2373-7c62-962e-b0825a5ac6d7; trace=019fba89-8d68-77a0-a63a-be9cdae1e684,id=019fba8a-a3a8-7fe2-b1de-b5a5b7e8dced; trace=019fba89-8d68-77a0-a63a-be9cdae1e684,id=019fba8b-2374-7af1-8b95-0155d519ed55; trace=019fba89-8d68-77a0-a63a-be9cdae1e684,id=019fba8b-2375-7ea0-8485-217416757ed6
Failed to send compressed multipart ingest: langsmith.utils.LangSmithRateLimitError: Rate limit exceeded for https://api.smith.langchain.com/runs/multipart. HTTPError('429 Client Error: Too Many Requests for url: https://api.smith.langchain.com/runs/multipart', '{"error":"Too many requests: tenant exceeded usage limits: Monthly unique traces usage limit exceeded"}\n')trace=019fba89-8d68-77a0-a63a-be9cdae1e684,id=019fba8b-2375-7ea0-8485-217416757ed6; trace=019fba89-8d68-77a0-a63a-be9cdae1e684,id=019fba8b-2374-7af1-8b95-0155d519ed55; trace=019fba89-8d68-77a0-a63a-be9cdae1e684,id=019fba8b-4ae8-7a01-9eb7-4c39ad529bc3; trace=019fba89-8d68-77a0-a63a-be9cdae1e684,id=019fba8b-4aea-77f1-93be-b11749f65b4e
Failed to send compressed multipart ingest: langsmith.utils.LangSmithRateLimitError: Rate limit exceeded for https://api.smith.langchain.com/runs/multipart. HTTPError('429 Client Error: Too Many Requests for url: https://api.smith.langchain.com/runs/multipart', '{"error":"Too many requests: tenant exceeded usage limits: Monthly unique traces usage limit exceeded"}\n')trace=019fba89-8d68-77a0-a63a-be9cdae1e684,id=019fba8b-4aea-77f1-93be-b11749f65b4e; trace=019fba89-8d68-77a0-a63a-be9cdae1e684,id=019fba8b-63dc-7bc1-bcb9-8b597faa9a77; trace=019fba89-8d68-77a0-a63a-be9cdae1e684,id=019fba8b-63dc-7bc1-bcb9-8b597faa9a77; trace=019fba89-8d68-77a0-a63a-be9cdae1e684,id=019fba8b-4ae8-7a01-9eb7-4c39ad529bc3; trace=019fba89-8d68-77a0-a63a-be9cdae1e684,id=019fba8b-63dd-77d3-baed-97fc9c39c2ab; trace=019fba89-8d68-77a0-a63a-be9cdae1e684,id=019fba8b-63de-74c2-9a20-135ae05fc633
Failed to send compressed multipart ingest: langsmith.utils.LangSmithRateLimitError: Rate limit exceeded for https://api.smith.langchain.com/runs/multipart. HTTPError('429 Client Error: Too Many Requests for url: https://api.smith.langchain.com/runs/multipart', '{"error":"Too many requests: tenant exceeded usage limits: Monthly unique traces usage limit exceeded"}\n')trace=019fba89-8d68-77a0-a63a-be9cdae1e684,id=019fba8b-63de-74c2-9a20-135ae05fc633; trace=019fba89-8d68-77a0-a63a-be9cdae1e684,id=019fba8b-63dd-77d3-baed-97fc9c39c2ab; trace=019fba89-8d68-77a0-a63a-be9cdae1e684,id=019fba8b-8b0b-7ef2-a9c4-1416e7c9aff9; trace=019fba89-8d68-77a0-a63a-be9cdae1e684,id=019fba8b-8b0c-74c1-8372-bf54921aef96
Failed to send compressed multipart ingest: langsmith.utils.LangSmithRateLimitError: Rate limit exceeded for https://api.smith.langchain.com/runs/multipart. HTTPError('429 Client Error: Too Many Requests for url: https://api.smith.langchain.com/runs/multipart', '{"error":"Too many requests: tenant exceeded usage limits: Monthly unique traces usage limit exceeded"}\n')trace=019fba89-8d68-77a0-a63a-be9cdae1e684,id=019fba8b-8b0c-74c1-8372-bf54921aef96; trace=019fba89-8d68-77a0-a63a-be9cdae1e684,id=019fba8b-9b61-7702-815d-261554c4de1b; trace=019fba89-8d68-77a0-a63a-be9cdae1e684,id=019fba8b-9b61-7702-815d-261554c4de1b; trace=019fba89-8d68-77a0-a63a-be9cdae1e684,id=019fba8b-8b0b-7ef2-a9c4-1416e7c9aff9; trace=019fba89-8d68-77a0-a63a-be9cdae1e684,id=019fba8b-9b62-7a91-b677-ce22a9b129cf; trace=019fba89-8d68-77a0-a63a-be9cdae1e684,id=019fba8b-9b63-7fd1-abff-11fc9f40acd4
Calling Baseline Move server...
Calling Baseline Move server...
Calling Baseline Move server...
Calling Baseline Move server...
Calling Baseline Move server...
[baseline] 92/104 scenario_03_06 (repeat 4/4)
Failed to send compressed multipart ingest: langsmith.utils.LangSmithRateLimitError: Rate limit exceeded for https://api.smith.langchain.com/runs/multipart. HTTPError('429 Client Error: Too Many Requests for url: https://api.smith.langchain.com/runs/multipart', '{"error":"Too many requests: tenant exceeded usage limits: Monthly unique traces usage limit exceeded"}\n')trace=019fba89-8d68-77a0-a63a-be9cdae1e684,id=019fba8b-9b63-7fd1-abff-11fc9f40acd4; trace=019fba89-8d68-77a0-a63a-be9cdae1e684,id=019fba8b-9b62-7a91-b677-ce22a9b129cf; trace=019fba89-8d68-77a0-a63a-be9cdae1e684,id=019fba89-8d68-77a0-a63a-be9cdae1e684; trace=019fba8b-e5ac-7232-8e26-846f51c7df40,id=019fba8b-e5ac-7232-8e26-846f51c7df40; trace=019fba8b-e5ac-7232-8e26-846f51c7df40,id=019fba8b-e5ae-74b0-97f5-ec8247f1633b; trace=019fba8b-e5ac-7232-8e26-846f51c7df40,id=019fba8b-e5ae-74b0-97f5-ec8247f1633b; trace=019fba8b-e5ac-7232-8e26-846f51c7df40,id=019fba8b-e5ae-74b0-97f5-ec920fae0fbd; trace=019fba8b-e5ac-7232-8e26-846f51c7df40,id=019fba8b-e5dd-79b0-aecd-0598f289c240; trace=019fba8b-e5ac-7232-8e26-846f51c7df40,id=019fba8b-e5dd-79b0-aecd-0598f289c240; trace=019fba8b-e5ac-7232-8e26-846f51c7df40,id=019fba8b-e5ae-74b0-97f5-ec920fae0fbd; trace=019fba8b-e5ac-7232-8e26-846f51c7df40,id=019fba8b-e5de-7440-a1f0-00e255353f8f; trace=019fba8b-e5ac-7232-8e26-846f51c7df40,id=019fba8b-e5df-7283-9220-1556fc436881
Failed to send compressed multipart ingest: langsmith.utils.LangSmithRateLimitError: Rate limit exceeded for https://api.smith.langchain.com/runs/multipart. HTTPError('429 Client Error: Too Many Requests for url: https://api.smith.langchain.com/runs/multipart', '{"error":"Too many requests: tenant exceeded usage limits: Monthly unique traces usage limit exceeded"}\n')trace=019fba8b-e5ac-7232-8e26-846f51c7df40,id=019fba8b-e5df-7283-9220-1556fc436881; trace=019fba8b-e5ac-7232-8e26-846f51c7df40,id=019fba8b-e5de-7440-a1f0-00e255353f8f; trace=019fba8b-e5ac-7232-8e26-846f51c7df40,id=019fba8c-05e3-7103-8d1e-3893fb6d66b8; trace=019fba8b-e5ac-7232-8e26-846f51c7df40,id=019fba8c-05e5-7eb0-a7af-5e015417787c
Failed to send compressed multipart ingest: langsmith.utils.LangSmithRateLimitError: Rate limit exceeded for https://api.smith.langchain.com/runs/multipart. HTTPError('429 Client Error: Too Many Requests for url: https://api.smith.langchain.com/runs/multipart', '{"error":"Too many requests: tenant exceeded usage limits: Monthly unique traces usage limit exceeded"}\n')trace=019fba8b-e5ac-7232-8e26-846f51c7df40,id=019fba8c-05e5-7eb0-a7af-5e015417787c; trace=019fba8b-e5ac-7232-8e26-846f51c7df40,id=019fba8c-15e3-7160-bcb2-24b76eeafd7b; trace=019fba8b-e5ac-7232-8e26-846f51c7df40,id=019fba8c-15e3-7160-bcb2-24b76eeafd7b; trace=019fba8b-e5ac-7232-8e26-846f51c7df40,id=019fba8c-05e3-7103-8d1e-3893fb6d66b8; trace=019fba8b-e5ac-7232-8e26-846f51c7df40,id=019fba8c-15e4-7103-a358-1a7fda16fdfa; trace=019fba8b-e5ac-7232-8e26-846f51c7df40,id=019fba8c-15e5-7e62-84c8-0aafb9af8995
Failed to send compressed multipart ingest: langsmith.utils.LangSmithRateLimitError: Rate limit exceeded for https://api.smith.langchain.com/runs/multipart. HTTPError('429 Client Error: Too Many Requests for url: https://api.smith.langchain.com/runs/multipart', '{"error":"Too many requests: tenant exceeded usage limits: Monthly unique traces usage limit exceeded"}\n')trace=019fba8b-e5ac-7232-8e26-846f51c7df40,id=019fba8c-15e5-7e62-84c8-0aafb9af8995; trace=019fba8b-e5ac-7232-8e26-846f51c7df40,id=019fba8c-15e4-7103-a358-1a7fda16fdfa; trace=019fba8b-e5ac-7232-8e26-846f51c7df40,id=019fba8c-3566-7f82-acfd-d0d5c251933d; trace=019fba8b-e5ac-7232-8e26-846f51c7df40,id=019fba8c-3569-7f32-a6f4-9b310bea3b3c
Failed to send compressed multipart ingest: langsmith.utils.LangSmithRateLimitError: Rate limit exceeded for https://api.smith.langchain.com/runs/multipart. HTTPError('429 Client Error: Too Many Requests for url: https://api.smith.langchain.com/runs/multipart', '{"error":"Too many requests: tenant exceeded usage limits: Monthly unique traces usage limit exceeded"}\n')trace=019fba8b-e5ac-7232-8e26-846f51c7df40,id=019fba8c-3569-7f32-a6f4-9b310bea3b3c; trace=019fba8b-e5ac-7232-8e26-846f51c7df40,id=019fba8c-4cc4-77f2-a5fc-1b60a25f2592; trace=019fba8b-e5ac-7232-8e26-846f51c7df40,id=019fba8c-4cc4-77f2-a5fc-1b60a25f2592; trace=019fba8b-e5ac-7232-8e26-846f51c7df40,id=019fba8c-3566-7f82-acfd-d0d5c251933d; trace=019fba8b-e5ac-7232-8e26-846f51c7df40,id=019fba8c-4cc5-7571-9208-9ee10f32a88b; trace=019fba8b-e5ac-7232-8e26-846f51c7df40,id=019fba8c-4cc5-7571-9208-9ef42df71510
Failed to send compressed multipart ingest: langsmith.utils.LangSmithRateLimitError: Rate limit exceeded for https://api.smith.langchain.com/runs/multipart. HTTPError('429 Client Error: Too Many Requests for url: https://api.smith.langchain.com/runs/multipart', '{"error":"Too many requests: tenant exceeded usage limits: Monthly unique traces usage limit exceeded"}\n')trace=019fba8b-e5ac-7232-8e26-846f51c7df40,id=019fba8c-4cc5-7571-9208-9ef42df71510; trace=019fba8b-e5ac-7232-8e26-846f51c7df40,id=019fba8c-4cc5-7571-9208-9ee10f32a88b; trace=019fba8b-e5ac-7232-8e26-846f51c7df40,id=019fba8c-7098-78d1-9b58-f992e4b20535; trace=019fba8b-e5ac-7232-8e26-846f51c7df40,id=019fba8c-709a-7511-b1bd-25038da9c99c
Failed to send compressed multipart ingest: langsmith.utils.LangSmithRateLimitError: Rate limit exceeded for https://api.smith.langchain.com/runs/multipart. HTTPError('429 Client Error: Too Many Requests for url: https://api.smith.langchain.com/runs/multipart', '{"error":"Too many requests: tenant exceeded usage limits: Monthly unique traces usage limit exceeded"}\n')trace=019fba8b-e5ac-7232-8e26-846f51c7df40,id=019fba8c-709a-7511-b1bd-25038da9c99c; trace=019fba8b-e5ac-7232-8e26-846f51c7df40,id=019fba8c-8314-7123-b419-7271adb0dfec; trace=019fba8b-e5ac-7232-8e26-846f51c7df40,id=019fba8c-8314-7123-b419-7271adb0dfec; trace=019fba8b-e5ac-7232-8e26-846f51c7df40,id=019fba8c-7098-78d1-9b58-f992e4b20535; trace=019fba8b-e5ac-7232-8e26-846f51c7df40,id=019fba8c-8315-7782-b574-0f8c42ed635e; trace=019fba8b-e5ac-7232-8e26-846f51c7df40,id=019fba8c-8316-7021-aec2-258c74b276a0
Failed to send compressed multipart ingest: langsmith.utils.LangSmithRateLimitError: Rate limit exceeded for https://api.smith.langchain.com/runs/multipart. HTTPError('429 Client Error: Too Many Requests for url: https://api.smith.langchain.com/runs/multipart', '{"error":"Too many requests: tenant exceeded usage limits: Monthly unique traces usage limit exceeded"}\n')trace=019fba8b-e5ac-7232-8e26-846f51c7df40,id=019fba8c-8316-7021-aec2-258c74b276a0; trace=019fba8b-e5ac-7232-8e26-846f51c7df40,id=019fba8c-8315-7782-b574-0f8c42ed635e; trace=019fba8b-e5ac-7232-8e26-846f51c7df40,id=019fba8c-9c9a-7220-a1a2-969a9a1c7a45; trace=019fba8b-e5ac-7232-8e26-846f51c7df40,id=019fba8c-9c9c-7843-98f2-55f24a6786ba
Failed to send compressed multipart ingest: langsmith.utils.LangSmithRateLimitError: Rate limit exceeded for https://api.smith.langchain.com/runs/multipart. HTTPError('429 Client Error: Too Many Requests for url: https://api.smith.langchain.com/runs/multipart', '{"error":"Too many requests: tenant exceeded usage limits: Monthly unique traces usage limit exceeded"}\n')trace=019fba8b-e5ac-7232-8e26-846f51c7df40,id=019fba8c-9c9c-7843-98f2-55f24a6786ba; trace=019fba8b-e5ac-7232-8e26-846f51c7df40,id=019fba8c-b1d9-7eb2-97ca-f190f4ed50ce; trace=019fba8b-e5ac-7232-8e26-846f51c7df40,id=019fba8c-b1d9-7eb2-97ca-f190f4ed50ce; trace=019fba8b-e5ac-7232-8e26-846f51c7df40,id=019fba8c-9c9a-7220-a1a2-969a9a1c7a45; trace=019fba8b-e5ac-7232-8e26-846f51c7df40,id=019fba8c-b1da-7742-86e0-5bff6b7c5762; trace=019fba8b-e5ac-7232-8e26-846f51c7df40,id=019fba8c-b1da-7742-86e0-5c08b80c47c3
Failed to send compressed multipart ingest: langsmith.utils.LangSmithRateLimitError: Rate limit exceeded for https://api.smith.langchain.com/runs/multipart. HTTPError('429 Client Error: Too Many Requests for url: https://api.smith.langchain.com/runs/multipart', '{"error":"Too many requests: tenant exceeded usage limits: Monthly unique traces usage limit exceeded"}\n')trace=019fba8b-e5ac-7232-8e26-846f51c7df40,id=019fba8c-b1da-7742-86e0-5c08b80c47c3
Failed to send compressed multipart ingest: langsmith.utils.LangSmithRateLimitError: Rate limit exceeded for https://api.smith.langchain.com/runs/multipart. HTTPError('429 Client Error: Too Many Requests for url: https://api.smith.langchain.com/runs/multipart', '{"error":"Too many requests: tenant exceeded usage limits: Monthly unique traces usage limit exceeded"}\n')trace=019fba8b-e5ac-7232-8e26-846f51c7df40,id=019fba8c-b1da-7742-86e0-5bff6b7c5762; trace=019fba8b-e5ac-7232-8e26-846f51c7df40,id=019fba8c-f1a0-7d01-8633-bb421b9c3e45; trace=019fba8b-e5ac-7232-8e26-846f51c7df40,id=019fba8c-f1a2-75b0-a660-77a0b8998878
Failed to send compressed multipart ingest: langsmith.utils.LangSmithRateLimitError: Rate limit exceeded for https://api.smith.langchain.com/runs/multipart. HTTPError('429 Client Error: Too Many Requests for url: https://api.smith.langchain.com/runs/multipart', '{"error":"Too many requests: tenant exceeded usage limits: Monthly unique traces usage limit exceeded"}\n')trace=019fba8b-e5ac-7232-8e26-846f51c7df40,id=019fba8c-f1a2-75b0-a660-77a0b8998878; trace=019fba8b-e5ac-7232-8e26-846f51c7df40,id=019fba8d-051f-7c32-a9cc-a64fc7d65c2c; trace=019fba8b-e5ac-7232-8e26-846f51c7df40,id=019fba8d-051f-7c32-a9cc-a64fc7d65c2c; trace=019fba8b-e5ac-7232-8e26-846f51c7df40,id=019fba8c-f1a0-7d01-8633-bb421b9c3e45; trace=019fba8b-e5ac-7232-8e26-846f51c7df40,id=019fba8d-0521-7d21-9deb-299bebc82005; trace=019fba8b-e5ac-7232-8e26-846f51c7df40,id=019fba8d-0521-7d21-9deb-29a58575e03b
Failed to send compressed multipart ingest: langsmith.utils.LangSmithRateLimitError: Rate limit exceeded for https://api.smith.langchain.com/runs/multipart. HTTPError('429 Client Error: Too Many Requests for url: https://api.smith.langchain.com/runs/multipart', '{"error":"Too many requests: tenant exceeded usage limits: Monthly unique traces usage limit exceeded"}\n')trace=019fba8b-e5ac-7232-8e26-846f51c7df40,id=019fba8d-0521-7d21-9deb-29a58575e03b; trace=019fba8b-e5ac-7232-8e26-846f51c7df40,id=019fba8d-0521-7d21-9deb-299bebc82005; trace=019fba8b-e5ac-7232-8e26-846f51c7df40,id=019fba8d-3e90-7a61-94b2-d33b9015914d; trace=019fba8b-e5ac-7232-8e26-846f51c7df40,id=019fba8d-3e95-7f62-8f1f-165d77915c2c
Calling Baseline Move server...
Calling Baseline Move server...
Calling Baseline Move server...
Calling Baseline Move server...
Calling Baseline Move server...
Calling Baseline Move server...
[baseline] 93/104 scenario_03_07 (repeat 1/4)
Failed to send compressed multipart ingest: langsmith.utils.LangSmithRateLimitError: Rate limit exceeded for https://api.smith.langchain.com/runs/multipart. HTTPError('429 Client Error: Too Many Requests for url: https://api.smith.langchain.com/runs/multipart', '{"error":"Too many requests: tenant exceeded usage limits: Monthly unique traces usage limit exceeded"}\n')trace=019fba8b-e5ac-7232-8e26-846f51c7df40,id=019fba8d-3e95-7f62-8f1f-165d77915c2c; trace=019fba8b-e5ac-7232-8e26-846f51c7df40,id=019fba8d-8e0e-79d3-9610-e366a752b1b6; trace=019fba8b-e5ac-7232-8e26-846f51c7df40,id=019fba8d-8e0e-79d3-9610-e366a752b1b6; trace=019fba8b-e5ac-7232-8e26-846f51c7df40,id=019fba8d-3e90-7a61-94b2-d33b9015914d; trace=019fba8b-e5ac-7232-8e26-846f51c7df40,id=019fba8d-8e0f-7f71-9c23-cb2bd65af06a; trace=019fba8b-e5ac-7232-8e26-846f51c7df40,id=019fba8d-8e0f-7f71-9c23-cb2bd65af06a; trace=019fba8b-e5ac-7232-8e26-846f51c7df40,id=019fba8b-e5ac-7232-8e26-846f51c7df40; trace=019fba8d-8f25-72e2-b994-ba559d0c048a,id=019fba8d-8f25-72e2-b994-ba559d0c048a; trace=019fba8d-8f25-72e2-b994-ba559d0c048a,id=019fba8d-8f26-74b0-bdaa-7d4cb1b7709e; trace=019fba8d-8f25-72e2-b994-ba559d0c048a,id=019fba8d-8f26-74b0-bdaa-7d4cb1b7709e; trace=019fba8d-8f25-72e2-b994-ba559d0c048a,id=019fba8d-8f27-7573-9f76-6bffa4828855; trace=019fba8d-8f25-72e2-b994-ba559d0c048a,id=019fba8d-8fa3-74e0-ade5-a02160b1153b; trace=019fba8d-8f25-72e2-b994-ba559d0c048a,id=019fba8d-8fa3-74e0-ade5-a02160b1153b; trace=019fba8d-8f25-72e2-b994-ba559d0c048a,id=019fba8d-8f27-7573-9f76-6bffa4828855; trace=019fba8d-8f25-72e2-b994-ba559d0c048a,id=019fba8d-8fa5-7d40-8503-082f9b76f688; trace=019fba8d-8f25-72e2-b994-ba559d0c048a,id=019fba8d-8fa6-7181-bd9b-9f77f75533ce
Failed to send compressed multipart ingest: langsmith.utils.LangSmithRateLimitError: Rate limit exceeded for https://api.smith.langchain.com/runs/multipart. HTTPError('429 Client Error: Too Many Requests for url: https://api.smith.langchain.com/runs/multipart', '{"error":"Too many requests: tenant exceeded usage limits: Monthly unique traces usage limit exceeded"}\n')trace=019fba8d-8f25-72e2-b994-ba559d0c048a,id=019fba8d-8fa6-7181-bd9b-9f77f75533ce; trace=019fba8d-8f25-72e2-b994-ba559d0c048a,id=019fba8d-8fa5-7d40-8503-082f9b76f688; trace=019fba8d-8f25-72e2-b994-ba559d0c048a,id=019fba8d-f3e1-72b0-b9b0-3320361159a4; trace=019fba8d-8f25-72e2-b994-ba559d0c048a,id=019fba8d-f3e3-7ae0-bdd8-f8de02dea2a3
Failed to send compressed multipart ingest: langsmith.utils.LangSmithRateLimitError: Rate limit exceeded for https://api.smith.langchain.com/runs/multipart. HTTPError('429 Client Error: Too Many Requests for url: https://api.smith.langchain.com/runs/multipart', '{"error":"Too many requests: tenant exceeded usage limits: Monthly unique traces usage limit exceeded"}\n')trace=019fba8d-8f25-72e2-b994-ba559d0c048a,id=019fba8d-f3e3-7ae0-bdd8-f8de02dea2a3; trace=019fba8d-8f25-72e2-b994-ba559d0c048a,id=019fba8e-03c3-7370-8d4a-41daa2098fba; trace=019fba8d-8f25-72e2-b994-ba559d0c048a,id=019fba8e-03c3-7370-8d4a-41daa2098fba; trace=019fba8d-8f25-72e2-b994-ba559d0c048a,id=019fba8d-f3e1-72b0-b9b0-3320361159a4; trace=019fba8d-8f25-72e2-b994-ba559d0c048a,id=019fba8e-03c4-7763-8cfc-416f711f9699; trace=019fba8d-8f25-72e2-b994-ba559d0c048a,id=019fba8e-03c4-7763-8cfc-4177e6e6bdd8
Failed to send compressed multipart ingest: langsmith.utils.LangSmithRateLimitError: Rate limit exceeded for https://api.smith.langchain.com/runs/multipart. HTTPError('429 Client Error: Too Many Requests for url: https://api.smith.langchain.com/runs/multipart', '{"error":"Too many requests: tenant exceeded usage limits: Monthly unique traces usage limit exceeded"}\n')trace=019fba8d-8f25-72e2-b994-ba559d0c048a,id=019fba8e-03c4-7763-8cfc-4177e6e6bdd8; trace=019fba8d-8f25-72e2-b994-ba559d0c048a,id=019fba8e-03c4-7763-8cfc-416f711f9699; trace=019fba8d-8f25-72e2-b994-ba559d0c048a,id=019fba8e-2696-7540-bf70-50f3edd769d2; trace=019fba8d-8f25-72e2-b994-ba559d0c048a,id=019fba8e-2698-7733-accb-220f09b6ac15
Failed to send compressed multipart ingest: langsmith.utils.LangSmithRateLimitError: Rate limit exceeded for https://api.smith.langchain.com/runs/multipart. HTTPError('429 Client Error: Too Many Requests for url: https://api.smith.langchain.com/runs/multipart', '{"error":"Too many requests: tenant exceeded usage limits: Monthly unique traces usage limit exceeded"}\n')trace=019fba8d-8f25-72e2-b994-ba559d0c048a,id=019fba8e-2698-7733-accb-220f09b6ac15; trace=019fba8d-8f25-72e2-b994-ba559d0c048a,id=019fba8e-3811-7903-9378-1ecab6864763; trace=019fba8d-8f25-72e2-b994-ba559d0c048a,id=019fba8e-3811-7903-9378-1ecab6864763; trace=019fba8d-8f25-72e2-b994-ba559d0c048a,id=019fba8e-2696-7540-bf70-50f3edd769d2; trace=019fba8d-8f25-72e2-b994-ba559d0c048a,id=019fba8e-3812-78d2-8cf1-ac107013992b; trace=019fba8d-8f25-72e2-b994-ba559d0c048a,id=019fba8e-3813-7e81-a197-58e995ca99c6
Failed to send compressed multipart ingest: langsmith.utils.LangSmithRateLimitError: Rate limit exceeded for https://api.smith.langchain.com/runs/multipart. HTTPError('429 Client Error: Too Many Requests for url: https://api.smith.langchain.com/runs/multipart', '{"error":"Too many requests: tenant exceeded usage limits: Monthly unique traces usage limit exceeded"}\n')trace=019fba8d-8f25-72e2-b994-ba559d0c048a,id=019fba8e-3813-7e81-a197-58e995ca99c6; trace=019fba8d-8f25-72e2-b994-ba559d0c048a,id=019fba8e-3812-78d2-8cf1-ac107013992b; trace=019fba8d-8f25-72e2-b994-ba559d0c048a,id=019fba8e-97e3-7493-bf9e-4f622d92fb4b; trace=019fba8d-8f25-72e2-b994-ba559d0c048a,id=019fba8e-97e5-71d3-a0da-0c2a6de28014
Failed to send compressed multipart ingest: langsmith.utils.LangSmithRateLimitError: Rate limit exceeded for https://api.smith.langchain.com/runs/multipart. HTTPError('429 Client Error: Too Many Requests for url: https://api.smith.langchain.com/runs/multipart', '{"error":"Too many requests: tenant exceeded usage limits: Monthly unique traces usage limit exceeded"}\n')trace=019fba8d-8f25-72e2-b994-ba559d0c048a,id=019fba8e-97e5-71d3-a0da-0c2a6de28014; trace=019fba8d-8f25-72e2-b994-ba559d0c048a,id=019fba8e-a9b8-75b2-bb52-8af9861a1df6; trace=019fba8d-8f25-72e2-b994-ba559d0c048a,id=019fba8e-a9b8-75b2-bb52-8af9861a1df6; trace=019fba8d-8f25-72e2-b994-ba559d0c048a,id=019fba8e-97e3-7493-bf9e-4f622d92fb4b; trace=019fba8d-8f25-72e2-b994-ba559d0c048a,id=019fba8e-a9b9-75d1-97fd-b0ed98ed543c; trace=019fba8d-8f25-72e2-b994-ba559d0c048a,id=019fba8e-a9ba-7ee2-bf0a-3a709419deef
Failed to send compressed multipart ingest: langsmith.utils.LangSmithRateLimitError: Rate limit exceeded for https://api.smith.langchain.com/runs/multipart. HTTPError('429 Client Error: Too Many Requests for url: https://api.smith.langchain.com/runs/multipart', '{"error":"Too many requests: tenant exceeded usage limits: Monthly unique traces usage limit exceeded"}\n')trace=019fba8d-8f25-72e2-b994-ba559d0c048a,id=019fba8e-a9ba-7ee2-bf0a-3a709419deef; trace=019fba8d-8f25-72e2-b994-ba559d0c048a,id=019fba8e-a9b9-75d1-97fd-b0ed98ed543c; trace=019fba8d-8f25-72e2-b994-ba559d0c048a,id=019fba8e-eb61-7553-acfa-162d74f01cdd; trace=019fba8d-8f25-72e2-b994-ba559d0c048a,id=019fba8e-eb65-7040-b5f7-d46d12d98869
Calling Baseline Move server...
Calling Baseline Move server...
Calling Baseline Move server...
Calling Baseline Move server...
[baseline] 94/104 scenario_03_07 (repeat 2/4)
Failed to send compressed multipart ingest: langsmith.utils.LangSmithRateLimitError: Rate limit exceeded for https://api.smith.langchain.com/runs/multipart. HTTPError('429 Client Error: Too Many Requests for url: https://api.smith.langchain.com/runs/multipart', '{"error":"Too many requests: tenant exceeded usage limits: Monthly unique traces usage limit exceeded"}\n')trace=019fba8d-8f25-72e2-b994-ba559d0c048a,id=019fba8e-eb65-7040-b5f7-d46d12d98869; trace=019fba8d-8f25-72e2-b994-ba559d0c048a,id=019fba8e-fc12-72c0-be77-d24bbf29fab2; trace=019fba8d-8f25-72e2-b994-ba559d0c048a,id=019fba8e-fc12-72c0-be77-d24bbf29fab2; trace=019fba8d-8f25-72e2-b994-ba559d0c048a,id=019fba8e-eb61-7553-acfa-162d74f01cdd; trace=019fba8d-8f25-72e2-b994-ba559d0c048a,id=019fba8e-fc15-73e1-815e-24d074000255; trace=019fba8d-8f25-72e2-b994-ba559d0c048a,id=019fba8e-fc15-73e1-815e-24d074000255; trace=019fba8d-8f25-72e2-b994-ba559d0c048a,id=019fba8d-8f25-72e2-b994-ba559d0c048a; trace=019fba8e-fcf6-7d91-a90c-e5a91e979f4d,id=019fba8e-fcf6-7d91-a90c-e5a91e979f4d; trace=019fba8e-fcf6-7d91-a90c-e5a91e979f4d,id=019fba8e-fcf6-7d91-a90c-e5b8580358de; trace=019fba8e-fcf6-7d91-a90c-e5a91e979f4d,id=019fba8e-fcf6-7d91-a90c-e5b8580358de; trace=019fba8e-fcf6-7d91-a90c-e5a91e979f4d,id=019fba8e-fcf7-7441-9d6b-607f7490099a; trace=019fba8e-fcf6-7d91-a90c-e5a91e979f4d,id=019fba8e-fe0c-7043-9866-ab89b80691b9; trace=019fba8e-fcf6-7d91-a90c-e5a91e979f4d,id=019fba8e-fe0c-7043-9866-ab89b80691b9; trace=019fba8e-fcf6-7d91-a90c-e5a91e979f4d,id=019fba8e-fcf7-7441-9d6b-607f7490099a; trace=019fba8e-fcf6-7d91-a90c-e5a91e979f4d,id=019fba8e-fe0d-72c3-a46c-3be7edff673b; trace=019fba8e-fcf6-7d91-a90c-e5a91e979f4d,id=019fba8e-fe0d-72c3-a46c-3bf935252d95
Failed to send compressed multipart ingest: langsmith.utils.LangSmithRateLimitError: Rate limit exceeded for https://api.smith.langchain.com/runs/multipart. HTTPError('429 Client Error: Too Many Requests for url: https://api.smith.langchain.com/runs/multipart', '{"error":"Too many requests: tenant exceeded usage limits: Monthly unique traces usage limit exceeded"}\n')trace=019fba8e-fcf6-7d91-a90c-e5a91e979f4d,id=019fba8e-fe0d-72c3-a46c-3bf935252d95; trace=019fba8e-fcf6-7d91-a90c-e5a91e979f4d,id=019fba8e-fe0d-72c3-a46c-3be7edff673b; trace=019fba8e-fcf6-7d91-a90c-e5a91e979f4d,id=019fba8f-205e-7920-b719-ce9729af83eb; trace=019fba8e-fcf6-7d91-a90c-e5a91e979f4d,id=019fba8f-2061-7401-a0dd-558f495d9d1d
Failed to send compressed multipart ingest: langsmith.utils.LangSmithRateLimitError: Rate limit exceeded for https://api.smith.langchain.com/runs/multipart. HTTPError('429 Client Error: Too Many Requests for url: https://api.smith.langchain.com/runs/multipart', '{"error":"Too many requests: tenant exceeded usage limits: Monthly unique traces usage limit exceeded"}\n')trace=019fba8e-fcf6-7d91-a90c-e5a91e979f4d,id=019fba8f-2061-7401-a0dd-558f495d9d1d; trace=019fba8e-fcf6-7d91-a90c-e5a91e979f4d,id=019fba8f-3b9b-72d2-95f7-245387328a45; trace=019fba8e-fcf6-7d91-a90c-e5a91e979f4d,id=019fba8f-3b9b-72d2-95f7-245387328a45; trace=019fba8e-fcf6-7d91-a90c-e5a91e979f4d,id=019fba8f-205e-7920-b719-ce9729af83eb; trace=019fba8e-fcf6-7d91-a90c-e5a91e979f4d,id=019fba8f-3b9d-7763-990c-849fdca27161; trace=019fba8e-fcf6-7d91-a90c-e5a91e979f4d,id=019fba8f-3b9d-7763-990c-84ad7f935ea3
Failed to send compressed multipart ingest: langsmith.utils.LangSmithRateLimitError: Rate limit exceeded for https://api.smith.langchain.com/runs/multipart. HTTPError('429 Client Error: Too Many Requests for url: https://api.smith.langchain.com/runs/multipart', '{"error":"Too many requests: tenant exceeded usage limits: Monthly unique traces usage limit exceeded"}\n')trace=019fba8e-fcf6-7d91-a90c-e5a91e979f4d,id=019fba8f-3b9d-7763-990c-84ad7f935ea3; trace=019fba8e-fcf6-7d91-a90c-e5a91e979f4d,id=019fba8f-3b9d-7763-990c-849fdca27161; trace=019fba8e-fcf6-7d91-a90c-e5a91e979f4d,id=019fba8f-5b6c-7f13-834c-6d4aa7f1e8a2; trace=019fba8e-fcf6-7d91-a90c-e5a91e979f4d,id=019fba8f-5b6e-7783-ae6f-46f37bd97c81
Failed to send compressed multipart ingest: langsmith.utils.LangSmithRateLimitError: Rate limit exceeded for https://api.smith.langchain.com/runs/multipart. HTTPError('429 Client Error: Too Many Requests for url: https://api.smith.langchain.com/runs/multipart', '{"error":"Too many requests: tenant exceeded usage limits: Monthly unique traces usage limit exceeded"}\n')trace=019fba8e-fcf6-7d91-a90c-e5a91e979f4d,id=019fba8f-5b6e-7783-ae6f-46f37bd97c81
Failed to send compressed multipart ingest: langsmith.utils.LangSmithRateLimitError: Rate limit exceeded for https://api.smith.langchain.com/runs/multipart. HTTPError('429 Client Error: Too Many Requests for url: https://api.smith.langchain.com/runs/multipart', '{"error":"Too many requests: tenant exceeded usage limits: Monthly unique traces usage limit exceeded"}\n')trace=019fba8e-fcf6-7d91-a90c-e5a91e979f4d,id=019fba8f-6d34-7b20-9c80-562834e1f807; trace=019fba8e-fcf6-7d91-a90c-e5a91e979f4d,id=019fba8f-6d34-7b20-9c80-562834e1f807; trace=019fba8e-fcf6-7d91-a90c-e5a91e979f4d,id=019fba8f-5b6c-7f13-834c-6d4aa7f1e8a2; trace=019fba8e-fcf6-7d91-a90c-e5a91e979f4d,id=019fba8f-6d3b-7ac1-92c2-7908ca0b38f9; trace=019fba8e-fcf6-7d91-a90c-e5a91e979f4d,id=019fba8f-6d3b-7ac1-92c2-7911eb812651
Failed to send compressed multipart ingest: langsmith.utils.LangSmithRateLimitError: Rate limit exceeded for https://api.smith.langchain.com/runs/multipart. HTTPError('429 Client Error: Too Many Requests for url: https://api.smith.langchain.com/runs/multipart', '{"error":"Too many requests: tenant exceeded usage limits: Monthly unique traces usage limit exceeded"}\n')trace=019fba8e-fcf6-7d91-a90c-e5a91e979f4d,id=019fba8f-6d3b-7ac1-92c2-7911eb812651; trace=019fba8e-fcf6-7d91-a90c-e5a91e979f4d,id=019fba8f-6d3b-7ac1-92c2-7908ca0b38f9; trace=019fba8e-fcf6-7d91-a90c-e5a91e979f4d,id=019fba8f-8bb8-7452-9258-8d7886141c3c; trace=019fba8e-fcf6-7d91-a90c-e5a91e979f4d,id=019fba8f-8bba-75e3-8d0f-96c772fcda29
Failed to send compressed multipart ingest: langsmith.utils.LangSmithRateLimitError: Rate limit exceeded for https://api.smith.langchain.com/runs/multipart. HTTPError('429 Client Error: Too Many Requests for url: https://api.smith.langchain.com/runs/multipart', '{"error":"Too many requests: tenant exceeded usage limits: Monthly unique traces usage limit exceeded"}\n')trace=019fba8e-fcf6-7d91-a90c-e5a91e979f4d,id=019fba8f-8bba-75e3-8d0f-96c772fcda29; trace=019fba8e-fcf6-7d91-a90c-e5a91e979f4d,id=019fba8f-a18d-79d2-a160-81a93a9b456a; trace=019fba8e-fcf6-7d91-a90c-e5a91e979f4d,id=019fba8f-a18d-79d2-a160-81a93a9b456a; trace=019fba8e-fcf6-7d91-a90c-e5a91e979f4d,id=019fba8f-8bb8-7452-9258-8d7886141c3c; trace=019fba8e-fcf6-7d91-a90c-e5a91e979f4d,id=019fba8f-a18f-7d80-91cb-9456ca793a95; trace=019fba8e-fcf6-7d91-a90c-e5a91e979f4d,id=019fba8f-a18f-7d80-91cb-946a3780866f
Failed to send compressed multipart ingest: langsmith.utils.LangSmithRateLimitError: Rate limit exceeded for https://api.smith.langchain.com/runs/multipart. HTTPError('429 Client Error: Too Many Requests for url: https://api.smith.langchain.com/runs/multipart', '{"error":"Too many requests: tenant exceeded usage limits: Monthly unique traces usage limit exceeded"}\n')trace=019fba8e-fcf6-7d91-a90c-e5a91e979f4d,id=019fba8f-a18f-7d80-91cb-946a3780866f; trace=019fba8e-fcf6-7d91-a90c-e5a91e979f4d,id=019fba8f-a18f-7d80-91cb-9456ca793a95; trace=019fba8e-fcf6-7d91-a90c-e5a91e979f4d,id=019fba8f-c2ce-78f0-a7fa-13f9d6c3017c; trace=019fba8e-fcf6-7d91-a90c-e5a91e979f4d,id=019fba8f-c2d1-7ef3-bf03-52a1686d7015
Failed to send compressed multipart ingest: langsmith.utils.LangSmithRateLimitError: Rate limit exceeded for https://api.smith.langchain.com/runs/multipart. HTTPError('429 Client Error: Too Many Requests for url: https://api.smith.langchain.com/runs/multipart', '{"error":"Too many requests: tenant exceeded usage limits: Monthly unique traces usage limit exceeded"}\n')trace=019fba8e-fcf6-7d91-a90c-e5a91e979f4d,id=019fba8f-c2d1-7ef3-bf03-52a1686d7015; trace=019fba8e-fcf6-7d91-a90c-e5a91e979f4d,id=019fba8f-d535-7850-a8f6-eef5088883ec; trace=019fba8e-fcf6-7d91-a90c-e5a91e979f4d,id=019fba8f-d535-7850-a8f6-eef5088883ec; trace=019fba8e-fcf6-7d91-a90c-e5a91e979f4d,id=019fba8f-c2ce-78f0-a7fa-13f9d6c3017c; trace=019fba8e-fcf6-7d91-a90c-e5a91e979f4d,id=019fba8f-d536-77e1-b435-df506540636c; trace=019fba8e-fcf6-7d91-a90c-e5a91e979f4d,id=019fba8f-d537-7c21-8a8e-46e5addb1045
Failed to send compressed multipart ingest: langsmith.utils.LangSmithRateLimitError: Rate limit exceeded for https://api.smith.langchain.com/runs/multipart. HTTPError('429 Client Error: Too Many Requests for url: https://api.smith.langchain.com/runs/multipart', '{"error":"Too many requests: tenant exceeded usage limits: Monthly unique traces usage limit exceeded"}\n')trace=019fba8e-fcf6-7d91-a90c-e5a91e979f4d,id=019fba8f-d537-7c21-8a8e-46e5addb1045; trace=019fba8e-fcf6-7d91-a90c-e5a91e979f4d,id=019fba8f-d536-77e1-b435-df506540636c; trace=019fba8e-fcf6-7d91-a90c-e5a91e979f4d,id=019fba8f-ffcf-7d03-82eb-987456d6e4cd; trace=019fba8e-fcf6-7d91-a90c-e5a91e979f4d,id=019fba8f-ffd1-72b1-9104-084fe18c04fe
Calling Baseline Move server...
Calling Baseline Move server...
Calling Baseline Move server...
Calling Baseline Move server...
Calling Baseline Move server...
[baseline] 95/104 scenario_03_07 (repeat 3/4)
Failed to send compressed multipart ingest: langsmith.utils.LangSmithRateLimitError: Rate limit exceeded for https://api.smith.langchain.com/runs/multipart. HTTPError('429 Client Error: Too Many Requests for url: https://api.smith.langchain.com/runs/multipart', '{"error":"Too many requests: tenant exceeded usage limits: Monthly unique traces usage limit exceeded"}\n')trace=019fba8e-fcf6-7d91-a90c-e5a91e979f4d,id=019fba8f-ffd1-72b1-9104-084fe18c04fe; trace=019fba8e-fcf6-7d91-a90c-e5a91e979f4d,id=019fba90-7c3e-7591-9f49-704685e5c6a1; trace=019fba8e-fcf6-7d91-a90c-e5a91e979f4d,id=019fba90-7c3e-7591-9f49-704685e5c6a1; trace=019fba8e-fcf6-7d91-a90c-e5a91e979f4d,id=019fba8f-ffcf-7d03-82eb-987456d6e4cd; trace=019fba8e-fcf6-7d91-a90c-e5a91e979f4d,id=019fba90-7c3f-7a30-acca-51330acad262; trace=019fba8e-fcf6-7d91-a90c-e5a91e979f4d,id=019fba90-7c3f-7a30-acca-51330acad262; trace=019fba8e-fcf6-7d91-a90c-e5a91e979f4d,id=019fba8e-fcf6-7d91-a90c-e5a91e979f4d; trace=019fba90-7c7a-7701-9dad-1e4c5077bb7b,id=019fba90-7c7a-7701-9dad-1e4c5077bb7b; trace=019fba90-7c7a-7701-9dad-1e4c5077bb7b,id=019fba90-7c7b-7b73-95cd-82be7e50a305; trace=019fba90-7c7a-7701-9dad-1e4c5077bb7b,id=019fba90-7c7b-7b73-95cd-82be7e50a305; trace=019fba90-7c7a-7701-9dad-1e4c5077bb7b,id=019fba90-7c7c-7183-a926-d168e73117e7; trace=019fba90-7c7a-7701-9dad-1e4c5077bb7b,id=019fba90-7d20-7ec1-a6a8-74b09dc20816; trace=019fba90-7c7a-7701-9dad-1e4c5077bb7b,id=019fba90-7d20-7ec1-a6a8-74b09dc20816; trace=019fba90-7c7a-7701-9dad-1e4c5077bb7b,id=019fba90-7c7c-7183-a926-d168e73117e7; trace=019fba90-7c7a-7701-9dad-1e4c5077bb7b,id=019fba90-7d21-7972-b40a-5698ca3707c4; trace=019fba90-7c7a-7701-9dad-1e4c5077bb7b,id=019fba90-7d22-7f51-84c4-f2d09204eb8d
Failed to send compressed multipart ingest: langsmith.utils.LangSmithRateLimitError: Rate limit exceeded for https://api.smith.langchain.com/runs/multipart. HTTPError('429 Client Error: Too Many Requests for url: https://api.smith.langchain.com/runs/multipart', '{"error":"Too many requests: tenant exceeded usage limits: Monthly unique traces usage limit exceeded"}\n')trace=019fba90-7c7a-7701-9dad-1e4c5077bb7b,id=019fba90-7d22-7f51-84c4-f2d09204eb8d; trace=019fba90-7c7a-7701-9dad-1e4c5077bb7b,id=019fba90-7d21-7972-b40a-5698ca3707c4; trace=019fba90-7c7a-7701-9dad-1e4c5077bb7b,id=019fba90-96df-7fd2-8ceb-4d5619dfe691; trace=019fba90-7c7a-7701-9dad-1e4c5077bb7b,id=019fba90-96e3-78f0-884d-403467ef9fcf
Failed to send compressed multipart ingest: langsmith.utils.LangSmithRateLimitError: Rate limit exceeded for https://api.smith.langchain.com/runs/multipart. HTTPError('429 Client Error: Too Many Requests for url: https://api.smith.langchain.com/runs/multipart', '{"error":"Too many requests: tenant exceeded usage limits: Monthly unique traces usage limit exceeded"}\n')trace=019fba90-7c7a-7701-9dad-1e4c5077bb7b,id=019fba90-96e3-78f0-884d-403467ef9fcf; trace=019fba90-7c7a-7701-9dad-1e4c5077bb7b,id=019fba90-b74a-7e51-99e3-3e5cc2458be5; trace=019fba90-7c7a-7701-9dad-1e4c5077bb7b,id=019fba90-b74a-7e51-99e3-3e5cc2458be5; trace=019fba90-7c7a-7701-9dad-1e4c5077bb7b,id=019fba90-96df-7fd2-8ceb-4d5619dfe691; trace=019fba90-7c7a-7701-9dad-1e4c5077bb7b,id=019fba90-b74b-73b2-a9b8-a432c48702c0; trace=019fba90-7c7a-7701-9dad-1e4c5077bb7b,id=019fba90-b74c-7240-b903-c6b4c5fcdab1
Failed to send compressed multipart ingest: langsmith.utils.LangSmithRateLimitError: Rate limit exceeded for https://api.smith.langchain.com/runs/multipart. HTTPError('429 Client Error: Too Many Requests for url: https://api.smith.langchain.com/runs/multipart', '{"error":"Too many requests: tenant exceeded usage limits: Monthly unique traces usage limit exceeded"}\n')trace=019fba90-7c7a-7701-9dad-1e4c5077bb7b,id=019fba90-b74c-7240-b903-c6b4c5fcdab1; trace=019fba90-7c7a-7701-9dad-1e4c5077bb7b,id=019fba90-b74b-73b2-a9b8-a432c48702c0; trace=019fba90-7c7a-7701-9dad-1e4c5077bb7b,id=019fba90-d1f1-72e0-8a82-fbcd6c5c6925; trace=019fba90-7c7a-7701-9dad-1e4c5077bb7b,id=019fba90-d1f3-7f22-acf2-7c54e714df0e
Failed to send compressed multipart ingest: langsmith.utils.LangSmithRateLimitError: Rate limit exceeded for https://api.smith.langchain.com/runs/multipart. HTTPError('429 Client Error: Too Many Requests for url: https://api.smith.langchain.com/runs/multipart', '{"error":"Too many requests: tenant exceeded usage limits: Monthly unique traces usage limit exceeded"}\n')trace=019fba90-7c7a-7701-9dad-1e4c5077bb7b,id=019fba90-d1f3-7f22-acf2-7c54e714df0e; trace=019fba90-7c7a-7701-9dad-1e4c5077bb7b,id=019fba90-f018-7210-ba49-2601a195c817; trace=019fba90-7c7a-7701-9dad-1e4c5077bb7b,id=019fba90-f018-7210-ba49-2601a195c817; trace=019fba90-7c7a-7701-9dad-1e4c5077bb7b,id=019fba90-d1f1-72e0-8a82-fbcd6c5c6925; trace=019fba90-7c7a-7701-9dad-1e4c5077bb7b,id=019fba90-f019-7d91-aee4-b3c6fe72aa9e; trace=019fba90-7c7a-7701-9dad-1e4c5077bb7b,id=019fba90-f01a-7ce1-8f0d-b383d8985587
Failed to send compressed multipart ingest: langsmith.utils.LangSmithRateLimitError: Rate limit exceeded for https://api.smith.langchain.com/runs/multipart. HTTPError('429 Client Error: Too Many Requests for url: https://api.smith.langchain.com/runs/multipart', '{"error":"Too many requests: tenant exceeded usage limits: Monthly unique traces usage limit exceeded"}\n')trace=019fba90-7c7a-7701-9dad-1e4c5077bb7b,id=019fba90-f01a-7ce1-8f0d-b383d8985587; trace=019fba90-7c7a-7701-9dad-1e4c5077bb7b,id=019fba90-f019-7d91-aee4-b3c6fe72aa9e; trace=019fba90-7c7a-7701-9dad-1e4c5077bb7b,id=019fba91-0eeb-7040-8d5a-b94e753f3a42; trace=019fba90-7c7a-7701-9dad-1e4c5077bb7b,id=019fba91-0eed-75b1-aa1c-13d5f0fa7101
Failed to send compressed multipart ingest: langsmith.utils.LangSmithRateLimitError: Rate limit exceeded for https://api.smith.langchain.com/runs/multipart. HTTPError('429 Client Error: Too Many Requests for url: https://api.smith.langchain.com/runs/multipart', '{"error":"Too many requests: tenant exceeded usage limits: Monthly unique traces usage limit exceeded"}\n')trace=019fba90-7c7a-7701-9dad-1e4c5077bb7b,id=019fba91-0eed-75b1-aa1c-13d5f0fa7101; trace=019fba90-7c7a-7701-9dad-1e4c5077bb7b,id=019fba91-2904-7640-8dc1-bc08d9f92562; trace=019fba90-7c7a-7701-9dad-1e4c5077bb7b,id=019fba91-2904-7640-8dc1-bc08d9f92562; trace=019fba90-7c7a-7701-9dad-1e4c5077bb7b,id=019fba91-0eeb-7040-8d5a-b94e753f3a42; trace=019fba90-7c7a-7701-9dad-1e4c5077bb7b,id=019fba91-2907-7ea2-ba84-db00de3c4ca2; trace=019fba90-7c7a-7701-9dad-1e4c5077bb7b,id=019fba91-2907-7ea2-ba84-db158db6b066
Failed to send compressed multipart ingest: langsmith.utils.LangSmithRateLimitError: Rate limit exceeded for https://api.smith.langchain.com/runs/multipart. HTTPError('429 Client Error: Too Many Requests for url: https://api.smith.langchain.com/runs/multipart', '{"error":"Too many requests: tenant exceeded usage limits: Monthly unique traces usage limit exceeded"}\n')trace=019fba90-7c7a-7701-9dad-1e4c5077bb7b,id=019fba91-2907-7ea2-ba84-db158db6b066; trace=019fba90-7c7a-7701-9dad-1e4c5077bb7b,id=019fba91-2907-7ea2-ba84-db00de3c4ca2; trace=019fba90-7c7a-7701-9dad-1e4c5077bb7b,id=019fba91-4847-7cd3-8270-6eae73637b1f; trace=019fba90-7c7a-7701-9dad-1e4c5077bb7b,id=019fba91-4849-74f1-b7b7-29d5e5dc3d54
Calling Baseline Move server...
Calling Baseline Move server...
Calling Baseline Move server...
Calling Baseline Move server...
[baseline] 96/104 scenario_03_07 (repeat 4/4)
Failed to send compressed multipart ingest: langsmith.utils.LangSmithRateLimitError: Rate limit exceeded for https://api.smith.langchain.com/runs/multipart. HTTPError('429 Client Error: Too Many Requests for url: https://api.smith.langchain.com/runs/multipart', '{"error":"Too many requests: tenant exceeded usage limits: Monthly unique traces usage limit exceeded"}\n')trace=019fba90-7c7a-7701-9dad-1e4c5077bb7b,id=019fba91-4849-74f1-b7b7-29d5e5dc3d54; trace=019fba90-7c7a-7701-9dad-1e4c5077bb7b,id=019fba91-77ee-73b1-9342-c36e084970bf; trace=019fba90-7c7a-7701-9dad-1e4c5077bb7b,id=019fba91-77ee-73b1-9342-c36e084970bf; trace=019fba90-7c7a-7701-9dad-1e4c5077bb7b,id=019fba91-4847-7cd3-8270-6eae73637b1f; trace=019fba90-7c7a-7701-9dad-1e4c5077bb7b,id=019fba91-77ef-74a1-bc85-42b048b3053b; trace=019fba90-7c7a-7701-9dad-1e4c5077bb7b,id=019fba91-77ef-74a1-bc85-42b048b3053b; trace=019fba90-7c7a-7701-9dad-1e4c5077bb7b,id=019fba90-7c7a-7701-9dad-1e4c5077bb7b; trace=019fba91-7942-7901-a74c-ca6c7777f14b,id=019fba91-7942-7901-a74c-ca6c7777f14b; trace=019fba91-7942-7901-a74c-ca6c7777f14b,id=019fba91-7943-7b53-9eb3-d13309fbc323; trace=019fba91-7942-7901-a74c-ca6c7777f14b,id=019fba91-7943-7b53-9eb3-d13309fbc323; trace=019fba91-7942-7901-a74c-ca6c7777f14b,id=019fba91-7944-7c13-9328-1c8d05176c4a; trace=019fba91-7942-7901-a74c-ca6c7777f14b,id=019fba91-7a36-7662-b244-65d606348a7b; trace=019fba91-7942-7901-a74c-ca6c7777f14b,id=019fba91-7a36-7662-b244-65d606348a7b; trace=019fba91-7942-7901-a74c-ca6c7777f14b,id=019fba91-7944-7c13-9328-1c8d05176c4a; trace=019fba91-7942-7901-a74c-ca6c7777f14b,id=019fba91-7a38-7e61-8f21-fccb0650387a; trace=019fba91-7942-7901-a74c-ca6c7777f14b,id=019fba91-7a38-7e61-8f21-fcd0d0f82c0c
Failed to send compressed multipart ingest: langsmith.utils.LangSmithRateLimitError: Rate limit exceeded for https://api.smith.langchain.com/runs/multipart. HTTPError('429 Client Error: Too Many Requests for url: https://api.smith.langchain.com/runs/multipart', '{"error":"Too many requests: tenant exceeded usage limits: Monthly unique traces usage limit exceeded"}\n')trace=019fba91-7942-7901-a74c-ca6c7777f14b,id=019fba91-7a38-7e61-8f21-fcd0d0f82c0c; trace=019fba91-7942-7901-a74c-ca6c7777f14b,id=019fba91-7a38-7e61-8f21-fccb0650387a; trace=019fba91-7942-7901-a74c-ca6c7777f14b,id=019fba91-9687-74d0-8d1f-c995d874bac2; trace=019fba91-7942-7901-a74c-ca6c7777f14b,id=019fba91-9689-7ab1-931c-70058395eeec
Failed to send compressed multipart ingest: langsmith.utils.LangSmithRateLimitError: Rate limit exceeded for https://api.smith.langchain.com/runs/multipart. HTTPError('429 Client Error: Too Many Requests for url: https://api.smith.langchain.com/runs/multipart', '{"error":"Too many requests: tenant exceeded usage limits: Monthly unique traces usage limit exceeded"}\n')trace=019fba91-7942-7901-a74c-ca6c7777f14b,id=019fba91-9689-7ab1-931c-70058395eeec; trace=019fba91-7942-7901-a74c-ca6c7777f14b,id=019fba91-c258-72c2-a9f4-760fbbedbe2f; trace=019fba91-7942-7901-a74c-ca6c7777f14b,id=019fba91-c258-72c2-a9f4-760fbbedbe2f; trace=019fba91-7942-7901-a74c-ca6c7777f14b,id=019fba91-9687-74d0-8d1f-c995d874bac2; trace=019fba91-7942-7901-a74c-ca6c7777f14b,id=019fba91-c25a-7c60-beb5-faeb379cdeb6; trace=019fba91-7942-7901-a74c-ca6c7777f14b,id=019fba91-c25a-7c60-beb5-fafbe661850e
Failed to send compressed multipart ingest: langsmith.utils.LangSmithRateLimitError: Rate limit exceeded for https://api.smith.langchain.com/runs/multipart. HTTPError('429 Client Error: Too Many Requests for url: https://api.smith.langchain.com/runs/multipart', '{"error":"Too many requests: tenant exceeded usage limits: Monthly unique traces usage limit exceeded"}\n')trace=019fba91-7942-7901-a74c-ca6c7777f14b,id=019fba91-c25a-7c60-beb5-fafbe661850e; trace=019fba91-7942-7901-a74c-ca6c7777f14b,id=019fba91-c25a-7c60-beb5-faeb379cdeb6; trace=019fba91-7942-7901-a74c-ca6c7777f14b,id=019fba91-dfc4-7720-9b99-65447e82ebfe; trace=019fba91-7942-7901-a74c-ca6c7777f14b,id=019fba91-dfc6-7fc3-95e6-6e3159e687e1
Failed to send compressed multipart ingest: langsmith.utils.LangSmithRateLimitError: Rate limit exceeded for https://api.smith.langchain.com/runs/multipart. HTTPError('429 Client Error: Too Many Requests for url: https://api.smith.langchain.com/runs/multipart', '{"error":"Too many requests: tenant exceeded usage limits: Monthly unique traces usage limit exceeded"}\n')trace=019fba91-7942-7901-a74c-ca6c7777f14b,id=019fba91-dfc6-7fc3-95e6-6e3159e687e1; trace=019fba91-7942-7901-a74c-ca6c7777f14b,id=019fba92-1b36-7dd1-9183-00962d393197
Failed to send compressed multipart ingest: langsmith.utils.LangSmithRateLimitError: Rate limit exceeded for https://api.smith.langchain.com/runs/multipart. HTTPError('429 Client Error: Too Many Requests for url: https://api.smith.langchain.com/runs/multipart', '{"error":"Too many requests: tenant exceeded usage limits: Monthly unique traces usage limit exceeded"}\n')trace=019fba91-7942-7901-a74c-ca6c7777f14b,id=019fba92-1b36-7dd1-9183-00962d393197; trace=019fba91-7942-7901-a74c-ca6c7777f14b,id=019fba92-5720-7891-93a9-77702330be44; trace=019fba91-7942-7901-a74c-ca6c7777f14b,id=019fba92-5720-7891-93a9-77702330be44; trace=019fba91-7942-7901-a74c-ca6c7777f14b,id=019fba91-dfc4-7720-9b99-65447e82ebfe; trace=019fba91-7942-7901-a74c-ca6c7777f14b,id=019fba92-5721-7811-84fc-887725953751; trace=019fba91-7942-7901-a74c-ca6c7777f14b,id=019fba92-5721-7811-84fc-8883cb9fc2a4
Failed to send compressed multipart ingest: langsmith.utils.LangSmithRateLimitError: Rate limit exceeded for https://api.smith.langchain.com/runs/multipart. HTTPError('429 Client Error: Too Many Requests for url: https://api.smith.langchain.com/runs/multipart', '{"error":"Too many requests: tenant exceeded usage limits: Monthly unique traces usage limit exceeded"}\n')trace=019fba91-7942-7901-a74c-ca6c7777f14b,id=019fba92-5721-7811-84fc-8883cb9fc2a4; trace=019fba91-7942-7901-a74c-ca6c7777f14b,id=019fba92-5721-7811-84fc-887725953751; trace=019fba91-7942-7901-a74c-ca6c7777f14b,id=019fba92-7b8f-7352-ad8c-2ce6d80e936e; trace=019fba91-7942-7901-a74c-ca6c7777f14b,id=019fba92-7b91-7f81-80cb-2466496993b7
Failed to send compressed multipart ingest: langsmith.utils.LangSmithRateLimitError: Rate limit exceeded for https://api.smith.langchain.com/runs/multipart. HTTPError('429 Client Error: Too Many Requests for url: https://api.smith.langchain.com/runs/multipart', '{"error":"Too many requests: tenant exceeded usage limits: Monthly unique traces usage limit exceeded"}\n')trace=019fba91-7942-7901-a74c-ca6c7777f14b,id=019fba92-7b91-7f81-80cb-2466496993b7; trace=019fba91-7942-7901-a74c-ca6c7777f14b,id=019fba92-b8ad-7640-adc0-20f1048e7e4d; trace=019fba91-7942-7901-a74c-ca6c7777f14b,id=019fba92-b8ad-7640-adc0-20f1048e7e4d; trace=019fba91-7942-7901-a74c-ca6c7777f14b,id=019fba92-7b8f-7352-ad8c-2ce6d80e936e; trace=019fba91-7942-7901-a74c-ca6c7777f14b,id=019fba92-b8af-76f0-8a8f-53e33f31b3cb; trace=019fba91-7942-7901-a74c-ca6c7777f14b,id=019fba92-b8af-76f0-8a8f-53f930b624e0
Failed to send compressed multipart ingest: langsmith.utils.LangSmithRateLimitError: Rate limit exceeded for https://api.smith.langchain.com/runs/multipart. HTTPError('429 Client Error: Too Many Requests for url: https://api.smith.langchain.com/runs/multipart', '{"error":"Too many requests: tenant exceeded usage limits: Monthly unique traces usage limit exceeded"}\n')trace=019fba91-7942-7901-a74c-ca6c7777f14b,id=019fba92-b8af-76f0-8a8f-53f930b624e0; trace=019fba91-7942-7901-a74c-ca6c7777f14b,id=019fba92-b8af-76f0-8a8f-53e33f31b3cb; trace=019fba91-7942-7901-a74c-ca6c7777f14b,id=019fba92-ee65-7222-beea-a1ec7ddc24e1; trace=019fba91-7942-7901-a74c-ca6c7777f14b,id=019fba92-ee67-7241-8630-54cc0dbc28ed
Failed to send compressed multipart ingest: langsmith.utils.LangSmithRateLimitError: Rate limit exceeded for https://api.smith.langchain.com/runs/multipart. HTTPError('429 Client Error: Too Many Requests for url: https://api.smith.langchain.com/runs/multipart', '{"error":"Too many requests: tenant exceeded usage limits: Monthly unique traces usage limit exceeded"}\n')trace=019fba91-7942-7901-a74c-ca6c7777f14b,id=019fba92-ee67-7241-8630-54cc0dbc28ed; trace=019fba91-7942-7901-a74c-ca6c7777f14b,id=019fba93-249c-7c12-976a-efcc5bc9c47c; trace=019fba91-7942-7901-a74c-ca6c7777f14b,id=019fba93-249c-7c12-976a-efcc5bc9c47c; trace=019fba91-7942-7901-a74c-ca6c7777f14b,id=019fba92-ee65-7222-beea-a1ec7ddc24e1; trace=019fba91-7942-7901-a74c-ca6c7777f14b,id=019fba93-249d-7453-bb85-012a652e8a0b; trace=019fba91-7942-7901-a74c-ca6c7777f14b,id=019fba93-249e-71b0-839e-2ab62ab1aec0
Failed to send compressed multipart ingest: langsmith.utils.LangSmithRateLimitError: Rate limit exceeded for https://api.smith.langchain.com/runs/multipart. HTTPError('429 Client Error: Too Many Requests for url: https://api.smith.langchain.com/runs/multipart', '{"error":"Too many requests: tenant exceeded usage limits: Monthly unique traces usage limit exceeded"}\n')trace=019fba91-7942-7901-a74c-ca6c7777f14b,id=019fba93-249e-71b0-839e-2ab62ab1aec0; trace=019fba91-7942-7901-a74c-ca6c7777f14b,id=019fba93-249d-7453-bb85-012a652e8a0b; trace=019fba91-7942-7901-a74c-ca6c7777f14b,id=019fba93-37f2-79e1-81a1-9e1067e48b50; trace=019fba91-7942-7901-a74c-ca6c7777f14b,id=019fba93-37f4-7141-8bbf-3de36ff6e6ae
Failed to send compressed multipart ingest: langsmith.utils.LangSmithRateLimitError: Rate limit exceeded for https://api.smith.langchain.com/runs/multipart. HTTPError('429 Client Error: Too Many Requests for url: https://api.smith.langchain.com/runs/multipart', '{"error":"Too many requests: tenant exceeded usage limits: Monthly unique traces usage limit exceeded"}\n')trace=019fba91-7942-7901-a74c-ca6c7777f14b,id=019fba93-37f4-7141-8bbf-3de36ff6e6ae; trace=019fba91-7942-7901-a74c-ca6c7777f14b,id=019fba93-66d8-7731-a6eb-9f13e26d394f; trace=019fba91-7942-7901-a74c-ca6c7777f14b,id=019fba93-66d8-7731-a6eb-9f13e26d394f; trace=019fba91-7942-7901-a74c-ca6c7777f14b,id=019fba93-37f2-79e1-81a1-9e1067e48b50; trace=019fba91-7942-7901-a74c-ca6c7777f14b,id=019fba93-66d9-7d52-9d7c-87a770c9ed30; trace=019fba91-7942-7901-a74c-ca6c7777f14b,id=019fba93-66d9-7d52-9d7c-87b62cfc4ac6
Failed to send compressed multipart ingest: langsmith.utils.LangSmithRateLimitError: Rate limit exceeded for https://api.smith.langchain.com/runs/multipart. HTTPError('429 Client Error: Too Many Requests for url: https://api.smith.langchain.com/runs/multipart', '{"error":"Too many requests: tenant exceeded usage limits: Monthly unique traces usage limit exceeded"}\n')trace=019fba91-7942-7901-a74c-ca6c7777f14b,id=019fba93-66d9-7d52-9d7c-87b62cfc4ac6; trace=019fba91-7942-7901-a74c-ca6c7777f14b,id=019fba93-66d9-7d52-9d7c-87a770c9ed30; trace=019fba91-7942-7901-a74c-ca6c7777f14b,id=019fba93-c85f-77a1-aa86-4023b39e8a68; trace=019fba91-7942-7901-a74c-ca6c7777f14b,id=019fba93-c862-7953-bc33-91bbde32a3c2
Failed to send compressed multipart ingest: langsmith.utils.LangSmithRateLimitError: Rate limit exceeded for https://api.smith.langchain.com/runs/multipart. HTTPError('429 Client Error: Too Many Requests for url: https://api.smith.langchain.com/runs/multipart', '{"error":"Too many requests: tenant exceeded usage limits: Monthly unique traces usage limit exceeded"}\n')trace=019fba91-7942-7901-a74c-ca6c7777f14b,id=019fba93-c862-7953-bc33-91bbde32a3c2; trace=019fba91-7942-7901-a74c-ca6c7777f14b,id=019fba94-0531-7dd1-bd43-4a1299f5435a; trace=019fba91-7942-7901-a74c-ca6c7777f14b,id=019fba94-0531-7dd1-bd43-4a1299f5435a; trace=019fba91-7942-7901-a74c-ca6c7777f14b,id=019fba93-c85f-77a1-aa86-4023b39e8a68; trace=019fba91-7942-7901-a74c-ca6c7777f14b,id=019fba94-0532-7032-9840-dfb9ddaffd93; trace=019fba91-7942-7901-a74c-ca6c7777f14b,id=019fba94-0533-7333-abcb-6542ec46d546
Failed to send compressed multipart ingest: langsmith.utils.LangSmithRateLimitError: Rate limit exceeded for https://api.smith.langchain.com/runs/multipart. HTTPError('429 Client Error: Too Many Requests for url: https://api.smith.langchain.com/runs/multipart', '{"error":"Too many requests: tenant exceeded usage limits: Monthly unique traces usage limit exceeded"}\n')trace=019fba91-7942-7901-a74c-ca6c7777f14b,id=019fba94-0533-7333-abcb-6542ec46d546; trace=019fba91-7942-7901-a74c-ca6c7777f14b,id=019fba94-0532-7032-9840-dfb9ddaffd93; trace=019fba91-7942-7901-a74c-ca6c7777f14b,id=019fba94-904f-72f3-94e2-03f48b05ed26; trace=019fba91-7942-7901-a74c-ca6c7777f14b,id=019fba94-9051-7fc2-8a69-357912f9f138
Calling Baseline Move server...
Calling Baseline Move server...
Calling Baseline Move server (JSON repair retry)...
Calling Baseline Move server...
Calling Baseline Move server...
Calling Baseline Move server...
Calling Baseline Move server...
Calling Baseline Move server...
[baseline] 97/104 scenario_03_08 (repeat 1/4)
Failed to send compressed multipart ingest: langsmith.utils.LangSmithRateLimitError: Rate limit exceeded for https://api.smith.langchain.com/runs/multipart. HTTPError('429 Client Error: Too Many Requests for url: https://api.smith.langchain.com/runs/multipart', '{"error":"Too many requests: tenant exceeded usage limits: Monthly unique traces usage limit exceeded"}\n')trace=019fba91-7942-7901-a74c-ca6c7777f14b,id=019fba94-9051-7fc2-8a69-357912f9f138; trace=019fba91-7942-7901-a74c-ca6c7777f14b,id=019fba95-1a53-77c0-99d4-3091865b1535; trace=019fba91-7942-7901-a74c-ca6c7777f14b,id=019fba95-1a53-77c0-99d4-3091865b1535; trace=019fba91-7942-7901-a74c-ca6c7777f14b,id=019fba94-904f-72f3-94e2-03f48b05ed26; trace=019fba91-7942-7901-a74c-ca6c7777f14b,id=019fba95-1a54-76b3-adb1-91eee1b81a0e; trace=019fba91-7942-7901-a74c-ca6c7777f14b,id=019fba95-1a54-76b3-adb1-91eee1b81a0e; trace=019fba91-7942-7901-a74c-ca6c7777f14b,id=019fba91-7942-7901-a74c-ca6c7777f14b; trace=019fba95-1b81-7981-97b9-d2897f24001a,id=019fba95-1b81-7981-97b9-d2897f24001a; trace=019fba95-1b81-7981-97b9-d2897f24001a,id=019fba95-1b82-70b2-8bda-25eaab3d9e7b; trace=019fba95-1b81-7981-97b9-d2897f24001a,id=019fba95-1b82-70b2-8bda-25eaab3d9e7b; trace=019fba95-1b81-7981-97b9-d2897f24001a,id=019fba95-1b83-75e0-8641-65c4dbaa8d61; trace=019fba95-1b81-7981-97b9-d2897f24001a,id=019fba95-1c1a-7832-8915-1a655539bbb8; trace=019fba95-1b81-7981-97b9-d2897f24001a,id=019fba95-1c1a-7832-8915-1a655539bbb8; trace=019fba95-1b81-7981-97b9-d2897f24001a,id=019fba95-1b83-75e0-8641-65c4dbaa8d61; trace=019fba95-1b81-7981-97b9-d2897f24001a,id=019fba95-1c1b-7b43-8b58-b2696b2c7f20; trace=019fba95-1b81-7981-97b9-d2897f24001a,id=019fba95-1c1c-7ad2-bdfe-803e335d1778
Failed to send compressed multipart ingest: langsmith.utils.LangSmithRateLimitError: Rate limit exceeded for https://api.smith.langchain.com/runs/multipart. HTTPError('429 Client Error: Too Many Requests for url: https://api.smith.langchain.com/runs/multipart', '{"error":"Too many requests: tenant exceeded usage limits: Monthly unique traces usage limit exceeded"}\n')trace=019fba95-1b81-7981-97b9-d2897f24001a,id=019fba95-1c1c-7ad2-bdfe-803e335d1778; trace=019fba95-1b81-7981-97b9-d2897f24001a,id=019fba95-1c1b-7b43-8b58-b2696b2c7f20; trace=019fba95-1b81-7981-97b9-d2897f24001a,id=019fba95-6256-7403-8d4d-53db9212425c; trace=019fba95-1b81-7981-97b9-d2897f24001a,id=019fba95-6258-72f3-8cfb-0d0b131c5467
Failed to send compressed multipart ingest: langsmith.utils.LangSmithRateLimitError: Rate limit exceeded for https://api.smith.langchain.com/runs/multipart. HTTPError('429 Client Error: Too Many Requests for url: https://api.smith.langchain.com/runs/multipart', '{"error":"Too many requests: tenant exceeded usage limits: Monthly unique traces usage limit exceeded"}\n')trace=019fba95-1b81-7981-97b9-d2897f24001a,id=019fba95-6258-72f3-8cfb-0d0b131c5467; trace=019fba95-1b81-7981-97b9-d2897f24001a,id=019fba95-87c5-7611-84f1-d10446f0913a; trace=019fba95-1b81-7981-97b9-d2897f24001a,id=019fba95-87c5-7611-84f1-d10446f0913a; trace=019fba95-1b81-7981-97b9-d2897f24001a,id=019fba95-6256-7403-8d4d-53db9212425c; trace=019fba95-1b81-7981-97b9-d2897f24001a,id=019fba95-87c6-7583-827a-361a2b0b5e8c; trace=019fba95-1b81-7981-97b9-d2897f24001a,id=019fba95-87c6-7583-827a-362f6c2623e1
Failed to send compressed multipart ingest: langsmith.utils.LangSmithRateLimitError: Rate limit exceeded for https://api.smith.langchain.com/runs/multipart. HTTPError('429 Client Error: Too Many Requests for url: https://api.smith.langchain.com/runs/multipart', '{"error":"Too many requests: tenant exceeded usage limits: Monthly unique traces usage limit exceeded"}\n')trace=019fba95-1b81-7981-97b9-d2897f24001a,id=019fba95-87c6-7583-827a-362f6c2623e1; trace=019fba95-1b81-7981-97b9-d2897f24001a,id=019fba95-87c6-7583-827a-361a2b0b5e8c; trace=019fba95-1b81-7981-97b9-d2897f24001a,id=019fba95-af97-7103-be5b-ee99cea08e5f; trace=019fba95-1b81-7981-97b9-d2897f24001a,id=019fba95-af99-7f43-af6f-19922b2dab49
Failed to send compressed multipart ingest: langsmith.utils.LangSmithRateLimitError: Rate limit exceeded for https://api.smith.langchain.com/runs/multipart. HTTPError('429 Client Error: Too Many Requests for url: https://api.smith.langchain.com/runs/multipart', '{"error":"Too many requests: tenant exceeded usage limits: Monthly unique traces usage limit exceeded"}\n')trace=019fba95-1b81-7981-97b9-d2897f24001a,id=019fba95-af99-7f43-af6f-19922b2dab49; trace=019fba95-1b81-7981-97b9-d2897f24001a,id=019fba95-e32b-72d3-80b2-2fb535c7946b; trace=019fba95-1b81-7981-97b9-d2897f24001a,id=019fba95-e32b-72d3-80b2-2fb535c7946b; trace=019fba95-1b81-7981-97b9-d2897f24001a,id=019fba95-af97-7103-be5b-ee99cea08e5f; trace=019fba95-1b81-7981-97b9-d2897f24001a,id=019fba95-e32d-7a63-9b39-d94367681cb2; trace=019fba95-1b81-7981-97b9-d2897f24001a,id=019fba95-e32d-7a63-9b39-d9504d3e3000
Failed to send compressed multipart ingest: langsmith.utils.LangSmithRateLimitError: Rate limit exceeded for https://api.smith.langchain.com/runs/multipart. HTTPError('429 Client Error: Too Many Requests for url: https://api.smith.langchain.com/runs/multipart', '{"error":"Too many requests: tenant exceeded usage limits: Monthly unique traces usage limit exceeded"}\n')trace=019fba95-1b81-7981-97b9-d2897f24001a,id=019fba95-e32d-7a63-9b39-d9504d3e3000; trace=019fba95-1b81-7981-97b9-d2897f24001a,id=019fba95-e32d-7a63-9b39-d94367681cb2; trace=019fba95-1b81-7981-97b9-d2897f24001a,id=019fba96-077b-72d3-9152-bf6807400f53; trace=019fba95-1b81-7981-97b9-d2897f24001a,id=019fba96-077f-7303-b603-a9ee959fd62b
Failed to send compressed multipart ingest: langsmith.utils.LangSmithRateLimitError: Rate limit exceeded for https://api.smith.langchain.com/runs/multipart. HTTPError('429 Client Error: Too Many Requests for url: https://api.smith.langchain.com/runs/multipart', '{"error":"Too many requests: tenant exceeded usage limits: Monthly unique traces usage limit exceeded"}\n')trace=019fba95-1b81-7981-97b9-d2897f24001a,id=019fba96-077f-7303-b603-a9ee959fd62b; trace=019fba95-1b81-7981-97b9-d2897f24001a,id=019fba96-6dee-78b2-b252-b09dc79bae70; trace=019fba95-1b81-7981-97b9-d2897f24001a,id=019fba96-6dee-78b2-b252-b09dc79bae70; trace=019fba95-1b81-7981-97b9-d2897f24001a,id=019fba96-077b-72d3-9152-bf6807400f53; trace=019fba95-1b81-7981-97b9-d2897f24001a,id=019fba96-6def-76c3-bf36-ca1403f8a47b; trace=019fba95-1b81-7981-97b9-d2897f24001a,id=019fba96-6df0-7371-beef-50b375b7213b
Failed to send compressed multipart ingest: langsmith.utils.LangSmithRateLimitError: Rate limit exceeded for https://api.smith.langchain.com/runs/multipart. HTTPError('429 Client Error: Too Many Requests for url: https://api.smith.langchain.com/runs/multipart', '{"error":"Too many requests: tenant exceeded usage limits: Monthly unique traces usage limit exceeded"}\n')trace=019fba95-1b81-7981-97b9-d2897f24001a,id=019fba96-6df0-7371-beef-50b375b7213b; trace=019fba95-1b81-7981-97b9-d2897f24001a,id=019fba96-6def-76c3-bf36-ca1403f8a47b; trace=019fba95-1b81-7981-97b9-d2897f24001a,id=019fba97-2000-7b23-9934-38d06017e9c3; trace=019fba95-1b81-7981-97b9-d2897f24001a,id=019fba97-2002-7de2-a0c2-970da3cbdd21
Failed to send compressed multipart ingest: langsmith.utils.LangSmithRateLimitError: Rate limit exceeded for https://api.smith.langchain.com/runs/multipart. HTTPError('429 Client Error: Too Many Requests for url: https://api.smith.langchain.com/runs/multipart', '{"error":"Too many requests: tenant exceeded usage limits: Monthly unique traces usage limit exceeded"}\n')trace=019fba95-1b81-7981-97b9-d2897f24001a,id=019fba97-2002-7de2-a0c2-970da3cbdd21; trace=019fba95-1b81-7981-97b9-d2897f24001a,id=019fba97-55f2-7dd2-b87d-10688f79788d; trace=019fba95-1b81-7981-97b9-d2897f24001a,id=019fba97-55f2-7dd2-b87d-10688f79788d; trace=019fba95-1b81-7981-97b9-d2897f24001a,id=019fba97-2000-7b23-9934-38d06017e9c3; trace=019fba95-1b81-7981-97b9-d2897f24001a,id=019fba97-55f5-7d61-a8f8-4386578797f2; trace=019fba95-1b81-7981-97b9-d2897f24001a,id=019fba97-55f6-7461-8b43-ecc69b8f31a9
Failed to send compressed multipart ingest: langsmith.utils.LangSmithRateLimitError: Rate limit exceeded for https://api.smith.langchain.com/runs/multipart. HTTPError('429 Client Error: Too Many Requests for url: https://api.smith.langchain.com/runs/multipart', '{"error":"Too many requests: tenant exceeded usage limits: Monthly unique traces usage limit exceeded"}\n')trace=019fba95-1b81-7981-97b9-d2897f24001a,id=019fba97-55f6-7461-8b43-ecc69b8f31a9; trace=019fba95-1b81-7981-97b9-d2897f24001a,id=019fba97-55f5-7d61-a8f8-4386578797f2; trace=019fba95-1b81-7981-97b9-d2897f24001a,id=019fba97-f0d4-76d2-b5ba-912872930bf2; trace=019fba95-1b81-7981-97b9-d2897f24001a,id=019fba97-f0d6-7da2-af69-b364cbf25880
Failed to send compressed multipart ingest: langsmith.utils.LangSmithRateLimitError: Rate limit exceeded for https://api.smith.langchain.com/runs/multipart. HTTPError('429 Client Error: Too Many Requests for url: https://api.smith.langchain.com/runs/multipart', '{"error":"Too many requests: tenant exceeded usage limits: Monthly unique traces usage limit exceeded"}\n')trace=019fba95-1b81-7981-97b9-d2897f24001a,id=019fba97-f0d6-7da2-af69-b364cbf25880; trace=019fba95-1b81-7981-97b9-d2897f24001a,id=019fba98-225e-7800-a9ae-c1d6926ee271; trace=019fba95-1b81-7981-97b9-d2897f24001a,id=019fba98-225e-7800-a9ae-c1d6926ee271; trace=019fba95-1b81-7981-97b9-d2897f24001a,id=019fba97-f0d4-76d2-b5ba-912872930bf2; trace=019fba95-1b81-7981-97b9-d2897f24001a,id=019fba98-2260-7c52-89a3-de37f4fb4a24; trace=019fba95-1b81-7981-97b9-d2897f24001a,id=019fba98-2260-7c52-89a3-de4b32e98b54
Failed to send compressed multipart ingest: langsmith.utils.LangSmithRateLimitError: Rate limit exceeded for https://api.smith.langchain.com/runs/multipart. HTTPError('429 Client Error: Too Many Requests for url: https://api.smith.langchain.com/runs/multipart', '{"error":"Too many requests: tenant exceeded usage limits: Monthly unique traces usage limit exceeded"}\n')trace=019fba95-1b81-7981-97b9-d2897f24001a,id=019fba98-2260-7c52-89a3-de4b32e98b54; trace=019fba95-1b81-7981-97b9-d2897f24001a,id=019fba98-2260-7c52-89a3-de37f4fb4a24; trace=019fba95-1b81-7981-97b9-d2897f24001a,id=019fba98-43b8-7ba0-82bb-9615e86b7761; trace=019fba95-1b81-7981-97b9-d2897f24001a,id=019fba98-43ba-7dc3-8038-38cc3474b3a1
Failed to send compressed multipart ingest: langsmith.utils.LangSmithRateLimitError: Rate limit exceeded for https://api.smith.langchain.com/runs/multipart. HTTPError('429 Client Error: Too Many Requests for url: https://api.smith.langchain.com/runs/multipart', '{"error":"Too many requests: tenant exceeded usage limits: Monthly unique traces usage limit exceeded"}\n')trace=019fba95-1b81-7981-97b9-d2897f24001a,id=019fba98-43ba-7dc3-8038-38cc3474b3a1; trace=019fba95-1b81-7981-97b9-d2897f24001a,id=019fba98-7bbe-7762-ac54-78aefbbeed77; trace=019fba95-1b81-7981-97b9-d2897f24001a,id=019fba98-7bbe-7762-ac54-78aefbbeed77; trace=019fba95-1b81-7981-97b9-d2897f24001a,id=019fba98-43b8-7ba0-82bb-9615e86b7761; trace=019fba95-1b81-7981-97b9-d2897f24001a,id=019fba98-7bbf-76d2-b33f-694613ca46bb; trace=019fba95-1b81-7981-97b9-d2897f24001a,id=019fba98-7bbf-76d2-b33f-695279557dc2
Failed to send compressed multipart ingest: langsmith.utils.LangSmithRateLimitError: Rate limit exceeded for https://api.smith.langchain.com/runs/multipart. HTTPError('429 Client Error: Too Many Requests for url: https://api.smith.langchain.com/runs/multipart', '{"error":"Too many requests: tenant exceeded usage limits: Monthly unique traces usage limit exceeded"}\n')trace=019fba95-1b81-7981-97b9-d2897f24001a,id=019fba98-7bbf-76d2-b33f-695279557dc2; trace=019fba95-1b81-7981-97b9-d2897f24001a,id=019fba98-7bbf-76d2-b33f-694613ca46bb; trace=019fba95-1b81-7981-97b9-d2897f24001a,id=019fba98-a5e3-77c1-b253-53f86acd642e; trace=019fba95-1b81-7981-97b9-d2897f24001a,id=019fba98-a5e6-70a0-9765-a39630b35817
Calling Baseline Move server...
Calling Baseline Move server...
Calling Baseline Move server...
Calling Baseline Move server...
Calling Baseline Move server...
Calling Baseline Move server...
Calling Baseline Move server...
[baseline] 98/104 scenario_03_08 (repeat 2/4)
Failed to send compressed multipart ingest: langsmith.utils.LangSmithRateLimitError: Rate limit exceeded for https://api.smith.langchain.com/runs/multipart. HTTPError('429 Client Error: Too Many Requests for url: https://api.smith.langchain.com/runs/multipart', '{"error":"Too many requests: tenant exceeded usage limits: Monthly unique traces usage limit exceeded"}\n')trace=019fba95-1b81-7981-97b9-d2897f24001a,id=019fba98-a5e6-70a0-9765-a39630b35817; trace=019fba95-1b81-7981-97b9-d2897f24001a,id=019fba99-4a2d-7203-841e-c561b8258575; trace=019fba95-1b81-7981-97b9-d2897f24001a,id=019fba99-4a2d-7203-841e-c561b8258575; trace=019fba95-1b81-7981-97b9-d2897f24001a,id=019fba98-a5e3-77c1-b253-53f86acd642e; trace=019fba95-1b81-7981-97b9-d2897f24001a,id=019fba99-4a2f-7f42-b9c0-010328c768ba; trace=019fba95-1b81-7981-97b9-d2897f24001a,id=019fba99-4a2f-7f42-b9c0-010328c768ba; trace=019fba95-1b81-7981-97b9-d2897f24001a,id=019fba95-1b81-7981-97b9-d2897f24001a; trace=019fba99-4a54-7191-b61f-4324a4f9eca0,id=019fba99-4a54-7191-b61f-4324a4f9eca0; trace=019fba99-4a54-7191-b61f-4324a4f9eca0,id=019fba99-4a56-7b90-856d-a82a83cfa6d5; trace=019fba99-4a54-7191-b61f-4324a4f9eca0,id=019fba99-4a56-7b90-856d-a82a83cfa6d5; trace=019fba99-4a54-7191-b61f-4324a4f9eca0,id=019fba99-4a57-7281-ac27-5cf13d8d6baf; trace=019fba99-4a54-7191-b61f-4324a4f9eca0,id=019fba99-4acf-7110-9094-fa103f8f49cb; trace=019fba99-4a54-7191-b61f-4324a4f9eca0,id=019fba99-4acf-7110-9094-fa103f8f49cb; trace=019fba99-4a54-7191-b61f-4324a4f9eca0,id=019fba99-4a57-7281-ac27-5cf13d8d6baf; trace=019fba99-4a54-7191-b61f-4324a4f9eca0,id=019fba99-4ad0-74b3-bb77-487c6b4c0bd5; trace=019fba99-4a54-7191-b61f-4324a4f9eca0,id=019fba99-4ad1-7552-a2a0-febffd93f9a0
Failed to send compressed multipart ingest: langsmith.utils.LangSmithRateLimitError: Rate limit exceeded for https://api.smith.langchain.com/runs/multipart. HTTPError('429 Client Error: Too Many Requests for url: https://api.smith.langchain.com/runs/multipart', '{"error":"Too many requests: tenant exceeded usage limits: Monthly unique traces usage limit exceeded"}\n')trace=019fba99-4a54-7191-b61f-4324a4f9eca0,id=019fba99-4ad1-7552-a2a0-febffd93f9a0; trace=019fba99-4a54-7191-b61f-4324a4f9eca0,id=019fba99-4ad0-74b3-bb77-487c6b4c0bd5; trace=019fba99-4a54-7191-b61f-4324a4f9eca0,id=019fba99-97d2-7183-a00f-ec15bf79668e; trace=019fba99-4a54-7191-b61f-4324a4f9eca0,id=019fba99-97d4-7f92-902e-ff8ea81feaaa
Failed to send compressed multipart ingest: langsmith.utils.LangSmithRateLimitError: Rate limit exceeded for https://api.smith.langchain.com/runs/multipart. HTTPError('429 Client Error: Too Many Requests for url: https://api.smith.langchain.com/runs/multipart', '{"error":"Too many requests: tenant exceeded usage limits: Monthly unique traces usage limit exceeded"}\n')trace=019fba99-4a54-7191-b61f-4324a4f9eca0,id=019fba99-97d4-7f92-902e-ff8ea81feaaa; trace=019fba99-4a54-7191-b61f-4324a4f9eca0,id=019fba99-ccc9-7c10-9946-4a3f44f35ad9; trace=019fba99-4a54-7191-b61f-4324a4f9eca0,id=019fba99-ccc9-7c10-9946-4a3f44f35ad9; trace=019fba99-4a54-7191-b61f-4324a4f9eca0,id=019fba99-97d2-7183-a00f-ec15bf79668e; trace=019fba99-4a54-7191-b61f-4324a4f9eca0,id=019fba99-ccca-7ac2-8d4f-f9e949b78c42; trace=019fba99-4a54-7191-b61f-4324a4f9eca0,id=019fba99-cccb-7c33-a5e8-c92e822f0526
Failed to send compressed multipart ingest: langsmith.utils.LangSmithRateLimitError: Rate limit exceeded for https://api.smith.langchain.com/runs/multipart. HTTPError('429 Client Error: Too Many Requests for url: https://api.smith.langchain.com/runs/multipart', '{"error":"Too many requests: tenant exceeded usage limits: Monthly unique traces usage limit exceeded"}\n')trace=019fba99-4a54-7191-b61f-4324a4f9eca0,id=019fba99-cccb-7c33-a5e8-c92e822f0526; trace=019fba99-4a54-7191-b61f-4324a4f9eca0,id=019fba99-ccca-7ac2-8d4f-f9e949b78c42; trace=019fba99-4a54-7191-b61f-4324a4f9eca0,id=019fba99-f093-7890-8827-3b44d51880cc; trace=019fba99-4a54-7191-b61f-4324a4f9eca0,id=019fba99-f095-7a92-9b44-bf46afde2be2
Failed to send compressed multipart ingest: langsmith.utils.LangSmithRateLimitError: Rate limit exceeded for https://api.smith.langchain.com/runs/multipart. HTTPError('429 Client Error: Too Many Requests for url: https://api.smith.langchain.com/runs/multipart', '{"error":"Too many requests: tenant exceeded usage limits: Monthly unique traces usage limit exceeded"}\n')trace=019fba99-4a54-7191-b61f-4324a4f9eca0,id=019fba99-f095-7a92-9b44-bf46afde2be2; trace=019fba99-4a54-7191-b61f-4324a4f9eca0,id=019fba9a-29bd-7a03-a57b-840015164e96; trace=019fba99-4a54-7191-b61f-4324a4f9eca0,id=019fba9a-29bd-7a03-a57b-840015164e96; trace=019fba99-4a54-7191-b61f-4324a4f9eca0,id=019fba99-f093-7890-8827-3b44d51880cc; trace=019fba99-4a54-7191-b61f-4324a4f9eca0,id=019fba9a-29bf-78d1-80f7-b898f5ae215b; trace=019fba99-4a54-7191-b61f-4324a4f9eca0,id=019fba9a-29c0-7a22-9ded-7143932ff388
Failed to send compressed multipart ingest: langsmith.utils.LangSmithRateLimitError: Rate limit exceeded for https://api.smith.langchain.com/runs/multipart. HTTPError('429 Client Error: Too Many Requests for url: https://api.smith.langchain.com/runs/multipart', '{"error":"Too many requests: tenant exceeded usage limits: Monthly unique traces usage limit exceeded"}\n')trace=019fba99-4a54-7191-b61f-4324a4f9eca0,id=019fba9a-29c0-7a22-9ded-7143932ff388; trace=019fba99-4a54-7191-b61f-4324a4f9eca0,id=019fba9a-29bf-78d1-80f7-b898f5ae215b; trace=019fba99-4a54-7191-b61f-4324a4f9eca0,id=019fba9a-7252-7c21-880e-371c1045e2de; trace=019fba99-4a54-7191-b61f-4324a4f9eca0,id=019fba9a-7254-7432-b28e-ca514ef93555
Failed to send compressed multipart ingest: langsmith.utils.LangSmithRateLimitError: Rate limit exceeded for https://api.smith.langchain.com/runs/multipart. HTTPError('429 Client Error: Too Many Requests for url: https://api.smith.langchain.com/runs/multipart', '{"error":"Too many requests: tenant exceeded usage limits: Monthly unique traces usage limit exceeded"}\n')trace=019fba99-4a54-7191-b61f-4324a4f9eca0,id=019fba9a-7254-7432-b28e-ca514ef93555; trace=019fba99-4a54-7191-b61f-4324a4f9eca0,id=019fba9a-a10c-7e22-a884-d1af31c1df80; trace=019fba99-4a54-7191-b61f-4324a4f9eca0,id=019fba9a-a10c-7e22-a884-d1af31c1df80; trace=019fba99-4a54-7191-b61f-4324a4f9eca0,id=019fba9a-7252-7c21-880e-371c1045e2de; trace=019fba99-4a54-7191-b61f-4324a4f9eca0,id=019fba9a-a10d-79a3-8062-5256dd72024b; trace=019fba99-4a54-7191-b61f-4324a4f9eca0,id=019fba9a-a10d-79a3-8062-52645a7ad7bb
Failed to send compressed multipart ingest: langsmith.utils.LangSmithRateLimitError: Rate limit exceeded for https://api.smith.langchain.com/runs/multipart. HTTPError('429 Client Error: Too Many Requests for url: https://api.smith.langchain.com/runs/multipart', '{"error":"Too many requests: tenant exceeded usage limits: Monthly unique traces usage limit exceeded"}\n')trace=019fba99-4a54-7191-b61f-4324a4f9eca0,id=019fba9a-a10d-79a3-8062-52645a7ad7bb; trace=019fba99-4a54-7191-b61f-4324a4f9eca0,id=019fba9a-a10d-79a3-8062-5256dd72024b; trace=019fba99-4a54-7191-b61f-4324a4f9eca0,id=019fba9a-c60b-7951-9dfb-11775682ac4c; trace=019fba99-4a54-7191-b61f-4324a4f9eca0,id=019fba9a-c60d-7d63-a52d-d6d69a8aa3d4
Failed to send compressed multipart ingest: langsmith.utils.LangSmithRateLimitError: Rate limit exceeded for https://api.smith.langchain.com/runs/multipart. HTTPError('429 Client Error: Too Many Requests for url: https://api.smith.langchain.com/runs/multipart', '{"error":"Too many requests: tenant exceeded usage limits: Monthly unique traces usage limit exceeded"}\n')trace=019fba99-4a54-7191-b61f-4324a4f9eca0,id=019fba9a-c60d-7d63-a52d-d6d69a8aa3d4; trace=019fba99-4a54-7191-b61f-4324a4f9eca0,id=019fba9a-fe52-7020-a2dd-d00b15400b22; trace=019fba99-4a54-7191-b61f-4324a4f9eca0,id=019fba9a-fe52-7020-a2dd-d00b15400b22; trace=019fba99-4a54-7191-b61f-4324a4f9eca0,id=019fba9a-c60b-7951-9dfb-11775682ac4c; trace=019fba99-4a54-7191-b61f-4324a4f9eca0,id=019fba9a-fe53-7df0-9220-d27c8d42059d; trace=019fba99-4a54-7191-b61f-4324a4f9eca0,id=019fba9a-fe54-7fb2-8865-04f3dd0fe6f4
Failed to send compressed multipart ingest: langsmith.utils.LangSmithRateLimitError: Rate limit exceeded for https://api.smith.langchain.com/runs/multipart. HTTPError('429 Client Error: Too Many Requests for url: https://api.smith.langchain.com/runs/multipart', '{"error":"Too many requests: tenant exceeded usage limits: Monthly unique traces usage limit exceeded"}\n')trace=019fba99-4a54-7191-b61f-4324a4f9eca0,id=019fba9a-fe54-7fb2-8865-04f3dd0fe6f4; trace=019fba99-4a54-7191-b61f-4324a4f9eca0,id=019fba9a-fe53-7df0-9220-d27c8d42059d; trace=019fba99-4a54-7191-b61f-4324a4f9eca0,id=019fba9b-1ebf-7e81-bd3c-1cc0912b571b; trace=019fba99-4a54-7191-b61f-4324a4f9eca0,id=019fba9b-1ec1-7002-9b70-7ea4d66e0524
Failed to send compressed multipart ingest: langsmith.utils.LangSmithRateLimitError: Rate limit exceeded for https://api.smith.langchain.com/runs/multipart. HTTPError('429 Client Error: Too Many Requests for url: https://api.smith.langchain.com/runs/multipart', '{"error":"Too many requests: tenant exceeded usage limits: Monthly unique traces usage limit exceeded"}\n')trace=019fba99-4a54-7191-b61f-4324a4f9eca0,id=019fba9b-1ec1-7002-9b70-7ea4d66e0524; trace=019fba99-4a54-7191-b61f-4324a4f9eca0,id=019fba9b-61c6-7152-8866-1b41d911e063; trace=019fba99-4a54-7191-b61f-4324a4f9eca0,id=019fba9b-61c6-7152-8866-1b41d911e063; trace=019fba99-4a54-7191-b61f-4324a4f9eca0,id=019fba9b-1ebf-7e81-bd3c-1cc0912b571b; trace=019fba99-4a54-7191-b61f-4324a4f9eca0,id=019fba9b-61c7-7f81-9759-234766f8567b; trace=019fba99-4a54-7191-b61f-4324a4f9eca0,id=019fba9b-61c7-7f81-9759-235dd2ffc8f2
Failed to send compressed multipart ingest: langsmith.utils.LangSmithRateLimitError: Rate limit exceeded for https://api.smith.langchain.com/runs/multipart. HTTPError('429 Client Error: Too Many Requests for url: https://api.smith.langchain.com/runs/multipart', '{"error":"Too many requests: tenant exceeded usage limits: Monthly unique traces usage limit exceeded"}\n')trace=019fba99-4a54-7191-b61f-4324a4f9eca0,id=019fba9b-61c7-7f81-9759-235dd2ffc8f2; trace=019fba99-4a54-7191-b61f-4324a4f9eca0,id=019fba9b-61c7-7f81-9759-234766f8567b; trace=019fba99-4a54-7191-b61f-4324a4f9eca0,id=019fba9b-844b-7660-94d8-1fc50d26ad93; trace=019fba99-4a54-7191-b61f-4324a4f9eca0,id=019fba9b-844c-7692-a91b-8f0ddd3b5532
Failed to send compressed multipart ingest: langsmith.utils.LangSmithRateLimitError: Rate limit exceeded for https://api.smith.langchain.com/runs/multipart. HTTPError('429 Client Error: Too Many Requests for url: https://api.smith.langchain.com/runs/multipart', '{"error":"Too many requests: tenant exceeded usage limits: Monthly unique traces usage limit exceeded"}\n')trace=019fba99-4a54-7191-b61f-4324a4f9eca0,id=019fba9b-844c-7692-a91b-8f0ddd3b5532; trace=019fba99-4a54-7191-b61f-4324a4f9eca0,id=019fba9b-c396-7393-8aa3-32f4325b38a1; trace=019fba99-4a54-7191-b61f-4324a4f9eca0,id=019fba9b-c396-7393-8aa3-32f4325b38a1; trace=019fba99-4a54-7191-b61f-4324a4f9eca0,id=019fba9b-844b-7660-94d8-1fc50d26ad93; trace=019fba99-4a54-7191-b61f-4324a4f9eca0,id=019fba9b-c397-70f2-969c-fd312f055a72; trace=019fba99-4a54-7191-b61f-4324a4f9eca0,id=019fba9b-c398-7360-9078-053817072c6c
Failed to send compressed multipart ingest: langsmith.utils.LangSmithRateLimitError: Rate limit exceeded for https://api.smith.langchain.com/runs/multipart. HTTPError('429 Client Error: Too Many Requests for url: https://api.smith.langchain.com/runs/multipart', '{"error":"Too many requests: tenant exceeded usage limits: Monthly unique traces usage limit exceeded"}\n')trace=019fba99-4a54-7191-b61f-4324a4f9eca0,id=019fba9b-c398-7360-9078-053817072c6c; trace=019fba99-4a54-7191-b61f-4324a4f9eca0,id=019fba9b-c397-70f2-969c-fd312f055a72; trace=019fba99-4a54-7191-b61f-4324a4f9eca0,id=019fba9c-04b5-7ae2-bada-3d838118f391; trace=019fba99-4a54-7191-b61f-4324a4f9eca0,id=019fba9c-04b8-7b73-b0f8-ef3ee1847725
Failed to send compressed multipart ingest: langsmith.utils.LangSmithRateLimitError: Rate limit exceeded for https://api.smith.langchain.com/runs/multipart. HTTPError('429 Client Error: Too Many Requests for url: https://api.smith.langchain.com/runs/multipart', '{"error":"Too many requests: tenant exceeded usage limits: Monthly unique traces usage limit exceeded"}\n')trace=019fba99-4a54-7191-b61f-4324a4f9eca0,id=019fba9c-04b8-7b73-b0f8-ef3ee1847725; trace=019fba99-4a54-7191-b61f-4324a4f9eca0,id=019fba9c-451c-7a42-8016-3a84fc13be2f; trace=019fba99-4a54-7191-b61f-4324a4f9eca0,id=019fba9c-451c-7a42-8016-3a84fc13be2f; trace=019fba99-4a54-7191-b61f-4324a4f9eca0,id=019fba9c-04b5-7ae2-bada-3d838118f391; trace=019fba99-4a54-7191-b61f-4324a4f9eca0,id=019fba9c-451d-7df3-8cf7-428d14c47055; trace=019fba99-4a54-7191-b61f-4324a4f9eca0,id=019fba9c-451e-7491-a1f5-2d1be68706b6
Failed to send compressed multipart ingest: langsmith.utils.LangSmithRateLimitError: Rate limit exceeded for https://api.smith.langchain.com/runs/multipart. HTTPError('429 Client Error: Too Many Requests for url: https://api.smith.langchain.com/runs/multipart', '{"error":"Too many requests: tenant exceeded usage limits: Monthly unique traces usage limit exceeded"}\n')trace=019fba99-4a54-7191-b61f-4324a4f9eca0,id=019fba9c-451e-7491-a1f5-2d1be68706b6; trace=019fba99-4a54-7191-b61f-4324a4f9eca0,id=019fba9c-451d-7df3-8cf7-428d14c47055; trace=019fba99-4a54-7191-b61f-4324a4f9eca0,id=019fba9c-7eb1-7811-939c-ce55d99f67a4; trace=019fba99-4a54-7191-b61f-4324a4f9eca0,id=019fba9c-7eb3-7d02-9f2a-3ef6ec115db5
Calling Baseline Move server...
Calling Baseline Move server...
Calling Baseline Move server...
Calling Baseline Move server...
Calling Baseline Move server...
Calling Baseline Move server...
Calling Baseline Move server...
Calling Baseline Move server...
[baseline] 99/104 scenario_03_08 (repeat 3/4)
Failed to send compressed multipart ingest: langsmith.utils.LangSmithRateLimitError: Rate limit exceeded for https://api.smith.langchain.com/runs/multipart. HTTPError('429 Client Error: Too Many Requests for url: https://api.smith.langchain.com/runs/multipart', '{"error":"Too many requests: tenant exceeded usage limits: Monthly unique traces usage limit exceeded"}\n')trace=019fba99-4a54-7191-b61f-4324a4f9eca0,id=019fba9c-7eb3-7d02-9f2a-3ef6ec115db5; trace=019fba99-4a54-7191-b61f-4324a4f9eca0,id=019fba9d-1a19-7b41-a5db-7a0d4d301155; trace=019fba99-4a54-7191-b61f-4324a4f9eca0,id=019fba9d-1a19-7b41-a5db-7a0d4d301155; trace=019fba99-4a54-7191-b61f-4324a4f9eca0,id=019fba9c-7eb1-7811-939c-ce55d99f67a4; trace=019fba99-4a54-7191-b61f-4324a4f9eca0,id=019fba9d-1a1a-75c1-acc9-ba933ddc78fb; trace=019fba99-4a54-7191-b61f-4324a4f9eca0,id=019fba9d-1a1a-75c1-acc9-ba933ddc78fb; trace=019fba99-4a54-7191-b61f-4324a4f9eca0,id=019fba99-4a54-7191-b61f-4324a4f9eca0; trace=019fba9d-1c19-7301-9e03-39727c79aa64,id=019fba9d-1c19-7301-9e03-39727c79aa64; trace=019fba9d-1c19-7301-9e03-39727c79aa64,id=019fba9d-1c1c-7943-bf33-382e4fd584b0; trace=019fba9d-1c19-7301-9e03-39727c79aa64,id=019fba9d-1c1c-7943-bf33-382e4fd584b0; trace=019fba9d-1c19-7301-9e03-39727c79aa64,id=019fba9d-1c1e-7d50-bbf8-a5fa1a11f261
Failed to send compressed multipart ingest: langsmith.utils.LangSmithRateLimitError: Rate limit exceeded for https://api.smith.langchain.com/runs/multipart. HTTPError('429 Client Error: Too Many Requests for url: https://api.smith.langchain.com/runs/multipart', '{"error":"Too many requests: tenant exceeded usage limits: Monthly unique traces usage limit exceeded"}\n')trace=019fba9d-1c19-7301-9e03-39727c79aa64,id=019fba9d-1ef8-7fe2-8a0e-930916e34ed5; trace=019fba9d-1c19-7301-9e03-39727c79aa64,id=019fba9d-1ef8-7fe2-8a0e-930916e34ed5; trace=019fba9d-1c19-7301-9e03-39727c79aa64,id=019fba9d-1c1e-7d50-bbf8-a5fa1a11f261; trace=019fba9d-1c19-7301-9e03-39727c79aa64,id=019fba9d-1efe-7b80-b61b-8192df4f0c86; trace=019fba9d-1c19-7301-9e03-39727c79aa64,id=019fba9d-1efe-7b80-b61b-81ad025b5fcc
Failed to send compressed multipart ingest: langsmith.utils.LangSmithRateLimitError: Rate limit exceeded for https://api.smith.langchain.com/runs/multipart. HTTPError('429 Client Error: Too Many Requests for url: https://api.smith.langchain.com/runs/multipart', '{"error":"Too many requests: tenant exceeded usage limits: Monthly unique traces usage limit exceeded"}\n')trace=019fba9d-1c19-7301-9e03-39727c79aa64,id=019fba9d-1efe-7b80-b61b-81ad025b5fcc; trace=019fba9d-1c19-7301-9e03-39727c79aa64,id=019fba9d-1efe-7b80-b61b-8192df4f0c86; trace=019fba9d-1c19-7301-9e03-39727c79aa64,id=019fba9d-3ded-7450-aa63-748db9dd1ef8; trace=019fba9d-1c19-7301-9e03-39727c79aa64,id=019fba9d-3df1-7f42-a362-177d8a99e69b
Failed to send compressed multipart ingest: langsmith.utils.LangSmithRateLimitError: Rate limit exceeded for https://api.smith.langchain.com/runs/multipart. HTTPError('429 Client Error: Too Many Requests for url: https://api.smith.langchain.com/runs/multipart', '{"error":"Too many requests: tenant exceeded usage limits: Monthly unique traces usage limit exceeded"}\n')trace=019fba9d-1c19-7301-9e03-39727c79aa64,id=019fba9d-3df1-7f42-a362-177d8a99e69b; trace=019fba9d-1c19-7301-9e03-39727c79aa64,id=019fba9d-664b-7030-9ee7-493a9a835bc1; trace=019fba9d-1c19-7301-9e03-39727c79aa64,id=019fba9d-664b-7030-9ee7-493a9a835bc1; trace=019fba9d-1c19-7301-9e03-39727c79aa64,id=019fba9d-3ded-7450-aa63-748db9dd1ef8; trace=019fba9d-1c19-7301-9e03-39727c79aa64,id=019fba9d-664c-7a82-95ae-1f6f95a90cd9; trace=019fba9d-1c19-7301-9e03-39727c79aa64,id=019fba9d-664c-7a82-95ae-1f72258c6100
Failed to send compressed multipart ingest: langsmith.utils.LangSmithRateLimitError: Rate limit exceeded for https://api.smith.langchain.com/runs/multipart. HTTPError('429 Client Error: Too Many Requests for url: https://api.smith.langchain.com/runs/multipart', '{"error":"Too many requests: tenant exceeded usage limits: Monthly unique traces usage limit exceeded"}\n')trace=019fba9d-1c19-7301-9e03-39727c79aa64,id=019fba9d-664c-7a82-95ae-1f72258c6100
Failed to send compressed multipart ingest: langsmith.utils.LangSmithRateLimitError: Rate limit exceeded for https://api.smith.langchain.com/runs/multipart. HTTPError('429 Client Error: Too Many Requests for url: https://api.smith.langchain.com/runs/multipart', '{"error":"Too many requests: tenant exceeded usage limits: Monthly unique traces usage limit exceeded"}\n')trace=019fba9d-1c19-7301-9e03-39727c79aa64,id=019fba9d-664c-7a82-95ae-1f6f95a90cd9; trace=019fba9d-1c19-7301-9e03-39727c79aa64,id=019fba9d-8eb3-7b93-a88b-998976d27a31; trace=019fba9d-1c19-7301-9e03-39727c79aa64,id=019fba9d-8eb7-7881-87fa-1da0cf3020ba
Failed to send compressed multipart ingest: langsmith.utils.LangSmithRateLimitError: Rate limit exceeded for https://api.smith.langchain.com/runs/multipart. HTTPError('429 Client Error: Too Many Requests for url: https://api.smith.langchain.com/runs/multipart', '{"error":"Too many requests: tenant exceeded usage limits: Monthly unique traces usage limit exceeded"}\n')trace=019fba9d-1c19-7301-9e03-39727c79aa64,id=019fba9d-8eb7-7881-87fa-1da0cf3020ba; trace=019fba9d-1c19-7301-9e03-39727c79aa64,id=019fba9d-c723-78f2-bb47-95ca91906483; trace=019fba9d-1c19-7301-9e03-39727c79aa64,id=019fba9d-c723-78f2-bb47-95ca91906483; trace=019fba9d-1c19-7301-9e03-39727c79aa64,id=019fba9d-8eb3-7b93-a88b-998976d27a31; trace=019fba9d-1c19-7301-9e03-39727c79aa64,id=019fba9d-c726-7f90-a0c5-ae60d7377ba7; trace=019fba9d-1c19-7301-9e03-39727c79aa64,id=019fba9d-c727-73e3-8e6e-0f2672dbeddc
Failed to send compressed multipart ingest: langsmith.utils.LangSmithRateLimitError: Rate limit exceeded for https://api.smith.langchain.com/runs/multipart. HTTPError('429 Client Error: Too Many Requests for url: https://api.smith.langchain.com/runs/multipart', '{"error":"Too many requests: tenant exceeded usage limits: Monthly unique traces usage limit exceeded"}\n')trace=019fba9d-1c19-7301-9e03-39727c79aa64,id=019fba9d-c727-73e3-8e6e-0f2672dbeddc; trace=019fba9d-1c19-7301-9e03-39727c79aa64,id=019fba9d-c726-7f90-a0c5-ae60d7377ba7; trace=019fba9d-1c19-7301-9e03-39727c79aa64,id=019fba9d-e439-7c32-93e7-254ddfdd7317; trace=019fba9d-1c19-7301-9e03-39727c79aa64,id=019fba9d-e43c-7d41-a418-3e3f3b60813d
Failed to send compressed multipart ingest: langsmith.utils.LangSmithRateLimitError: Rate limit exceeded for https://api.smith.langchain.com/runs/multipart. HTTPError('429 Client Error: Too Many Requests for url: https://api.smith.langchain.com/runs/multipart', '{"error":"Too many requests: tenant exceeded usage limits: Monthly unique traces usage limit exceeded"}\n')trace=019fba9d-1c19-7301-9e03-39727c79aa64,id=019fba9d-e43c-7d41-a418-3e3f3b60813d; trace=019fba9d-1c19-7301-9e03-39727c79aa64,id=019fba9e-14a6-7ca1-9b06-110c61000573; trace=019fba9d-1c19-7301-9e03-39727c79aa64,id=019fba9e-14a6-7ca1-9b06-110c61000573; trace=019fba9d-1c19-7301-9e03-39727c79aa64,id=019fba9d-e439-7c32-93e7-254ddfdd7317; trace=019fba9d-1c19-7301-9e03-39727c79aa64,id=019fba9e-14a7-7fc3-ad48-b44a6caffe86; trace=019fba9d-1c19-7301-9e03-39727c79aa64,id=019fba9e-14a8-74e3-859f-36f664819910
Failed to send compressed multipart ingest: langsmith.utils.LangSmithRateLimitError: Rate limit exceeded for https://api.smith.langchain.com/runs/multipart. HTTPError('429 Client Error: Too Many Requests for url: https://api.smith.langchain.com/runs/multipart', '{"error":"Too many requests: tenant exceeded usage limits: Monthly unique traces usage limit exceeded"}\n')trace=019fba9d-1c19-7301-9e03-39727c79aa64,id=019fba9e-14a8-74e3-859f-36f664819910; trace=019fba9d-1c19-7301-9e03-39727c79aa64,id=019fba9e-14a7-7fc3-ad48-b44a6caffe86; trace=019fba9d-1c19-7301-9e03-39727c79aa64,id=019fba9e-3ecb-7012-b8f0-2d57dfdf199b; trace=019fba9d-1c19-7301-9e03-39727c79aa64,id=019fba9e-3ecd-7363-b0a1-e301169e2491
Failed to send compressed multipart ingest: langsmith.utils.LangSmithRateLimitError: Rate limit exceeded for https://api.smith.langchain.com/runs/multipart. HTTPError('429 Client Error: Too Many Requests for url: https://api.smith.langchain.com/runs/multipart', '{"error":"Too many requests: tenant exceeded usage limits: Monthly unique traces usage limit exceeded"}\n')trace=019fba9d-1c19-7301-9e03-39727c79aa64,id=019fba9e-3ecd-7363-b0a1-e301169e2491; trace=019fba9d-1c19-7301-9e03-39727c79aa64,id=019fba9e-68a7-7913-9550-8fc5ab02b52f; trace=019fba9d-1c19-7301-9e03-39727c79aa64,id=019fba9e-68a7-7913-9550-8fc5ab02b52f; trace=019fba9d-1c19-7301-9e03-39727c79aa64,id=019fba9e-3ecb-7012-b8f0-2d57dfdf199b; trace=019fba9d-1c19-7301-9e03-39727c79aa64,id=019fba9e-68a8-7812-b2be-5b0d0cda5c70; trace=019fba9d-1c19-7301-9e03-39727c79aa64,id=019fba9e-68a8-7812-b2be-5b1c6e2fda45
Failed to send compressed multipart ingest: langsmith.utils.LangSmithRateLimitError: Rate limit exceeded for https://api.smith.langchain.com/runs/multipart. HTTPError('429 Client Error: Too Many Requests for url: https://api.smith.langchain.com/runs/multipart', '{"error":"Too many requests: tenant exceeded usage limits: Monthly unique traces usage limit exceeded"}\n')trace=019fba9d-1c19-7301-9e03-39727c79aa64,id=019fba9e-68a8-7812-b2be-5b1c6e2fda45; trace=019fba9d-1c19-7301-9e03-39727c79aa64,id=019fba9e-68a8-7812-b2be-5b0d0cda5c70; trace=019fba9d-1c19-7301-9e03-39727c79aa64,id=019fba9e-a059-7fa2-93c5-e95bcaecc281; trace=019fba9d-1c19-7301-9e03-39727c79aa64,id=019fba9e-a05b-7913-ba43-711f5464c365
Calling Baseline Move server...
Calling Baseline Move server...
Calling Baseline Move server...
Calling Baseline Move server...
Calling Baseline Move server...
[baseline] 100/104 scenario_03_08 (repeat 4/4)
Calling Baseline Move server...
Calling Baseline Move server...
Calling Baseline Move server...
Baseline Move server rate-limited (attempt 1/3); retrying in 5s...
Baseline Move server rate-limited (attempt 2/3); retrying in 10s...
Calling Baseline Move server...
Calling Baseline Move server...
[baseline] 101/104 scenario_03_09 (repeat 1/4)
Calling Baseline Move server...
Calling Baseline Move server...
Calling Baseline Move server...
Calling Baseline Move server...
Calling Baseline Move server...
[baseline] 102/104 scenario_03_09 (repeat 2/4)
Calling Baseline Move server...
Calling Baseline Move server...
Calling Baseline Move server...
Calling Baseline Move server...
Calling Baseline Move server...
[baseline] 103/104 scenario_03_09 (repeat 3/4)
Calling Baseline Move server...
Calling Baseline Move server...
Calling Baseline Move server...
Calling Baseline Move server...
Calling Baseline Move server...
Calling Baseline Move server...
Calling Baseline Move server...
Calling Baseline Move server...
[baseline] 104/104 scenario_03_09 (repeat 4/4)
Calling Baseline Move server...
Calling Baseline Move server...
Calling Baseline Move server...
Calling Baseline Move server...
Calling Baseline Move server...
Calling Baseline Move server...

Batch finished: 20260731T142224Z_exp3.3
Output directory: /sharedscratch/ppdm1/agentic-case-interview-coach/src/main/artifacts/batch_runs/20260731T142224Z_exp3.3
Runs database: /sharedscratch/ppdm1/agentic-case-interview-coach/src/main/artifacts/runs.sqlite
agentic: ok=101 errors=3
baseline: ok=96 errors=8
Combined JSONL: /sharedscratch/ppdm1/agentic-case-interview-coach/src/main/artifacts/batch_runs/20260731T142224Z_exp3.3/combined_results.jsonl
Summary JSON: /sharedscratch/ppdm1/agentic-case-interview-coach/src/main/artifacts/batch_runs/20260731T142224Z_exp3.3/summary.json
Errors log (11 total): /sharedscratch/ppdm1/agentic-case-interview-coach/src/main/artifacts/batch_runs/20260731T142224Z_exp3.3/errors.log
